struct_id,name,smiles,inchikey,approved,approval_agencies,first_approval,chembl_max_phase4,n_targets,targets,moa_targets,flags
4,levobupivacaine,CCCCN1CCCC[C@H]1C(=O)Nc1c(C)cccc1C,LEBVLXFERQHONN-INIZCTEOSA-N,1,FDA,1999-08-05,1,8,CYP2D6;HTR3A;KCNA5;KCND3;KCNH2;PTGER1;SCN1A;SCN4A,SCN4A,
5,(S)-nicardipine,COC(=O)C1=C(C)NC(C)=C(C(=O)OCCN(C)Cc2ccccc2)[C@H]1c1cccc([N+](=O)[O-])c1,ZBBHBTPTTSWHBA-DEOSSOPVSA-N,0,,,1,2,CACNA1C;CACNA1D,CACNA1C;CACNA1D,
6,(S)-nitrendipine,CCOC(=O)C1=C(C)NC(C)=C(C(=O)OC)[C@@H]1c1cccc([N+](=O)[O-])c1,PVHUJELLJLJGLN-INIZCTEOSA-N,0,,,0,4,CACNA1C;CACNA1D;CACNA1F;KCNN4,CACNA1C;CACNA1D,
13,levdobutamine,C[C@@H](CCc1ccc(O)cc1)NCCc1ccc(O)c(O)c1,JRWZLRBJNMZMFE-ZDUSSCGKSA-N,0,,,1,1,ADRB1,ADRB1,
21,aminopterin,Nc1nc(N)c2nc(CNc3ccc(C(=O)N[C@@H](CCC(=O)O)C(=O)O)cc3)cnc2n1,TVZGACDUOSZQKY-LBPRGKRZSA-N,0,,,0,1,DHFR,DHFR,
22,aminomethylbenzoic acid,NCc1ccc(C(=O)O)cc1,QCTBMLYLENLHLA-UHFFFAOYSA-N,0,,,0,0,,,
24,phenylbutanoic acid,O=C(O)CCCc1ccccc1,OBKXEAXTFZPCHS-UHFFFAOYSA-N,1,FDA,1996-04-30,1,4,AKR1B1;HDAC1;HDAC2;HDAC8,,
25,azacitidine,Nc1ncn([C@@H]2O[C@H](CO)[C@@H](O)[C@H]2O)c(=O)n1,NMUSYJAQQFHJEW-KVTDHHQDSA-N,1,EMA;FDA,2004-05-19,1,2,DNMT1;DNMT3A,DNMT1;DNMT3A,
26,fluorouracil,O=c1[nH]cc(F)c(=O)[nH]1,GHASVSINZRGABV-UHFFFAOYSA-N,1,FDA,1962-04-25,1,3,ABCC11;ABCC5;TYMS,TYMS,
27,azaribine,CC(=O)OC[C@H]1O[C@@H](n2ncc(=O)[nH]c2=O)[C@H](OC(C)=O)[C@@H]1OC(C)=O,QQOBRRFOVWGIMD-OJAKKHQRSA-N,0,,,1,0,,,
30,methoxsalen,COc1c2occc2cc2ccc(=O)oc12,QXKHYNVANLEOEG-UHFFFAOYSA-N,1,FDA,1954-12-03,1,3,ACHE;CYP1A2;MAOA,,
33,artisone acetate,CC(=O)OCC(=O)[C@H]1CC[C@H]2[C@@H]3CC=C4C[C@@H](O)CC[C@]4(C)[C@H]3CC[C@]12C,MDJRZSNPHZEMJH-MTMZYOSNSA-N,0,,,0,0,,,
34,abacavir,Nc1nc(NC2CC2)c2ncn([C@H]3C=C[C@@H](CO)C3)c2n1,MCGSCOLBFJQGHM-SCZZXKLOSA-N,1,EMA;FDA,1998-12-17,1,0,,,
35,abarelix,CC(=O)N[C@H](Cc1ccc2ccccc2c1)C(=O)N[C@H](Cc1ccc(Cl)cc1)C(=O)N[C@H](Cc1cccnc1)C(=O)N[C@@H](CO)C(=O)N(C)[C@@H](Cc1ccc(O)cc1)C(=O)N[C@H](CC(N)=O)C(=O)N[C@@H](CC(C)C)C(=O)N[C@@H](CCCCNC(C)C)C(=O)N1CCC[C@H]1C(=O)N[C@H](C)C(N)=O,AIWRTTMUVOZGPW-HSPKUQOVSA-N,1,FDA,2003-11-25,1,1,GNRHR,GNRHR,
37,acadesine,NC(=O)c1ncn([C@@H]2O[C@H](CO)[C@@H](O)[C@H]2O)c1N,RTRQQBHATOEIAF-UUOKFMHZSA-N,0,,,0,0,,,
38,acamprosate,CC(=O)NCCCS(=O)(=O)O,AFCGFAGUEYAMAO-UHFFFAOYSA-N,1,FDA,2004-07-29,1,10,GABRA1;GABRB3;GABRG2;GRIN1;GRIN2A;GRIN2B;GRIN2C;GRIN2D;GRIN3A;GRIN3B,GABRA1;GABRB3;GABRG2;GRIN1;GRIN2A;GRIN2B;GRIN2C;GRIN2D;GRIN3A;GRIN3B,
39,acarbose,C[C@H]1O[C@H](O[C@H]2[C@H](O)[C@@H](O)[C@@H](O[C@H]3[C@H](O)[C@@H](O)C(O)O[C@@H]3CO)O[C@@H]2CO)[C@H](O)[C@@H](O)[C@@H]1N[C@H]1C=C(CO)[C@@H](O)[C@H](O)[C@H]1O,XUFXOAAUWZOOIT-UGEKTDRHSA-N,1,FDA,1995-09-06,1,5,AMY1A;AMY2A;GAA;MGAM;SI,AMY2A;MGAM,
40,acebutolol,CCCC(=O)Nc1ccc(OCC(O)CNC(C)C)c(C(C)=O)c1,GOEMGAFJFRBGGG-UHFFFAOYSA-N,1,FDA,1984-12-28,1,2,ADRB1;ADRB2,ADRB1,
42,acecarbromal,CCC(Br)(CC)C(=O)NC(=O)NC(C)=O,SAZUGELZHZOXHB-UHFFFAOYSA-N,0,,,0,0,,,
43,aceclofenac,O=C(O)COC(=O)Cc1ccccc1Nc1c(Cl)cccc1Cl,MNIPYSSQXLZQLJ-UHFFFAOYSA-N,1,FDA,,0,3,MAPK1;PTGS2;TTR,PTGS2,
44,acediasulfone,Nc1ccc(S(=O)(=O)c2ccc(NCC(=O)O)cc2)cc1,FKKUMFTYSTZUJG-UHFFFAOYSA-N,0,,,0,0,,,
45,aceglatone,CC(=O)O[C@@H]1C(=O)O[C@H]2[C@@H]1OC(=O)[C@@H]2OC(C)=O,ZOZKYEHVNDEUCO-DKXJUACHSA-N,0,,,0,0,,,
46,aceglutamide,CC(=O)N[C@@H](CCC(N)=O)C(=O)O,KSMRODHGGIIXDV-YFKPBYRVSA-N,0,,,0,0,,,
47,acemetacin,COc1ccc2c(c1)c(CC(=O)OCC(=O)O)c(C)n2C(=O)c1ccc(Cl)cc1,FSQKKOOTNAMONP-UHFFFAOYSA-N,0,,,1,3,GLO1;PTGS1;PTGS2,PTGS1;PTGS2,
48,acenocoumarol,CC(=O)CC(c1ccc([N+](=O)[O-])cc1)c1c(O)c2ccccc2oc1=O,VABCILAOYCMVPS-UHFFFAOYSA-N,0,,,1,1,VKORC1,VKORC1,
49,acefylline,Cn1c(=O)c2c(ncn2CC(=O)O)n(C)c1=O,HCYFGRCYSCXKNQ-UHFFFAOYSA-N,0,,,1,1,ADORA2B,,
50,aceprometazine,CC(=O)c1ccc2c(c1)N(CC(C)N(C)C)c1ccccc1S2,XLOQNFNTQIRSOX-UHFFFAOYSA-N,0,,,0,1,HRH1,HRH1,
51,acetamidoeugenol,C=CCc1ccc(OCC(=O)N(CC)CC)c(OC)c1,AXNKGLDCLYLVLQ-UHFFFAOYSA-N,0,,,0,0,,,
52,paracetamol,CC(=O)Nc1ccc(O)cc1,RZVAJINKPMORJF-UHFFFAOYSA-N,1,FDA,1968-11-07,1,14,ALOX5AP;CA1;CA12;CA14;CA2;CA3;CA4;CA7;CA9;CNR1;MB;NR1I3;PTGS2;TRPV1,CNR1;PTGS2;TRPV1,
53,acetaminosalol,CC(=O)Nc1ccc(OC(=O)c2ccccc2O)cc1,TWIIVLKQFJBFPW-UHFFFAOYSA-N,0,,,0,0,,,
54,acetanilide,CC(=O)Nc1ccccc1,FZERHIULMFGESH-UHFFFAOYSA-N,0,,,1,1,NAPRT,,
55,acetarsol,CC(=O)Nc1cc([As](=O)(O)O)ccc1O,ODFJOVXVLFUVNQ-UHFFFAOYSA-N,0,,,1,0,,,
56,acetazolamide,CC(=O)Nc1nnc(S(N)(=O)=O)s1,BZKPWHYZMXOIDC-UHFFFAOYSA-N,1,FDA,1953-07-27,1,14,AQP1;CA1;CA11;CA12;CA13;CA14;CA2;CA3;CA4;CA5A;CA5B;CA6;CA7;CA9,CA1;CA12;CA2;CA4,
57,acetohexamide,CC(=O)c1ccc(S(=O)(=O)NC(=O)NC2CCCCC2)cc1,VGZSUPCWNCWDAN-UHFFFAOYSA-N,1,FDA,1964-12-23,1,2,ABCC8;KCNJ11,ABCC8;KCNJ11,
58,acetohydroxamic acid,CC(=O)NO,RRUDCFGSUDOHDG-UHFFFAOYSA-N,1,FDA,1983-05-31,1,1,CA2,,
59,acetophenazine,CC(=O)c1ccc2c(c1)N(CCCN1CCN(CCO)CC1)c1ccccc1S2,WNTYBHLDCKXEOT-UHFFFAOYSA-N,1,FDA,1961-04-05,1,1,DRD2,DRD2,
60,racecadotril,CC(=O)SCC(Cc1ccccc1)C(=O)NCC(=O)OCc1ccccc1,ODUOJXZPIYUATO-UHFFFAOYSA-N,1,YEAR INTRODUCED,1993-01-01,1,3,ACE;ECE1;MME,MME,
61,sulfadiasulfone,CC(=O)NS(=O)(=O)c1cc(N)ccc1S(=O)(=O)c1ccc(N)cc1,RAMPGXSXWLFXFU-UHFFFAOYSA-N,0,,,0,0,,,
62,acetoxolone,CC(=O)O[C@H]1CC[C@]2(C)[C@H]3C(=O)C=C4[C@@H]5C[C@@](C)(C(=O)O)CC[C@]5(C)CC[C@@]4(C)[C@]3(C)CC[C@H]2C1(C)C,FTQDJVZNPJRVPG-XWEVEMRCSA-N,0,,,0,6,CES1;CES2;HSD11B1;HSD11B2;HSD17B1;HSD17B2,,
63,acetrizoic acid,CC(=O)Nc1c(I)cc(I)c(C(=O)O)c1I,GNOGSFBXBWBTIG-UHFFFAOYSA-N,1,FDA,,1,0,,,
64,acetylcarnitine,CC(=O)O[C@H](CC(=O)[O-])C[N+](C)(C)C,RDHQFKQIGNGIED-MRVPVSSYSA-N,0,,,0,0,,,
65,acetylcholine,CC(=O)OCC[N+](C)(C)C,OIPILFWXSMYKGL-UHFFFAOYSA-N,1,FDA,1973-10-09,1,8,CHRM1;CHRM2;CHRM3;CHRM4;CHRM5;CHRNA4;CHRNA7;CHRNB2,CHRM3,charged_parent
66,acetylcysteine,CC(=O)N[C@@H](CS)C(=O)O,PWKSKIMOESPYIA-BYPYZUCNSA-N,1,FDA,1963-09-14,1,5,CYCS;GSS;SLC7A11;SOD2;VEGFA,,
67,acetyldigitoxin,CC(=O)O[C@H]1C[C@H](O[C@H]2[C@@H](O)C[C@H](O[C@H]3[C@@H](O)C[C@H](O[C@H]4CC[C@@]5(C)[C@H](CC[C@@H]6[C@@H]5CC[C@]5(C)[C@@H](C7=CC(=O)OC7)CC[C@]65O)C4)O[C@@H]3C)O[C@@H]2C)O[C@H](C)[C@H]1O,HPMZBILYSWLILX-UMDUKNJSSA-N,1,FDA,1975-04-24,1,8,ATP1A1;ATP1A2;ATP1A3;ATP1A4;ATP1B1;ATP1B2;ATP1B3;FXYD2,ATP1A1;ATP1A2;ATP1A3;ATP1A4;ATP1B1;ATP1B2;ATP1B3;FXYD2,
68,acetyldigoxin,CC(=O)O[C@H]1[C@@H](O)C[C@H](O[C@H]2[C@@H](O)C[C@H](O[C@H]3[C@@H](O)C[C@H](O[C@H]4CC[C@@]5(C)[C@H](CC[C@@H]6[C@@H]5C[C@@H](O)[C@]5(C)[C@@H](C7=CC(=O)OC7)CC[C@]65O)C4)O[C@@H]3C)O[C@@H]2C)O[C@@H]1C,NREAGDHHMSOWKZ-DXJNJSHLSA-N,0,,,0,0,,,
69,acetyldihydrocodeine,COc1ccc2c3c1O[C@H]1[C@@H](OC(C)=O)CC[C@H]4[C@@H](C2)N(C)CC[C@@]341,LGGDXXJAGWBUSL-BKRJIHRRSA-N,0,,,0,0,,,
70,furalazine,Nc1ncc(/C=C/c2ccc([N+](=O)[O-])o2)nn1,RWOLIGKRDWLZSV-OWOJBTEDSA-N,0,,,0,0,,,
71,acetylleucine,CC(=O)NC(CC(C)C)C(=O)O,WXNXCEHXYPACJF-UHFFFAOYSA-N,0,,,1,0,,,
72,acetylpheneturide,CCC(C(=O)NC(=O)NC(C)=O)c1ccccc1,GBPZSCQLDXUGNO-UHFFFAOYSA-N,0,,,0,0,,,
73,acepromazine,CC(=O)c1ccc2c(c1)N(CCCN(C)C)c1ccccc1S2,NOSIYYJFMPDDSA-UHFFFAOYSA-N,0,,,0,3,DRD1;DRD2;PRNP,DRD1;DRD2,
74,acetylsalicylic acid,CC(=O)Oc1ccccc1C(=O)O,BSYNRYMUTXBXSQ-UHFFFAOYSA-N,1,FDA;YEAR INTRODUCED,1898-01-01,1,5,ASIC3;GGT1;NAPRT;PTGS1;PTGS2,PTGS1;PTGS2,
76,acipimox,Cc1cnc(C(=O)O)c[n+]1[O-],DJQOOSBJCLSSEY-UHFFFAOYSA-N,0,,,1,1,HCAR2,HCAR2,
77,acitazanolast,O=C(O)C(=O)Nc1cccc(-c2nnn[nH]2)c1,VWQZJJZGISNFOE-UHFFFAOYSA-N,0,,,0,0,,,
78,acitretin,COc1cc(C)c(/C=C/C(C)=C/C=C/C(C)=C/C(=O)O)c(C)c1C,IHUNBGSDBOWDMA-AQFIFDHZSA-N,1,FDA,1996-10-28,1,3,ABCB11;RARA;RARG,RARA;RARG,
80,aclarubicin,CC[C@@]1(O)C[C@H](O[C@H]2C[C@H](N(C)C)[C@H](O[C@H]3C[C@H](O)[C@H](O[C@H]4CCC(=O)[C@H](C)O4)[C@H](C)O3)[C@H](C)O2)c2c(cc3c(c2O)C(=O)c2c(O)cccc2C3=O)[C@H]1C(=O)OC,USZYSDMBJDPRIF-SVEJIMAYSA-N,0,,,0,5,HTR2B;MMP2;TOP1;TOP2A;TOP2B,TOP1;TOP2A;TOP2B,
81,aclatonium,CC(=O)OC(C)C(=O)OCC[N+](C)(C)C,SRZGFCNCQUMTCP-UHFFFAOYSA-N,0,,,0,5,CHRM1;CHRM2;CHRM3;CHRM4;CHRM5,CHRM1;CHRM2;CHRM3;CHRM4;CHRM5,charged_parent
82,acrivastine,Cc1ccc(/C(=C\CN2CCCC2)c2cccc(/C=C/C(=O)O)n2)cc1,PWACSDKDOHSSQD-IUTFFREVSA-N,1,FDA,1994-03-25,1,2,ABCB1;HRH1,HRH1,
83,rosoxacin,CCn1cc(C(=O)O)c(=O)c2ccc(-c3ccncc3)cc21,XBPZXDSZHPDXQU-UHFFFAOYSA-N,0,,,0,0,,,
84,actarit,CC(=O)Nc1ccc(CC(=O)O)cc1,MROJXXOCABQVEF-UHFFFAOYSA-N,0,,,0,0,,,
85,acyclovir,Nc1nc2c(ncn2COCCO)c(=O)[nH]1,MKUXAQIIEYXACX-UHFFFAOYSA-N,1,FDA,1982-03-29,1,1,PNP,,
86,adamexine,CC(=O)Nc1c(Br)cc(Br)cc1CN(C)C12CC3CC(CC(C3)C1)C2,HJJAXSOTUNRQSF-UHFFFAOYSA-N,0,,,0,0,,,
87,adapalene,COc1ccc(-c2ccc3cc(C(=O)O)ccc3c2)cc1C12CC3CC(CC(C3)C1)C2,LZCDAPDGXCYOEH-UHFFFAOYSA-N,1,FDA,1996-05-31,1,4,GLRA1;RARA;RARB;RARG,RARB;RARG,
88,adefovir dipivoxil,CC(C)(C)C(=O)OCOP(=O)(COCCn1cnc2c(N)ncnc21)OCOC(=O)C(C)(C)C,WOZSCQDILHKSGG-UHFFFAOYSA-N,1,EMA;FDA,2002-09-20,1,1,POLG,,
89,adenine,Nc1ncnc2nc[nH]c12,GFFGJBXGBJISGV-UHFFFAOYSA-N,1,FDA,2021-04-08,0,5,PI4K2A;PI4K2B;PI4KA;PI4KB;XDH,,
90,adenosine,Nc1ncnc2c1ncn2[C@@H]1O[C@H](CO)[C@@H](O)[C@H]1O,OIRDTQYFTABQOQ-KQYNXXCUSA-N,1,FDA,1989-10-30,1,12,ADA;ADK;ADORA1;ADORA2A;ADORA2B;ADORA3;AHCY;DOT1L;GAPDH;MAP3K7;PI4K2A;PI4K2B,ADORA1;ADORA2A;ADORA2B,
91,adenosine triphosphate,Nc1ncnc2c1ncn2[C@@H]1O[C@H](COP(=O)(O)OP(=O)(O)OP(=O)(O)O)[C@@H](O)[C@H]1O,ZKHQWZAMYRWXGA-KQYNXXCUSA-N,0,,,0,16,GPR17;HSPA1A;HSPA8;JAK2;MAP3K7;MAPKAPK2;P2RX1;P2RX3;P2RX4;P2RY1;P2RY11;P2RY13;P2RY2;P2RY4;TRAP1;TRPM4,,
92,adenosine phosphate,Nc1ncnc2c1ncn2[C@@H]1O[C@H](COP(=O)(O)O)[C@@H](O)[C@H]1O,UDMBCSSLTHHNCD-KQYNXXCUSA-N,0,,,1,6,DNPH1;FBP1;LDHA;SRC;TRPM2;TRPM4,,
93,adinazolam,CN(C)Cc1nnc2n1-c1ccc(Cl)cc1C(c1ccccc1)=NC2,GJSLOMWRLALDCT-UHFFFAOYSA-N,0,,,0,14,GABRA1;GABRA2;GABRA3;GABRA4;GABRA5;GABRA6;GABRB1;GABRB2;GABRB3;GABRD;GABRG1;GABRG2;GABRG3;TSPO,GABRA1;GABRA2;GABRA3;GABRA4;GABRA5;GABRA6;GABRB1;GABRB2;GABRB3;GABRD;GABRG1;GABRG2;GABRG3,
94,adiphenine,CCN(CC)CCOC(=O)C(c1ccccc1)c1ccccc1,JGOAIQNSOGZNBX-UHFFFAOYSA-N,0,,,0,0,,,
95,adrafinil,O=C(CS(=O)C(c1ccccc1)c1ccccc1)NO,CGNMLOKEMNBUAI-UHFFFAOYSA-N,0,,,0,0,,,
96,adrenalone,CNCC(=O)c1ccc(O)c(O)c1,PZMVOUYYNKPMSI-UHFFFAOYSA-N,0,,,0,0,,,
98,afloqualone,Cc1ccccc1-n1c(CF)nc2ccc(N)cc2c1=O,VDOSWXIDETXFET-UHFFFAOYSA-N,0,,,0,0,,,
99,agomelatine,COc1ccc2cccc(CCNC(C)=O)c2c1,YJYPHIXNFHFHND-UHFFFAOYSA-N,1,EMA,2009-02-19,1,5,HTR2A;HTR2B;HTR2C;MTNR1A;MTNR1B,HTR2C;MTNR1A;MTNR1B,
100,ajmaline,CC[C@H]1[C@@H]2C[C@H]3[C@@H]4N(C)c5ccccc5[C@]45C[C@@H]([C@H]2[C@H]5O)N3[C@@H]1O,CJDRUOGAGYHKKD-RQBLFBSQSA-N,0,,,0,4,CYP2D6;KCNA5;KCND3;SCN5A,KCNA5;KCND3;SCN5A,
101,alacepril,CC(=O)SC[C@@H](C)C(=O)N1CCC[C@H]1C(=O)N[C@@H](Cc1ccccc1)C(=O)O,FHHHOYXPRDYHEZ-COXVUDFISA-N,1,FDA,1981-04-06,0,1,ACE,ACE,
102,alatrofloxacin,C[C@H](N)C(=O)N[C@@H](C)C(=O)N[C@H]1[C@@H]2CN(c3nc4c(cc3F)c(=O)c(C(=O)O)cn4-c3ccc(F)cc3F)C[C@@H]21,UUZPPAMZDFLUHD-VUJLHGSVSA-N,1,FDA,1997-12-18,1,0,,,
103,albendazole,CCCSc1ccc2nc(NC(=O)OC)[nH]c2c1,HXHWSAZORRCQMX-UHFFFAOYSA-N,1,FDA,1996-06-11,1,0,,,
104,albendazole sulfoxide,CCCS(=O)c1ccc2nc(NC(=O)OC)[nH]c2c1,VXTGHWHFYNYFFV-UHFFFAOYSA-N,1,EMA,1999-02-01,0,0,,,
105,salbutamol,CC(C)(C)NCC(O)c1ccc(O)c(CO)c1,NDAUXUAQIAJITI-UHFFFAOYSA-N,1,FDA,1981-05-01,1,2,ADRB1;ADRB2,ADRB2,
106,albutoin,C=CCN1C(=O)C(CC(C)C)NC1=S,RATGSRSDPNECNO-UHFFFAOYSA-N,0,,,0,0,,,
107,alclofenac,C=CCOc1ccc(CC(=O)O)cc1Cl,ARHWPKZXBHOEEE-UHFFFAOYSA-N,1,YEAR INTRODUCED,1969-01-01,1,2,PTGS1;PTGS2,PTGS2,
109,alcuronium,C=CC[N@@+]12CC[C@@]34c5ccccc5N5C=C6[C@H]7C[C@H]8[C@@]9(CC[N@@+]8(CC=C)C/C7=C/CO)c7ccccc7N(C=C([C@@H](C[C@@H]31)/C(=C\CO)C2)[C@H]54)[C@@H]69,MUQUYTSLDVKIOF-BBMNSBIFSA-N,1,YEAR INTRODUCED,1963-01-01,0,11,CHRM1;CHRM2;CHRM3;CHRM4;CHRNA1;CHRNA2;CHRNA4;CHRNA7;CHRNB1;CHRNB4;CHRND,,charged_parent
111,aldosterone,C[C@]12CCC(=O)C=C1CC[C@@H]1[C@@H]2[C@@H](O)C[C@]2(C=O)[C@@H](C(=O)CO)CC[C@@H]12,PQSUYGKTWSAVDQ-ZVIOFETBSA-N,0,,,0,3,NR3C2;SERPINA6;SHBG,,
112,alendronic acid,NCCCC(O)(P(=O)(O)O)P(=O)(O)O,OGSPWJRAVKPPFI-UHFFFAOYSA-N,1,FDA,1995-09-29,1,2,FDPS;FNTB,FDPS,
113,alexidine,CCCCC(CC)CNC(=N)NC(=N)NCCCCCCNC(=N)NC(=N)NCC(CC)CCCC,LFVVNPBBFUSSHL-UHFFFAOYSA-N,0,,,0,2,PTPMT1;TLR9,,
114,alfentanil,CCC(=O)N(c1ccccc1)C1(COC)CCN(CCn2nnn(CC)c2=O)CC1,IDBPHNDTYPBSNI-UHFFFAOYSA-N,1,FDA,1986-12-29,1,2,ABCB1;OPRM1,OPRM1,
115,alfuzosin,COc1cc2nc(N(C)CCCNC(=O)C3CCCO3)nc(N)c2cc1OC,WNMJYKCGWZFFKR-UHFFFAOYSA-N,1,FDA,2003-06-12,1,5,ACHE;ADRA1A;ADRA1B;ADRA1D;SLC22A1,ADRA1A;ADRA1B;ADRA1D,
117,alibendol,C=CCc1cc(OC)c(O)c(C(=O)NCCO)c1,UMJHTFHIQDEGKB-UHFFFAOYSA-N,0,,,0,0,,,
119,aliskiren,COCCCOc1cc(C[C@@H](C[C@H](N)[C@@H](O)C[C@H](C(=O)NCC(C)(C)C(N)=O)C(C)C)C(C)C)ccc1OC,UXOWGYHJODZGMF-QORCZRPOSA-N,1,FDA,2007-03-05,1,3,ABCB1;CYP3A4;REN,REN,
120,alizapride,C=CCN1CCCC1CNC(=O)c1cc2nn[nH]c2cc1OC,KSEYRUGYKHXGFW-UHFFFAOYSA-N,1,YEAR INTRODUCED,1981-01-01,0,2,ADRA2C;DRD2,DRD2,
121,alkofanone,Nc1ccc(S(=O)(=O)C(CC(=O)c2ccccc2)c2ccccc2)cc1,VWEMSUCCUQSLME-UHFFFAOYSA-N,0,,,0,0,,,
122,allobarbital,C=CCC1(CC=C)C(=O)NC(=O)NC1=O,FDQGNLOWMMVRQL-UHFFFAOYSA-N,0,,,0,0,,,
123,alloclamide,C=CCOc1cc(Cl)ccc1C(=O)NCCN(CC)CC,UHWFVIPXDFZTFA-UHFFFAOYSA-N,0,,,0,0,,,
124,allopurinol,Oc1ncnc2[nH]ncc12,OFCNXPDARWKPPY-UHFFFAOYSA-N,1,FDA,1966-08-19,1,2,HPRT1;XDH,XDH,
125,allylestrenol,C=CC[C@]1(O)CC[C@H]2[C@@H]3CCC4=CCCC[C@@H]4[C@H]3CC[C@@]21C,ATXHVCQZZJYMCF-XUDSTZEESA-N,0,,,0,0,,,
126,alminoprofen,C=C(C)CNc1ccc(C(C)C(=O)O)cc1,FPHLBGOJWPEVME-UHFFFAOYSA-N,0,,,0,0,,,
127,almitrine,C=CCNc1nc(NCC=C)nc(N2CCN(C(c3ccc(F)cc3)c3ccc(F)cc3)CC2)n1,OBDOVFRMEYHSQB-UHFFFAOYSA-N,0,,,1,0,,,
128,almotriptan,CN(C)CCc1c[nH]c2ccc(CS(=O)(=O)N3CCCC3)cc12,WKEMJKQOLOHJLZ-UHFFFAOYSA-N,1,FDA,2001-05-07,1,3,HTR1B;HTR1D;HTR1F,HTR1B;HTR1D,
129,alosetron,Cc1nc[nH]c1CN1CCc2c(c3ccccc3n2C)C1=O,JSWZEAMFRNKZNL-UHFFFAOYSA-N,1,FDA,2000-02-09,1,4,CYP1A2;HTR2B;HTR3A;KCNH2,HTR3A,
130,alfacalcidol,C=C1/C(=C\C=C2/CCC[C@]3(C)[C@@H]([C@H](C)CCCC(C)C)CC[C@@H]23)C[C@@H](O)C[C@@H]1O,OFHCOWSQAMBJIW-AVJTYSNKSA-N,1,YEAR INTRODUCED,1978-01-01,1,2,SLC6A2;VDR,VDR,
132,alphaprodine,CCC(=O)O[C@]1(c2ccccc2)CCN(C)C[C@@H]1C,UVAZQQHAVMNMHE-XJKSGUPXSA-N,0,,,0,0,,,
133,alfaxalone,CC(=O)[C@H]1CC[C@H]2[C@@H]3CC[C@H]4C[C@H](O)CC[C@]4(C)[C@H]3C(=O)C[C@]12C,DUHUCHOQIDJXAT-OLVMNOGESA-N,1,YEAR INTRODUCED,1972-01-01,0,5,GABRA1;GABRA2;GABRB2;GABRG2;SLC6A1,,
134,alpidem,CCCN(CCC)C(=O)Cc1c(-c2ccc(Cl)cc2)nc2ccc(Cl)cn12,JRTIDHTUMYMPRU-UHFFFAOYSA-N,1,YEAR INTRODUCED,1991-01-01,1,3,ABCB11;GABRA1;TSPO,GABRA1,
135,alpiropride,C=CCN1CCCC1CNC(=O)c1cc(S(=O)(=O)NC)c(N)cc1OC,QRQMZZNDJGHPHZ-UHFFFAOYSA-N,0,,,0,0,,,
136,alprazolam,Cc1nnc2n1-c1ccc(Cl)cc1C(c1ccccc1)=NC2,VREFGVBLTWBCJP-UHFFFAOYSA-N,1,FDA,1981-10-16,1,10,BRD4;CYP3A4;GABRA1;GABRA2;GABRA3;GABRA5;GABRB2;GABRB3;GABRG2;PTAFR,GABRA1;GABRA2;GABRA3;GABRA5;GABRB2;GABRB3;GABRG2,
137,alprenolol,C=CCc1ccccc1OCC(O)CNC(C)C,PAZJSJFMUHDSTF-UHFFFAOYSA-N,1,YEAR INTRODUCED,1966-01-01,0,5,ADRB1;ADRB2;ADRB3;HTR1A;HTR2A,ADRB1;ADRB2,
138,alprostadil,CCCCC[C@H](O)/C=C/[C@H]1[C@H](O)CC(=O)[C@@H]1CCCCCCC(=O)O,GMVPRGQOIOIIMI-DWKJAMRDSA-N,1,FDA,1981-10-16,1,10,CATSPER1;CATSPER2;CATSPER3;CATSPER4;PTGDR;PTGER1;PTGER2;PTGER3;PTGER4;PTGIR,PTGER1;PTGER2,
139,alsactide,CSCC[C@H](NC(=O)[C@H](CO)NC(=O)[C@H](Cc1ccc(O)cc1)NC(=O)CCN)C(=O)N[C@@H](CCC(=O)O)C(=O)N[C@@H](Cc1c[nH]cn1)C(=O)N[C@@H](Cc1ccccc1)C(=O)N[C@@H](CCCNC(=N)N)C(=O)N[C@@H](Cc1c[nH]c2ccccc12)C(=O)NCC(=O)N[C@@H](CCCCN)C(=O)N1CCC[C@H]1C(=O)N[C@H](C(=O)NCC(=O)N[C@@H](CCCCN)C(=O)N[C@@H](CCCCN)C(=O)N[C@@H](CCCCN)C(=O)NCCCCN)C(C)C,DIDCGVRALANKIU-OTEFFYEFSA-N,0,,,0,0,,,
140,altizide,C=CCSCC1Nc2cc(Cl)c(S(N)(=O)=O)cc2S(=O)(=O)N1,VGLGVJVUHYTIIU-UHFFFAOYSA-N,0,,,0,0,,,
141,altretamine,CN(C)c1nc(N(C)C)nc(N(C)C)n1,UUVWYPNAQBNQJQ-UHFFFAOYSA-N,1,FDA,1990-12-26,1,1,CYP1A2,,
142,alverine,CCN(CCCc1ccccc1)CCCc1ccccc1,ZPFXAOWNKLFJDN-UHFFFAOYSA-N,0,,,0,0,,,
143,alvimopan,C[C@H]1CN(C[C@H](Cc2ccccc2)C(=O)NCC(=O)O)CC[C@@]1(C)c1cccc(O)c1,UPNUIXSCZBYVBB-JVFUWBCBSA-N,1,FDA,2008-05-20,1,3,OPRD1;OPRK1;OPRM1,OPRM1,
144,amantadine,NC12CC3CC(CC(C3)C1)C2,DKNWSYNQZKUICI-UHFFFAOYSA-N,1,FDA,1968-02-14,1,9,GRIN1;GRIN2A;GRIN2B;GRIN2C;GRIN2D;GRIN3A;GRIN3B;SIGMAR1;SLC47A1,GRIN1;GRIN2A;GRIN2B;GRIN2C;GRIN2D;GRIN3A;GRIN3B,
145,ambazone,N=C(N)NN=C1C=CC(=NNC(N)=S)C=C1,MLMFUKWWZIZRHX-UHFFFAOYSA-N,0,,,0,0,,,
146,ambenonium,CC[N+](CC)(CCNC(=O)C(=O)NCC[N+](CC)(CC)Cc1ccccc1Cl)Cc1ccccc1Cl,OMHBPUNFVFNHJK-UHFFFAOYSA-P,1,FDA,1956-05-01,1,1,ACHE,ACHE,charged_parent
147,ambroxol,Nc1c(Br)cc(Br)cc1CN[C@H]1CC[C@H](O)CC1,JBDGDEWWOUBZPM-XYPYZODXSA-N,1,YEAR INTRODUCED,1978-01-01,0,4,CYP2D6;GBA;SCN10A;SLC6A4,GBA,
148,ambucetamide,CCCCN(CCCC)C(C(N)=O)c1ccc(OC)cc1,WUSAVCGXMSWMQM-UHFFFAOYSA-N,0,,,0,0,,,
149,ambutonium,CC[N+](C)(C)CCC(C(N)=O)(c1ccccc1)c1ccccc1,KFZMXOLSYABOSE-UHFFFAOYSA-O,0,,,0,0,,,charged_parent
150,amcinonide,CC(=O)OCC(=O)[C@@]12OC3(CCCC3)O[C@@H]1C[C@H]1[C@@H]3CCC4=CC(=O)C=C[C@]4(C)[C@@]3(F)[C@@H](O)C[C@@]12C,ILKJAFIWWBXGDU-MOGDOJJUSA-N,1,FDA,1979-10-18,1,1,NR3C1,NR3C1,
153,amezinium metilsulfate,COc1cc(N)cn[n+]1-c1ccccc1,VXROHTDSRBRJLN-UHFFFAOYSA-O,0,,,0,0,,,charged_parent
155,amidefrine,CNCC(O)c1cccc(NS(C)(=O)=O)c1,ZHOWHMXTJFZXRB-UHFFFAOYSA-N,0,,,0,0,,,
156,amifostine,NCCCNCCSP(=O)(O)O,JKOQGQFVAUAYPM-UHFFFAOYSA-N,1,FDA,1995-12-08,1,2,ALPL;DRD3,,
157,amikacin,NCC[C@H](O)C(=O)N[C@@H]1C[C@H](N)[C@@H](O[C@H]2O[C@H](CN)[C@@H](O)[C@H](O)[C@H]2O)[C@H](O)[C@H]1O[C@H]1O[C@H](CO)[C@@H](O)[C@H](N)[C@H]1O,LKCWBDHBTVXHDL-RMDFUYIESA-N,1,FDA,1981-01-22,1,0,,,
158,amiloride,N=C(N)NC(=O)c1nc(Cl)c(N)nc1N,XSDQTOBWRPYKKA-UHFFFAOYSA-N,1,FDA,1981-10-05,1,12,ADORA2A;ASIC1;ASIC2;ASIC3;MAOA;PLAU;SCNN1A;SCNN1B;SCNN1G;SLC22A1;SLC9A1;SLC9A5,SCNN1A;SCNN1B;SCNN1G,
159,aminaphthone,Cc1c(OC(=O)c2ccc(N)cc2)c(O)c2ccccc2c1O,YLMPBJUYFTWHKJ-UHFFFAOYSA-N,0,,,0,0,,,
160,aminoacridine,Nc1c2ccccc2nc2ccccc12,XJGFWWJLMVZSIG-UHFFFAOYSA-N,0,,,0,1,NQO2,,
161,amineptine,O=C(O)CCCCCCNC1c2ccccc2CCc2ccccc21,ONNOFKFOZAJDHT-UHFFFAOYSA-N,0,,,1,0,,,
162,aminitrozole,CC(=O)Nc1ncc([N+](=O)[O-])s1,UJRRDDHEMZLWFI-UHFFFAOYSA-N,0,,,0,0,,,
163,aminocaproic acid,NCCCCCC(=O)O,SLXKOJJOQWFEFD-UHFFFAOYSA-N,1,FDA,1964-06-03,1,2,PLAT;PLG,PLAT;PLG,
164,aminoglutethimide,CCC1(c2ccc(N)cc2)CCC(=O)NC1=O,ROBVIMPUHSLWNV-UHFFFAOYSA-N,1,FDA,1980-10-29,1,3,CYP11A1;CYP19A1;TBXAS1,CYP11A1;CYP19A1,
165,aminohippuric acid,Nc1ccc(C(=O)NCC(=O)O)cc1,HSMNQINEKMPTIC-UHFFFAOYSA-N,1,FDA,1944-12-30,1,1,SLC22A6,,
166,aminolevulinic acid,NCC(=O)CCC(=O)O,ZGXJTSGNIOSYLO-UHFFFAOYSA-N,1,FDA,1999-12-03,1,0,,,
167,5-aminolevulinic acid hexyl ester,CCCCCCOC(=O)CCC(=O)CN,RYQOILLJDKPETL-UHFFFAOYSA-N,1,FDA,2010-05-28,1,0,,,
168,methyl aminolevulinate,COC(=O)CCC(=O)CN,YUUAYBAIHCDHHD-UHFFFAOYSA-N,1,FDA,2004-07-27,1,0,,,
169,aminometradine,C=CCn1c(N)cc(=O)n(CC)c1=O,NGXUUAFYUCOICP-UHFFFAOYSA-N,0,,,0,0,,,
170,dimevamide,CC(CC(C(N)=O)(c1ccccc1)c1ccccc1)N(C)C,NARHAGIVSFTMIG-UHFFFAOYSA-N,0,,,0,0,,,
171,aminophenazone,Cc1c(N(C)C)c(=O)n(-c2ccccc2)n1C,RMMXTBMQSGEXHJ-UHFFFAOYSA-N,1,YEAR INTRODUCED,1964-01-01,1,3,NAPRT;PTGS1;PTGS2,,
172,aminopicoline,Cc1ccnc(N)c1,ORLGLBZRQYOWNA-UHFFFAOYSA-N,0,,,0,1,NOS2,,
173,aminopromazine,CN(C)CC(CN1c2ccccc2Sc2ccccc21)N(C)C,YZQNFFLGIYEXMM-UHFFFAOYSA-N,0,,,0,0,,,
174,aminoquinuride,Cc1cc(N)c2cc(NC(=O)Nc3ccc4nc(C)cc(N)c4c3)ccc2n1,HOUSDILKOJMENG-UHFFFAOYSA-N,0,,,0,2,MMP1;MMP9,,
175,aminorex,NC1=NCC(c2ccccc2)O1,SYAKTDIEAPMBAL-UHFFFAOYSA-N,0,,,1,0,,,
176,amiodarone,CCCCc1oc2ccccc2c1C(=O)c1cc(I)c(OCCN(CC)CC)c(I)c1,IYIKLHRQXLHMJQ-UHFFFAOYSA-N,1,FDA,1985-12-24,1,53,ABCB1;ADORA3;ADRA2A;ADRA2B;ADRB1;ADRB3;BDKRB2;CACNA1H;CCR2;CCR4;CHRM1;CHRM2;CHRM3;CHRM4;CHRM5;CYP2C9;CYP3A4;DRD1;DRD2;DRD3;DRD4;EBP;EDNRA;ERBB2;FDFT1;FYN;HCN4;HRH2;HTR2A;HTR2B;HTR2C;HTR6;KCNA7;KCNH2;KDM5A;KDM7A;MC3R;MC4R;MC5R;OPRD1;OPRK1;OPRM1;PHF2;SCN5A;SIGMAR1;SLC6A2;SLC6A3;SLC6A4;SQLE;TACR2;THAP1;THRA;THRB,KCNH2,
177,amiphenazole,Nc1nc(N)c(-c2ccccc2)s1,UPOYFZYFGWBUKL-UHFFFAOYSA-N,0,,,0,0,,,
179,amisulpride,CCN1CCCC1CNC(=O)c1cc(S(=O)(=O)CC)c(N)cc1OC,NTJOBXMMWNYJFB-UHFFFAOYSA-N,1,FDA;YEAR INTRODUCED,1986-01-01,1,11,ADRA2A;ADRA2C;DRD2;DRD3;DRD4;HTR1B;HTR1D;HTR2A;HTR2B;HTR6;HTR7,DRD2;DRD3,
180,amitriptyline,CN(C)CCC=C1c2ccccc2CCc2ccccc21,KRMDCWKBEZIMAB-UHFFFAOYSA-N,1,FDA,1961-04-07,1,36,ADRA1A;ADRA1D;ADRA2A;ADRA2B;ADRA2C;AOX1;CHRM1;CHRM2;CHRM3;CHRM4;CHRM5;DRD1;DRD2;DRD3;DRD5;HRH1;HRH2;HRH4;HTR1A;HTR2A;HTR2B;HTR2C;HTR6;HTR7;KCNH2;NTRK1;RET;SCN2A;SCN5A;SCN9A;SIGMAR1;SLC22A1;SLC22A2;SLC6A2;SLC6A3;SLC6A4,SLC6A2;SLC6A4,
181,amitriptylinoxide,C[N+](C)([O-])CCC=C1c2ccccc2CCc2ccccc21,ZPMKQFOGINQDAM-UHFFFAOYSA-N,0,,,0,1,RET,,
182,amlexanox,CC(C)c1ccc2oc3nc(N)c(C(=O)O)cc3c(=O)c2c1,SGRYPYWGNKJSDL-UHFFFAOYSA-N,1,FDA,1996-12-17,1,7,GPR35;IKBKE;PDE4A;PDE4B;PDE4C;PDE4D;TBK1,PDE4A;PDE4B;PDE4C;PDE4D,
183,amlodipine,CCOC(=O)C1=C(COCCN)NC(C)=C(C(=O)OC)C1c1ccccc1Cl,HTIQEAQVCYTUBX-UHFFFAOYSA-N,1,FDA,1992-07-31,1,15,ADRA1A;ADRA1B;ADRA1D;ADRA2A;ADRA2C;AOX1;CA1;CACNA1C;CACNA1D;CACNA1H;CACNA2D1;CACNG1;HTR6;KCNK2;SLC6A3,CACNA1C;CACNA1D,
184,amobarbital,CCC1(CCC(C)C)C(=O)NC(=O)NC1=O,VIROVYVQCGLCII-UHFFFAOYSA-N,1,FDA,,1,0,,,
185,amocarzine,CN1CCN(C(=S)Nc2ccc(Nc3ccc([N+](=O)[O-])cc3)cc2)CC1,UFLRJROFPAGRPN-UHFFFAOYSA-N,0,,,0,0,,,
186,amodiaquine,CCN(CC)Cc1cc(Nc2ccnc3cc(Cl)ccc23)ccc1O,OVCDSSHSILBFBN-UHFFFAOYSA-N,1,FDA,,1,4,APP;HNMT;HPSE;KCNH2,,
187,amolanone,CCN(CC)CCC1(c2ccccc2)C(=O)Oc2ccccc21,HPITVGRITATAFY-UHFFFAOYSA-N,0,,,0,0,,,
188,amorolfine,CCC(C)(C)c1ccc(CC(C)CN2C[C@@H](C)O[C@@H](C)C2)cc1,MQHLMHIZUIDKOO-AYHJJNSGSA-N,0,,,1,0,,,
189,amoscanate,O=[N+]([O-])c1ccc(Nc2ccc(N=C=S)cc2)cc1,DKVNAGXPRSYHLB-UHFFFAOYSA-N,0,,,0,0,,,
190,amosulalol,COc1ccccc1OCCNCC(O)c1ccc(C)c(S(N)(=O)=O)c1,LVEXHFZHOIWIIP-UHFFFAOYSA-N,0,,,0,0,,,
191,amoxapine,Clc1ccc2c(c1)C(N1CCNCC1)=Nc1ccccc1O2,QWGDMFLQWFTERH-UHFFFAOYSA-N,1,FDA,1980-09-22,1,30,ABCB1;ADRA1D;ADRA2A;ADRA2B;ADRA2C;CHRM1;CHRM2;CHRM3;CHRM4;CHRM5;CYP2D6;DRD1;DRD2;DRD3;DRD4;GABRA1;GABRB2;GABRG2;HRH1;HTR1A;HTR2A;HTR2B;HTR2C;HTR3A;HTR6;HTR7;SLC6A2;SLC6A3;SLC6A4;SLC6A5,SLC6A2;SLC6A4,
192,amoxicillin,CC1(C)S[C@@H]2[C@H](NC(=O)[C@H](N)c3ccc(O)cc3)C(=O)N2[C@H]1C(=O)O,LSQZJLSUYDQPKJ-NJBDSQKTSA-N,1,FDA,1974-12-09,1,3,HTR2A;HTR2B;HTR2C,,
193,amperozide,CCNC(=O)N1CCN(CCCC(c2ccc(F)cc2)c2ccc(F)cc2)CC1,NNAIYOXJNVGUOM-UHFFFAOYSA-N,0,,,0,2,FAAH;HTR6,,
194,amphenidone,Nc1cccc(-n2ccccc2=O)c1,ZVSGUZQJNXHNIL-UHFFFAOYSA-N,0,,,0,0,,,
195,amfetamine,CC(N)Cc1ccccc1,KWTSXDURSIMDCE-UHFFFAOYSA-N,1,FDA,1955-09-09,1,7,ADRA1A;ADRA2A;CARTPT;SLC6A2;SLC6A3;SLC6A4;TAAR1,SLC6A2;SLC6A3,
196,amfetaminil,CC(Cc1ccccc1)NC(C#N)c1ccccc1,NFHVTCJKAHYEQN-UHFFFAOYSA-N,0,,,0,0,,,
197,amphotericin B,C[C@@H]1[C@H](O)[C@@H](C)/C=C/C=C/C=C/C=C/C=C/C=C/C=C/[C@H](O[C@@H]2O[C@H](C)[C@@H](O)[C@H](N)[C@@H]2O)C[C@@H]2O[C@](O)(C[C@@H](O)C[C@@H](O)[C@H](O)CC[C@@H](O)C[C@@H](O)CC(=O)O[C@H]1C)C[C@H](O)[C@H]2C(=O)O,APKFDSVGJQXUKY-INPOYWNPSA-N,1,FDA,1964-11-12,1,0,,,
198,ampicillin,CC1(C)S[C@@H]2[C@H](NC(=O)[C@H](N)c3ccccc3)C(=O)N2[C@H]1C(=O)O,AVKUERGKIZMTKX-NJBDSQKTSA-N,1,FDA,1965-12-17,1,2,TEK;TRPM4,,
199,ampiroxicam,CCOC(=O)OC(C)OC1=C(C(=O)Nc2ccccn2)N(C)S(=O)(=O)c2ccccc21,LSNWBKACGXCGAJ-UHFFFAOYSA-N,0,,,0,0,,,
200,amprenavir,CC(C)CN(C[C@@H](O)[C@H](Cc1ccccc1)NC(=O)O[C@H]1CCOC1)S(=O)(=O)c1ccc(N)cc1,YMARZQAQMVYCKC-OEMFJLHTSA-N,1,EMA;FDA,1999-04-15,1,3,CTSD;CYP3A4;TBXAS1,,
201,amrinone,Nc1cc(-c2ccncc2)c[nH]c1=O,RNLQIBCLLYYYFJ-UHFFFAOYSA-N,1,FDA,1984-07-31,1,7,PDE3A;PDE3B;PDE4A;PDE4B;PDE4C;PDE4D;TTK,PDE3A,
202,amrubicin,CC(=O)[C@]1(N)Cc2c(O)c3c(c(O)c2[C@@H](O[C@H]2C[C@H](O)[C@H](O)CO2)C1)C(=O)c1ccccc1C3=O,VJZITPJGSQKZMX-XDPRQOKASA-N,0,,,0,0,,,
203,amsacrine,COc1cc(NS(C)(=O)=O)ccc1Nc1c2ccccc2nc2ccccc12,XCPGHVQEEXUHNC-UHFFFAOYSA-N,1,YEAR INTRODUCED,1987-01-01,1,7,CYP2D6;KCNH2;SLC22A1;TOP1;TOP1MT;TOP2A;TOP2B,,
204,amtolmetin guacil,COc1ccccc1OC(=O)CNC(=O)Cc1ccc(C(=O)c2ccc(C)cc2)n1C,CWJNMKKMGIAGDK-UHFFFAOYSA-N,0,,,0,0,,,
206,amylocaine,CCC(C)(CN(C)C)OC(=O)c1ccccc1,FDMBBCOBEAVDAO-UHFFFAOYSA-N,0,,,0,0,,,
208,anagestone acetate,CC(=O)O[C@]1(C(C)=O)CC[C@H]2[C@@H]3C[C@H](C)C4=CCCC[C@]4(C)[C@H]3CC[C@@]21C,KDLNOQQQEBKBQM-DICPTYMLSA-N,0,,,1,0,,,
209,anagrelide,O=C1CN2Cc3c(ccc(Cl)c3Cl)N=C2N1,OTBXOEAOVRKTNQ-UHFFFAOYSA-N,1,EMA;FDA,1997-03-14,1,2,PDE2A;PDE3A,PDE3A,
210,anastrozole,CC(C)(C#N)c1cc(Cn2cncn2)cc(C(C)(C)C#N)c1,YBBLVLTVTVSKRW-UHFFFAOYSA-N,1,FDA,1995-12-27,1,1,CYP19A1,CYP19A1,
211,anazolene,O=S(=O)(O)c1cc(O)c2c(/N=N/c3ccc(Nc4ccccc4)c4c(S(=O)(=O)O)cccc34)cc(S(=O)(=O)O)cc2c1,QFVHZQCOUORWEI-ZQHSETAFSA-N,0,,,0,0,,,
212,ancitabine,N=c1ccn2c(n1)O[C@H]1[C@H](O)[C@@H](CO)O[C@H]12,BBDAGFIXKZCXAH-CCXZUQQUSA-N,0,,,0,0,,,
213,androisoxazole,C[C@]12Cc3conc3C[C@@H]1CC[C@@H]1[C@@H]2CC[C@@]2(C)[C@H]1CC[C@]2(C)O,NSYTUNFHWYMMHU-IYRCEVNGSA-N,1,YEAR INTRODUCED,1961-01-01,0,1,AR,,
214,androstenediol,C[C@]12CC[C@H]3[C@@H](CC=C4C[C@@H](O)CC[C@@]43C)[C@@H]1CC[C@@H]2O,QADHLRWLCPCEKT-LOVVWNRFSA-N,0,,,0,5,AR;ESR1;ESR2;SERPINA6;SHBG,,
215,androstenedione,C[C@]12CCC(=O)C=C1CC[C@@H]1[C@@H]2CC[C@]2(C)C(=O)CC[C@@H]12,AEMFNILZOJDQLW-QAGGRKNESA-N,0,,,0,4,CYP19A1;HSD17B3;SERPINA6;SHBG,,
217,anecortave,CC(=O)OCC(=O)[C@@]1(O)CC[C@H]2[C@@H]3CCC4=CC(=O)CC[C@]4(C)C3=CC[C@@]21C,YUWPMEXLKGOSBF-GACAOOTBSA-N,1,YEAR INTRODUCED,2006-01-01,0,1,SERPINE1,,
218,anethole trithione,COc1ccc(-c2cc(=S)ss2)cc1,KYLIZBIRMBGUOP-UHFFFAOYSA-N,0,,,0,0,,,
219,anhydrovinblastine,CCC1=C[C@@H]2C[N@@](CCc3c([nH]c4ccccc34)[C@@](C(=O)OC)(c3cc4c(cc3OC)N(C)[C@H]3[C@@](O)(C(=O)OC)[C@H](OC(C)=O)[C@]5(CC)C=CCN6CC[C@]43[C@@H]65)C2)C1,FFRFGVHNKJYNOV-ZCIMLLHDSA-N,1,YEAR INTRODUCED,1965-01-01,0,5,ABCB1;ABCC1;ABCC10;ABCC2;TUBB4B,,
220,anileridine,CCOC(=O)C1(c2ccccc2)CCN(CCc2ccc(N)cc2)CC1,LKYQLAWMNBFNJT-UHFFFAOYSA-N,1,FDA,,1,1,OPRM1,OPRM1,
221,aniracetam,COc1ccc(C(=O)N2CCCC2=O)cc1,ZXNRTKGTQJPIJK-UHFFFAOYSA-N,0,,,0,0,,,
222,anisindione,COc1ccc(C2C(=O)c3ccccc3C2=O)cc1,XRCFXMGQEVUZFC-UHFFFAOYSA-N,1,FDA,1957-04-05,1,1,GGCX,GGCX,
223,octatropine methylbromide,CCCC(CCC)C(=O)O[C@H]1C[C@H]2CC[C@@H](C1)[N+]2(C)C,XGGHHHBGPSNXFE-ZSHCYNCHSA-N,1,FDA,1962-11-23,1,2,CHRM1;CHRM3,CHRM1;CHRM3,charged_parent
224,antazoline,c1ccc(CN(CC2=NCCN2)c2ccccc2)cc1,REYFJDPCWQRWAA-UHFFFAOYSA-N,1,FDA,1990-04-30,1,1,HRH1,HRH1,
225,phenbenzamine,CN(C)CCN(Cc1ccccc1)c1ccccc1,CHOBRHHOYQKCOU-UHFFFAOYSA-N,0,,,0,0,,,
226,dithranol,O=C1c2c(O)cccc2Cc2cccc(O)c21,NUZWLKWWNNJHPT-UHFFFAOYSA-N,1,FDA,,0,3,ALOX12B;HPN;SIRT5,,
227,apalcillin,CC1(C)S[C@@H]2[C@H](NC(=O)[C@H](NC(=O)c3cnc4cccnc4c3O)c3ccccc3)C(=O)N2[C@H]1C(=O)O,XMQVYNAURODYCQ-SLFBBCNNSA-N,0,,,0,0,,,
228,apomorphine,CN1CCc2cccc3c2[C@H]1Cc1ccc(O)c(O)c1-3,VMWNQDUVQKEIOC-CYBMUJFWSA-N,1,FDA,2004-04-20,1,21,ADRA1A;ADRA1B;ADRA1D;ADRA2A;ADRA2B;ADRA2C;DRD1;DRD2;DRD3;DRD4;DRD5;HTR1A;HTR1B;HTR1D;HTR2A;HTR2B;HTR2C;MDM2;MPI;SLC22A1;TRPA1,DRD2,
229,apraclonidine,Nc1cc(Cl)c(NC2=NCCN2)c(Cl)c1,IEJXVRYNEISIKR-UHFFFAOYSA-N,1,FDA,1987-12-31,1,6,ADRA1A;ADRA1B;ADRA1D;ADRA2A;ADRA2B;ADRA2C,ADRA2A;ADRA2B;ADRA2C,
230,aprepitant,C[C@@H](O[C@H]1OCCN(Cc2n[nH]c(=O)[nH]2)[C@H]1c1ccc(F)cc1)c1cc(C(F)(F)F)cc(C(F)(F)F)c1,ATALOFNDEOCMKK-OITMNORJSA-N,1,FDA,2003-03-27,1,3,CYP3A4;TACR1;TACR3,TACR1,
231,aprindine,CCN(CC)CCCN(c1ccccc1)C1Cc2ccccc2C1,NZLBHDRPUJLHCE-UHFFFAOYSA-N,1,YEAR INTRODUCED,1996-01-01,0,9,CALM1;CALM2;CALM3;CYP2D6;HCN4;KCNH2;PSMA1;SCN5A;SLC8A1,CALM1;CALM2;CALM3,
232,aprobarbital,C=CCC1(C(C)C)C(=O)NC(=O)NC1=O,UORJNBVJVRLXMQ-UHFFFAOYSA-N,0,,,1,0,,,
234,aranidipine,COC(=O)C1=C(C)NC(C)=C(C(=O)OCC(C)=O)C1c1ccccc1[N+](=O)[O-],NCUCGYYHUFIYNU-UHFFFAOYSA-N,0,,,0,2,CACNA1C;CACNA1D,CACNA1C;CACNA1D,
235,arbekacin,NCC[C@H](O)C(=O)N[C@@H]1C[C@H](N)[C@@H](O[C@H]2O[C@H](CN)CC[C@H]2N)[C@H](O)[C@H]1O[C@H]1O[C@H](CO)[C@@H](O)[C@H](N)[C@H]1O,MKKYBZZTJQGVCD-XTCKQBCOSA-N,0,,,0,0,,,
237,arbutamine,Oc1ccc(CCCCNC[C@H](O)c2ccc(O)c(O)c2)cc1,IIRWWTKISYTTBL-SFHVURJKSA-N,1,FDA,1997-09-12,1,1,ADRB1,ADRB1,
239,argatroban,CC1CNc2c(cccc2S(=O)(=O)N[C@@H](CCCNC(=N)N)C(=O)N2CC[C@@H](C)C[C@@H]2C(=O)O)C1,KXNPVXPOPUZYGB-IOVMHBDKSA-N,1,FDA,2000-06-30,1,3,F10;F2;PLAT,F2,
242,aripiprazole,O=C1CCc2ccc(OCCCCN3CCN(c4cccc(Cl)c4Cl)CC3)cc2N1,CEUORZQYGODEFX-UHFFFAOYSA-N,1,EMA;FDA,2002-11-15,1,35,ABCB1;ADRA1A;ADRA1B;ADRA2A;ADRA2B;ADRA2C;ADRB1;ADRB2;CHRM1;CHRM2;CHRM3;CHRM4;CHRM5;DRD1;DRD2;DRD3;DRD4;DRD5;H1F0;HRH1;HTR1A;HTR1B;HTR1D;HTR1E;HTR2A;HTR2B;HTR2C;HTR3A;HTR5A;HTR6;HTR7;KCNH2;SLC6A2;SLC6A3;SLC6A4,DRD2;HTR1A;HTR2A,
243,arotinolol,CC(C)(C)NCC(O)CSc1nc(-c2ccc(C(N)=O)s2)cs1,BHIAIPWSVYSKJS-UHFFFAOYSA-N,0,,,0,0,,,
244,arsenic trioxide,O=[As]O[As]=O,IKWTVSLWAPBBKU-UHFFFAOYSA-N,1,EMA;FDA,2000-09-25,0,2,KCNH2;TXNRD1,TXNRD1,inorganic
245,artemether,CO[C@H]1O[C@@H]2O[C@@]3(C)CC[C@H]4[C@H](C)CC[C@@H]([C@H]1C)[C@@]24OO3,SXYIRMFQILZOAM-HVNFFKDJSA-N,1,FDA,2009-04-07,1,0,,,
246,artemotil,CCO[C@H]1O[C@@H]2O[C@@]3(C)CC[C@H]4[C@H](C)CC[C@@H]([C@H]1C)[C@@]24OO3,NLYNIRQVMRLPIQ-XQLAAWPRSA-N,0,,,0,0,,,
247,artesunate,C[C@H]1[C@H](OC(=O)CCC(=O)O)O[C@@H]2O[C@@]3(C)CC[C@H]4[C@H](C)CC[C@@H]1[C@@]24OO3,FIHJKUPKCHIPAT-AHIGJZGOSA-N,1,FDA,2020-05-26,1,0,,,
248,aspoxicillin,CNC(=O)C[C@@H](N)C(=O)N[C@@H](C(=O)N[C@@H]1C(=O)N2[C@@H]1SC(C)(C)[C@@H]2C(=O)O)c1ccc(O)cc1,BHELIUBJHYAEDK-OAIUPTLZSA-N,0,,,0,0,,,
249,astemizole,COc1ccc(CCN2CCC(Nc3nc4ccccc4n3Cc3ccc(F)cc3)CC2)cc1,GXDALQBWZGODGZ-UHFFFAOYSA-N,1,FDA,1988-12-31,1,56,ABCB1;ABCG2;ADORA3;ADRA1D;ADRA2A;ADRA2B;ADRA2C;ADRB1;ADRB3;CALM1;CALM2;CALM3;CHRM1;CHRM2;CHRM3;CHRM4;CHRM5;CYP3A4;DRD1;DRD2;DRD3;DRD4;EED;EGFR;ERBB2;FYN;GLRA1;HLA-A;HRH1;HRH2;HRH4;HTR1A;HTR2A;HTR2B;HTR2C;HTR3A;HTR6;KCNH1;KCNH2;LCK;MC3R;MC4R;MC5R;OPRD1;OPRK1;OPRM1;SIGMAR1;SLC28A1;SLC47A1;SLC6A2;SLC6A3;SLC6A4;SSTR5;TACR1;TACR2;TMEM97,HRH1,
250,astromicin,CO[C@H]1[C@@H](O)[C@H](N)[C@@H](O[C@H]2O[C@H]([C@H](C)N)CC[C@H]2N)[C@H](O)[C@@H]1N(C)C(=O)CN,BIDUPMYXGFNAEJ-APGVDKLISA-N,0,,,0,0,,,
252,asulacrine,CNC(=O)c1cccc2c(Nc3ccc(NS(C)(=O)=O)cc3OC)c3cccc(C)c3nc12,TWHSQQYCDVSBRK-UHFFFAOYSA-N,0,,,0,1,TOP2A,,
253,tipepidine,CN1CCCC(=C(c2cccs2)c2cccs2)C1,JWIXXNLOKOAAQT-UHFFFAOYSA-N,0,,,0,0,,,
254,atazanavir,COC(=O)N[C@H](C(=O)N[C@@H](Cc1ccccc1)[C@@H](O)CN(Cc1ccc(-c2ccccn2)cc1)NC(=O)[C@@H](NC(=O)OC)C(C)(C)C)C(C)(C)C,AXRYRYVKAWYZBR-GASGPIRDSA-N,1,EMA;FDA,2003-06-20,1,5,ABCB1;CYP1A2;CYP2C9;CYP3A4;UGT1A1,,
255,atenolol,CC(C)NCC(O)COc1ccc(CC(N)=O)cc1,METKIMKYRPQLGS-UHFFFAOYSA-N,1,FDA,1981-08-19,1,3,ADORA3;ADRB1;ADRB2,ADRB1,
256,atomoxetine,CNCC[C@@H](Oc1ccccc1C)c1ccccc1,VHGCDTVCOLNTBX-QGZVFWFLSA-N,1,FDA,2002-11-26,1,9,CYP2D6;KCNH2;KCNJ3;KCNJ5;KCNJ6;KLF10;SLC6A2;SLC6A3;SLC6A4,SLC6A2,
257,atorvastatin,CC(C)c1c(C(=O)Nc2ccccc2)c(-c2ccccc2)c(-c2ccc(F)cc2)n1CC[C@@H](O)C[C@@H](O)CC(=O)O,XUKUURHRXDUEBC-KAYWLYCHSA-N,1,FDA,1996-12-17,1,6,CYP3A4;HDAC1;HDAC2;HDAC6;HMGCR;NR1I3,HMGCR,
258,atovaquone,O=C1C(O)=C([C@H]2CC[C@H](c3ccc(Cl)cc3)CC2)C(=O)c2ccccc21,KUCQYCKVKVOKAY-CTYIDZIISA-N,1,FDA,1992-11-25,1,1,DHODH,,
259,atracurium,COc1ccc(CC2c3cc(OC)c(OC)cc3CC[N+]2(C)CCC(=O)OCCCCCOC(=O)CC[N+]2(C)CCc3cc(OC)c(OC)cc3C2Cc2ccc(OC)c(OC)c2)cc1OC,YXSLJKQTIDHPOT-UHFFFAOYSA-N,1,FDA,1983-11-23,1,7,CHRNA1;CHRNA2;CHRNA3;CHRNA4;CHRNA7;CHRNB1;CHRND,CHRNA1;CHRNB1;CHRND,charged_parent
260,atropine,CN1[C@@H]2CC[C@H]1C[C@@H](OC(=O)C(CO)c1ccccc1)C2,RKUNBYITZUJHSG-SPUOUPEWSA-N,1,FDA,1960-09-15,1,11,ADRA1D;ADRA2A;CHRM1;CHRM2;CHRM3;CHRM4;CHRM5;HRH1;HTR2A;HTR2C;SLC22A1,CHRM1;CHRM2;CHRM3,
261,atropine oxyde,C[N+]1([O-])[C@@H]2CC[C@H]1C[C@@H](OC(=O)C(CO)c1ccccc1)C2,HGWPFSBHDACWNL-LZYIFBDPSA-N,0,,,0,0,,,
264,azanidazole,Cn1c([N+](=O)[O-])cnc1/C=C/c1ccnc(N)n1,LHIALLMPKJMSIQ-NSCUHMNNSA-N,0,,,0,0,,,
265,azapetine,C=CCN1Cc2ccccc2-c2ccccc2C1,NYGHGTMKALXFIA-UHFFFAOYSA-N,0,,,0,0,,,
266,azapropazone,CCCC1C(=O)N2C(N(C)C)=Nc3ccc(C)cc3N2C1=O,MPHPHYZQRGLTBO-UHFFFAOYSA-N,1,YEAR INTRODUCED,1972-01-01,0,2,PTGS1;XDH,,
267,azasetron,CN1C(=O)COc2c(C(=O)NC3CN4CCC3CC4)cc(Cl)cc21,WUKZPHOXUVCQOR-UHFFFAOYSA-N,0,,,0,1,HTR3A,HTR3A,
268,azatadine,CN1CCC(=C2c3ccccc3CCc3cccnc32)CC1,SEBMTIQKRHYNIT-UHFFFAOYSA-N,1,FDA,1977-03-29,1,1,HRH1,HRH1,
269,azathioprine,Cn1cnc([N+](=O)[O-])c1Sc1ncnc2nc[nH]c12,LMEKQMALGUDUQG-UHFFFAOYSA-N,1,FDA,1968-03-20,1,5,ABCC4;ABCC5;ABCG2;RAC1;TPMT,,
270,azelaic acid,O=C(O)CCCCCCCC(=O)O,BDJRBEYXGGNYIS-UHFFFAOYSA-N,1,FDA,1995-09-13,1,1,SRD5A2,,
271,azelastine,CN1CCCC(n2nc(Cc3ccc(Cl)cc3)c3ccccc3c2=O)CC1,MBUVEWMHONZEQD-UHFFFAOYSA-N,1,FDA,1996-11-01,1,9,ABCB1;ADRA1A;ADRA1B;CHRM1;HRH1;HRH3;HTR2B;HTR2C;KCNH2,HRH1,
272,azelnidipine,CC1=C(C(=O)OC(C)C)C(c2cccc([N+](=O)[O-])c2)C(C(=O)OC2CN(C(c3ccccc3)c3ccccc3)C2)=C(N)N1,ZKFQEACEUNWPMT-UHFFFAOYSA-N,0,,,0,2,CACNA1C;CACNA1D,CACNA1C;CACNA1D,
273,azidocillin,CC1(C)S[C@@H]2[C@H](NC(=O)[C@H](N=[N+]=[N-])c3ccccc3)C(=O)N2[C@H]1C(=O)O,ODFHGIPNGIAMDK-NJBDSQKTSA-N,0,,,0,0,,,
274,azimilide,CN1CCN(CCCCN2C(=O)CN(N=Cc3ccc(-c4ccc(Cl)cc4)o3)C2=O)CC1,MREBEPTUUMTTIA-UHFFFAOYSA-N,0,,,0,1,KCNH2,,
275,azintamide,CCN(CC)C(=O)CSc1ccc(Cl)nn1,SSLKKMZJCJBOML-UHFFFAOYSA-N,0,,,0,0,,,
276,azithromycin,CC[C@H]1OC(=O)[C@H](C)[C@@H](O[C@H]2C[C@@](C)(OC)[C@@H](O)[C@H](C)O2)[C@H](C)[C@@H](O[C@@H]2O[C@H](C)C[C@H](N(C)C)[C@H]2O)[C@](C)(O)C[C@@H](C)CN(C)[C@H](C)[C@@H](O)[C@]1(C)O,MQTOSJVFKKJCRP-BICOPXKESA-N,1,FDA,1991-11-01,1,4,ABCB1;ABCC2;KCNH2;MLNR,,
277,azlocillin,CC1(C)S[C@@H]2[C@H](NC(=O)[C@H](NC(=O)N3CCNC3=O)c3ccccc3)C(=O)N2[C@H]1C(=O)O,JTWOMNBEOCYFNV-NFFDBFGFSA-N,1,FDA,1982-09-03,1,0,,,
278,azosemide,NS(=O)(=O)c1cc(-c2nnn[nH]2)c(NCc2cccs2)cc1Cl,HMEDEBAJARCKCT-UHFFFAOYSA-N,0,,,0,0,,,
279,aztreonam,C[C@H]1[C@H](NC(=O)/C(=N\OC(C)(C)C(=O)O)c2csc(N)n2)C(=O)N1S(=O)(=O)O,WZPBZJONDBGPKJ-VEHQQRBSSA-N,1,FDA,1986-12-31,1,0,,,
280,bacampicillin,CCOC(=O)OC(C)OC(=O)[C@@H]1N2C(=O)[C@@H](NC(=O)[C@H](N)c3ccccc3)[C@H]2SC1(C)C,PFOLLRNADZZWEX-FFGRCDKISA-N,1,FDA,1980-12-22,1,0,,,
282,baclofen,NCC(CC(=O)O)c1ccc(Cl)cc1,KPYSYYIEGFHWSV-UHFFFAOYSA-N,1,FDA,1977-11-22,1,3,ADORA3;GABBR1;GABBR2,GABBR1;GABBR2,
283,balofloxacin,CNC1CCCN(c2c(F)cc3c(=O)c(C(=O)O)cn(C4CC4)c3c2OC)C1,MGQLHRYJBWGORO-UHFFFAOYSA-N,1,Korean Food and Drug Administration (KFDA),2001-12-31,0,0,,,
284,balsalazide,O=C(O)CCNC(=O)c1ccc(/N=N/c2ccc(O)c(C(=O)O)c2)cc1,IPOKCKJONYRRHP-FMQUCBEESA-N,1,FDA,2000-07-18,1,4,ALOX5;PPARG;PTGS1;PTGS2,ALOX5;PPARG;PTGS1;PTGS2,
285,bambuterol,CN(C)C(=O)Oc1cc(OC(=O)N(C)C)cc(C(O)CNC(C)(C)C)c1,ANZXOIAKUNOVQU-UHFFFAOYSA-N,1,YEAR INTRODUCED,1990-01-01,0,4,ACHE;ADRB2;BCHE;CYP2D6,,
286,bamethan,CCCCNCC(O)c1ccc(O)cc1,RDUHXGIIUDVSHR-UHFFFAOYSA-N,0,,,0,0,,,
287,bamifylline,CCN(CCO)CCn1c(Cc2ccccc2)nc2c1c(=O)n(C)c(=O)n2C,VVUYEFBRTFASAH-UHFFFAOYSA-N,0,,,0,0,,,
288,bamipine,CN1CCC(N(Cc2ccccc2)c2ccccc2)CC1,VZSXTYKGYWISGQ-UHFFFAOYSA-N,0,,,0,1,HRH1,HRH1,
289,barbital,CCC1(CC)C(=O)NC(=O)NC1=O,FTOAOBMCPZCFFF-UHFFFAOYSA-N,0,,,1,0,,,
290,barnidipine,COC(=O)C1=C(C)NC(C)=C(C(=O)O[C@H]2CCN(Cc3ccccc3)C2)[C@H]1c1cccc([N+](=O)[O-])c1,VXMOONUMYLCFJD-DHLKQENFSA-N,0,,,0,2,CACNA1C;CACNA1D,CACNA1C;CACNA1D,
291,beclamide,O=C(CCCl)NCc1ccccc1,JPYQFYIEOUVJDU-UHFFFAOYSA-N,0,,,0,0,,,
292,beclobrate,CCOC(=O)C(C)(CC)Oc1ccc(Cc2ccc(Cl)cc2)cc1,YWQGBCXVCXMSLJ-UHFFFAOYSA-N,0,,,1,0,,,
294,beclometasone dipropionate,CCC(=O)OCC(=O)[C@@]1(OC(=O)CC)[C@@H](C)C[C@H]2[C@@H]3CCC4=CC(=O)C=C[C@]4(C)[C@@]3(Cl)[C@@H](O)C[C@@]21C,KUVIULQEHSCUHY-XYWKZLDCSA-N,1,FDA,1976-05-12,1,6,ADGRG3;IL5;MMP9;NR3C1;NR3C2;PGR,NR3C1,
295,befunolol,CC(=O)c1cc2cccc(OCC(O)CNC(C)C)c2o1,ZPQPDBIHYCBNIG-UHFFFAOYSA-N,0,,,0,0,,,
296,belotecan,CC[C@@]1(O)C(=O)OCc2c1cc1n(c2=O)Cc2c-1nc1ccccc1c2CCNC(C)C,LNHWXBUNXOXMRL-VWLOTQADSA-N,1,Korean Food and Drug Administration (KFDA),2003-12-10,0,1,TOP1,TOP1,
297,bemetizide,CC(c1ccccc1)C1Nc2cc(Cl)c(S(N)(=O)=O)cc2S(=O)(=O)N1,PYVUMAGVCSQCBD-UHFFFAOYSA-N,0,,,0,0,,,
298,benactyzine,CCN(CC)CCOC(=O)C(O)(c1ccccc1)c1ccccc1,IVQOFBKHQCTVQV-UHFFFAOYSA-N,0,,,0,0,,,
299,benazepril,CCOC(=O)[C@H](CCc1ccccc1)N[C@H]1CCc2ccccc2N(CC(=O)O)C1=O,XPCFTKFZXHTYIP-PMACEKPBSA-N,1,FDA,1991-06-25,1,1,ACE,ACE,
301,bencyclane,CN(C)CCCOC1(Cc2ccccc2)CCCCCC1,FYJJXENSONZJRG-UHFFFAOYSA-N,0,,,0,0,,,
302,bendamustine,Cn1c(CCCC(=O)O)nc2cc(N(CCCl)CCCl)ccc21,YTKUWDBFDASYHO-UHFFFAOYSA-N,1,FDA,2008-03-20,1,6,HDAC1;HDAC10;HDAC2;HDAC3;HDAC6;HDAC8,,
303,bendazac,O=C(O)COc1nn(Cc2ccccc2)c2ccccc12,BYFMCKSPFYVMOU-UHFFFAOYSA-N,0,,,1,0,,,
304,bendazol,c1ccc(Cc2nc3ccccc3[nH]2)cc1,YTLQFZVCLXFFRK-UHFFFAOYSA-N,0,,,0,0,,,
305,bendroflumethiazide,NS(=O)(=O)c1cc2c(cc1C(F)(F)F)NC(Cc1ccccc1)NS2(=O)=O,HDWIHXWEUNVBIY-UHFFFAOYSA-N,1,FDA,1959-12-07,1,5,CA1;CA2;CA4;KCNMA1;SLC12A3,SLC12A3,
307,benfluorex,CC(Cc1cccc(C(F)(F)F)c1)NCCOC(=O)c1ccccc1,CJAVTWRYCDNHSM-UHFFFAOYSA-N,0,,,1,0,,,
308,benfotiamine,C/C(=C(\CCOP(=O)(O)O)SC(=O)c1ccccc1)N(C=O)Cc1cnc(C)nc1N,BTNNPSLJPBRMLZ-LGMDPLHJSA-N,0,,,0,0,,,
310,benorilate,CC(=O)Nc1ccc(OC(=O)c2ccccc2OC(C)=O)cc1,FEJKLNWAOXSSNR-UHFFFAOYSA-N,0,,,1,0,,,
311,benoxaprofen,CC(C(=O)O)c1ccc2oc(-c3ccc(Cl)cc3)nc2c1,MITFXPHMIHQXPI-UHFFFAOYSA-N,1,FDA,1982-04-19,1,1,ALOX5,ALOX5,
312,benperidol,O=C(CCCN1CCC(n2c(=O)[nH]c3ccccc32)CC1)c1ccc(F)cc1,FEBOTPHFXYHVPL-UHFFFAOYSA-N,1,YEAR INTRODUCED,1965-01-01,1,6,DRD2;DRD3;DRD4;HTR2A;KCNH2;SIGMAR1,,
313,diphenidol,OC(CCCN1CCCCC1)(c1ccccc1)c1ccccc1,OGAKLTJNUQRZJU-UHFFFAOYSA-N,1,FDA,1967-04-05,1,13,CHRM1;CHRM2;CHRM3;CHRM4;CHRM5;CYP2D6;DRD2;DRD3;HTR2A;SCN1A;SCN2A;SCN3A;SIGMAR1,CHRM1,
314,benserazide,NC(CO)C(=O)NNCc1ccc(O)c(O)c1O,BNQDCRGUHNALGH-UHFFFAOYSA-N,1,YEAR INTRODUCED,1990-01-01,0,5,DDC;ESR2;HK2;SAE1;UBA2,,
315,bentazepam,O=C1CN=C(c2ccccc2)c2c(sc3c2CCCC3)N1,AIZFEOPQVZBNGH-UHFFFAOYSA-N,0,,,0,0,,,
316,bentiromide,O=C(O)c1ccc(NC(=O)[C@H](Cc2ccc(O)cc2)NC(=O)c2ccccc2)cc1,SPPTWHFVYKCNNK-FQEVSTJZSA-N,1,FDA,1983-12-29,1,0,,,
317,benzarone,CCc1oc2ccccc2c1C(=O)c1ccc(O)cc1,RFRXIWQYSOIBDI-UHFFFAOYSA-N,0,,,1,2,EYA3;SLC22A12,,
318,benzbromarone,CCc1oc2ccccc2c1C(=O)c1cc(Br)c(O)c(Br)c1,WHQCHUCQKNIQEC-UHFFFAOYSA-N,0,,,1,12,ABCC1;ADORA3;AKR1C1;CYP2C9;EYA2;EYA3;HTR2B;MAPK1;MAPK14;PDE4A;PTPN1;SLC22A12,SLC22A12,
319,benzestrol,CCC(c1ccc(O)cc1)C(CC)C(C)c1ccc(O)cc1,DUTFBSAKKUNBAL-UHFFFAOYSA-N,0,,,0,0,,,
320,benzilonium,CC[N+]1(CC)CCC(OC(=O)C(O)(c2ccccc2)c2ccccc2)C1,ZKCWITXZGWUJAV-UHFFFAOYSA-N,0,,,0,0,,,charged_parent
321,benziodarone,CCc1oc2ccccc2c1C(=O)c1cc(I)c(O)c(I)c1,CZCHIEJNWPNBDE-UHFFFAOYSA-N,0,,,1,2,BIRC5;EYA3,,
322,benznidazole,O=C(Cn1ccnc1[N+](=O)[O-])NCc1ccccc1,CULUWZNBISUWAS-UHFFFAOYSA-N,1,FDA,2017-08-29,1,0,,,
323,benzocaine,CCOC(=O)c1ccc(N)cc1,BLFLLBZGZJTVJG-UHFFFAOYSA-N,1,FDA,,0,10,SCN10A;SCN11A;SCN1A;SCN2A;SCN3A;SCN4A;SCN5A;SCN7A;SCN8A;SCN9A,SCN10A;SCN11A;SCN1A;SCN2A;SCN3A;SCN4A;SCN5A;SCN7A;SCN8A;SCN9A,
324,benzoctamine,CNCC12CCC(c3ccccc31)c1ccccc12,GNRXCIONJWKSEA-UHFFFAOYSA-N,0,,,0,0,,,
325,benzomethamine,CC[N+](C)(CC)CCN(C)C(=O)C(O)(c1ccccc1)c1ccccc1,XCEPXSCPQIRLCL-UHFFFAOYSA-N,0,,,0,0,,,charged_parent
327,benzamidosalicylate,O=C(Nc1ccc(C(=O)O)c(O)c1)c1ccccc1,GNZCRYWFWKFIDM-UHFFFAOYSA-N,0,,,0,0,,,
328,benzoyl peroxide,O=C(OOC(=O)c1ccccc1)c1ccccc1,OMPJBNCRMGITSC-UHFFFAOYSA-N,1,FDA,1984-10-26,1,0,,,
329,benzphetamine,C[C@@H](Cc1ccccc1)N(C)Cc1ccccc1,YXKTVDFXDRQTKV-HNNXBMFYSA-N,1,FDA,1960-10-26,1,4,ADRA1A;ADRA2A;SLC18A2;SLC6A2,SLC18A2;SLC6A2,
330,benzquercin,O=c1c(OCc2ccccc2)c(-c2ccc(OCc3ccccc3)c(OCc3ccccc3)c2)oc2cc(OCc3ccccc3)cc(OCc3ccccc3)c12,CSQNIJRRXIHHAY-UHFFFAOYSA-N,0,,,0,0,,,
331,benzquinamide,CCN(CC)C(=O)C1CN2CCc3cc(OC)c(OC)cc3C2CC1OC(C)=O,JSZILQVIPPROJI-UHFFFAOYSA-N,1,FDA,1974-03-12,1,7,ADRA2A;ADRA2B;ADRA2C;DRD2;DRD3;DRD4;PTGS2,DRD2,
332,benzthiazide,NS(=O)(=O)c1cc2c(cc1Cl)N=C(CSCc1ccccc1)NS2(=O)=O,NDTSRXAMMQDVSW-UHFFFAOYSA-N,1,FDA,1960-10-14,1,5,CA1;CA2;CA4;KCNMA1;SLC12A3,SLC12A3,
333,benzatropine,CN1[C@@H]2CC[C@H]1C[C@@H](OC(c1ccccc1)c1ccccc1)C2,GIJXKZJWITVLHI-PMOLBWCYSA-N,1,FDA,1954-03-05,1,21,ADRA1D;ADRA2A;ADRA2B;ADRA2C;CHRM1;CHRM2;CHRM3;CHRM4;CHRM5;DRD3;HRH1;HRH2;HTR2A;HTR2B;HTR2C;HTR6;SIGMAR1;SLC6A19;SLC6A2;SLC6A3;SLC6A4,CHRM1,
334,benzyl alcohol,OCc1ccccc1,WVDDGKGOMKODPV-UHFFFAOYSA-N,1,FDA,2009-04-09,1,0,,,
335,benzyl benzoate,O=C(OCc1ccccc1)c1ccccc1,SESFRYSPDFLNCH-UHFFFAOYSA-N,1,FDA,1976-09-02,1,0,,,
336,benzylhydrochlorothiazide,NS(=O)(=O)c1cc2c(cc1Cl)NC(Cc1ccccc1)NS2(=O)=O,BWSSMIJUDVUASQ-UHFFFAOYSA-N,0,,,0,0,,,
339,benzylthiouracil,O=c1cc(Cc2ccccc2)[nH]c(=S)[nH]1,PNXBXCRWXNESOV-UHFFFAOYSA-N,0,,,0,0,,,
340,bephenium,C[N+](C)(CCOc1ccccc1)Cc1ccccc1,AVWWVJUMXRXPNF-UHFFFAOYSA-N,0,,,0,0,,,charged_parent
341,bepotastine,O=C(O)CCCN1CCC(O[C@@H](c2ccc(Cl)cc2)c2ccccn2)CC1,YWGDOWXRIALTES-NRFANRHFSA-N,1,FDA,2009-09-08,1,1,HRH1,HRH1,
342,bepridil,CC(C)COCC(CN(Cc1ccccc1)c1ccccc1)N1CCCC1,UIEATEWHFDRYRU-UHFFFAOYSA-N,1,FDA,1990-12-28,1,11,CACNA1A;CACNA1C;CACNA1D;CACNA1H;HCN4;KCNH2;KCNQ4;SCN1A;SCN2A;SCN3A;SCN5A,CACNA1C;CACNA1D;CACNA1H,
343,beraprost,CC#CCC(C)[C@H](O)/C=C/[C@@H]1[C@H]2c3cccc(CCCC(=O)O)c3O[C@H]2C[C@H]1O,CTPOHARTNNSRSR-APJZLKAGSA-N,1,YEAR INTRODUCED,1992-01-01,0,3,PTGER3;PTGER4;PTGIR,PTGIR,
345,betacarotene,CC1=C(/C=C/C(C)=C/C=C/C(C)=C/C=C/C=C(C)/C=C/C=C(C)/C=C/C2=C(C)CCCC2(C)C)C(C)(C)CCC1,OENHQHLEOONYIE-JLTXGRSLSA-N,1,FDA,,1,0,,,
346,betahistine,CNCCc1ccccn1,UUQMNUMQCIQDMZ-UHFFFAOYSA-N,0,,,1,1,HRH3,HRH3,
347,betaine,C[N+](C)(C)CC(=O)[O-],KWIUHFFTVRNATP-UHFFFAOYSA-N,1,FDA,1996-10-25,1,0,,,
348,betamethasone,C[C@H]1C[C@H]2[C@@H]3CCC4=CC(=O)C=C[C@]4(C)[C@@]3(F)[C@@H](O)C[C@]2(C)[C@@]1(O)C(=O)CO,UREBDLICKHMUKA-DVTGEIKXSA-N,1,FDA,1961-04-17,1,2,ANXA1;NR3C1,NR3C1,
349,betamethasone acetate,CC(=O)OCC(=O)[C@@]1(O)[C@@H](C)C[C@H]2[C@@H]3CCC4=CC(=O)C=C[C@]4(C)[C@@]3(F)[C@@H](O)C[C@@]21C,AKUJBENLRBOFTD-QZIXMDIESA-N,1,FDA,1965-03-03,1,1,NR3C1,NR3C1,
350,betamethasone acibutate,CC(=O)OCC(=O)[C@@]1(OC(=O)C(C)C)[C@@H](C)C[C@H]2[C@@H]3CCC4=CC(=O)C=C[C@]4(C)[C@@]3(F)[C@@H](O)C[C@@]21C,KGNVBESWWSSQAN-QEVRMTOFSA-N,0,,,0,0,,,
351,betamethasone benzoate,C[C@H]1C[C@H]2[C@@H]3CCC4=CC(=O)C=C[C@]4(C)[C@@]3(F)[C@@H](O)C[C@]2(C)[C@@]1(OC(=O)c1ccccc1)C(=O)CO,SOQJPQZCPBDOMF-YCUXZELOSA-N,1,FDA,,1,1,NR3C1,NR3C1,
352,betamethasone butyrate propionate,CCCC(=O)O[C@]1(C(=O)COC(=O)CC)[C@@H](C)C[C@H]2[C@@H]3CCC4=CC(=O)C=C[C@]4(C)[C@@]3(F)[C@@H](O)C[C@@]21C,VXOWJCTXWVWLLC-REGDIAEZSA-N,0,,,0,0,,,
353,betamethasone dipropionate,CCC(=O)OCC(=O)[C@@]1(OC(=O)CC)[C@@H](C)C[C@H]2[C@@H]3CCC4=CC(=O)C=C[C@]4(C)[C@@]3(F)[C@@H](O)C[C@@]21C,CIWBQSYVNNPZIQ-XYWKZLDCSA-N,1,FDA,1975-01-29,1,1,NR3C1,NR3C1,
354,betamethasone valerate,CCCCC(=O)O[C@]1(C(=O)CO)[C@@H](C)C[C@H]2[C@@H]3CCC4=CC(=O)C=C[C@]4(C)[C@@]3(F)[C@@H](O)C[C@@]21C,SNHRLVCMMWUAJD-SUYDQAKGSA-N,1,FDA,1967-09-02,1,1,NR3C1,NR3C1,
355,betamipron,O=C(O)CCNC(=O)c1ccccc1,CWXYHOHYCJXYFQ-UHFFFAOYSA-N,1,YEAR INTRODUCED,1993-01-01,0,2,SLC22A6;SLC22A8,,
356,betaxolol,CC(C)NCC(O)COc1ccc(CCOCC2CC2)cc1,NWIUTZDMDHAVTP-UHFFFAOYSA-N,1,FDA,1985-08-30,1,2,ADRB1;ADRB2,ADRB1,
357,betazole,NCCc1cc[nH]n1,JXDFEQONERDKSS-UHFFFAOYSA-N,1,FDA,,1,1,HRH2,HRH2,
358,bethanechol,CC(C[N+](C)(C)C)OC(N)=O,NZUPCNDJBJXXRF-UHFFFAOYSA-O,1,FDA,1948-10-12,1,4,CHRM1;CHRM2;CHRM3;CHRM4,CHRM2;CHRM3,charged_parent
359,betanidine,CNC(=NCc1ccccc1)NC,NIVZHWNOUVJHKV-UHFFFAOYSA-N,1,FDA,,1,1,SLC6A2,SLC6A2,
360,bevantolol,COc1ccc(CCNCC(O)COc2cccc(C)c2)cc1OC,HXLAFSUPPDYFEO-UHFFFAOYSA-N,1,YEAR INTRODUCED,1987-01-01,0,1,ADRB1,ADRB1,
361,bexarotene,C=C(c1ccc(C(=O)O)cc1)c1cc2c(cc1C)C(C)(C)CCC2(C)C,NAVMQTYZDKMPEU-UHFFFAOYSA-N,1,EMA;FDA,1999-12-29,1,11,CYP26A1;CYP26B1;NR1H2;NR1H3;PPARG;RARA;RARB;RARG;RXRA;RXRB;RXRG,RXRA;RXRB;RXRG,
362,bezafibrate,CC(C)(Oc1ccc(CCNC(=O)c2ccc(Cl)cc2)cc1)C(=O)O,IIBYAHWJQTYFKB-UHFFFAOYSA-N,1,YEAR INTRODUCED,1978-01-01,0,6,FABP2;HMGCR;LPL;PPARA;PPARD;PPARG,HMGCR;PPARA,
363,bezitramide,CCC(=O)n1c(=O)n(C2CCN(CCC(C#N)(c3ccccc3)c3ccccc3)CC2)c2ccccc21,FLKWNFFCSSJANB-UHFFFAOYSA-N,0,,,0,0,,,
364,bialamicol,C=CCc1cc(-c2cc(CC=C)c(O)c(CN(CC)CC)c2)cc(CN(CC)CC)c1O,DQNIWUUHJSXGHW-UHFFFAOYSA-N,0,,,0,0,,,
365,biapenem,C[C@@H](O)[C@H]1C(=O)N2C(C(=O)[O-])=C(SC3Cn4cnc[n+]4C3)[C@H](C)[C@H]12,MRMBZHPJVKCOMA-YJFSRANCSA-N,1,YEAR INTRODUCED,2002-01-01,0,0,,,
366,bibenzonium,C[N+](C)(C)CCOC(Cc1ccccc1)c1ccccc1,LBRNZQRZDLLIHL-UHFFFAOYSA-N,0,,,0,0,,,charged_parent
367,bicalutamide,CC(O)(CS(=O)(=O)c1ccc(F)cc1)C(=O)Nc1ccc(C#N)c(C(F)(F)F)c1,LKJPYSCBVHEWIU-UHFFFAOYSA-N,1,FDA,1995-10-04,1,2,AR;CYP2C19,AR,
368,bidisomide,CC(=O)N(CCC(CCN1CCCCC1)(C(N)=O)c1ccccc1Cl)C(C)C,GTEPPJFJSNSNIH-UHFFFAOYSA-N,0,,,0,0,,,
369,bifemelane,CNCCCCOc1ccccc1Cc1ccccc1,QSQQPMHPCBLLGX-UHFFFAOYSA-N,0,,,0,1,L3MBTL1,,
370,bifonazole,c1ccc(-c2ccc(C(c3ccccc3)n3ccnc3)cc2)cc1,OCAPBUJLXMYKEJ-UHFFFAOYSA-N,0,,,1,4,CYP17A1;CYP3A4;CYP51A1;IDO1,,
371,bimatoprost,CCNC(=O)CCC/C=C\C[C@@H]1[C@@H](/C=C/[C@@H](O)CCc2ccccc2)[C@H](O)C[C@@H]1O,AQOKCDNYWBIDND-FTOWTWDKSA-N,1,EMA;FDA,2001-03-16,1,2,AKR1C3;PTGFR,PTGFR,
372,binifibrate,CC(C)(Oc1ccc(Cl)cc1)C(=O)OC(COC(=O)c1cccnc1)COC(=O)c1cccnc1,BFYRHDVAEJIBON-UHFFFAOYSA-N,0,,,0,0,,,
373,biotin,O=C(O)CCCC[C@@H]1SC[C@@H]2NC(=O)N[C@@H]21,YBJHBAHKTGYVGT-ZKWXMUAHSA-N,1,FDA,1953-02-20,1,1,IDE,,
374,biperiden,OC(CCN1CCCCC1)(c1ccccc1)C1CC2C=CC1C2,YSXKPIUOCJLQIE-UHFFFAOYSA-N,1,FDA,1959-09-08,1,6,CHRM1;CHRM2;CHRM3;CHRM4;CHRM5;CHRNA2,CHRM1,
375,bisacodyl,CC(=O)Oc1ccc(C(c2ccc(OC(C)=O)cc2)c2ccccn2)cc1,KHOITXIGCFIULA-UHFFFAOYSA-N,1,FDA,2004-05-10,1,3,CYP2C9;OPRK1;SLC6A3,,
376,bisantrene,C(=N\NC1=NCCN1)/c1c2ccccc2c(/C=N/NC2=NCCN2)c2ccccc12,NJSMWLQOCQIOPE-OCHFTUDZSA-N,0,,,0,1,NQO1,,
377,bisaramil,CCN1C[C@H]2CN(C)C[C@@H](C1)[C@H]2OC(=O)c1ccc(Cl)cc1,PMCPYLGCPSNSLS-FOLVSLTJSA-N,0,,,0,0,,,
378,bisbentiamine,C/C(=C(/CCOC(=O)c1ccccc1)SS/C(CCOC(=O)c1ccccc1)=C(\C)N(C=O)Cc1cnc(C)nc1N)N(C=O)Cc1cnc(C)nc1N,IWXAZSAGYJHXPX-BCEWYCLDSA-N,0,,,0,0,,,
380,bisoprolol,CC(C)NCC(O)COc1ccc(COCCOC(C)C)cc1,VHYCDWMUTMEGQY-UHFFFAOYSA-N,1,FDA,1992-07-31,1,3,ADRB1;ADRB2;ADRB3,ADRB1,
381,bisorcic,CC(=O)NCCC[C@H](NC(C)=O)C(=O)O,XUYANFPPYJSBPU-QMMMGPOBSA-N,0,,,0,0,,,
382,bisoxatin acetate,CC(=O)Oc1ccc(C2(c3ccc(OC(C)=O)cc3)Oc3ccccc3NC2=O)cc1,ZCBJDQBSLZREAA-UHFFFAOYSA-N,0,,,0,0,,,
383,bisulepine,CN(C)CC/C=C1/c2ccccc2CSc2sccc21,ZLJLUTCIUOCIQM-NVNXTCNLSA-N,0,,,0,1,HRH1,HRH1,
384,bitolterol,Cc1ccc(C(=O)Oc2ccc(C(O)CNC(C)(C)C)cc2OC(=O)c2ccc(C)cc2)cc1,FZGVEKPRDOIXJY-UHFFFAOYSA-N,1,FDA,1984-12-28,1,1,ADRB2,ADRB2,
385,bivalirudin,CC[C@H](C)[C@H](NC(=O)[C@H](CCC(=O)O)NC(=O)[C@H](CCC(=O)O)NC(=O)[C@H](Cc1ccccc1)NC(=O)[C@H](CC(=O)O)NC(=O)CNC(=O)[C@H](CC(N)=O)NC(=O)CNC(=O)CNC(=O)CNC(=O)CNC(=O)[C@@H]1CCCN1C(=O)[C@H](CCCNC(=N)N)NC(=O)[C@@H]1CCCN1C(=O)[C@H](N)Cc1ccccc1)C(=O)N1CCC[C@H]1C(=O)N[C@@H](CCC(=O)O)C(=O)N[C@@H](CCC(=O)O)C(=O)N[C@@H](Cc1ccc(O)cc1)C(=O)N[C@@H](CC(C)C)C(=O)O,OIRCOABEOLEUMC-GEJPAHFPSA-N,1,FDA,2000-12-15,0,1,F2,F2,
388,blonanserin,CCN1CCN(c2cc(-c3ccc(F)cc3)c3c(n2)CCCCCC3)CC1,XVGOZDAJGBALKS-UHFFFAOYSA-N,1,PMDA,2008-01-25,1,4,ADRA1A;DRD2;HTR2A;SIGMAR1,DRD2;HTR2A,
389,bopindolol,Cc1cc2c(OCC(CNC(C)(C)C)OC(=O)c3ccccc3)cccc2[nH]1,UUOJIACWOAYWEZ-UHFFFAOYSA-N,1,YEAR INTRODUCED,1985-01-01,0,7,ADRB1;ADRB2;ADRB3;CYP2D6;HTR1A;HTR2A;HTR2B,ADRB1;ADRB2,
390,bornaprine,CCN(CC)CCCOC(=O)C1(c2ccccc2)CC2CCC1C2,BDNMABJZSXTKAQ-UHFFFAOYSA-N,0,,,0,0,,,
391,bortezomib,CC(C)C[C@H](NC(=O)[C@H](Cc1ccccc1)NC(=O)c1cnccn1)B(O)O,GXJABQQUPOEUTA-RDJZCZTQSA-N,1,EMA;FDA;PMDA,2003-05-13,1,31,CA1;CA12;CA13;CA14;CA2;CA3;CA4;CA5A;CA5B;CA6;CA7;CA9;CMA1;CTRB1;CTSA;CTSG;CYP2C19;ELANE;F2;NFKB1;NFKB2;PSD;PSMA1;PSMB1;PSMB10;PSMB2;PSMB5;PSMB8;PSMB9;PSMD1;RELA,PSMA1;PSMB1;PSMB2;PSMB5;PSMB8,
392,bosentan,COc1ccccc1Oc1c(NS(=O)(=O)c2ccc(C(C)(C)C)cc2)nc(-c2ncccn2)nc1OCCO,GJPICJJJRGTNOD-UHFFFAOYSA-N,1,FDA,2001-11-20,1,4,ABCB11;EDNRA;EDNRB;NR1I2,EDNRA;EDNRB,
393,brallobarbital,C=CCC1(CC(=C)Br)C(=O)NC(=O)NC1=O,DYODAJAEQDVYFX-UHFFFAOYSA-N,0,,,0,0,,,
394,bretylium,CC[N+](C)(C)Cc1ccccc1Br,AAQOQKQBGPPFNS-UHFFFAOYSA-N,1,FDA,1986-03-06,1,3,ADRB1;ADRB2;SLC6A2,SLC6A2,charged_parent
395,brimonidine,Brc1c(NC2=NCCN2)ccc2nccnc12,XYLJNLCSTIOKRM-UHFFFAOYSA-N,1,FDA;PMDA,1996-09-06,1,7,ADRA1A;ADRA1B;ADRA1D;ADRA2A;ADRA2B;ADRA2C;HTR1A,ADRA2A;ADRA2B;ADRA2C,
396,brinzolamide,CCN[C@H]1CN(CCCOC)S(=O)(=O)c2sc(S(N)(=O)=O)cc21,HCRKCZRJWPKOAR-JTQLQIEISA-N,1,FDA,1998-04-01,1,11,CA1;CA12;CA13;CA14;CA2;CA4;CA5A;CA5B;CA6;CA7;CA9,CA2,
397,brivudine,O=c1[nH]c(=O)n([C@H]2C[C@H](O)[C@@H](CO)O2)cc1/C=C/Br,ODZBBRURCPAEIQ-PIXDULNESA-N,0,,,0,1,TK1,,
398,brodimoprim,COc1cc(Cc2cnc(N)nc2N)cc(OC)c1Br,BFCRRLMMHNLSCP-UHFFFAOYSA-N,1,YEAR INTRODUCED,1993-01-01,0,0,,,
399,bromazepam,O=C1CN=C(c2ccccn2)c2cc(Br)ccc2N1,VMIYHDSEFNYJSL-UHFFFAOYSA-N,1,YEAR INTRODUCED,1974-01-01,1,3,GABRA1;GABRB2;GABRG2,,
400,bromebric acid,COc1ccc(C(=O)/C(Br)=C\C(=O)O)cc1,UPZFHUODAYGHDZ-RMKNXTFCSA-N,0,,,0,0,,,
401,bromfenac,Nc1c(CC(=O)O)cccc1C(=O)c1ccc(Br)cc1,ZBPLOVFIXSTCRZ-UHFFFAOYSA-N,1,FDA,2005-03-24,1,2,PTGS1;PTGS2,PTGS1;PTGS2,
402,bromhexine,CN(Cc1cc(Br)cc(Br)c1N)C1CCCCC1,OJGDCBLYJGHCIH-UHFFFAOYSA-N,0,,,1,3,CYP2D6;SIGMAR1;SLC6A4,,
403,bromocriptine,CC(C)C[C@H]1C(=O)N2CCC[C@H]2[C@]2(O)O[C@](NC(=O)[C@@H]3C=C4c5cccc6[nH]c(Br)c(c56)C[C@H]4N(C)C3)(C(C)C)C(=O)N12,OZVBMTJYIDMWIL-AYFBDAFISA-N,1,FDA,1978-06-28,1,21,ADRA1A;ADRA1B;ADRA1D;ADRA2A;ADRA2B;ADRA2C;ADRB1;ADRB2;CYP3A4;DRD1;DRD2;DRD3;DRD4;DRD5;HTR1A;HTR1B;HTR1D;HTR2A;HTR2B;HTR2C;HTR6,DRD2,
404,bromazine,CN(C)CCOC(c1ccccc1)c1ccc(Br)cc1,NUNIWXHYABYXKF-UHFFFAOYSA-N,1,FDA,1954-04-28,1,1,HRH1,HRH1,
405,bromoform,BrC(Br)Br,DIKBFYAXUHHXCS-UHFFFAOYSA-N,0,,,0,0,,,
406,bromopride,CCN(CC)CCNC(=O)c1cc(Br)c(N)cc1OC,GIYAQDDTCWHPPL-UHFFFAOYSA-N,1,YEAR INTRODUCED,1976-01-01,0,2,ACHE;DRD2,,
407,bromperidol,O=C(CCCN1CCC(O)(c2ccc(Br)cc2)CC1)c1ccc(F)cc1,RKLNONIVDFXQRX-UHFFFAOYSA-N,1,YEAR INTRODUCED,1973-01-01,1,12,ADRA1A;CHRM1;CHRM2;CHRM3;CHRM4;CHRM5;DRD1;DRD2;DRD3;DRD4;HRH1;SIGMAR1,DRD2,
408,brompheniramine,CN(C)CCC(c1ccc(Br)cc1)c1ccccn1,ZDIGNSYAACHWNL-UHFFFAOYSA-N,1,FDA,1957-08-23,1,5,HRH1;KCNH2;SCN1A;SCN2A;SCN3A,HRH1,
409,brotizolam,Cc1nnc2n1-c1sc(Br)cc1C(c1ccccc1Cl)=NC2,UMSGKTJDUHERQW-UHFFFAOYSA-N,1,YEAR INTRODUCED,1983-01-01,1,1,PTAFR,,
410,brovanexine,COc1cc(C(=O)Nc2c(Br)cc(Br)cc2CN(C)C2CCCCC2)ccc1OC(C)=O,DQTRREPKGJIABH-UHFFFAOYSA-N,0,,,0,0,,,
411,brovincamine,CC[C@]12CCCN3CCc4c(n(c5cc(Br)ccc45)[C@@](O)(C(=O)OC)C1)[C@@H]32,WYIJGAVIVKPUGJ-GIVPXCGWSA-N,0,,,0,0,,,
412,broxyquinoline,Oc1c(Br)cc(Br)c2cccnc12,ZDASUJMDVPTNTF-UHFFFAOYSA-N,0,,,1,0,,,
413,bucetin,CCOc1ccc(NC(=O)CC(C)O)cc1,LIAWQASKBFCRNR-UHFFFAOYSA-N,0,,,1,0,,,
414,bucillamine,CC(C)(S)C(=O)N[C@@H](CS)C(=O)O,VUAFHZCUKUDDBC-BYPYZUCNSA-N,0,,,0,0,,,
415,bucladesine,CCCC(=O)Nc1ncnc2c1ncn2[C@@H]1O[C@@H]2COP(=O)(O)O[C@H]2[C@H]1OC(=O)CCC,CJGYSWNGNKCJSB-YVLZZHOMSA-N,0,,,0,0,,,
416,buclizine,CC(C)(C)c1ccc(CN2CCN(C(c3ccccc3)c3ccc(Cl)cc3)CC2)cc1,MOYGZHXDRJNJEP-UHFFFAOYSA-N,1,FDA,,1,1,HRH1,HRH1,
417,bucloxic acid,O=C(O)CCC(=O)c1ccc(C2CCCCC2)c(Cl)c1,IJTPQQVCKPZIMV-UHFFFAOYSA-N,0,,,0,0,,,
418,bucumolol,Cc1ccc(OCC(O)CNC(C)(C)C)c2oc(=O)ccc12,CIJVBYRUFLGDHY-UHFFFAOYSA-N,0,,,0,0,,,
419,budesonide,CCCC1O[C@@H]2C[C@H]3[C@@H]4CCC5=CC(=O)C=C[C@]5(C)[C@H]4[C@@H](O)C[C@]3(C)[C@]2(C(=O)CO)O1,VOVIALXJUBGFJZ-KWVAZRHASA-N,1,FDA,1994-02-14,1,7,ABCB1;IFNG;IL5;MMP9;NR3C1;NR3C2;PGR,NR3C1,
420,budipine,CC(C)(C)N1CCC(c2ccccc2)(c2ccccc2)CC1,QIHLUZAFSSMXHQ-UHFFFAOYSA-N,0,,,0,8,GRIN1;GRIN2A;GRIN2B;GRIN2C;GRIN2D;GRIN3A;GRIN3B;KCNH2,,
421,budralazine,CC(C)=CC(C)=NN=c1[nH]ncc2ccccc12,DQGFCLJXYFXXIJ-UHFFFAOYSA-N,0,,,0,0,,,
422,buflomedil,COc1cc(OC)c(C(=O)CCCN2CCCC2)c(OC)c1,OWYLAEYXIQKAOL-UHFFFAOYSA-N,1,YEAR INTRODUCED,1976-01-01,1,8,ADRA1A;ADRA1B;ADRA1D;ADRA2A;ADRA2C;CACNG1;EBP;SIGMAR1,,
423,buformin,CCCCNC(=N)NC(=N)N,XSEUMFJMFFMCIU-UHFFFAOYSA-N,0,,,1,0,,,
424,bufuralol,CCc1cccc2cc(C(O)CNC(C)(C)C)oc12,SSEBTPPFLLCUMN-UHFFFAOYSA-N,0,,,0,4,ABCB1;ADRB1;ADRB2;CYP2D6,,
425,bulaquine,COc1cc(NC(C)CCCN/C(C)=C2/CCOC2=O)c2ncccc2c1,ADCOUXIGWFEYJP-SDXDJHTJSA-N,0,,,0,0,,,
426,bumadizone,CCCCC(C(=O)O)C(=O)N(Nc1ccccc1)c1ccccc1,FLWFHHFTIRLFPV-UHFFFAOYSA-N,0,,,0,0,,,
427,bumetanide,CCCCNc1cc(C(=O)O)cc(S(N)(=O)=O)c1Oc1ccccc1,MAEIEVLCKWDQJH-UHFFFAOYSA-N,1,FDA,1983-02-28,1,4,ATP1A1;GPR35;SLC12A1;SLC12A2,SLC12A1,
428,bunaftine,CCCCN(CCN(CC)CC)C(=O)c1cccc2ccccc12,WWGZXRYELYWJBD-UHFFFAOYSA-N,0,,,0,0,,,
429,bunazosin,CCCC(=O)N1CCCN(c2nc(N)c3cc(OC)c(OC)cc3n2)CC1,RHLJLALHBZGAFM-UHFFFAOYSA-N,0,,,0,4,ADRA1A;ADRA1B;ADRA2B;NQO2,ADRA1A;ADRA1B,
430,bunitrolol,CC(C)(C)NCC(O)COc1ccccc1C#N,VCVQSRCYSKKPBA-UHFFFAOYSA-N,0,,,0,0,,,
431,levobunolol,CC(C)(C)NC[C@H](O)COc1cccc2c1CCCC2=O,IXHBTMCLRNMKHZ-LBPRGKRZSA-N,1,FDA,1985-12-19,1,6,ADRB1;ADRB2;ADRB3;HTR1A;SIGMAR1;SLC6A4,ADRB1;ADRB2,
432,bupivacaine,CCCCN1CCCCC1C(=O)Nc1c(C)cccc1C,LEBVLXFERQHONN-UHFFFAOYSA-N,1,FDA,1972-10-03,1,10,CYP2D6;HTR3A;KCNA5;KCND3;KCNH2;KCNK3;PTGER1;SCN1A;SCN4A;SCN5A,SCN4A,
433,bupranolol,Cc1ccc(Cl)c(OCC(O)CNC(C)(C)C)c1,HQIRNZOQPUAHHV-UHFFFAOYSA-N,0,,,0,3,ADRB1;ADRB2;ADRB3,ADRB1;ADRB2,
434,buprenorphine,CO[C@]12CC[C@@]3(C[C@@H]1[C@](C)(O)C(C)(C)C)[C@H]1Cc4ccc(O)c5c4[C@@]3(CCN1CC1CC1)[C@H]2O5,RMRJXGBAOAMLHD-IHFGGWKQSA-N,1,EMA;FDA,1981-12-29,1,5,KCNH2;OPRD1;OPRK1;OPRL1;OPRM1,OPRK1;OPRM1,
435,bupropion,CC(NC(C)(C)C)C(=O)c1cccc(Cl)c1,SNPPWIUOZRMYNY-UHFFFAOYSA-N,1,FDA,1985-12-30,1,10,ADRA1A;CHRNA3;CHRNA7;CHRNB2;CHRNB4;CYP2C19;CYP2D6;SLC6A2;SLC6A3;SLC6A4,SLC6A2;SLC6A3,
436,buserelin,CCNC(=O)[C@@H]1CCCN1C(=O)[C@H](CCCNC(=N)N)NC(=O)[C@H](CC(C)C)NC(=O)[C@@H](COC(C)(C)C)NC(=O)[C@H](Cc1ccc(O)cc1)NC(=O)[C@H](CO)NC(=O)[C@H](Cc1c[nH]c2ccccc12)NC(=O)[C@H](Cc1c[nH]cn1)NC(=O)[C@@H]1CCC(=O)N1,CUWODFFVMXJOKD-UVLQAERKSA-N,1,YEAR INTRODUCED,1984-01-01,1,2,GNRHR;LHCGR,GNRHR,
437,buspirone,O=C1CC2(CCCC2)CC(=O)N1CCCCN1CCN(c2ncccn2)CC1,QWCRAEMEVRGPNT-UHFFFAOYSA-N,1,FDA,1986-09-29,1,15,ADRA1A;ADRA1D;CYP3A4;DRD2;DRD3;DRD4;HTR1A;HTR2A;HTR2B;HTR2C;KCNH2;SIGMAR1;SLC22A2;SLC47A1;SLC47A2,HTR1A,
438,busulfan,CS(=O)(=O)OCCCCOS(C)(=O)=O,COVZYZSDYWQREU-UHFFFAOYSA-N,1,FDA;PMDA,1954-06-26,1,1,MMP9,,
439,secbutabarbital,CCC(C)C1(CC)C(=O)NC(=O)NC1=O,ZRIHAIZYIMGOAB-UHFFFAOYSA-N,1,FDA,1939-06-05,1,3,GABRA1;GABRB2;GABRG2,GABRA1;GABRB2;GABRG2,
440,butalamine,CCCCN(CCCC)CCNc1nc(-c2ccccc2)no1,VYWQZAARVNRSTR-UHFFFAOYSA-N,0,,,0,0,,,
441,butalbital,C=CCC1(CC(C)C)C(=O)NC(=O)NC1=O,UZVHFVZFNXBMQJ-UHFFFAOYSA-N,1,FDA,1976-05-04,1,3,GABRA1;GABRB3;GABRG2,GABRA1;GABRB3;GABRG2,
442,butamirate,CCC(C(=O)OCCOCCN(CC)CC)c1ccccc1,DDVUMDPCZWBYRA-UHFFFAOYSA-N,0,,,0,0,,,
443,butaperazine,CCCC(=O)c1ccc2c(c1)N(CCCN1CCN(C)CC1)c1ccccc1S2,DVLBYTMYSMAKHP-UHFFFAOYSA-N,0,,,0,0,,,
444,butenafine,CN(Cc1ccc(C(C)(C)C)cc1)Cc1cccc2ccccc12,ABJKWBDEJIDSJZ-UHFFFAOYSA-N,1,FDA,1996-10-18,1,6,ACHE;ADRA2A;CYP2D6;SIGMAR1;SLC6A2;SLC6A4,,
445,butetamate,CCC(C(=O)OCCN(CC)CC)c1ccccc1,CKWHSYRZDLWQFV-UHFFFAOYSA-N,0,,,0,0,,,
446,butizide,CC(C)CC1Nc2cc(Cl)c(S(N)(=O)=O)cc2S(=O)(=O)N1,HGBFRHCDYZJRAO-UHFFFAOYSA-N,0,,,0,0,,,
447,butibufen,CCC(C(=O)O)c1ccc(CC(C)C)cc1,UULSXYSSHHRCQK-UHFFFAOYSA-N,0,,,0,0,,,
448,butinoline,OC(C#CCN1CCCC1)(c1ccccc1)c1ccccc1,LWPXJPFOEPMIRG-UHFFFAOYSA-N,0,,,0,0,,,
449,butobarbital,CCCCC1(CC)C(=O)NC(=O)NC1=O,STDBAQMTJLUMFW-UHFFFAOYSA-N,0,,,0,0,,,
450,butoconazole,Clc1ccc(CCC(Cn2ccnc2)Sc2c(Cl)cccc2Cl)cc1,SWLMUYACZKCSHZ-UHFFFAOYSA-N,1,FDA,1995-12-21,1,0,,,
451,butoctamide,CCCCC(CC)CNC(=O)CC(C)O,WTBQLHRVRKXSPX-UHFFFAOYSA-N,0,,,0,0,,,
453,butofilolol,CCCC(=O)c1cc(F)ccc1OCC(O)CNC(C)(C)C,NMBNQRJDEPOXCP-UHFFFAOYSA-N,0,,,0,0,,,
454,butorphanol,Oc1ccc2c(c1)[C@@]13CCCC[C@@]1(O)[C@@H](C2)N(CC1CCC1)CC3,IFKLAQQSCNILHL-QHAWAJNXSA-N,1,FDA,1978-08-22,1,3,OPRD1;OPRK1;OPRM1,OPRK1;OPRM1,
455,butriptyline,CC(CC1c2ccccc2CCc2ccccc21)CN(C)C,ALELTFCQZDXAMQ-UHFFFAOYSA-N,0,,,1,3,SLC6A2;SLC6A3;SLC6A4,,
456,butropium,CCCCOc1ccc(C[N+]2(C)[C@@H]3CC[C@H]2C[C@H](OC(=O)[C@H](CO)c2ccccc2)C3)cc1,ALVDDLOWVXJXCD-JZDGNOGPSA-N,0,,,0,0,,,charged_parent
458,scopolamine butylbromide,CCCC[N+]1(C)[C@@H]2C[C@@H](OC(=O)[C@H](CO)c3ccccc3)C[C@H]1[C@@H]1O[C@@H]12,YBCNXCRZPWQOBR-WVHCHWADSA-N,1,YEAR INTRODUCED,1951-01-01,0,4,CHRM1;CHRM2;CHRM3;CHRM4,,charged_parent
459,buzepide metiodide,C[N+]1(CCC(C(N)=O)(c2ccccc2)c2ccccc2)CCCCCC1,HDGFUOKLIQJQCS-UHFFFAOYSA-O,0,,,0,0,,,charged_parent
460,cabergoline,C=CCN1C[C@H](C(=O)N(CCCN(C)C)C(=O)NCC)C[C@@H]2c3cccc4[nH]cc(c34)C[C@H]21,KORNTPPJEAJQIU-KJXAQDMKSA-N,1,FDA,1996-12-23,1,17,ADRA1A;ADRA1B;ADRA1D;ADRA2A;ADRA2B;ADRA2C;DRD1;DRD2;DRD3;DRD4;DRD5;HTR1A;HTR1B;HTR1D;HTR2A;HTR2B;HTR2C,DRD2,
461,cadralazine,CCOC(=O)NNc1ccc(N(CC)CC(C)O)nn1,QLTVVOATEHFXLT-UHFFFAOYSA-N,1,YEAR INTRODUCED,1988-01-01,0,2,CACNA1C;MPO,,
462,cafedrine,C[C@H](NCCn1cnc2c1c(=O)n(C)c(=O)n2C)[C@H](O)c1ccccc1,UJSKUDDDPKGBJY-WFASDCNBSA-N,0,,,0,0,,,
463,caffeine,Cn1c(=O)c2c(ncn2C)n(C)c1=O,RYYVLZVUVIJVGH-UHFFFAOYSA-N,1,FDA,1948-11-26,1,8,ACHE;ADORA1;ADORA2A;ADORA2B;ADORA3;GDA;KCNH2;PIK3CD,ADORA1;ADORA2A;ADORA2B,
464,calcifediol,C=C1CC[C@H](O)C/C1=C/C=C1\CCC[C@]2(C)[C@@H]([C@H](C)CCCC(C)(C)O)CC[C@@H]12,JWUBBDSIWDLEOM-DTOXIADCSA-N,1,FDA,1980-08-05,1,1,VDR,VDR,
465,calcipotriene,C=C1/C(=C\C=C2/CCC[C@]3(C)[C@@H]([C@H](C)/C=C/[C@@H](O)C4CC4)CC[C@@H]23)C[C@@H](O)C[C@@H]1O,LWQQLNNNIPYSNX-UROSTWAQSA-N,1,FDA,1993-12-29,1,1,VDR,VDR,
466,calcitriol,C=C1/C(=C\C=C2/CCC[C@]3(C)[C@@H]([C@H](C)CCCC(C)(C)O)CC[C@@H]23)C[C@@H](O)C[C@@H]1O,GMRQFYUYWCNGIN-NKMMMXOESA-N,1,FDA,1978-08-17,1,4,CYP27B1;CYP2R1;GC;VDR,VDR,
468,calusterone,C[C@H]1CC2=CC(=O)CC[C@]2(C)[C@H]2CC[C@@]3(C)[C@@H](CC[C@]3(C)O)[C@H]12,IVFYLRMMHVYGJH-PVPPCFLZSA-N,0,,,0,0,,,
469,camazepam,CN(C)C(=O)OC1N=C(c2ccccc2)c2cc(Cl)ccc2N(C)C1=O,PXBVEXGRHZFEOF-UHFFFAOYSA-N,0,,,0,0,,,
470,camphor,CC12CCC(CC1=O)C2(C)C,DSSYKIVIOFKYAU-UHFFFAOYSA-N,1,FDA,,0,0,,,
471,camostat,CN(C)C(=O)COC(=O)Cc1ccc(OC(=O)c2ccc(NC(=N)N)cc2)cc1,XASIMHXSUQUHLV-UHFFFAOYSA-N,0,,,0,9,F2;HGFAC;HPN;KLK1;PRSS1;SLC22A2;SLC47A1;SLC47A2;TMPRSS2,PRSS1,
472,camylofin,CCN(CC)CCNC(C(=O)OCCC(C)C)c1ccccc1,RYOOHIUJEJZCFT-UHFFFAOYSA-N,0,,,0,1,SLC22A1,,
475,candesartan cilexetil,CCOc1nc2cccc(C(=O)OC(C)OC(=O)OC3CCCCC3)c2n1Cc1ccc(-c2ccccc2-c2nnn[nH]2)cc1,GHOSNRCGJFBJIB-UHFFFAOYSA-N,1,FDA,1998-06-04,1,13,ADORA3;ADRA2B;ADRB3;AGTR1;CYP2C9;CYP3A4;EGFR;ERBB2;POLH;POLI;POLK;SLC6A2;TBXAS1,AGTR1,
477,potassium canrenoate,C[C@]12CCC(=O)C=C1C=C[C@@H]1[C@@H]2CC[C@@]2(C)[C@H]1CC[C@@]2(O)CCC(=O)O,PBKZPPIHUVSDNM-WNHSNXHDSA-N,0,,,0,0,,,
478,canrenone,C[C@]12CCC(=O)C=C1C=C[C@@H]1[C@@H]2CC[C@@]2(C)[C@H]1CC[C@@]21CCC(=O)O1,UJVLDDZCTMKXJK-WNHSNXHDSA-N,0,,,1,1,NR3C2,NR3C2,
480,capecitabine,CCCCCOC(=O)Nc1nc(=O)n([C@@H]2O[C@H](C)[C@@H](O)[C@H]2O)cc1F,GAGWJHPBXLXJQN-UORFTKCHSA-N,1,FDA,1998-04-30,1,1,TYMS,TYMS,
481,capobenic acid,COc1cc(C(=O)NCCCCCC(=O)O)cc(OC)c1OC,MPTXLVRHYGBOQY-UHFFFAOYSA-N,0,,,0,0,,,
483,captodiame,CCCCSc1ccc(C(SCCN(C)C)c2ccccc2)cc1,IZLPZXSZLLELBJ-UHFFFAOYSA-N,0,,,0,0,,,
484,captopril,C[C@H](CS)C(=O)N1CCC[C@H]1C(=O)O,FAKRSMQSSFJEIM-RQJHMYQMSA-N,1,FDA,1981-04-06,1,6,ACE;F2;LTA4H;PTGS1;PTGS2;REN,ACE,
485,capuride,CCC(C)C(CC)C(=O)NC(N)=O,HLSLSXBFTXUKCY-UHFFFAOYSA-N,0,,,0,0,,,
486,caramiphen,CCN(CC)CCOC(=O)C1(c2ccccc2)CCCC1,OFAIGZWCDGNZGT-UHFFFAOYSA-N,0,,,0,2,PRCP;SIGMAR1,,
487,carazolol,CC(C)NCC(O)COc1cccc2[nH]c3ccccc3c12,BQXQGZPYHWWCEB-UHFFFAOYSA-N,0,,,0,2,ADRB2;ADRB3,,
488,carbachol,C[N+](C)(C)CCOC(N)=O,VPJXQGSRWJZDOB-UHFFFAOYSA-O,1,FDA,1972-09-28,1,8,CHRM1;CHRM2;CHRM3;CHRM4;CHRM5;CHRNA4;CHRNA7;CHRNB2,CHRM3,charged_parent
489,carbamazepine,NC(=O)N1c2ccccc2C=Cc2ccccc21,FFGPTBGBLSHEPO-UHFFFAOYSA-N,1,FDA,1968-03-11,1,12,CHRNA2;CHRNB4;FZD8;GABRA1;GABRB2;GABRG2;HRH1;NR1I2;SCN4A;SCN5A;SCN9A;SLC6A4,SCN4A;SCN5A;SCN9A,
491,carbazochrome,CN1CC(O)C2=CC(=NNC(N)=O)C(=O)C=C21,XSXCZNVKFKNLPR-UHFFFAOYSA-N,0,,,0,0,,,
492,carbenicillin,CC1(C)S[C@@H]2[C@H](NC(=O)C(C(=O)O)c3ccccc3)C(=O)N2[C@H]1C(=O)O,FPPNZSSZRUTDAP-UWFZAAFLSA-N,1,FDA,,1,2,CHRM1;CHRM3,,
493,carbenoxolone,CC1(C)[C@@H](OC(=O)CCC(=O)O)CC[C@]2(C)[C@H]3C(=O)C=C4[C@@H]5C[C@@](C)(C(=O)O)CC[C@]5(C)CC[C@@]4(C)[C@]3(C)CC[C@@H]12,OBZHEBDUNPOCJG-WBXJDKIVSA-N,0,,,1,1,HSD11B1,HSD11B1,
494,pentoxyverine,CCN(CC)CCOCCOC(=O)C1(c2ccccc2)CCCC1,CFJMRBQWBDQYMK-UHFFFAOYSA-N,1,FDA,,1,5,CHRM1;CHRM2;PRCP;SIGMAR1;SLC22A1,,
495,carbetocin,CC[C@H](C)[C@@H]1NC(=O)[C@H](Cc2ccc(OC)cc2)NC(=O)CCCSC[C@@H](C(=O)N2CCC[C@H]2C(=O)N[C@@H](CC(C)C)C(=O)NCC(N)=O)NC(=O)[C@H](CC(N)=O)NC(=O)[C@H](CCC(N)=O)NC1=O,NSTRIRCPWQHTIA-DTRKZRJBSA-N,1,UK Medicines and Healthcare Products Regulatory Agency (MHRA),2007-11-05,1,3,AVPR1A;AVPR2;OXTR,OXTR,
496,carbidopa,C[C@@](Cc1ccc(O)c(O)c1)(NN)C(=O)O,TZFNLOMSOLWIDK-JTQLQIEISA-N,1,FDA,1975-05-02,1,4,DDC;FYN;KDM4E;LCK,DDC,
497,carbimazole,CCOC(=O)n1ccn(C)c1=S,CFOYWRHIYXMDOT-UHFFFAOYSA-N,1,YEAR INTRODUCED,1959-01-01,1,2,LPO;TPO,TPO,
499,carbinoxamine,CN(C)CCOC(c1ccc(Cl)cc1)c1ccccn1,OJFSXZCBGQGRNV-UHFFFAOYSA-N,1,FDA,1974-12-27,1,1,HRH1,HRH1,
502,carboprost,CCCCC[C@](C)(O)/C=C/[C@@H]1[C@@H](C/C=C\CCCC(=O)O)[C@@H](O)C[C@H]1O,DLJKPYFALUEJCK-IIELGFQLSA-N,1,FDA,1979-01-09,1,1,PTGFR,PTGFR,
503,carboquone,COC(COC(N)=O)C1=C(N2CC2)C(=O)C(C)=C(N2CC2)C1=O,SHHKQEUPHAENFK-UHFFFAOYSA-N,0,,,0,0,,,
504,carbromal,CCC(Br)(CC)C(=O)NC(N)=O,OPNPQXLQERQBBV-UHFFFAOYSA-N,0,,,0,0,,,
505,carbutamide,CCCCNC(=O)NS(=O)(=O)c1ccc(N)cc1,VDTNNGKXZGSZIP-UHFFFAOYSA-N,0,,,0,2,ABCC8;KCNJ11,ABCC8;KCNJ11,
506,carbuterol,CC(C)(C)NCC(O)c1ccc(O)c(NC(N)=O)c1,KEMXXQOFIRIICG-UHFFFAOYSA-N,0,,,0,0,,,
507,carfecillin,CC1(C)S[C@@H]2[C@H](NC(=O)C(C(=O)Oc3ccccc3)c3ccccc3)C(=O)N2[C@H]1C(=O)O,NZDASSHFKWDBBU-KVMCETHSSA-N,0,,,0,0,,,
508,carindacillin,CC1(C)S[C@@H]2[C@H](NC(=O)C(C(=O)Oc3ccc4c(c3)CCC4)c3ccccc3)C(=O)N2[C@H]1C(=O)O,JIRBAUWICKGBFE-MNRDOXJOSA-N,1,FDA,1972-10-26,1,0,,,
509,carisoprodol,CCCC(C)(COC(N)=O)COC(=O)NC(C)C,OFZCIYFFPZCNJE-UHFFFAOYSA-N,1,FDA,1959-04-09,1,0,,,
510,carubicin,CC(=O)[C@]1(O)Cc2c(O)c3c(c(O)c2[C@@H](O[C@H]2C[C@H](N)[C@H](O)[C@H](C)O2)C1)C(=O)c1c(O)cccc1C3=O,XREUEWVEMYWFFA-CSKJXFQVSA-N,0,,,0,1,TOP2A,,
511,carmofur,CCCCCCNC(=O)n1cc(F)c(=O)[nH]c1=O,AOCCBINRVIKJHY-UHFFFAOYSA-N,0,,,0,4,ASAH1;CYP2D6;MAPK3;SQRDL,,
512,carmustine,O=NN(CCCl)C(=O)NCCCl,DLGOEMSEDOSKAD-UHFFFAOYSA-N,1,FDA,1977-03-07,1,1,GSR,GSR,
513,levocarnitine,C[N+](C)(C)C[C@H](O)CC(=O)[O-],PHIQHXFUZVPYII-ZCFIWIBFSA-N,1,FDA,1985-12-27,1,1,CPT1A,,
514,caroverine,CCN(CC)CCn1c(=O)c(Cc2ccc(OC)cc2)nc2ccccc21,MSPRUJDUTKRMLM-UHFFFAOYSA-N,0,,,0,0,,,
515,carperitide,CC[C@H](C)[C@@H]1NC(=O)[C@H](CCCNC(=N)N)NC(=O)[C@H](CC(=O)O)NC(=O)[C@H](CCSC)NC(=O)[C@H](CCCNC(=N)N)NC(=O)CNC(=O)CNC(=O)[C@H](Cc2ccccc2)NC(=O)[C@@H](NC(=O)[C@H](CO)NC(=O)[C@H](CO)NC(=O)[C@H](CCCNC(=N)N)NC(=O)[C@H](CCCNC(=N)N)NC(=O)[C@H](CC(C)C)NC(=O)[C@@H](N)CO)CSSC[C@@H](C(=O)N[C@@H](CC(N)=O)C(=O)N[C@@H](CO)C(=O)N[C@@H](Cc2ccccc2)C(=O)N[C@@H](CCCNC(=N)N)C(=O)N[C@@H](Cc2ccc(O)cc2)C(=O)O)NC(=O)CNC(=O)[C@H](CC(C)C)NC(=O)CNC(=O)[C@H](CO)NC(=O)[C@H](CCC(N)=O)NC(=O)[C@H](C)NC(=O)CNC1=O,NSQLIUXCMFBZME-MPVJKSABSA-N,0,,,0,1,NPR1,,
516,carfenazine,CCC(=O)c1ccc2c(c1)N(CCCN1CCN(CCO)CC1)c1ccccc1S2,XZSMZRXAEFNJCU-UHFFFAOYSA-N,1,FDA,,1,2,DRD2;HTR2A,DRD2;HTR2A,
517,carpipramine,NC(=O)C1(N2CCCCC2)CCN(CCCN2c3ccccc3CCc3ccccc32)CC1,NWPJLRSCSQHPJV-UHFFFAOYSA-N,0,,,0,2,DRD2;DRD3,,
518,carprofen,CC(C(=O)O)c1ccc2c(c1)[nH]c1ccc(Cl)cc12,PUXBGTOOZJQSKH-UHFFFAOYSA-N,1,FDA,1987-12-31,1,3,C5;PTGS1;PTGS2,PTGS2,
519,carpronium,COC(=O)CCC[N+](C)(C)C,XQSLKIBWQSTAGK-UHFFFAOYSA-N,0,,,0,0,,,charged_parent
520,carteolol,CC(C)(C)NCC(O)COc1cccc2c1CCC(=O)N2,LWAFSWPYPHEXKX-UHFFFAOYSA-N,1,FDA,1988-12-28,1,2,ADRB1;ADRB2,ADRB1;ADRB2,
521,carumonam,NC(=O)OC[C@@H]1[C@H](NC(=O)/C(=N\OCC(=O)O)c2csc(N)n2)C(=O)N1S(=O)(=O)O,UIMOJFJSJSIGLV-JNHMLNOCSA-N,1,YEAR INTRODUCED,1988-01-01,0,0,,,
522,carvedilol,COc1ccccc1OCCNCC(O)COc1cccc2[nH]c3ccccc3c12,OGHNVEJMJSYVRP-UHFFFAOYSA-N,1,FDA,1995-09-14,1,28,ADRA1A;ADRA1D;ADRA2A;ADRA2B;ADRA2C;ADRB1;ADRB2;ADRB3;APP;DRD1;DRD2;DRD3;HTR1A;HTR2A;HTR2B;HTR2C;HTR6;KCNH2;KCNK10;KCNK2;RYR2;SLC22A1;SLC22A2;SLC47A1;SLC6A2;SLC6A3;SLC6A4;TLR4,ADRB1;ADRB2,
524,cefacetrile,CC(=O)OCC1=C(C(=O)O)N2C(=O)[C@@H](NC(=O)CC#N)[C@H]2SC1,RRYMAQUWDLIUPV-BXKDBHETSA-N,0,,,0,0,,,
525,cefaclor,N[C@@H](C(=O)N[C@@H]1C(=O)N2C(C(=O)O)=C(Cl)CS[C@H]12)c1ccccc1,QYIYFLOTGYLRGG-GPCCPHFNSA-N,1,FDA,1979-04-04,1,0,,,
526,cefadroxil,CC1=C(C(=O)O)N2C(=O)[C@@H](NC(=O)[C@H](N)c3ccc(O)cc3)[C@H]2SC1,BOEGTKLJZSQCCD-UEKVPHQBSA-N,1,FDA,1978-02-17,1,1,SLC15A1,,
527,cefamandole,Cn1nnnc1SCC1=C(C(=O)O)N2C(=O)[C@@H](NC(=O)[C@H](O)c3ccccc3)[C@H]2SC1,OLVCFLKTBJRLHI-AXAPSJFSSA-N,0,,,1,1,SLC15A1,,
528,cefamandole nafate,Cn1nnnc1SCC1=C(C(=O)O)N2C(=O)[C@@H](NC(=O)[C@H](OC=O)c3ccccc3)[C@H]2SC1,RRJHESVQVSRQEX-SUYBPPKGSA-N,1,FDA,1978-09-27,1,0,,,
529,cefatrizine,N[C@@H](C(=O)N[C@@H]1C(=O)N2C(C(=O)O)=C(CSc3c[nH]nn3)CS[C@H]12)c1ccc(O)cc1,UOCJDOLVGGIYIQ-PBFPGSCMSA-N,0,,,0,0,,,
530,cefazolin,Cc1nnc(SCC2=C(C(=O)O)N3C(=O)[C@@H](NC(=O)Cn4cnnn4)[C@H]3SC2)s1,MLYYVTUWGNIJIB-BXKDBHETSA-N,1,FDA,1973-10-04,1,0,,,
532,cefcapene pivoxil,CC/C=C(\C(=O)N[C@@H]1C(=O)N2C(C(=O)OCOC(=O)C(C)(C)C)=C(COC(N)=O)CS[C@H]12)c1csc(N)n1,WVPAABNYMHNFJG-QDVBXLKVSA-N,0,,,0,0,,,
533,cefdinir,C=CC1=C(C(=O)O)N2C(=O)[C@@H](NC(=O)/C(=N\O)c3csc(N)n3)[C@H]2SC1,RTXOFQZKPXMALH-GHXIOONMSA-N,1,FDA,1997-12-04,1,0,,,
534,cefditoren pivoxil,CO/N=C(\C(=O)N[C@@H]1C(=O)N2C(C(=O)OCOC(=O)C(C)(C)C)=C(/C=C\c3scnc3C)CS[C@H]12)c1csc(N)n1,AFZFFLVORLEPPO-UVYJNCLZSA-N,1,FDA,2001-08-29,1,0,,,
535,cefepime,CO/N=C(\C(=O)N[C@@H]1C(=O)N2C(C(=O)[O-])=C(C[N+]3(C)CCCC3)CS[C@H]12)c1csc(N)n1,HVFLCNVBZFFHBT-ZKDACBOMSA-N,1,FDA,1996-01-18,1,0,,,
536,cefetamet pivoxil,CO/N=C(\C(=O)N[C@@H]1C(=O)N2C(C(=O)OCOC(=O)C(C)(C)C)=C(C)CS[C@H]12)c1csc(N)n1,DASYMCLQENWCJG-XUKDPADISA-N,1,YEAR INTRODUCED,1992-01-01,0,0,,,
537,cefixime,C=CC1=C(C(=O)O)N2C(=O)[C@@H](NC(=O)/C(=N\OCC(=O)O)c3csc(N)n3)[C@H]2SC1,OKBVVJOGVLARMR-QSWIMTSFSA-N,1,FDA,1989-04-28,1,2,DRD2;PLCG1,,
538,cefmenoxime,CO/N=C(\C(=O)N[C@@H]1C(=O)N2C(C(=O)O)=C(CSc3nnnn3C)CS[C@H]12)c1csc(N)n1,HJJDBAOLQAWBMH-YCRCPZNHSA-N,1,FDA,1987-12-30,1,0,,,
539,cefmetazole,CO[C@@]1(NC(=O)CSCC#N)C(=O)N2C(C(=O)O)=C(CSc3nnnn3C)CS[C@@H]21,SNBUBQHDYVFSQF-HIFRSBDPSA-N,1,FDA,1989-12-11,1,1,IDE,,
540,cefminox,CO[C@@]1(NC(=O)CSC[C@@H](N)C(=O)O)C(=O)N2C(C(=O)O)=C(CSc3nnnn3C)CS[C@@H]21,JSDXOWVAHXDYCU-VXSYNFHWSA-N,0,,,0,0,,,
541,cefodizime,CO/N=C(\C(=O)N[C@@H]1C(=O)N2C(C(=O)O)=C(CSc3nc(C)c(CC(=O)O)s3)CS[C@H]12)c1csc(N)n1,XDZKBRJLTGRPSS-BGZQYGJUSA-N,1,YEAR INTRODUCED,1991-01-01,0,0,,,
542,cefonicid,O=C(O)C1=C(CSc2nnnn2CS(=O)(=O)O)CS[C@@H]2[C@H](NC(=O)[C@H](O)c3ccccc3)C(=O)N12,DYAIAHUQIPBDIP-AXAPSJFSSA-N,1,FDA,,1,3,MMP9;PTGS2;SSTR4,,
543,cefoperazone,CCN1CCN(C(=O)N[C@@H](C(=O)N[C@@H]2C(=O)N3C(C(=O)O)=C(CSc4nnnn4C)CS[C@H]23)c2ccc(O)cc2)C(=O)C1=O,GCFBRXLSHGKWDP-XCGNWRKASA-N,1,FDA,1982-11-18,1,0,,,
544,ceforanide,NCc1ccccc1CC(=O)N[C@@H]1C(=O)N2C(C(=O)O)=C(CSc3nnnn3CC(=O)O)CS[C@H]12,SLAYUXIURFNXPG-CRAIPNDOSA-N,1,FDA,1984-05-24,1,0,,,
545,cefoselis,CO/N=C(\C(=O)N[C@@H]1C(=O)N2C(C(=O)[O-])=C(C[n+]3ccc(N)n3CCO)CS[C@H]12)c1csc(N)n1,BHXLLRXDAYEMPP-SBGRAJFYSA-N,0,,,0,0,,,
546,cefotaxime,CO/N=C(\C(=O)N[C@@H]1C(=O)N2C(C(=O)O)=C(COC(C)=O)CS[C@H]12)c1csc(N)n1,GPRBEKHLDVQUJE-QSWIMTSFSA-N,1,FDA,1981-03-11,1,0,,,
547,cefotetan,CO[C@@]1(NC(=O)C2SC(=C(C(N)=O)C(=O)O)S2)C(=O)N2C(C(=O)O)=C(CSc3nnnn3C)CS[C@@H]21,SRZNHPXWXCNNDU-RHBCBLIFSA-N,1,FDA,1985-12-27,1,5,COMT;MMP1;MMP2;MMP9;PTGS2,,
548,cefotiam,CN(C)CCn1nnnc1SCC1=C(C(=O)O)N2C(=O)[C@@H](NC(=O)Cc3csc(N)n3)[C@H]2SC1,QYQDKDWGWDOFFU-IUODEOHRSA-N,1,FDA,,1,2,MMP9;VIPR1,,
549,cefotiam hexetil,CC(OC(=O)OC1CCCCC1)OC(=O)C1=C(CSc2nnnn2CCN(C)C)CS[C@@H]2[C@H](NC(=O)Cc3csc(N)n3)C(=O)N12,VVFDMWZLBPUKTD-ZKRNHDOASA-N,0,,,0,0,,,
550,cefoxitin,CO[C@@]1(NC(=O)Cc2cccs2)C(=O)N2C(C(=O)O)=C(COC(N)=O)CS[C@@H]21,WZOZEZRFJCJXNZ-ZBFHGGJFSA-N,1,FDA,1978-10-18,1,0,,,
551,cefozopran,CO/N=C(\C(=O)N[C@@H]1C(=O)N2C(C(=O)[O-])=C(C[n+]3ccn4ncccc43)CS[C@H]12)c1nsc(N)n1,QDUIJCOKQCCXQY-WHJQOFBOSA-N,0,,,0,0,,,
552,cefpiramide,Cc1cc(O)c(C(=O)N[C@@H](C(=O)N[C@@H]2C(=O)N3C(C(=O)O)=C(CSc4nnnn4C)CS[C@H]23)c2ccc(O)cc2)cn1,PWAUCHMQEXVFJR-PMAPCBKXSA-N,1,FDA,1989-01-31,1,0,,,
553,cefpirome,CO/N=C(\C(=O)N[C@@H]1C(=O)N2C(C(=O)[O-])=C(C[n+]3cccc4c3CCC4)CS[C@H]12)c1csc(N)n1,DKOQGJHPHLTOJR-WHRDSVKCSA-N,1,YEAR INTRODUCED,1983-01-01,1,0,,,
555,cefpodoxime proxetil,COCC1=C(C(=O)OC(C)OC(=O)OC(C)C)N2C(=O)[C@@H](NC(=O)/C(=N\OC)c3csc(N)n3)[C@H]2SC1,LTINZAODLRIQIX-FBXRGJNPSA-N,1,FDA,1992-08-07,1,0,,,
556,cefprozil,C/C=C/C1=C(C(=O)O)N2C(=O)[C@@H](NC(=O)[C@H](N)c3ccc(O)cc3)[C@H]2SC1,WDLWHQDACQUCJR-ZAMMOSSLSA-N,1,FDA,1991-12-23,1,0,,,
557,cefroxadine,COC1=C(C(=O)O)N2C(=O)[C@@H](NC(=O)[C@H](N)C3=CCC=CC3)[C@H]2SC1,RDMOROXKXONCAL-UEKVPHQBSA-N,0,,,0,0,,,
558,cefsulodin,NC(=O)c1cc[n+](CC2=C(C(=O)[O-])N3C(=O)[C@@H](NC(=O)[C@@H](c4ccccc4)S(=O)(=O)O)[C@H]3SC2)cc1,SYLKGLMBLAAGSC-QLVMHMETSA-N,1,YEAR INTRODUCED,1981-01-01,0,4,GRK2;L3MBTL1;PTPN11;PTPN6,,
559,ceftazidime,CC(C)(O/N=C(\C(=O)N[C@@H]1C(=O)N2C(C(=O)O)=C(C[n+]3ccccc3)CS[C@H]12)c1csc(N)n1)C(=O)O,ORFOPKXBNMVMKC-DWVKKRMSSA-O,1,FDA,1985-07-19,1,0,,,charged_parent
560,cefteram pivoxil,CO/N=C(\C(=O)N[C@@H]1C(=O)N2C(C(=O)OCOC(=O)C(C)(C)C)=C(Cn3nnc(C)n3)CS[C@H]12)c1csc(N)n1,UIYAXIPXULMHAI-JLGRZTKVSA-N,0,,,0,0,,,
561,ceftezole,O=C(Cn1cnnn1)N[C@@H]1C(=O)N2C(C(=O)O)=C(CSc3nncs3)CS[C@H]12,DZMVCVMFETWNIU-LDYMZIIASA-N,0,,,0,0,,,
562,ceftibuten,Nc1nc(/C(=C/CC(=O)O)C(=O)N[C@@H]2C(=O)N3C(C(=O)O)=CCS[C@H]23)cs1,UNJFKXSSGBWRBZ-BJCIPQKHSA-N,1,FDA,1995-12-20,1,0,,,
563,ceftizoxime,CO/N=C(\C(=O)N[C@@H]1C(=O)N2C(C(=O)O)=CCS[C@H]12)c1csc(N)n1,NNULBSISHYWZJU-LLKWHZGFSA-N,1,FDA,1983-09-15,1,0,,,
564,ceftriaxone,CO/N=C(\C(=O)N[C@@H]1C(=O)N2C(C(=O)O)=C(CSc3nc(=O)c(=O)[nH]n3C)CS[C@H]12)c1csc(N)n1,VAAUVRVFOQPIGI-SPQHTLEESA-N,1,FDA,1984-12-21,1,1,DAO,,
565,cefuroxime,CO/N=C(\C(=O)N[C@@H]1C(=O)N2C(C(=O)O)=C(COC(N)=O)CS[C@H]12)c1ccco1,JFPVXVDWJQMJEE-IZRZKJBUSA-N,1,FDA,1983-10-19,1,3,CA2;MMP2;MMP9,,
566,cefuroxime axetil,CO/N=C(\C(=O)N[C@@H]1C(=O)N2C(C(=O)OC(C)OC(C)=O)=C(COC(N)=O)CS[C@H]12)c1ccco1,KEJCWVGMRLCZQQ-YJBYXUATSA-N,1,FDA,1987-12-28,1,0,,,
567,cefuroxime pivoxetil,CO/N=C(\C(=O)N[C@@H]1C(=O)N2C(C(=O)OC(C)OC(=O)C(C)(C)OC)=C(COC(N)=O)CS[C@H]12)c1ccco1,MGYPWVCKENORQX-KMMUMHRISA-N,0,,,0,0,,,
568,celecoxib,Cc1ccc(-c2cc(C(F)(F)F)nn2-c2ccc(S(N)(=O)=O)cc2)cc1,RZEKVGVHFLEQIL-UHFFFAOYSA-N,1,FDA,1998-12-31,1,30,ADORA3;ADRA2B;ADRB3;CA1;CA12;CA13;CA14;CA2;CA3;CA4;CA5A;CA5B;CA6;CA7;CA9;CYP2D6;DRD1;HDAC1;HDAC6;MAPK14;MT-CO2;PDE4A;PDE5A;PDPK1;PTGES;PTGS1;PTGS2;SLC6A2;SLC6A3;SLC6A4,PTGS2,
569,celiprolol,CCN(CC)C(=O)Nc1ccc(OCC(O)CNC(C)(C)C)c(C(C)=O)c1,JOATXPAWOHTVSZ-UHFFFAOYSA-N,1,YEAR INTRODUCED,1982-01-01,1,2,ADRB1;ADRB2,ADRB1,
570,ormeloxifene,COc1ccc2c(c1)OC(C)(C)C(c1ccccc1)C2c1ccc(OCCN2CCCC2)cc1,XZEUAXYWNKYKPL-UHFFFAOYSA-N,0,,,0,0,,,
571,cefalexin,CC1=C(C(=O)O)N2C(=O)[C@@H](NC(=O)[C@H](N)c3ccccc3)[C@H]2SC1,ZAIPMKNFIOOWCQ-UEKVPHQBSA-N,1,FDA,1971-01-04,1,1,SLC15A2,,
572,cefaloglycin,CC(=O)OCC1=C(C(=O)O)N2C(=O)[C@@H](NC(=O)[C@H](N)c3ccccc3)[C@H]2SC1,FUBBGQLTSCSAON-PBFPGSCMSA-N,1,FDA,1970-06-12,1,0,,,
573,cefaloridine,O=C(Cc1cccs1)N[C@@H]1C(=O)N2C(C(=O)[O-])=C(C[n+]3ccccc3)CS[C@H]12,CZTQZXZIADLWOZ-CRAIPNDOSA-N,0,,,1,0,,,
574,cefalotin,CC(=O)OCC1=C(C(=O)O)N2C(=O)[C@@H](NC(=O)Cc3cccs3)[C@H]2SC1,XIURVHNZVLADCM-IUODEOHRSA-N,1,FDA,1974-12-18,1,6,MMP9;PTGS2;PTPN7;SLC22A11;SLC22A8;SSTR4,,
575,cefapirin,CC(=O)OCC1=C(C(=O)O)N2C(=O)[C@@H](NC(=O)CSc3ccncc3)[C@H]2SC1,UQLLWWBDSUHNEB-CZUORRHYSA-N,1,FDA,1974-03-12,1,20,ADRA2C;CNR1;CYP2D6;CYP3A4;CYP3A5;DRD2;DRD3;DRD4;HRH2;HTR1A;HTR2B;MMP1;NISCH;OPRD1;OPRK1;OPRM1;SIGMAR1;SSTR4;TACR1;TACR2,,
576,cefradine,CC1=C(C(=O)O)N2C(=O)[C@@H](NC(=O)[C@H](N)C3=CCC=CC3)[C@H]2SC1,RDLPVSKMFDYCOR-UEKVPHQBSA-N,1,FDA,1974-08-19,1,2,MMP9;SSTR4,,
577,cerivastatin,COCc1c(C(C)C)nc(C(C)C)c(/C=C/[C@@H](O)C[C@@H](O)CC(=O)O)c1-c1ccc(F)cc1,SEERZIQQUAZTOL-ANMDKAQQSA-N,1,FDA,1997-06-26,1,2,HMGCR;NR1I3,HMGCR,
578,cerulenin,C/C=C/C/C=C/CCC(=O)[C@H]1O[C@H]1C(N)=O,GVEZIHKRYBHEFX-NQQPLRFYSA-N,0,,,0,2,F13A1;FASN,,
579,ceruletide,CSCC[C@H](NC(=O)[C@H](Cc1c[nH]c2ccccc12)NC(=O)CNC(=O)[C@@H](NC(=O)[C@H](Cc1ccc(OS(=O)(=O)O)cc1)NC(=O)[C@H](CC(=O)O)NC(=O)[C@H](CCC(N)=O)NC(=O)[C@@H]1CCC(=O)N1)[C@@H](C)O)C(=O)N[C@@H](CC(=O)O)C(=O)N[C@@H](Cc1ccccc1)C(N)=O,YRALAIOMGQZKOW-HYAOXDFASA-N,1,FDA,,1,1,CCKAR,CCKAR,
580,cetiedil,O=C(OCCN1CCCCCC1)C(c1ccsc1)C1CCCCC1,MMNICIJVQJJHHF-UHFFFAOYSA-N,0,,,0,0,,,
581,cetirizine,O=C(O)COCCN1CCN(C(c2ccccc2)c2ccc(Cl)cc2)CC1,ZKLPARSLTMPFCP-UHFFFAOYSA-N,1,FDA,1995-12-08,1,3,HRH1;KCNH2;TEK,HRH1,
582,cetraxate,NC[C@H]1CC[C@H](C(=O)Oc2ccc(CCC(=O)O)cc2)CC1,FHRSHSOEWXUORL-HDJSIYSDSA-N,0,,,0,0,,,
583,cetrorelix,CC(=O)N[C@H](Cc1ccc2ccccc2c1)C(=O)N[C@H](Cc1ccc(Cl)cc1)C(=O)N[C@H](Cc1cccnc1)C(=O)N[C@@H](CO)C(=O)N[C@@H](Cc1ccc(O)cc1)C(=O)N[C@H](CCCNC(N)=O)C(=O)N[C@@H](CC(C)C)C(=O)N[C@@H](CCCNC(=N)N)C(=O)N1CCC[C@H]1C(=O)N[C@H](C)C(N)=O,SBNPWPIBESPSIF-MHWMIDJBSA-N,1,FDA,2000-08-11,1,2,GNRHR;LHCGR,GNRHR,
584,cevimeline,CC1OC2(CS1)CN1CCC2CC1,WUTYZMFRCNBCHQ-UHFFFAOYSA-N,1,FDA,2000-01-11,1,5,CHRM1;CHRM2;CHRM3;CHRM4;CHRM5,CHRM1;CHRM3,
585,clofedanol,CN(C)CCC(O)(c1ccccc1)c1ccccc1Cl,WRCHFMBCVFFYEQ-UHFFFAOYSA-N,1,FDA,,1,0,,,
586,chloral hydrate,OC(O)C(Cl)(Cl)Cl,RNFNDJAIBTYOQL-UHFFFAOYSA-N,1,YEAR INTRODUCED,1840-01-01,1,0,,,
588,chlorambucil,O=C(O)CCCc1ccc(N(CCCl)CCCl)cc1,JCKYGMPEJWAADB-UHFFFAOYSA-N,1,FDA,1957-03-18,1,4,ADAM9;CTSD;CTSE;OPRD1,,
589,chloramphenicol,O=C(N[C@H](CO)[C@H](O)c1ccc([N+](=O)[O-])cc1)C(Cl)Cl,WIIZWVCIJKGZOK-RKDXNWHRSA-N,1,FDA,1950-12-08,1,1,CYP3A4,,
591,chlorazanil,Nc1ncnc(Nc2ccc(Cl)cc2)n1,YRZQHIVOIFJEEE-UHFFFAOYSA-N,0,,,0,0,,,
592,chlorbetamide,O=C(C(Cl)Cl)N(CCO)Cc1ccc(Cl)cc1Cl,STLZCUYBVPNYED-UHFFFAOYSA-N,0,,,0,0,,,
593,chlorcyclizine,CN1CCN(C(c2ccccc2)c2ccc(Cl)cc2)CC1,WFNAKBGANONZEQ-UHFFFAOYSA-N,1,FDA,,0,1,BCL2,,
594,chlordiazepoxide,CNC1=Nc2ccc(Cl)cc2C(c2ccccc2)=[N+]([O-])C1,ANTSCNMPPGJYLG-UHFFFAOYSA-N,1,FDA,1960-02-24,1,11,CCKAR;CCKBR;GABRA1;GABRA2;GABRA3;GABRA5;GABRB2;GABRB3;GABRG2;HRH1;TRHR,GABRA1;GABRA2;GABRA3;GABRA5;GABRB2;GABRB3;GABRG2,
596,chloralodol,CC(CC(C)(C)O)OC(O)C(Cl)(Cl)Cl,QVFWZNCVPCJQOP-UHFFFAOYSA-N,0,,,0,0,,,
597,chlorhexidine,N=C(NCCCCCCNC(=N)NC(=N)Nc1ccc(Cl)cc1)NC(=N)Nc1ccc(Cl)cc1,GHXZTYHSJHQHIJ-UHFFFAOYSA-N,1,FDA,1976-09-17,1,8,MMP2;MMP9;SLC22A1;SLC22A2;SLC22A3;SLC47A1;SLC47A2;SYNJ2,,
598,chlorisondamine,C[N+](C)(C)CC[N+]1(C)Cc2c(Cl)c(Cl)c(Cl)c(Cl)c2C1,IXWDUZLHWJKVPX-UHFFFAOYSA-N,0,,,0,0,,,charged_parent
600,chlormadinone,CC(=O)O[C@]1(C(C)=O)CC[C@H]2[C@@H]3C=C(Cl)C4=CC(=O)CC[C@]4(C)[C@H]3CC[C@@]21C,QMBJSIBWORFWQT-DFXBJWIESA-N,0,,,1,2,CYP2C19;NR3C1,,
602,clomethiazole,Cc1ncsc1CCCl,PCLITLDOTJTVDJ-UHFFFAOYSA-N,1,YEAR INTRODUCED,1981-01-01,1,3,GABRA1;GABRB3;GABRG2,,
603,chlormezanone,CN1C(=O)CCS(=O)(=O)C1c1ccc(Cl)cc1,WEQAYVWKMWHEJO-UHFFFAOYSA-N,1,FDA,1960-05-20,1,0,,,
604,chlornaphazine,ClCCN(CCCl)c1ccc2ccccc2c1,XCDXSSFOJZZGQC-UHFFFAOYSA-N,0,,,1,0,,,
605,chloroprocaine,CCN(CC)CCOC(=O)c1ccc(N)cc1Cl,VDANGULDQQJODZ-UHFFFAOYSA-N,1,FDA,1955-03-11,1,1,SCN10A,SCN10A,
606,chloropyramine,CN(C)CCN(Cc1ccc(Cl)cc1)c1ccccn1,ICKFFNBDFNZJSX-UHFFFAOYSA-N,0,,,0,1,PTK2,,
607,chloroquine,CCN(CC)CCCC(C)Nc1ccnc2cc(Cl)ccc12,WHTVZRBIWZFKQO-UHFFFAOYSA-N,1,FDA,1949-10-31,1,15,ADRA2A;ADRA2B;ADRA2C;APP;BACE1;CHRM1;CHRM2;CHRM3;CHRM4;CHRM5;KCNH2;NQO2;PRNP;SIGMAR1;TMEM97,,
608,chloropyrilene,CN(C)CCN(Cc1ccc(Cl)s1)c1ccccn1,XAEXSWVTEJHRMH-UHFFFAOYSA-N,0,,,0,0,,,
609,chlorothiazide,NS(=O)(=O)c1cc2c(cc1Cl)N=CNS2(=O)=O,JBMKAUGHUNFTOL-UHFFFAOYSA-N,1,FDA,1958-09-04,1,2,CA2;SLC12A3,SLC12A3,
610,chlorotrianisene,COc1ccc(C(Cl)=C(c2ccc(OC)cc2)c2ccc(OC)cc2)cc1,BFPSDSIWYFKGBC-UHFFFAOYSA-N,1,FDA,,1,2,ESR1;ESR2,ESR2,
611,chloroxine,Oc1c(Cl)cc(Cl)c2cccnc12,WDFKMLRRRCGAKS-UHFFFAOYSA-N,1,FDA,1976-10-19,1,4,ALOX12;ALOX15;ALOX15B;ALOX5,,
612,chlorozotocin,O=NN(CCCl)C(=O)N[C@H]1C(O)O[C@H](CO)[C@@H](O)[C@@H]1O,MYBLAOJMRYYKMS-RTRLPJTCSA-N,0,,,0,0,,,
614,chlorphenesin carbamate,NC(=O)OCC(O)COc1ccc(Cl)cc1,SKPLBLUECSEIFO-UHFFFAOYSA-N,1,FDA,1965-06-14,1,0,,,
615,chlorfenethazine,CN(C)CCN1c2ccccc2Sc2ccc(Cl)cc21,ILROKGAXBGPFAI-UHFFFAOYSA-N,0,,,0,0,,,
616,chlorphenamine,CN(C)CCC(c1ccc(Cl)cc1)c1ccccn1,SOYKEARSMXGVTM-UHFFFAOYSA-N,1,FDA,1950-08-15,1,14,CYP2D6;HRH1;HRH4;HTR2B;KCNH2;L3MBTL1;L3MBTL3;MBTD1;SCN1A;SCN2A;SCN3A;SLC6A2;SLC6A3;SLC6A4,HRH1,
617,chlorphenoxamine,CN(C)CCOC(C)(c1ccccc1)c1ccc(Cl)cc1,KKHPNPMTPORSQE-UHFFFAOYSA-N,0,,,1,0,,,
618,chlorphentermine,CC(C)(N)Cc1ccc(Cl)cc1,ZCKAMNXUHHNZLN-UHFFFAOYSA-N,1,FDA,,1,2,SLC6A3;SLC6A4,SLC6A4,
619,chlorproethazine,CCN(CC)CCCN1c2ccccc2Sc2ccc(Cl)cc21,DBOUGBAQLIXZLV-UHFFFAOYSA-N,0,,,0,3,DRD2;DRD3;DRD4,,
620,chlorproguanil,CC(C)NC(=N)NC(=N)Nc1ccc(Cl)c(Cl)c1,ISZNZKHCRKXXAU-UHFFFAOYSA-N,0,,,0,0,,,
621,chlorpromazine,CN(C)CCCN1c2ccccc2Sc2ccc(Cl)cc21,ZPEIMTDSQAKGNT-UHFFFAOYSA-N,1,FDA,1957-09-18,1,68,ABCB1;ADRA1A;ADRA1B;ADRA1D;ADRA2A;ADRA2B;ADRA2C;AOX1;CALM1;CALM2;CALM3;CHRM1;CHRM2;CHRM3;CHRM4;CHRM5;CYP2D6;DRD1;DRD2;DRD3;DRD4;DRD5;EGFR;ERBB2;FYN;GFER;GRIN1;GRIN2A;GRIN2B;GRIN2C;GRIN2D;GRIN3A;GRIN3B;HRH1;HRH2;HRH4;HTR1A;HTR1B;HTR1D;HTR1E;HTR2A;HTR2B;HTR2C;HTR3A;HTR5A;HTR6;HTR7;KCNH2;KCNK2;MC3R;MC4R;MC5R;OPRD1;OPRK1;OPRM1;PRNP;RYR1;SCN1A;SCN2A;SCN3A;SIGMAR1;SLC22A1;SLC22A2;SLC6A2;SLC6A3;SLC6A4;SMPD1;TACR2,DRD2,
622,chlorpropamide,CCCNC(=O)NS(=O)(=O)c1ccc(Cl)cc1,RKWGIWYCVPQPMF-UHFFFAOYSA-N,1,FDA,1958-10-28,1,2,ABCC8;KCNJ11,ABCC8;KCNJ11,
623,chlorprothixene,CN(C)CC/C=C1/c2ccccc2Sc2ccc(Cl)cc21,WSPOMRSOLSGNFJ-AUWJEWJLSA-N,1,FDA,1967-06-19,1,14,CHRM1;CHRM2;CHRM3;CHRM4;CHRM5;DRD1;DRD2;DRD3;DRD4;DRD5;HRH1;HTR2A;HTR6;SLC22A1,DRD2,
624,chlortetracycline,CN(C)[C@@H]1C(O)=C(C(N)=O)C(=O)[C@@]2(O)C(O)=C3C(=O)c4c(O)ccc(Cl)c4[C@@](C)(O)[C@H]3C[C@@H]12,CYDMQBQPVICBEU-XRNKAMNCSA-N,1,FDA,1950-01-23,1,3,PADI4;PDE4A;PRNP,,
625,chlortalidone,NS(=O)(=O)c1cc(C2(O)NC(=O)c3ccccc32)ccc1Cl,JIVPVXMEBJLZRO-UHFFFAOYSA-N,1,FDA,1960-04-07,1,12,CA1;CA12;CA14;CA2;CA3;CA4;CA5A;CA5B;CA6;CA7;CA9;SLC12A3,SLC12A3,
626,chlorzoxazone,O=c1[nH]c2cc(Cl)ccc2o1,TZFWDZFKRBELIQ-UHFFFAOYSA-N,1,FDA,1958-08-15,1,5,KCNMA1;KCNN4;NOS1;NOS2;NOS3,KCNMA1,
627,choline alfoscerate,C[N+](C)(C)CCOP(=O)([O-])OC[C@H](O)CO,SUHOQUVVVLNYQR-MRVPVSSYSA-N,0,,,0,0,,,
628,chromocarb,O=C(O)c1cc(=O)c2ccccc2o1,RVMGXWBCQGAWBR-UHFFFAOYSA-N,0,,,0,0,,,
629,cianidanol,Oc1cc(O)c2c(c1)O[C@H](c1ccc(O)c(O)c1)[C@@H](O)C2,PFTAWBLQPZVEMU-DZGCQCFKSA-N,1,FDA,,1,18,APP;BACE1;CA1;CA12;CA13;CA14;CA2;CA3;CA4;CA5A;CA5B;CA6;CA7;CA9;F2;KIT;PTGS1;PTGS2,,
630,cibenzoline,c1ccc(C2(c3ccccc3)CC2C2=NCCN2)cc1,IPOBOOXFSRWSHL-UHFFFAOYSA-N,1,YEAR INTRODUCED,1978-01-01,0,3,HCN4;KCNH2;KCNJ11,,
631,cicaprost,CCC#CC[C@H](C)[C@H](O)C#C[C@@H]1[C@H]2C/C(=C/COCC(=O)O)C[C@H]2C[C@H]1O,ARUGKOZUKWAXDS-SEWALLKFSA-N,0,,,0,6,PTGDR;PTGER1;PTGER3;PTGER4;PTGFR;PTGIR,,
632,cyclacillin,CC1(C)S[C@@H]2[C@H](NC(=O)C3(N)CCCCC3)C(=O)N2[C@H]1C(=O)O,HGBLNBBNRORJKI-WCABBAIRSA-N,1,FDA,1979-09-13,1,0,,,
633,ciclesonide,CC(C)C(=O)OCC(=O)[C@@]12O[C@H](C3CCCCC3)O[C@@H]1C[C@H]1[C@@H]3CCC4=CC(=O)C=C[C@]4(C)[C@H]3[C@@H](O)C[C@@]12C,LUKZNWIVRBCLON-GXOBDPJESA-N,1,FDA,2006-10-20,1,1,NR3C1,NR3C1,
634,cicletanine,Cc1ncc2c(c1O)COC2c1ccc(Cl)cc1,CVKNDPRBJVBDSS-UHFFFAOYSA-N,0,,,0,0,,,
635,ciclonium,CC[N+](C)(CC)CCOC(C)(c1ccccc1)C1CC2C=CC1C2,UTVSLCROIUPVOX-UHFFFAOYSA-N,0,,,0,0,,,charged_parent
636,ciclopirox,Cc1cc(C2CCCCC2)n(O)c(=O)c1,SCKYRAXSEDYPSA-UHFFFAOYSA-N,1,FDA,1982-12-30,1,2,DOHH;PARP1,,
637,cicloprolol,CC(C)NCC(O)COc1ccc(OCCOCC2CC2)cc1,JNDJPKHYZWRRIS-UHFFFAOYSA-N,0,,,0,2,ADRB1;ADRB2,,
638,cycloxilic acid,O=C(O)C1CCCCC1(O)c1ccccc1,VCZPUGSOJXZKIP-UHFFFAOYSA-N,0,,,0,0,,,
639,cidofovir,Nc1ccn(C[C@@H](CO)OCP(=O)(O)O)c(=O)n1,VWFCHDSQECPREK-LURJTMIESA-N,1,FDA,1996-06-26,1,0,,,
640,cilastatin,CC1(C)C[C@@H]1C(=O)N/C(=C\CCCCSC[C@H](N)C(=O)O)C(=O)O,DHSUYTOATWAVLW-WFVMDLQDSA-N,1,FDA,1985-11-26,1,1,DPEP1,DPEP1,
641,cilazapril,CCOC(=O)[C@H](CCc1ccccc1)N[C@H]1CCCN2CCC[C@@H](C(=O)O)N2C1=O,HHHKFGXWKKUNCY-FHWLQOOXSA-N,0,,,1,1,ACE,ACE,
642,cilnidipine,COCCOC(=O)C1=C(C)NC(C)=C(C(=O)OC/C=C/c2ccccc2)C1c1cccc([N+](=O)[O-])c1,KJEBULYHNRNJTE-DHZHZOJOSA-N,0,,,0,2,CACNA1C;CACNA1D,CACNA1C;CACNA1D,
644,cilostazol,O=C1CCc2cc(OCCCCc3nnnn3C3CCCCC3)ccc2N1,RRGUKTPIGVIEKM-UHFFFAOYSA-N,1,FDA,1999-01-15,1,3,CYP2C9;PDE3A;PDE3B,PDE3A,
645,cimetidine,CNC(=NC#N)NCCSCc1nc[nH]c1C,AQIXAKUUQRKLND-UHFFFAOYSA-N,1,FDA,1977-08-16,1,4,HRH2;HTR2A;SLC47A1;SLC47A2,HRH2,
646,cimetropium,C[N+]1(CC2CC2)[C@@H]2C[C@@H](OC(=O)[C@H](CO)c3ccccc3)C[C@H]1[C@@H]1O[C@@H]12,QVVOZYKELHAIPX-WVHCHWADSA-N,0,,,0,0,,,charged_parent
647,cinacalcet,C[C@@H](NCCCc1cccc(C(F)(F)F)c1)c1cccc2ccccc12,VDHAWDNDOKGFTD-MRXNPFEDSA-N,1,EMA;FDA,2004-03-08,1,3,CASR;CYP2D6;GLRA1,CASR,
648,cinalukast,CCC(CC)(CC(=O)Nc1cccc(/C=C/c2nc(C3CCC3)cs2)c1)C(=O)O,BZMKNPGKXJAIDV-VAWYXSNFSA-N,0,,,0,1,CYSLTR1,CYSLTR1,
649,cinametic acid,COc1cc(/C=C/C(=O)O)ccc1OCCO,YNUMZJCKFQVSRH-HWKANZROSA-N,0,,,0,0,,,
650,cinepazet,CCOC(=O)CN1CCN(C(=O)/C=C/c2cc(OC)c(OC)c(OC)c2)CC1,XDUOTWNXVDBCDY-VOTSOKGWSA-N,0,,,0,0,,,
651,cinepazide,COc1cc(/C=C/C(=O)N2CCN(CC(=O)N3CCCC3)CC2)cc(OC)c1OC,RCUDFXMNPQNBDU-VOTSOKGWSA-N,0,,,1,0,,,
652,cinitapride,CCOc1cc(N)c([N+](=O)[O-])cc1C(=O)NC1CCN(CC2CC=CCC2)CC1,ZDLBNXXKDMLZMF-UHFFFAOYSA-N,0,,,0,0,,,
653,cinnamaverine,CCN(CC)CCOC(=O)C(=Cc1ccccc1)c1ccccc1,UTTZVFFEPWFVRY-UHFFFAOYSA-N,0,,,0,0,,,
654,cinnarizine,C(=C\c1ccccc1)/CN1CCN(C(c2ccccc2)c2ccccc2)CC1,DERZBLKQOCDDDZ-JLHYYAGUSA-N,0,,,1,23,ADRA1D;ADRA2A;ADRA2B;ADRA2C;CHRM1;CHRM3;CHRM4;CHRM5;DRD2;DRD3;HRH1;HRH4;HTR1A;HTR2A;HTR2B;OPRM1;SCN1A;SCN2A;SCN3A;SIGMAR1;SLC6A2;SLC6A3;SLC6A4,,
655,cinnoxicam,CN1C(C(=O)Nc2ccccn2)=C(OC(=O)/C=C/c2ccccc2)c2ccccc2S1(=O)=O,GPUVGQIASQNZET-CCEZHUSRSA-N,0,,,0,0,,,
656,cinolazepam,N#CCCN1C(=O)C(O)N=C(c2ccccc2F)c2cc(Cl)ccc21,XAXMYHMKTCNRRZ-UHFFFAOYSA-N,0,,,0,0,,,
657,cinoxacin,CCn1nc(C(=O)O)c(=O)c2cc3c(cc21)OCO3,VDUWPHTZYNWKRN-UHFFFAOYSA-N,1,FDA,1980-06-13,1,1,CA2,,
658,ciprofibrate,CC(C)(Oc1ccc(C2CC2(Cl)Cl)cc1)C(=O)O,KPSRODZRAIWAKH-UHFFFAOYSA-N,1,UK Medicines and Healthcare Products Regulatory Agency (MHRA),2009-06-18,1,1,PPARA,PPARA,
659,ciprofloxacin,O=C(O)c1cn(C2CC2)c2cc(N3CCNCC3)c(F)cc2c1=O,MYSWGUAQZAJSOK-UHFFFAOYSA-N,1,FDA,1987-10-22,1,2,TOP2A;TOP2B,,
660,cisapride,COc1cc(N)c(Cl)cc1C(=O)NC1CCN(CCCOc2ccc(F)cc2)CC1OC,DCSUBABJRXZOMT-UHFFFAOYSA-N,1,FDA,1993-07-29,1,24,ADRA1D;ADRA2A;ADRA2B;ADRA2C;CYP2D6;CYP3A4;DRD1;DRD2;DRD3;HMGCR;HTR1A;HTR2A;HTR2B;HTR2C;HTR3A;HTR3B;HTR3C;HTR3D;HTR3E;HTR4;HTR7;KCNH2;SIGMAR1;SLC6A4,HTR4,
661,cisatracurium,COc1ccc(C[C@@H]2c3cc(OC)c(OC)cc3CC[N@+]2(C)CCC(=O)OCCCCCOC(=O)CC[N@@+]2(C)CCc3cc(OC)c(OC)cc3[C@H]2Cc2ccc(OC)c(OC)c2)cc1OC,YXSLJKQTIDHPOT-LJCJQEJUSA-N,1,FDA,1995-12-15,1,3,CHRNA1;CHRNB1;CHRND,CHRNA1;CHRNB1;CHRND,charged_parent
663,citalopram,CN(C)CCCC1(c2ccc(F)cc2)OCc2cc(C#N)ccc21,WSEQXVZVJXJVFP-UHFFFAOYSA-N,1,FDA,1998-07-17,1,12,ADRA1D;CHRM1;HRH1;HTR2A;HTR2B;HTR2C;KCNH2;SIGMAR1;SLC22A1;SLC6A2;SLC6A3;SLC6A4,SLC6A4,
664,citicoline,C[N+](C)(C)CCOP(=O)([O-])OP(=O)(O)OC[C@H]1O[C@@H](n2ccc(N)nc2=O)[C@H](O)[C@@H]1O,RZZPDXZPRHQOCG-OJAKKHQRSA-N,0,,,0,0,,,
665,citiolone,CC(=O)NC1CCSC1=O,NRFJZTXWLKPZAV-UHFFFAOYSA-N,0,,,0,0,,,
666,citric acid,O=C(O)CC(O)(CC(=O)O)C(=O)O,KRKNYBCHXYNGOX-UHFFFAOYSA-N,1,FDA,1982-06-22,1,0,,,
667,cladribine,Nc1nc(Cl)nc2c1ncn2[C@H]1C[C@H](O)[C@@H](CO)O1,PTOAARAWEBMLNO-KVQBGUIXSA-N,1,FDA,1993-02-26,1,2,DCK;PDE4A,,
668,clarithromycin,CC[C@H]1OC(=O)[C@H](C)[C@@H](O[C@H]2C[C@@](C)(OC)[C@@H](O)[C@H](C)O2)[C@H](C)[C@@H](O[C@@H]2O[C@H](C)C[C@H](N(C)C)[C@H]2O)[C@](C)(OC)C[C@@H](C)C(=O)[C@H](C)[C@@H](O)[C@]1(C)O,AGOYDEPGAOXOCK-KCBOHYOISA-N,1,FDA,1991-10-31,1,1,KCNH2,,
669,clavulanic acid,O=C(O)[C@H]1/C(=C/CO)O[C@@H]2CC(=O)N21,HZZVJAQRINQKSD-PBFISZAISA-N,1,FDA,1984-08-06,1,0,,,
670,clebopride,COc1cc(N)c(Cl)cc1C(=O)NC1CCN(Cc2ccccc2)CC1,BVPWJMCABCPUQY-UHFFFAOYSA-N,0,,,0,5,ACHE;DRD2;DRD3;DRD4;KCNH2,,
671,clemastine,CN1CCC[C@@H]1CCO[C@](C)(c1ccccc1)c1ccc(Cl)cc1,YNNUSGIPVFPVBX-NHCUHLMSSA-N,1,FDA,1977-02-25,1,26,ADRA1D;ADRA2A;ADRA2B;ADRA2C;CHRM1;CHRM2;CHRM3;CHRM4;CHRM5;CYP2C19;CYP2D6;DRD1;DRD2;DRD3;HRH1;HRH2;HTR2A;HTR2B;HTR2C;HTR6;KCNH2;SIGMAR1;SLC22A1;SLC6A2;SLC6A3;TMEM97,HRH1,
672,clemizole,Clc1ccc(Cn2c(CN3CCCC3)nc3ccccc32)cc1,CJXAEXPPLWQRFR-UHFFFAOYSA-N,0,,,0,5,HRH4;TRPC3;TRPC4;TRPC5;TRPC6,,
673,clenbuterol,CC(C)(C)NCC(O)c1cc(Cl)c(N)c(Cl)c1,STJMRWALKKWQGH-UHFFFAOYSA-N,0,,,0,3,ADRB1;ADRB2;HTR1A,,
674,clevidipine,CCCC(=O)OCOC(=O)C1=C(C)NC(C)=C(C(=O)OC)C1c1cccc(Cl)c1Cl,KPBZROQVTHLCDU-UHFFFAOYSA-N,1,FDA,2008-08-01,1,2,CACNA1C;CACNA1D,CACNA1C;CACNA1D,
675,clidanac,O=C(O)C1CCc2cc(C3CCCCC3)c(Cl)cc21,OIRAEJWYWSAQNG-UHFFFAOYSA-N,0,,,0,0,,,
676,clidinium,C[N+]12CCC(CC1)C(OC(=O)C(O)(c1ccccc1)c1ccccc1)C2,HOOSGZJRQIVJSZ-UHFFFAOYSA-N,1,FDA,,1,2,CHRM1;CHRM3,CHRM1;CHRM3,charged_parent
677,clinafloxacin,NC1CCN(c2c(F)cc3c(=O)c(C(=O)O)cn(C4CC4)c3c2Cl)C1,QGPKADBNRMWEQR-UHFFFAOYSA-N,0,,,0,0,,,
678,clindamycin,CCC[C@@H]1C[C@@H](C(=O)N[C@@H]([C@H]2O[C@H](SC)[C@H](O)[C@@H](O)[C@H]2O)[C@H](C)Cl)N(C)C1,KDLRVYVGXIQJDK-AWPVFWJPSA-N,1,FDA,1970-02-22,1,0,,,
679,clindamycin palmitate,CCCCCCCCCCCCCCCC(=O)O[C@@H]1[C@@H](O)[C@@H](O)[C@@H]([C@H](NC(=O)[C@@H]2C[C@@H](CCC)CN2C)[C@H](C)Cl)O[C@@H]1SC,OYSKUZDIHNKWLV-PRUAPSLNSA-N,1,FDA,1986-04-07,1,0,,,
680,clinofibrate,CCC(C)(Oc1ccc(C2(c3ccc(OC(C)(CC)C(=O)O)cc3)CCCCC2)cc1)C(=O)O,BMOVQUBVGICXQN-UHFFFAOYSA-N,0,,,0,0,,,
681,clioquinol,Oc1c(I)cc(Cl)c2cccnc12,QCDFBFJGMNKBDO-UHFFFAOYSA-N,1,FDA,,1,1,APP,,
682,clobazam,CN1C(=O)CC(=O)N(c2ccccc2)c2cc(Cl)ccc21,CXOXHMZGEKVPMT-UHFFFAOYSA-N,1,FDA,2011-10-21,1,3,GABRA1;GABRB2;GABRG2,GABRA1;GABRB2;GABRG2,
683,clobenoside,CCCO[C@H]1[C@@H]([C@@H](COCc2ccc(Cl)cc2)OCc2ccc(Cl)cc2)OC(OCC)[C@@H]1O,UOYOWSGCMGEQHC-MSEXXDKFSA-N,0,,,0,0,,,
684,clobenzorex,C[C@@H](Cc1ccccc1)NCc1ccccc1Cl,LRXXRIXDSAEIOR-ZDUSSCGKSA-N,0,,,1,0,,,
686,clobutinol,CC(CN(C)C)C(C)(O)Cc1ccc(Cl)cc1,KVHHQGIIZCJATJ-UHFFFAOYSA-N,0,,,1,0,,,
687,clocapramine,NC(=O)C1(N2CCCCC2)CCN(CCCN2c3ccccc3CCc3ccc(Cl)cc32)CC1,QAZKXHSIKKNOHH-UHFFFAOYSA-N,0,,,0,0,,,
688,clocinizine,Clc1ccc(C(c2ccccc2)N2CCN(C/C=C/c3ccccc3)CC2)cc1,ZSQANMZWGKYDER-JXMROGBWSA-N,0,,,0,0,,,
690,clodronic acid,O=P(O)(O)C(Cl)(Cl)P(=O)(O)O,ACSIXWWBWUQEHA-UHFFFAOYSA-N,1,YEAR INTRODUCED,1986-01-01,0,5,PTPN1;SLC17A9;SLC25A4;SLC25A5;SLC25A6,,
691,clofarabine,Nc1nc(Cl)nc2c1ncn2[C@@H]1O[C@H](CO)[C@@H](O)[C@@H]1F,WDDPHFBMKLOVOX-AYQXTPAHSA-N,1,EMA;FDA,2004-12-28,1,7,PDE2A;POLA1;PRPS1;RRM1;RRM2;UCK1;UCK2,POLA1;RRM1;RRM2,
692,clofazimine,CC(C)/N=c1\cc2n(-c3ccc(Cl)cc3)c3ccccc3nc-2cc1Nc1ccc(Cl)cc1,WDQPAMHFFCXSNU-BGABXYSRSA-N,1,FDA,1986-12-15,1,0,,,
693,clofenamide,NS(=O)(=O)c1ccc(Cl)c(S(N)(=O)=O)c1,NENBAISIHCWPKP-UHFFFAOYSA-N,0,,,0,0,,,
694,clofibrate,CCOC(=O)C(C)(C)Oc1ccc(Cl)cc1,KNHUKKLJHYUCFP-UHFFFAOYSA-N,1,FDA,1967-02-08,1,1,PPARA,PPARA,
695,clofibric acid,CC(C)(Oc1ccc(Cl)cc1)C(=O)O,TXCGAZHTZHNUAI-UHFFFAOYSA-N,1,YEAR INTRODUCED,1963-01-01,0,2,LPL;PPARA,,
696,clofibride,CN(C)C(=O)CCCOC(=O)C(C)(C)Oc1ccc(Cl)cc1,CXQGFLBVUNUQIA-UHFFFAOYSA-N,0,,,0,0,,,
697,cloforex,CCOC(=O)NC(C)(C)Cc1ccc(Cl)cc1,TZWKUQDQKPYNLL-UHFFFAOYSA-N,0,,,1,0,,,
698,clometacin,COc1ccc2c(C(=O)c3ccc(Cl)cc3)c(C)n(CC(=O)O)c2c1,DGMZLCLHHVYDIS-UHFFFAOYSA-N,0,,,1,0,,,
699,clometocillin,COC(C(=O)N[C@@H]1C(=O)N2[C@@H]1SC(C)(C)[C@@H]2C(=O)O)c1ccc(Cl)c(Cl)c1,JKXQBIZCQJLVOS-GSNLGQFWSA-N,0,,,0,0,,,
700,clomifene,CCN(CC)CCOc1ccc(C(=C(Cl)c2ccccc2)c2ccccc2)cc1,GKIRPKYJQBWNGO-UHFFFAOYSA-N,1,FDA,1967-02-01,1,29,ADORA3;ADRA2A;ADRA2B;ADRA2C;ADRB3;CHRM1;CHRM2;CHRM3;CHRM4;CHRM5;CYP2D6;DRD3;EBP;EGFR;ERBB2;ESR1;FYN;HRH1;HTR2A;HTR2B;HTR2C;HTR6;KCNH2;PTGS1;SIGMAR1;SLC6A2;SLC6A3;SLC6A4;TACR2,ESR1,
701,clomipramine,CN(C)CCCN1c2ccccc2CCc2ccc(Cl)cc21,GDLIGKIOYRNHDA-UHFFFAOYSA-N,1,FDA,1989-12-29,1,27,ADRA1A;ADRA1D;ADRA2A;ADRA2B;ADRA2C;AOX1;CHRM1;CHRM2;CHRM3;CHRM4;CHRM5;CYP2D6;DRD1;DRD2;DRD3;GSTP1;HRH1;HRH2;HTR2A;HTR2B;HTR2C;HTR6;SIGMAR1;SLC22A1;SLC6A2;SLC6A3;SLC6A4,SLC6A2;SLC6A4,
702,clomocycline,CN(C)[C@@H]1C(O)=C(C(=O)NCO)C(=O)[C@@]2(O)C(O)=C3C(=O)c4c(O)ccc(Cl)c4[C@@](C)(O)[C@H]3C[C@@H]12,GJGDLRSSCNAKGL-KMVLDZISSA-N,0,,,0,0,,,
703,clonazepam,O=C1CN=C(c2ccccc2Cl)c2cc([N+](=O)[O-])ccc2N1,DGBIGWXXNGSACT-UHFFFAOYSA-N,1,FDA,1975-06-04,1,16,GABRA1;GABRA2;GABRA3;GABRA4;GABRA5;GABRA6;GABRB1;GABRB2;GABRB3;GABRD;GABRE;GABRG1;GABRG2;GABRG3;GABRP;GABRQ,GABRA1;GABRB2;GABRG2,
704,clonidine,Clc1cccc(Cl)c1NC1=NCCN1,GJSURZIOUXUGAL-UHFFFAOYSA-N,1,FDA,1974-09-03,1,11,ADRA1A;ADRA1B;ADRA1D;ADRA2A;ADRA2B;ADRA2C;HTR1A;NISCH;SLC22A1;SLC22A2;SLC47A1,ADRA2A;ADRA2B;ADRA2C,
705,clonixin,Cc1c(Cl)cccc1Nc1ncccc1C(=O)O,CLOMYZFHNHFSIQ-UHFFFAOYSA-N,0,,,0,1,DHODH,,
706,clopamide,C[C@@H]1CCC[C@H](C)N1NC(=O)c1ccc(Cl)c(S(N)(=O)=O)c1,LBXHRAWDUMTPSE-AOOOYVTPSA-N,0,,,0,0,,,
707,cloperastine,Clc1ccc(C(OCCN2CCCCC2)c2ccccc2)cc1,FLNXBVJLPJNOSI-UHFFFAOYSA-N,0,,,0,1,SLC22A1,,
708,clopidogrel,COC(=O)[C@H](c1ccccc1Cl)N1CCc2sccc2C1,GKTWGGQPFAXNFI-HNNXBMFYSA-N,1,EMA;FDA,1997-11-17,1,3,CYP2B6;P2RY12;SLC6A4,P2RY12,
709,cloprednol,C[C@]12C=CC(=O)C=C1C(Cl)=C[C@@H]1[C@@H]2[C@@H](O)C[C@@]2(C)[C@H]1CC[C@]2(O)C(=O)CO,YTJIBEDMAQUYSZ-FDNPDPBUSA-N,0,,,0,0,,,
710,cloranolol,CC(C)(C)NCC(O)COc1cc(Cl)ccc1Cl,XYCMOTOFHFTUIU-UHFFFAOYSA-N,0,,,0,0,,,
711,clorazepate,O=C(O)C1N=C(c2ccccc2)c2cc(Cl)ccc2NC1=O,XDDJGVMJFWAHJX-UHFFFAOYSA-N,1,FDA,1972-06-23,1,7,GABRA1;GABRA2;GABRA3;GABRA5;GABRB2;GABRB3;GABRG2,GABRA1;GABRA2;GABRA3;GABRA5;GABRB2;GABRB3;GABRG2,
712,clorexolone,NS(=O)(=O)c1cc2c(cc1Cl)CN(C1CCCCC1)C2=O,VPMWFZKOWULPGT-UHFFFAOYSA-N,0,,,0,0,,,
713,cloricromen,CCOC(=O)COc1ccc2c(C)c(CCN(CC)CC)c(=O)oc2c1Cl,GYNNRVJJLAVVTQ-UHFFFAOYSA-N,0,,,0,0,,,
714,clorprenaline,CC(C)NCC(O)c1ccccc1Cl,SSMSBSWKLKKXGG-UHFFFAOYSA-N,0,,,0,2,ADRB1;ADRB2,,
715,clortermine,CC(C)(N)Cc1ccccc1Cl,HXCXASJHZQXCKK-UHFFFAOYSA-N,0,,,0,0,,,
716,clostebol acetate,CC(=O)O[C@H]1CC[C@H]2[C@@H]3CCC4=C(Cl)C(=O)CC[C@]4(C)[C@H]3CC[C@]12C,XYGMEFJSKQEBTO-KUJXMBTLSA-N,0,,,0,0,,,
717,clotiapine,CN1CCN(C2=Nc3ccccc3Sc3ccc(Cl)cc32)CC1,KAAZGXDPUNNEFN-UHFFFAOYSA-N,0,,,0,1,DRD2,,
718,clotiazepam,CCc1cc2c(s1)N(C)C(=O)CN=C2c1ccccc1Cl,CHBRHODLKOZEPZ-UHFFFAOYSA-N,0,,,1,0,,,
719,clotrimazole,Clc1ccccc1C(c1ccccc1)(c1ccccc1)n1ccnc1,VNFPBHJOKIVQEB-UHFFFAOYSA-N,1,FDA,1975-02-03,1,61,ABCB1;ACHE;ADORA1;ADORA2A;ADORA3;ADRA1D;ADRA2A;ADRA2B;ADRB1;ADRB3;AVPR2;CA2;CCR4;CHRM1;CHRM2;CHRM3;CHRM4;CXCR1;CYP17A1;CYP19A1;CYP2C19;CYP2C9;CYP3A4;CYP51A1;CYP8B1;CYSLTR1;DRD1;DRD2;DRD3;DRD4;EGFR;ERBB2;FYN;HRH1;HRH2;HTR1A;HTR2A;HTR2B;HTR2C;HTR6;KCNA3;KCNH2;KCNN4;MDH1;NR1H4;NR1I2;NR1I3;NR3C1;OPRD1;OPRK1;OPRM1;PTAFR;PTGS2;SLC22A1;SLC6A2;SLC6A3;SLC6A4;TACR1;TACR2;TBXAS1;VCP,,
720,cloxacillin,Cc1onc(-c2ccccc2Cl)c1C(=O)N[C@@H]1C(=O)N2[C@@H]1SC(C)(C)[C@@H]2C(=O)O,LQOLIRLGBULYKD-JKIFEVAISA-N,1,FDA,1974-09-17,1,0,,,
721,cloxazolam,O=C1CN2CCOC2(c2ccccc2Cl)c2cc(Cl)ccc2N1,ZIXNZOBDFKSQTC-UHFFFAOYSA-N,0,,,0,1,AKR1C3,,
722,clozapine,CN1CCN(C2=Nc3cc(Cl)ccc3Nc3ccccc32)CC1,QZUDBNBUXVUHMW-UHFFFAOYSA-N,1,FDA,1989-09-26,1,42,ADORA3;ADRA1A;ADRA1B;ADRA1D;ADRA2A;ADRA2B;ADRA2C;ADRB1;ADRB2;AOX1;CALM1;CHRM1;CHRM2;CHRM3;CHRM4;CHRM5;DRD1;DRD2;DRD3;DRD4;DRD5;H1F0;HRH1;HRH2;HRH4;HTR1A;HTR1B;HTR1D;HTR1E;HTR1F;HTR2A;HTR2B;HTR2C;HTR3A;HTR5A;HTR6;HTR7;KCNH2;SIGMAR1;SLC6A2;SLC6A4;UGT1A4,DRD2;HTR2A,
723,cocaine,COC(=O)[C@H]1[C@@H](OC(=O)c2ccccc2)C[C@@H]2CC[C@H]1N2C,ZPUCINDJVBIVPJ-LJISPDSOSA-N,1,YEAR INTRODUCED,1860-01-01,1,18,ADRA1A;CARTPT;HRH1;HTR1B;HTR3A;HTR3B;KCNH2;OPRK1;SCN11A;SCN1A;SCN2A;SCN3A;SCN5A;SIGMAR1;SLC6A1;SLC6A2;SLC6A3;SLC6A4,SLC6A3,
725,codeine,COc1ccc2c3c1O[C@H]1[C@@H](O)C=C[C@H]4[C@@H](C2)N(C)CC[C@@]341,OROGSEYTTFOCAN-DNJOTXNNSA-N,1,FDA,1952-01-21,1,3,OPRD1;OPRK1;OPRM1,OPRM1,
726,colchicine,COc1cc2c(c(OC)c1OC)-c1ccc(OC)c(=O)cc1[C@@H](NC(C)=O)CC2,IAKHMKGGTNLKSZ-INIZCTEOSA-N,1,FDA,1961-07-27,1,9,ABCB1;ABCC1;BRD4;CYP3A4;GLRA1;GLRA2;PIM1;TUBB;TUBB4B,,
729,colforsin daropate,C=C[C@@]1(C)CC(=O)[C@]2(O)[C@@]3(C)[C@@H](O)CCC(C)(C)[C@@H]3[C@H](OC(=O)CCN(C)C)[C@H](OC(C)=O)[C@@]2(C)O1,RSOZZQTUMVBTMR-XGUNBQNXSA-N,0,,,0,5,ADCY1;SCN1A;SCN2A;SCN3A;SLC2A1,,
730,colfosceril palmitate,CCCCCCCCCCCCCCCC(=O)OC[C@H](COP(=O)([O-])OCC[N+](C)(C)C)OC(=O)CCCCCCCCCCCCCCC,KILNVBDSWZSGLL-KXQOOQHDSA-N,1,FDA,1990-08-02,1,0,,,
732,conivaptan,Cc1nc2c([nH]1)-c1ccccc1N(C(=O)c1ccc(NC(=O)c3ccccc3-c3ccccc3)cc1)CC2,IKENVDNFQMCRTR-UHFFFAOYSA-N,1,FDA,2005-12-29,1,2,AVPR1A;AVPR2,AVPR1A;AVPR2,
734,cortisone acetate,CC(=O)OCC(=O)[C@@]1(O)CC[C@H]2[C@@H]3CCC4=CC(=O)CC[C@]4(C)[C@H]3C(=O)C[C@@]21C,ITRJWOMZKQRYTA-RFZYENFJSA-N,1,FDA,1950-06-13,1,8,ANXA1;FNTA;FNTB;KCNA1;NR3C1;SERPINA6;SHBG;SLC47A1,NR3C1,
736,cortivazol,CC(=O)OCC(=O)[C@@]1(O)[C@H](C)C[C@H]2[C@@H]3C=C(C)C4=Cc5c(cnn5-c5ccccc5)C[C@]4(C)[C@H]3[C@@H](O)C[C@@]21C,RKHQGWMMUURILY-UHRZLXHJSA-N,0,,,1,1,NR3C1,NR3C1,
737,cotinine,CN1C(=O)CC[C@H]1c1cccnc1,UIKROCXWUNQSPJ-VIFPVBQESA-N,0,,,0,1,CHRNA2,,
738,coumarin,O=c1ccc2ccccc2o1,ZYGHJZDHTFUPRJ-UHFFFAOYSA-N,0,,,1,11,CA1;CA12;CA14;CA2;CA3;CA4;CA5A;CA5B;CA6;CA7;CA9,,
739,creatinolfosfate,CN(CCOP(=O)(O)O)C(=N)N,FOIPWTMKYXWFGC-UHFFFAOYSA-N,0,,,0,0,,,
740,croconazole,C=C(c1ccccc1OCc1cccc(Cl)c1)n1ccnc1,WHPAGCJNPTUGGD-UHFFFAOYSA-N,0,,,0,0,,,
741,cromoglicic acid,O=C(O)c1cc(=O)c2c(OCC(O)COc3cccc4oc(C(=O)O)cc(=O)c34)cccc2o1,IMZMKUWMOSJXDT-UHFFFAOYSA-N,1,FDA,1982-05-28,1,2,GPR35;S100P,,
743,cropropamide,C/C=C/C(=O)N(CCC)C(CC)C(=O)N(C)C,CYZWCBZIBJLKCV-RMKNXTFCSA-N,0,,,0,0,,,
744,crotamiton,CC=CC(=O)N(CC)c1ccccc1C,DNTGGZPQPQTDQF-UHFFFAOYSA-N,1,FDA,1949-07-06,0,0,,,
745,crotetamide,C/C=C/C(=O)N(CC)C(CC)C(=O)N(C)C,LSAMUAYPDHUBQD-RMKNXTFCSA-N,0,,,0,0,,,
746,cyamemazine,CC(CN(C)C)CN1c2ccccc2Sc2ccc(C#N)cc21,SLFGIOIONGJGRT-UHFFFAOYSA-N,0,,,0,13,CHRM1;CHRM2;CHRM3;CHRM4;CHRM5;DRD1;DRD2;DRD3;HTR1A;HTR2A;HTR2C;HTR3A;HTR7,,
747,cyclandelate,CC1CC(OC(=O)C(O)c2ccccc2)CC(C)(C)C1,WZHCOOQXZCIUNC-UHFFFAOYSA-N,0,,,1,0,,,
749,cyclizine,CN1CCN(C(c2ccccc2)c2ccccc2)CC1,UVKZSORBKUEBAZ-UHFFFAOYSA-N,1,FDA,,1,15,ADRA1D;ADRA2A;CHRM1;CHRM2;CHRM3;CHRM4;CHRM5;CYP2D6;DRD3;HRH1;HTR2A;HTR2B;HTR2C;MAOB;SLC6A3,HRH1,
750,cyclobarbital,CCC1(C2=CCCCC2)C(=O)NC(=O)NC1=O,WTYGAUXICFETTC-UHFFFAOYSA-N,0,,,1,0,,,
751,cyclobenzaprine,CN(C)CCC=C1c2ccccc2C=Cc2ccccc21,JURKNVYFZMSNLP-UHFFFAOYSA-N,1,FDA,1977-08-26,1,14,ABCB1;AOX1;CHRM1;CHRM2;CHRM3;HRH1;HTR2A;HTR2B;HTR2C;HTR6;HTR7;RET;SLC6A2;SLC6A4,HTR2A,
752,cyclobutyrol,CCC(C(=O)O)C1(O)CCCCC1,NIVFTEMPSCMWDE-UHFFFAOYSA-N,0,,,0,0,,,
753,cyclofenil,CC(=O)Oc1ccc(C(=C2CCCCC2)c2ccc(OC(C)=O)cc2)cc1,GVOUFPWUYJWQSK-UHFFFAOYSA-N,0,,,1,1,ESR1,,
754,cycloguanil,CC1(C)N=C(N)N=C(N)N1c1ccc(Cl)cc1,QMNFFXRFOJIOKZ-UHFFFAOYSA-N,0,,,0,1,DHFR,,
755,cyclopentamine,CNC(C)CC1CCCC1,HFXKQSZZZPGLKQ-UHFFFAOYSA-N,0,,,0,0,,,
756,cyclopenthiazide,NS(=O)(=O)c1cc2c(cc1Cl)NC(CC1CCCC1)NS2(=O)=O,BKYKPTRYDKTTJY-UHFFFAOYSA-N,0,,,0,0,,,
757,cyclopentolate,CN(C)CCOC(=O)C(c1ccccc1)C1(O)CCCC1,SKYSRIRYMSLOIN-UHFFFAOYSA-N,1,FDA,1974-07-31,1,1,CHRM3,CHRM3,
758,cyclophosphamide,O=P1(N(CCCl)CCCl)NCCCO1,CMSMOCZEIVJLDB-UHFFFAOYSA-N,1,FDA,1959-11-16,1,1,CYP3A4,,
759,cycloserine,N[C@@H]1CONC1=O,DYDCUQKUCUHJBH-UWTATZPHSA-N,1,FDA,1964-06-29,1,8,CYP3A4;GRIN1;GRIN2A;GRIN2B;GRIN2C;GRIN2D;GRIN3A;GRIN3B,,
760,ciclosporin,C/C=C/C[C@@H](C)[C@@H](O)[C@H]1C(=O)N[C@@H](CC)C(=O)N(C)CC(=O)N(C)[C@@H](CC(C)C)C(=O)N[C@@H](C(C)C)C(=O)N(C)[C@@H](CC(C)C)C(=O)N[C@@H](C)C(=O)N[C@H](C)C(=O)N(C)[C@@H](CC(C)C)C(=O)N(C)[C@@H](CC(C)C)C(=O)N(C)[C@@H](C(C)C)C(=O)N1C,PMATZTZNYRCHOR-CGLBZJNRSA-N,1,FDA;PMDA,1983-11-14,1,19,ABCB1;ABCB11;ABCC1;ABCC2;ABCG2;CYP3A4;DHODH;FKBP1A;FKBP1B;FKBP4;FPR1;PPIA;PPIB;PPID;PPP3CA;SLC10A1;SLCO1B1;SLCO1B3;TACR2,PPIA,
761,cyclothiazide,NS(=O)(=O)c1cc2c(cc1Cl)NC(C1CC3C=CC1C3)NS2(=O)=O,BOCUKUHCLICSIY-UHFFFAOYSA-N,1,FDA,1982-06-08,1,5,GRIA1;GRIA2;GRIA3;GRIA4;SLC12A3,SLC12A3,
762,cyclovalone,COc1cc(C=C2CCCC(=Cc3ccc(O)c(OC)c3)C2=O)ccc1O,DHKKONBXGAAFTB-UHFFFAOYSA-N,0,,,0,2,JUN;NFKB1,,
763,cycrimine,OC(CCN1CCCCC1)(c1ccccc1)C1CCCC1,SWRUZBWLEWHWRI-UHFFFAOYSA-N,1,FDA,,1,1,CHRM1,CHRM1,
764,cyprodenate,CN(C)CCOC(=O)CCC1CCCCC1,MPOYJPINNSIHAK-UHFFFAOYSA-N,0,,,0,0,,,
765,cyproheptadine,CN1CCC(=C2c3ccccc3C=Cc3ccccc32)CC1,JJCFRYNCJDLXIK-UHFFFAOYSA-N,1,FDA,1961-10-17,1,35,ABCB1;ADRA1A;ADRA1B;ADRA1D;ADRA2A;ADRA2B;ADRA2C;CALM1;CALM2;CALM3;CHRM1;CHRM2;CHRM3;CHRM4;CHRM5;DRD1;DRD2;DRD3;HRH1;HRH2;HRH4;HTR1A;HTR1D;HTR2A;HTR2B;HTR2C;HTR6;HTR7;KCNH2;SCN1A;SCN2A;SCN3A;SETD7;SLC6A2;SLC6A4,HRH1,
766,cyproterone acetate,CC(=O)O[C@]1(C(C)=O)CC[C@H]2[C@@H]3C=C(Cl)C4=CC(=O)[C@@H]5C[C@@H]5[C@]4(C)[C@H]3CC[C@@]21C,UWFYSQMTEOIJJG-FDTZYFLXSA-N,1,YEAR INTRODUCED,1974-01-01,0,4,AR;NR3C1;OPRM1;PGR,AR,
768,mercaptamine,NCCS,UFULAYFCSOUIOV-UHFFFAOYSA-N,1,EMA;FDA,1994-08-15,1,0,,,
769,cysteine,N[C@@H](CS)C(=O)O,XUJNEKJLAYXESH-REOHCLBHSA-N,1,FDA,1986-10-22,1,1,SLC7A11,,
770,cytarabine,Nc1ccn([C@@H]2O[C@H](CO)[C@@H](O)[C@@H]2O)c(=O)n1,UHDGCWIWMRVCDJ-CCXZUQQUSA-N,1,FDA;PMDA,1969-06-17,1,6,ACPP;MDM2;POLA1;POLB;POLD1;POLE,POLA1;POLD1;POLE,
771,cytarabine ocfosfate,CCCCCCCCCCCCCCCCCCOP(=O)(O)OC[C@H]1O[C@@H](n2ccc(N)nc2=O)[C@@H](O)[C@@H]1O,YJTVZHOYBAOUTO-URBBEOKESA-N,0,,,0,0,,,
772,cyverine,CN(CCC1CCCCC1)CCC1CCCCC1,VEKYMVTZQGCUAQ-UHFFFAOYSA-N,0,,,0,0,,,
773,dacarbazine,CN(C)/N=N/c1nc[nH]c1C(N)=O,FDKXTQMXEQVLRF-ZHACJKMWSA-N,1,FDA,1975-05-27,1,2,MMP9;POLA2,,
774,dactinomycin,Cc1c2oc3c(C)ccc(C(=O)N[C@@H]4C(=O)N[C@H](C(C)C)C(=O)N5CCC[C@H]5C(=O)N(C)CC(=O)N(C)[C@@H](C(C)C)C(=O)O[C@@H]4C)c3nc-2c(C(=O)N[C@@H]2C(=O)N[C@H](C(C)C)C(=O)N3CCC[C@H]3C(=O)N(C)CC(=O)N(C)[C@@H](C(C)C)C(=O)O[C@@H]2C)c(N)c1=O,RJURFGZVJUQBHK-IIXSONLDSA-N,1,FDA,1964-12-10,1,3,DDR2;GRB2;NGLY1,,
776,dabigatran etexilate,CCCCCCOC(=O)NC(=N)c1ccc(NCc2nc3cc(C(=O)N(CCC(=O)OCC)c4ccccn4)ccc3n2C)cc1,KSGXQBZTULBEEQ-UHFFFAOYSA-N,1,FDA,2010-10-19,1,13,F10;F2;HPN;NQO2;PLAT;PLG;PROC;PRSS1;PRSS2;PRSS3;SLC22A2;SLC47A1;SLC47A2,F2,
777,dalbavancin,CN[C@H]1C(=O)N[C@@H]2Cc3ccc(cc3)Oc3cc4cc(c3O[C@@H]3O[C@H](C(=O)O)[C@@H](O)[C@H](O)[C@H]3NC(=O)CCCCCCCCC(C)C)Oc3ccc(cc3Cl)[C@@H](O)[C@@H]3NC(=O)[C@H](NC(=O)[C@@H]4NC(=O)[C@@H](NC2=O)c2cc(cc(O)c2Cl)Oc2cc1ccc2O)c1ccc(O)c(c1)-c1c(O[C@H]2O[C@H](CO)[C@@H](O)[C@H](O)[C@@H]2O)cc(O)cc1[C@@H](C(=O)NCCCN(C)C)NC3=O,KGPGQDLTDHGEGT-SZUNQUCBSA-N,1,EMA;FDA,2014-05-23,1,0,,,
778,dalfopristin,CCN(CC)CCS(=O)(=O)[C@H]1CN2C[C@H]1C(=O)O[C@H](C(C)C)[C@H](C)/C=C/C(=O)NC/C=C/C(C)=C/[C@@H](O)CC(=O)Cc1nc(co1)C2=O,KLRSZNOYZIOTBR-VLAQKBCTSA-N,1,FDA,1999-09-21,0,0,,,
779,danazol,C#C[C@]1(O)CC[C@H]2[C@@H]3CCC4=Cc5oncc5C[C@]4(C)[C@H]3CC[C@@]21C,POZRVZJJTULAOH-LHZXLZLDSA-N,1,FDA,1976-06-21,1,22,ADORA3;ADRA2A;ADRA2B;ADRA2C;ADRB3;AR;CHRM3;CYP2C9;DRD1;DRD3;ESR1;HTR2A;NR3C1;OPRK1;OPRM1;PGR;SHBG;SLC6A2;SLC6A3;SLC6A4;STS;TACR2,AR;PGR,
780,dantrolene,O=C1CN(/N=C/c2ccc(-c3ccc([N+](=O)[O-])cc3)o2)C(=O)N1,OZOMQRBLCMDCEG-VIZOYTHASA-N,1,FDA,1974-01-15,1,3,CISD1;RYR1;RYR3,RYR1;RYR3,
781,dapiprazole,Cc1ccccc1N1CCN(CCc2nnc3n2CCCC3)CC1,RFWZESUMWJKKRN-UHFFFAOYSA-N,1,FDA,1990-12-31,1,8,ADRA1A;ADRA1B;ADRA1D;ADRA2B;HTR1A;HTR2A;HTR2B;HTR2C,ADRA1A;ADRA1D,
782,dapsone,Nc1ccc(S(=O)(=O)c2ccc(N)cc2)cc1,MQJKPEGWNLWLTK-UHFFFAOYSA-N,1,FDA,1979-07-03,1,4,CYP3A4;G6PD;HTR6;MPO,,
783,daptomycin,CCCCCCCCCC(=O)N[C@@H](Cc1c[nH]c2ccccc12)C(=O)N[C@H](CC(N)=O)C(=O)N[C@@H](CC(=O)O)C(=O)N[C@@H]1C(=O)NCC(=O)N[C@@H](CCCN)C(=O)N[C@@H](CC(=O)O)C(=O)N[C@H](C)C(=O)N[C@@H](CC(=O)O)C(=O)NCC(=O)N[C@H](CO)C(=O)N[C@@H]([C@H](C)CC(=O)O)C(=O)N[C@@H](CC(=O)c2ccccc2N)C(=O)O[C@@H]1C,DOAKLVKFURWEDJ-QCMAZARJSA-N,1,FDA,2003-09-12,1,0,,,
784,darifenacin,NC(=O)C(c1ccccc1)(c1ccccc1)[C@@H]1CCN(CCc2ccc3c(c2)CCO3)C1,HXGBXQDTNZMWGS-RUZDIDTESA-N,1,EMA;FDA,2004-10-22,1,8,ADRB1;ADRB2;CHRM1;CHRM2;CHRM3;CHRM4;CHRM5;DRD2,CHRM3,
785,dasatinib,Cc1nc(Nc2ncc(C(=O)Nc3c(C)cccc3Cl)s2)cc(N2CCN(CCO)CC2)n1,ZBNZXTGUTAYRHI-UHFFFAOYSA-N,1,FDA,2006-06-28,1,127,ABL1;ABL2;ACVR1;ACVR1B;ACVR2A;ACVR2B;ACVRL1;AURKA;AURKB;BCR;BLK;BMPR1A;BMPR1B;BMX;BRAF;BTK;CDC42BPA;CDC42BPB;CDC42BPG;COQ8A;CSF1R;CSK;CSNK1E;DDR1;DDR2;DMPK;EGFR;EIF2AK4;EPHA1;EPHA2;EPHA3;EPHA4;EPHA5;EPHA6;EPHA8;EPHB1;EPHB2;EPHB3;EPHB4;EPHB6;ERBB2;ERBB3;ERBB4;FGFR1;FGFR2;FGFR3;FGR;FLT1;FLT3;FRK;FYN;GAK;HCK;ITK;JAK2;JAK3;KDR;KIT;LCK;LIMK1;LIMK2;LYN;MAP2K1;MAP2K2;MAP2K5;MAP3K13;MAP3K19;MAP3K2;MAP3K3;MAP3K4;MAP3K7;MAP4K1;MAP4K2;MAP4K3;MAP4K4;MAP4K5;MAPK11;MAPK12;MAPK13;MAPK14;MINK1;MTOR;MYLK2;MYT1;NEK11;NEK2;NLK;PDGFRA;PDGFRB;PIK3CA;PIK3CD;PKMYT1;PTK6;RAF1;RET;RIPK2;SBK1;SIK1;SIK2;SIK3;SLK;SRC;SRMS;STK10;STK25;STK26;STK35;STK36;STK4;SYK;TAOK2;TAOK3;TEC;TESK1;TGFBR1;TGFBR2;TNIK;TNK2;TNNI3K;TXK;TYK2;ULK3;VRK2;WEE1;WEE2;YES1;ZAK,ABL1;EPHA2;FYN;KIT;LCK;PDGFRB;SRC;YES1,
786,daunorubicin,COc1cccc2c1C(=O)c1c(O)c3c(c(O)c1C2=O)C[C@@](O)(C(C)=O)C[C@@H]3O[C@H]1C[C@H](N)[C@H](O)[C@H](C)O1,STQGQHZAVUOBTE-VGBVRHCVSA-N,1,FDA,1979-12-19,1,6,ABCB1;ABCC1;ABCC6;ABCG2;MMP2;TOP2A,TOP2A,
787,deanol,CN(C)CCO,UEEJHVSXFDXPFK-UHFFFAOYSA-N,0,,,0,0,,,
788,debrisoquine,N=C(N)N1CCc2ccccc2C1,JWPGJSVJDAJRLW-UHFFFAOYSA-N,1,YEAR INTRODUCED,1965-01-01,1,2,MAOA;MAOB,,
789,decamethonium,C[N+](C)(C)CCCCCCCCCC[N+](C)(C)C,MTCUAOILFDZKCO-UHFFFAOYSA-N,1,FDA,1975-05-21,1,8,ACHE;CHRM2;CHRNA1;CHRNB1;CHRND;CHRNE;CHRNG;HRH3,CHRNA1;CHRNB1;CHRND;CHRNE;CHRNG,charged_parent
790,decitabine,Nc1ncn([C@H]2C[C@H](O)[C@@H](CO)O2)c(=O)n1,XAUDJQYHKZQPEU-KVQBGUIXSA-N,1,FDA,2006-05-02,1,2,DNMT1;DNMT3A,DNMT1;DNMT3A,
792,deferoxamine,CC(=O)N(O)CCCCCNC(=O)CCC(=O)N(O)CCCCCNC(=O)CCC(=O)N(O)CCCCCN,UBQYURCVBFRUQT-UHFFFAOYSA-N,1,FDA,1968-04-01,1,2,DOHH;HIF1A,,
793,deflazacort,CC(=O)OCC(=O)[C@@]12N=C(C)O[C@@H]1C[C@H]1[C@@H]3CCC4=CC(=O)C=C[C@]4(C)[C@H]3[C@@H](O)C[C@@]12C,FBHSPRKOSMHSIF-GRMWVWQJSA-N,1,FDA,2017-02-09,1,0,,,
794,dehydrocholic acid,C[C@H](CCC(=O)O)[C@H]1CC[C@H]2[C@@H]3C(=O)C[C@@H]4CC(=O)CC[C@]4(C)[C@H]3CC(=O)[C@]12C,OHXPGWPVLFPUSM-KLRNGDHRSA-N,0,,,0,0,,,
795,prasterone,C[C@]12CC[C@H](O)CC1=CC[C@@H]1[C@@H]2CC[C@]2(C)C(=O)CC[C@@H]12,FMGSKLZLMKYGDP-USOAJAOKSA-N,1,FDA,,1,3,G6PD;SERPINA6;SHBG,,
796,prasterone acetate,CC(=O)O[C@H]1CC[C@@]2(C)C(=CC[C@@H]3[C@@H]2CC[C@]2(C)C(=O)CC[C@@H]32)C1,NCMZQTLCXHGLOK-ZKHIMWLXSA-N,0,,,0,0,,,
797,algestone acetophenide,CC(=O)[C@@]12O[C@](C)(c3ccccc3)O[C@@H]1C[C@H]1[C@@H]3CCC4=CC(=O)CC[C@]4(C)[C@H]3CC[C@@]12C,AHBKIEXBQNRDNL-FVCOMRFXSA-N,0,,,0,0,,,
798,delapril,CCOC(=O)[C@H](CCc1ccccc1)N[C@@H](C)C(=O)N(CC(=O)O)C1Cc2ccccc2C1,WOUOLAUOZXOLJQ-MBSDFSHPSA-N,0,,,0,1,ACE,ACE,
799,delavirdine,CC(C)Nc1cccnc1N1CCN(C(=O)c2cc3cc(NS(C)(=O)=O)ccc3[nH]2)CC1,WHBIGIKBNXZKFE-UHFFFAOYSA-N,1,FDA,1997-04-04,1,2,HRH4;MDH1,,
800,delorazepam,O=C1CN=C(c2ccccc2Cl)c2cc(Cl)ccc2N1,CHIFCDOIPRCHCF-UHFFFAOYSA-N,0,,,0,16,GABRA1;GABRA2;GABRA3;GABRA4;GABRA5;GABRA6;GABRB1;GABRB2;GABRB3;GABRD;GABRE;GABRG1;GABRG2;GABRG3;GABRP;GABRQ,,
801,demecarium,CN(CCCCCCCCCCN(C)C(=O)Oc1cccc([N+](C)(C)C)c1)C(=O)Oc1cccc([N+](C)(C)C)c1,RWZVPVOZTJJMNU-UHFFFAOYSA-N,1,FDA,1959-08-05,1,1,ACHE,ACHE,charged_parent
802,demeclocycline,CN(C)[C@@H]1C(O)=C(C(N)=O)C(=O)[C@@]2(O)C(O)=C3C(=O)c4c(O)ccc(Cl)c4[C@@H](O)[C@H]3C[C@@H]12,FMTDIUIBLCQGJB-SEYHBJAFSA-N,1,FDA,1960-01-14,1,1,ESR2,,
803,demegestone,CC(=O)[C@@]1(C)CC[C@H]2[C@@H]3CCC4=CC(=O)CCC4=C3CC[C@@]21C,JWAHBTQSSMYISL-MHTWAQMVSA-N,0,,,0,0,,,
804,demexiptiline,CNCCON=c1c2ccccc2ccc2ccccc12,SEDQWOMFMIJKCU-UHFFFAOYSA-N,0,,,0,0,,,
805,denaverine,CCC(CC)COC(C(=O)OCCN(C)C)(c1ccccc1)c1ccccc1,FPTOUQZVCUIPHY-UHFFFAOYSA-N,0,,,0,0,,,
806,denopamine,COc1ccc(CCNC[C@H](O)c2ccc(O)cc2)cc1OC,VHSBBVZJABQOSG-INIZCTEOSA-N,0,,,0,2,ADRB1;SLC22A1,ADRB1,
808,deptropine,CN1[C@@H]2CC[C@H]1C[C@@H](OC1c3ccccc3CCc3ccccc31)C2,ZWPODSUQWXAZNC-PMOLBWCYSA-N,0,,,0,0,,,
809,desalkylflurazepam,O=C1CN=C(c2ccccc2F)c2cc(Cl)ccc2N1,UVCOILFBWYKHHB-UHFFFAOYSA-N,1,YEAR INTRODUCED,1968-01-01,0,3,GABRA1;GABRB2;GABRG2,,
810,deserpidine,COC(=O)[C@H]1[C@H]2C[C@@H]3c4[nH]c5ccccc5c4CCN3C[C@H]2C[C@@H](OC(=O)c2cc(OC)c(OC)c(OC)c2)[C@@H]1OC,CVBMAZKKCSYWQR-WCGOZPBSSA-N,1,FDA,1957-04-19,1,1,SLC18A2,SLC18A2,
811,desflurane,FC(F)OC(F)C(F)(F)F,DPYMFVXJLLWWEU-UHFFFAOYSA-N,1,FDA,1992-09-18,1,23,GABRA1;GABRA2;GABRA3;GABRA4;GABRA5;GABRA6;GABRB1;GABRB2;GABRB3;GABRD;GABRE;GABRG1;GABRG2;GABRG3;GABRP;GABRQ;GLRA1;GLRB;KCNK10;KCNK18;KCNK2;KCNK3;KCNK9,GABRA1;GABRA2;GABRA3;GABRA4;GABRA5;GABRA6;GABRB1;GABRB2;GABRB3;GABRD;GABRE;GABRG1;GABRG2;GABRG3;GABRP;GABRQ;GLRA1;GLRB;KCNK10;KCNK18;KCNK2;KCNK3;KCNK9,
812,desipramine,CNCCCN1c2ccccc2CCc2ccccc21,HCYAFALTSJYZDH-UHFFFAOYSA-N,1,FDA,1964-11-20,1,26,ADRA1A;ADRA2A;ADRA2B;CACNG1;CHRM1;CHRM2;CHRM3;CHRM4;CHRM5;DRD1;DRD2;HRH1;HTR1A;HTR1B;HTR2A;HTR2B;HTR2C;KCNH2;SCN1A;SCN2A;SCN3A;SLC22A1;SLC29A4;SLC6A2;SLC6A3;SLC6A4,SLC6A2,
813,deslanoside,C[C@H]1O[C@@H](O[C@H]2CC[C@@]3(C)[C@H](CC[C@@H]4[C@@H]3C[C@@H](O)[C@]3(C)[C@@H](C5=CC(=O)OC5)CC[C@]43O)C2)C[C@H](O)[C@@H]1O[C@H]1C[C@H](O)[C@H](O[C@H]2C[C@H](O)[C@H](O[C@@H]3O[C@H](CO)[C@@H](O)[C@H](O)[C@H]3O)[C@@H](C)O2)[C@@H](C)O1,OBATZBGFDSVCJD-LALPQLPRSA-N,1,FDA,,1,8,ATP1A1;ATP1A2;ATP1A3;ATP1A4;ATP1B1;ATP1B2;ATP1B3;FXYD2,ATP1A1;ATP1A2;ATP1A3;ATP1A4;ATP1B1;ATP1B2;ATP1B3;FXYD2,
814,desloratadine,Clc1ccc2c(c1)CCc1cccnc1C2=C1CCNCC1,JAUOIFJMECXRGI-UHFFFAOYSA-N,1,FDA,2001-12-21,1,18,ABCB1;ADRA2B;CHRM1;CHRM2;CHRM3;CHRM4;CHRM5;DRD3;HRH1;HRH2;HRH4;HTR2A;HTR2B;HTR2C;HTR6;SLC6A2;SLC6A3;SLC6A4,HRH1,
816,nordazepam,O=C1CN=C(c2ccccc2)c2cc(Cl)ccc2N1,AKPLHCDWDRPJGD-UHFFFAOYSA-N,1,YEAR INTRODUCED,1961-01-01,0,5,GABBR2;GABRA1;GABRB2;GABRG2;GABRR2,,
817,desmopressin,N=C(N)NCCC[C@@H](NC(=O)[C@@H]1CCCN1C(=O)[C@@H]1CSSCCC(=O)N[C@@H](Cc2ccc(O)cc2)C(=O)N[C@@H](Cc2ccccc2)C(=O)N[C@@H](CCC(N)=O)C(=O)N[C@@H](CC(N)=O)C(=O)N1)C(=O)NCC(N)=O,NFLWUMRGJYTJIN-PNIOQBSNSA-N,1,FDA,1978-02-21,1,4,AVPR1A;AVPR1B;AVPR2;OXTR,AVPR2,
818,desogestrel,C#C[C@]1(O)CC[C@H]2[C@@H]3CCC4=CCCC[C@@H]4[C@H]3C(=C)C[C@@]21CC,RPLCPCMSCLEKRS-BPIQYHPVSA-N,1,FDA,1992-12-10,1,2,PGR;SHBG,PGR,
819,desoximetasone,C[C@@H]1C[C@H]2[C@@H]3CCC4=CC(=O)C=C[C@]4(C)[C@@]3(F)[C@@H](O)C[C@]2(C)[C@H]1C(=O)CO,VWVSBHGCDBMOOT-IIEHVVJPSA-N,1,FDA,1977-02-28,1,2,ANXA1;NR3C1,NR3C1,
820,desoxycortone,C[C@]12CC[C@H]3[C@@H](CCC4=CC(=O)CC[C@@]43C)[C@@H]1CC[C@@H]2C(=O)CO,ZESRJSPZRDMNHY-YFWFAHHUSA-N,0,,,0,7,HTR2A;HTR2B;HTR2C;NR3C1;NR3C2;SERPINA6;SHBG,NR3C2,
821,desoxycorticosterone acetate,CC(=O)OCC(=O)[C@H]1CC[C@H]2[C@@H]3CCC4=CC(=O)CC[C@]4(C)[C@H]3CC[C@]12C,VPGRYOFKCNULNK-ACXQXYJUSA-N,1,FDA,1939-08-17,1,1,NR3C2,NR3C2,
822,desoxycorticosterone pivalate,CC(C)(C)C(=O)OCC(=O)[C@H]1CC[C@H]2[C@@H]3CCC4=CC(=O)CC[C@]4(C)[C@H]3CC[C@]12C,VVOIQBFMTVCINR-WWMZEODYSA-N,1,FDA,,1,1,NR3C2,NR3C2,
823,detajmium,CC[C@H]1[C@@H]2C[C@H]3[C@@H]4N(C)c5ccccc5[C@]45C[C@@H]([C@H]2[C@H]5O)[N@@+]3(CC(O)CN(CC)CC)[C@@H]1O,IXLGLCQSNUMEGQ-PYJPINIGSA-N,0,,,0,0,,,charged_parent
824,dexamethasone,C[C@@H]1C[C@H]2[C@@H]3CCC4=CC(=O)C=C[C@]4(C)[C@@]3(F)[C@@H](O)C[C@]2(C)[C@@]1(O)C(=O)CO,UREBDLICKHMUKA-CXSFZGCWSA-N,1,FDA,1958-10-30,1,8,ANXA1;AR;IL4;IL5;NR3C1;NR3C2;PGR;PTGS2,NR3C1,
825,dexamethasone acefurate,CC(=O)OCC(=O)[C@@]1(OC(=O)c2ccco2)[C@H](C)C[C@H]2[C@@H]3CCC4=CC(=O)C=C[C@]4(C)[C@@]3(F)[C@@H](O)C[C@@]21C,DDIWRLSEGOVQQD-BJRLRHTOSA-N,0,,,0,0,,,
826,dexamethasone acetate,CC(=O)OCC(=O)[C@@]1(O)[C@H](C)C[C@H]2[C@@H]3CCC4=CC(=O)C=C[C@]4(C)[C@@]3(F)[C@@H](O)C[C@@]21C,AKUJBENLRBOFTD-RPRRAYFGSA-N,1,FDA,1973-09-06,1,1,NR3C1,NR3C1,
827,dexamethasone dipropionate,CCC(=O)OCC(=O)[C@@]1(OC(=O)CC)[C@H](C)C[C@H]2[C@@H]3CCC4=CC(=O)C=C[C@]4(C)[C@@]3(F)[C@@H](O)C[C@@]21C,CIWBQSYVNNPZIQ-PKWREOPISA-N,0,,,1,0,,,
828,dexamethasone palmitate,CCCCCCCCCCCCCCCC(=O)OCC(=O)[C@@]1(O)[C@H](C)C[C@H]2[C@@H]3CCC4=CC(=O)C=C[C@]4(C)[C@@]3(F)[C@@H](O)C[C@@]21C,WDPYZTKOEFDTCU-WDJQFAPHSA-N,0,,,0,4,AR;NR3C1;NR3C2;PGR,,
829,dexamethasone valerate,CCCCC(=O)O[C@]1(C(=O)CO)[C@H](C)C[C@H]2[C@@H]3CCC4=CC(=O)C=C[C@]4(C)[C@@]3(F)[C@@H](O)C[C@@]21C,SNHRLVCMMWUAJD-OMPPIWKSSA-N,0,,,1,4,AR;NR3C1;NR3C2;PGR,,
830,dexbrompheniramine,CN(C)CC[C@@H](c1ccc(Br)cc1)c1ccccn1,ZDIGNSYAACHWNL-HNNXBMFYSA-N,1,FDA,1963-10-18,1,1,HRH1,HRH1,
831,dexetimide,O=C1CC[C@@](c2ccccc2)(C2CCN(Cc3ccccc3)CC2)C(=O)N1,LQQIVYSCPWCSSD-HSZRJFAPSA-N,0,,,0,1,CHRM2,CHRM2,
832,dexfenfluramine,CCN[C@@H](C)Cc1cccc(C(F)(F)F)c1,DBGIVFWFUFKIQN-VIFPVBQESA-N,1,YEAR INTRODUCED,1970-01-01,1,20,ADRA1A;ADRA1B;ADRA2A;ADRA2B;ADRA2C;ADRB1;CHRM1;CHRM2;CHRM3;CHRM4;HTR1A;HTR1B;HTR1D;HTR2A;HTR2B;HTR2C;HTR6;HTR7;SIGMAR1;SLC6A4,,
833,dexketoprofen,C[C@H](C(=O)O)c1cccc(C(=O)c2ccccc2)c1,DKYWVDODHFEZIM-NSHDSACASA-N,0,,,1,2,PTGS1;PTGS2,PTGS1;PTGS2,
834,dexloxiglumide,CCCCCN(CCCOC)C(=O)[C@@H](CCC(=O)O)NC(=O)c1ccc(Cl)c(Cl)c1,QNQZBKQEIFTHFZ-GOSISDBHSA-N,0,,,0,1,CCKAR,,
835,dexmedetomidine,Cc1cccc([C@H](C)c2c[nH]cn2)c1C,CUHVIMMYOGQXCV-NSHDSACASA-N,1,FDA,1999-12-17,1,6,ADRA1A;ADRA1B;ADRA1D;ADRA2A;ADRA2B;ADRA2C,ADRA2A;ADRA2B;ADRA2C,
836,dexmethylphenidate,COC(=O)[C@H](c1ccccc1)[C@H]1CCCCN1,DUGOZIWVEXMGBE-CHWSQXEVSA-N,1,FDA,2001-11-13,1,2,SLC6A2;SLC6A3,SLC6A2;SLC6A3,
837,dexniguldipine,COC(=O)C1=C(C)NC(C)=C(C(=O)OCCCN2CCC(c3ccccc3)(c3ccccc3)CC2)[C@@H]1c1cccc([N+](=O)[O-])c1,SVJMLYUFVDMUHP-MGBGTMOVSA-N,0,,,0,11,ABCB1;ADORA3;ADRA1A;ADRA1B;ADRA1D;ADRA2A;ADRA2B;ADRA2C;CACNA1C;CACNA1D;CACNA1H,CACNA1C;CACNA1D,
838,dexpanthenol,CC(C)(CO)[C@@H](O)C(=O)NCCCO,SNPLKNRPJHDVJA-ZETCQYMHSA-N,1,FDA,1953-02-20,1,0,,,
839,dexrazoxane,C[C@@H](CN1CC(=O)NC(=O)C1)N1CC(=O)NC(=O)C1,BMKDZUISNHGIBY-ZETCQYMHSA-N,1,FDA,1995-05-26,1,0,,,
840,dextrofemine,CC(COc1ccccc1)NC(C)Cc1ccccc1,URCIJDUOBBSMII-UHFFFAOYSA-N,0,,,0,0,,,
841,dexamfetamine,C[C@H](N)Cc1ccccc1,KWTSXDURSIMDCE-QMMMGPOBSA-N,1,FDA,1955-09-09,1,10,ADRA1A;ADRA2A;CARTPT;HTR1A;MAOA;SLC18A2;SLC6A2;SLC6A3;SLC6A4;TAAR1,SLC18A2;SLC6A2;SLC6A3,
842,dextromethorphan,COc1ccc2c(c1)[C@]13CCCC[C@@H]1[C@H](C2)N(C)CC3,MKXZASYAUGDDCJ-NJAFHUGGSA-N,1,FDA,1957-12-03,1,7,CYP2D6;GRIN2C;GRIN3A;SIGMAR1;SLC22A1;SLC6A4;TAS2R46,,
843,dextromoramide,C[C@H](CN1CCOCC1)C(C(=O)N1CCCC1)(c1ccccc1)c1ccccc1,INUNXTSAACVKJS-OAQYLSRUSA-N,0,,,0,0,,,
844,dextropropoxyphene,CCC(=O)O[C@](Cc1ccccc1)(c1ccccc1)[C@H](C)CN(C)C,XLMALTXPSGQGBX-GCJKJVERSA-N,1,FDA,1957-08-16,1,3,GRIN3A;OPRM1;SCN5A,OPRM1,
845,glucose,OC[C@H]1O[C@@H](O)[C@H](O)[C@@H](O)[C@@H]1O,WQZGKKKJIJFFOK-VFUOTHLCSA-N,1,FDA,1946-01-17,1,0,,,
846,dextrothyroxine,N[C@H](Cc1cc(I)c(Oc2cc(I)c(O)c(I)c2)c(I)c1)C(=O)O,XUIIKFGFIJCVMT-GFCCVEGCSA-N,1,FDA,1967-04-14,1,2,THRA;THRB,THRA;THRB,
847,dezocine,C[C@@]12CCCCC[C@@H](Cc3ccc(O)cc31)[C@@H]2N,VTMVHDZWSFQSQP-VBNZEHGJSA-N,1,FDA,,1,2,OPRK1;OPRM1,OPRK1;OPRM1,
849,diacerein,CC(=O)Oc1cccc2c1C(=O)c1c(OC(C)=O)cc(C(=O)O)cc1C2=O,TYNLGDBUJLVSMA-UHFFFAOYSA-N,0,,,0,3,CASP3;CASP7;NAAA,,
850,diampromide,CCC(=O)N(CC(C)N(C)CCc1ccccc1)c1ccccc1,RXTHKWVSXOIHJS-UHFFFAOYSA-N,0,,,0,0,,,
851,diatrizoate,CC(=O)Nc1c(I)c(NC(C)=O)c(I)c(C(=O)O)c1I,YVPYQUNUQOZFHG-UHFFFAOYSA-N,1,FDA,1954-11-26,1,0,,,
852,diazepam,CN1C(=O)CN=C(c2ccccc2)c2cc(Cl)ccc21,AAOVKJBEBIDNHE-UHFFFAOYSA-N,1,FDA,1963-11-15,1,14,ADORA3;ADRA1A;AKR1C1;AKR1C2;AKR1C3;CYP3A4;GABRA1;GABRA2;GABRA3;GABRA5;GABRB2;GABRB3;GABRG2;GABRG3,GABRA1;GABRA2;GABRA3;GABRA5;GABRB2;GABRB3;GABRG2;GABRG3,
853,diaziquone,CCOC(=O)NC1=C(N2CC2)C(=O)C(NC(=O)OCC)=C(N2CC2)C1=O,WVYXNIXAMZOZFK-UHFFFAOYSA-N,0,,,0,0,,,
854,diazoxide,CC1=Nc2ccc(Cl)cc2S(=O)(=O)N1,GDLBFKVLRPITMI-UHFFFAOYSA-N,1,FDA,1973-01-22,1,3,ABCC8;KCNJ11;NAMPT,ABCC8;KCNJ11,
855,dibekacin,NC[C@@H]1CC[C@@H](N)[C@@H](O[C@H]2[C@H](O)[C@@H](O[C@H]3O[C@H](CO)[C@@H](O)[C@H](N)[C@H]3O)[C@H](N)C[C@@H]2N)O1,JJCQSGDBDPYCEO-XVZSLQNASA-N,1,YEAR INTRODUCED,1979-01-01,0,0,,,
856,dibenzepin,CN(C)CCN1C(=O)c2ccccc2N(C)c2ccccc21,QPGGEKPRGVJKQB-UHFFFAOYSA-N,0,,,1,0,,,
857,mitolactol,O[C@H]([C@H](O)[C@@H](O)CBr)[C@H](O)CBr,VFKZTMPDYBFSTM-GUCUJZIJSA-N,0,,,0,0,,,
858,mitobronitol,O[C@@H]([C@H](O)[C@H](O)CBr)[C@H](O)CBr,VFKZTMPDYBFSTM-KVTDHHQDSA-N,0,,,0,0,,,
859,cinchocaine,CCCCOc1cc(C(=O)NCCN(CC)CC)c2ccccc2n1,PUFQVTATUTYEAL-UHFFFAOYSA-N,1,FDA,,1,5,SCN10A;SCN1A;SCN2A;SCN3A;SCN5A,SCN10A;SCN5A,
860,dibunate,CC(C)(C)c1ccc2c(S(=O)(=O)O)c(C(C)(C)C)ccc2c1,WBEBQCINXJDZCX-UHFFFAOYSA-N,0,,,1,0,,,
861,phenazone,Cc1cc(=O)n(-c2ccccc2)n1C,VEQOALNAAJBPNY-UHFFFAOYSA-N,1,YEAR INTRODUCED,1964-01-01,0,2,NAPRT;TRPA1,TRPA1,
862,dichloroacetic acid,O=C(O)C(Cl)Cl,JXTHNDFMNIQAHM-UHFFFAOYSA-N,0,,,0,4,PDK1;PDK2;PDK3;PDK4,,
863,dichlorophen,Oc1ccc(Cl)cc1Cc1cc(Cl)ccc1O,MDNWOSOZYLHTCG-UHFFFAOYSA-N,0,,,0,3,HSPA5;IDO1;SLC22A1,,
864,dichlorphenamide,NS(=O)(=O)c1cc(Cl)c(Cl)c(S(N)(=O)=O)c1,GJQPMPFPNINLKP-UHFFFAOYSA-N,1,FDA,1958-07-22,1,12,CA1;CA12;CA13;CA14;CA2;CA4;CA5A;CA5B;CA6;CA7;CA9;CYP2C9,CA1;CA12;CA2;CA4,
865,diclofenac,O=C(O)Cc1ccccc1Nc1c(Cl)cccc1Cl,DCOPUUMXTXDBNB-UHFFFAOYSA-N,1,FDA,1988-07-28,1,16,AKR1B10;AKR1C3;ASIC3;CXCL8;CXCR1;PPARG;PTGS1;PTGS2;TRPA1;TRPM3;TTR;UGT1A1;UGT1A10;UGT1A6;UGT1A7;UGT1A9,PTGS1;PTGS2,
866,dicloxacillin,Cc1onc(-c2c(Cl)cccc2Cl)c1C(=O)N[C@@H]1C(=O)N2[C@@H]1SC(C)(C)[C@@H]2C(=O)O,YFAGHNZHGGCZAX-JKIFEVAISA-N,1,FDA,1968-04-22,1,7,ABCB11;CHRM1;CHRM2;CHRM3;HRH2;PDE2A;SLC6A3,,
867,dicoumarol,O=c1oc2ccccc2c(O)c1Cc1c(O)c2ccccc2oc1=O,DOBMPNYZJYQDGZ-UHFFFAOYSA-N,1,FDA,1944-07-31,1,6,CYP2C9;GPR35;MAPK1;NQO1;PCSK7;VKORC1,VKORC1,
868,dicycloverine,CCN(CC)CCOC(=O)C1(C2CCCCC2)CCCCC1,CURUTKGFNZGFSE-UHFFFAOYSA-N,1,FDA,1950-05-11,1,16,CHRM1;CHRM2;CHRM3;CHRM4;CHRM5;DRD3;HRH2;HTR2A;HTR2B;HTR2C;HTR6;KCNH2;SCN1A;SCN2A;SCN3A;SIGMAR1,CHRM1;CHRM3,
869,didanosine,O=c1[nH]cnc2c1ncn2[C@H]1CC[C@@H](CO)O1,BXZVVICBKDXVGW-NKWVEPMBSA-N,1,FDA,1991-10-09,1,0,,,
870,dienestrol,C/C=C(/C(=C/C)c1ccc(O)cc1)c1ccc(O)cc1,NFDFQCUYFHCNBW-SCGPFSFSSA-N,1,FDA,1947-01-09,1,1,ESR1,ESR1,
871,dienogest,C[C@]12CCC3=C4CCC(=O)C=C4CC[C@H]3[C@@H]1CC[C@@]2(O)CC#N,AZFLJNIPTRTECV-FUMNGEBKSA-N,1,FDA;PMDA,2010-05-06,1,1,PGR,PGR,
872,diethazine,CCN(CC)CCN1c2ccccc2Sc2ccccc21,LURMIKVZJSMXQE-UHFFFAOYSA-N,0,,,0,0,,,
873,diethylcarbamazine,CCN(CC)C(=O)N1CCN(C)CC1,RCKMWOKWVGPNJF-UHFFFAOYSA-N,1,FDA,1950-11-13,1,2,ALOX5;PTGS1,,
874,diethylpropion,CCN(CC)C(C)C(=O)c1ccccc1,XXEPPPIWZFICOJ-UHFFFAOYSA-N,1,FDA,1959-08-06,1,2,SLC6A2;SLC6A3,SLC6A2;SLC6A3,
875,diethylstilbestrol,CC/C(=C(/CC)c1ccc(O)cc1)c1ccc(O)cc1,RGLYKWWBQGJZGM-ISLYRVAYSA-N,1,FDA,1973-05-30,1,39,ACHE;ADORA1;ADORA2A;ADORA3;ADRA1D;ADRA2A;ADRA2B;ADRA2C;ADRB1;AVPR1A;CHRM1;CHRM3;CYSLTR1;DRD1;DRD2;DRD3;ESR1;ESR2;ESRRB;ESRRG;FYN;GALE;HTR2A;HTR2B;HTR2C;HTR6;MAPK14;NR1I2;NR3C1;OPRD1;OPRK1;OPRM1;PTGS1;SLC28A1;SLC6A2;SLC6A3;SLC6A4;TACR2;TBXAS1,ESR1,
876,difebarbamate,CCCCOCC(CN1C(=O)N(CC(COCCCC)OC(N)=O)C(=O)C(CC)(c2ccccc2)C1=O)OC(N)=O,GJJRIOLBUILIGK-UHFFFAOYSA-N,0,,,0,0,,,
877,difemerine,CN(C)CC(C)(C)OC(=O)C(O)(c1ccccc1)c1ccccc1,WJIZVQNUJVMJAZ-UHFFFAOYSA-N,0,,,1,0,,,
878,difenoxin,N#CC(CCN1CCC(C(=O)O)(c2ccccc2)CC1)(c1ccccc1)c1ccccc1,UFIVBRCCIRTJTN-UHFFFAOYSA-N,1,FDA,1978-07-14,1,1,OPRM1,OPRM1,
880,diflunisal,O=C(O)c1cc(-c2ccc(F)cc2F)ccc1O,HUPFGZXOMWLGNK-UHFFFAOYSA-N,1,FDA,1982-04-19,1,6,CA1;CA2;DHFR;PTGS1;PTGS2;TTR,PTGS1;PTGS2,
881,digitoxin,C[C@H]1O[C@@H](O[C@H]2[C@@H](O)C[C@H](O[C@H]3[C@@H](O)C[C@H](O[C@H]4CC[C@@]5(C)[C@H](CC[C@@H]6[C@@H]5CC[C@]5(C)[C@@H](C7=CC(=O)OC7)CC[C@]65O)C4)O[C@@H]3C)O[C@@H]2C)C[C@H](O)[C@@H]1O,WDJUZGPOPHTGOT-XUDUSOBPSA-N,1,FDA,,1,10,ATP1A1;ATP1A2;ATP1A3;ATP1A4;ATP1B1;ATP1B2;ATP1B3;FXYD2;KCNH2;STAT3,ATP1A1,
882,digoxin,C[C@H]1O[C@@H](O[C@H]2[C@@H](O)C[C@H](O[C@H]3[C@@H](O)C[C@H](O[C@H]4CC[C@@]5(C)[C@H](CC[C@@H]6[C@@H]5C[C@@H](O)[C@]5(C)[C@@H](C7=CC(=O)OC7)CC[C@]65O)C4)O[C@@H]3C)O[C@@H]2C)C[C@H](O)[C@@H]1O,LTMHDMANZUZIPE-PUGKRICDSA-N,1,FDA,1975-10-24,1,11,ATP1A1;ATP1A2;ATP1A3;ATP1A4;ATP1B1;ATP1B2;ATP1B3;FXYD2;KCNH2;RORC;STAT3,ATP1A1;ATP1A2;ATP1A3;ATP1A4;ATP1B1;ATP1B2;ATP1B3;FXYD2,
883,dihexyverine,O=C(OCCN1CCCCC1)C1(C2CCCCC2)CCCCC1,MNSQDVCVWNXBFQ-UHFFFAOYSA-N,0,,,0,0,,,
884,dihydralazine,N/N=c1\[nH][nH]/c(=N\N)c2ccccc12,VQKLRVZQQYVIJW-UHFFFAOYSA-N,0,,,0,0,,,
885,alpha-Ergocryptine,CC(C)C[C@H]1C(=O)N2CCC[C@H]2[C@]2(O)O[C@](NC(=O)[C@@H]3C=C4c5cccc6[nH]cc(c56)C[C@H]4N(C)C3)(C(C)C)C(=O)N12,YDOTUXAWKBPQJW-NSLWYYNWSA-N,0,,,0,16,ADRA1D;ADRA2A;ADRA2B;ADRA2C;ADRB3;CYP2C9;CYP3A4;DRD1;DRD2;DRD3;HTR1A;HTR2A;HTR2B;HTR2C;HTR6;OPRM1,,
886,dihydrocodeine,COc1ccc2c3c1O[C@H]1[C@@H](O)CC[C@H]4[C@@H](C2)N(C)CC[C@@]341,RBOXVHNMENFORY-DNJOTXNNSA-N,1,FDA,1958-07-07,1,1,OPRM1,OPRM1,
887,dihydroergocristine,CC(C)[C@@]1(NC(=O)[C@@H]2C[C@@H]3c4cccc5[nH]cc(c45)C[C@H]3N(C)C2)O[C@@]2(O)[C@@H]3CCCN3C(=O)[C@H](Cc3ccccc3)N2C1=O,DEQITUUQPICUMR-HJPBWRTMSA-N,1,YEAR INTRODUCED,1975-01-01,1,20,ADRA1A;ADRA1B;ADRA1D;ADRA2A;ADRA2B;ADRA2C;ADRB3;CYP2C19;CYP2C9;CYP3A4;DRD1;DRD2;DRD3;HTR1A;HTR1D;HTR2A;HTR2B;HTR2C;HTR6;OPRM1,,
888,dihydroergotamine,CN1C[C@H](C(=O)N[C@]2(C)O[C@@]3(O)[C@@H]4CCCN4C(=O)[C@H](Cc4ccccc4)N3C2=O)C[C@@H]2c3cccc4[nH]cc(c34)C[C@H]21,LUZRJRNZXALNLM-JGRZULCMSA-N,1,FDA,1946-04-12,1,24,ADRA1A;ADRA1B;ADRA1D;ADRA2A;ADRA2B;ADRA2C;CYP3A4;DRD1;DRD2;DRD3;HTR1A;HTR1B;HTR1D;HTR1E;HTR1F;HTR2A;HTR2B;HTR2C;HTR5A;HTR6;HTR7;SLC22A2;SLC47A1;SLC47A2,HTR1D,
889,hydroquinidine,CC[C@H]1C[N@@]2CC[C@H]1C[C@@H]2[C@@H](O)c1ccnc2ccc(OC)cc12,LJOQGZACKSYWCH-LHHVKLHASA-N,0,,,0,6,KCNH2;SCN1B;SCN2B;SCN3B;SCN4B;SCN5A,,
890,dihydrostreptomycin,CN[C@H]1[C@@H](O[C@@H]2[C@@H](O[C@H]3[C@H](O)[C@@H](O)[C@H](NC(=N)N)[C@@H](O)[C@@H]3NC(=N)N)O[C@H](C)[C@@]2(O)CO)O[C@H](CO)[C@@H](O)[C@@H]1O,ASXBYYWOLISCLQ-APUVXCOVSA-N,0,,,1,0,,,
891,oxydibutanol,CC(O)CCOCCC(C)O,AFSYRVDDZGJTIL-UHFFFAOYSA-N,0,,,0,0,,,
892,diisopromine,CC(C)N(CCC(c1ccccc1)c1ccccc1)C(C)C,YBJKOPHEJOMRMN-UHFFFAOYSA-N,0,,,0,0,,,
893,dilazep,COc1cc(C(=O)OCCCN2CCCN(CCCOC(=O)c3cc(OC)c(OC)c(OC)c3)CC2)cc(OC)c1OC,QVZCXCJXTMIDME-UHFFFAOYSA-N,0,,,0,4,SCN1A;SCN2A;SCN3A;SLC29A1,,
894,dilevalol,C[C@H](CCc1ccccc1)NC[C@H](O)c1ccc(O)c(C(N)=O)c1,SGUAFYQXFOLMHL-ACJLOTCBSA-N,1,YEAR INTRODUCED,1989-01-01,1,4,ADRA1A;ADRA1B;ADRB1;ADRB2,,
896,diloxanide furoate,CN(C(=O)C(Cl)Cl)c1ccc(OC(=O)c2ccco2)cc1,BDYYDXJSHYEDGB-UHFFFAOYSA-N,0,,,0,0,,,
897,diltiazem,COc1ccc([C@@H]2Sc3ccccc3N(CCN(C)C)C(=O)[C@@H]2OC(C)=O)cc1,HSUGRBWQSSZJOP-RTWAWAEBSA-N,1,FDA,1982-11-05,1,13,ABCB1;CACNA1C;CACNA1H;CACNA1S;CACNG1;CYP3A4;HTR2A;HTR3A;KCNH2;SCN1A;SCN2A;SCN3A;SLC22A1,CACNA1C,
898,dimecrotic acid,COc1ccc(/C(C)=C/C(=O)O)c(OC)c1,VNLOISSPTMDCIF-SOFGYWHQSA-N,0,,,0,0,,,
899,dimefline,COc1ccc2c(=O)c(C)c(-c3ccccc3)oc2c1CN(C)C,ZXFQRFXLFWWKLX-UHFFFAOYSA-N,0,,,0,0,,,
900,dimemorfan,Cc1ccc2c(c1)[C@]13CCCC[C@@H]1[C@H](C2)N(C)CC3,KBEZZLAAKIIPFK-NJAFHUGGSA-N,0,,,0,0,,,
902,dimetacrine,CN(C)CCCN1c2ccccc2C(C)(C)c2ccccc21,RYQOGSFEJBUZBX-UHFFFAOYSA-N,0,,,0,0,,,
903,dimetindene,CC(C1=C(CCN(C)C)Cc2ccccc21)c1ccccn1,MVMQESMQSYOVGV-UHFFFAOYSA-N,0,,,0,6,CHRM1;CHRM2;CHRM3;CHRM4;CHRM5;HRH1,,
904,dimethisterone,CC#C[C@]1(O)CC[C@H]2[C@@H]3C[C@H](C)C4=CC(=O)CC[C@]4(C)[C@H]3CC[C@@]21C,LVHOURKCKUYIGK-RGUJTQARSA-N,0,,,0,0,,,
905,dimethoxanate,CN(C)CCOCCOC(=O)N1c2ccccc2Sc2ccccc21,OOVJCSPCMCAXEX-UHFFFAOYSA-N,0,,,0,0,,,
906,dimethyl sulfoxide,CS(C)=O,IAZDPXIOMUYVGZ-UHFFFAOYSA-N,1,FDA,1978-04-04,1,0,,,
908,dimethyltubocurarinium,COc1ccc2cc1Oc1cc3c(cc1OC)CC[N+](C)(C)[C@H]3Cc1ccc(cc1)Oc1c(OC)c(OC)cc3c1[C@@H](C2)[N+](C)(C)CC3,JFXBEKISTKFVAB-AJQTZOPKSA-N,1,FDA,,1,5,CHRNA1;CHRNA2;CHRNB1;CHRNB2;CHRND,CHRNA1;CHRNB1;CHRND,charged_parent
909,dimetofrine,CNCC(O)c1cc(OC)c(O)c(OC)c1,ZKGDBJAHIIXDDW-UHFFFAOYSA-N,0,,,0,0,,,
911,dioxyline,CCOc1ccc(Cc2nc(C)cc3cc(OC)c(OC)cc23)cc1OC,NFABMCCMPXXBFY-UHFFFAOYSA-N,0,,,0,2,METAP1;METAP2,,
912,dinoprost,CCCCC[C@H](O)/C=C/[C@@H]1[C@@H](C/C=C\CCCC(=O)O)[C@@H](O)C[C@H]1O,PXGPLTODNUVGFL-YNNPMVKQSA-N,1,FDA,1976-05-18,1,8,PTGDR;PTGDR2;PTGER1;PTGER2;PTGER3;PTGER4;PTGFR;TBXA2R,PTGFR,
913,dinoprostone,CCCCC[C@H](O)/C=C/[C@H]1[C@H](O)CC(=O)[C@@H]1C/C=C\CCCC(=O)O,XEYBRNLFEZDVAW-ARSRFYASSA-N,1,FDA;PMDA,1977-08-23,1,13,CATSPER1;CATSPER2;CATSPER3;CATSPER4;PTGDR;PTGDR2;PTGER1;PTGER2;PTGER3;PTGER4;PTGFR;PTGIR;TBXA2R,PTGER1;PTGER2;PTGER3;PTGER4,
914,dioxethedrin,CCNC(C)C(O)c1ccc(O)c(O)c1,OHDICGSRVLBVLC-UHFFFAOYSA-N,0,,,0,0,,,
915,diphemanil,C[N+]1(C)CCC(=C(c2ccccc2)c2ccccc2)CC1,LCTZPQRFOZKZNK-UHFFFAOYSA-N,1,FDA,1976-05-17,1,2,CHRM1;CHRM3,CHRM1;CHRM3,charged_parent
916,diphenhydramine,CN(C)CCOC(c1ccccc1)c1ccccc1,ZZVUWRFHKOJYTH-UHFFFAOYSA-N,1,FDA,1946-03-04,1,19,CHRM1;CHRM2;CHRM3;CHRM4;CHRM5;CYP2D6;HRH1;HRH4;HTR2A;HTR2B;HTR2C;KCNH2;SCN1A;SCN2A;SCN3A;SLC22A2;SLC6A2;SLC6A3;SLC6A4,HRH1,
918,diphenoxylate,CCOC(=O)C1(c2ccccc2)CCN(CCC(C#N)(c2ccccc2)c2ccccc2)CC1,HYPPXZBJBPSRLK-UHFFFAOYSA-N,1,FDA,1960-09-15,1,2,KCNA3;OPRM1,OPRM1,
919,difenpiramide,O=C(Cc1ccc(-c2ccccc2)cc1)Nc1ccccn1,PWHROYKAGRUWDQ-UHFFFAOYSA-N,0,,,0,0,,,
920,diphenylpyraline,CN1CCC(OC(c2ccccc2)c2ccccc2)CC1,OWQUZNMMYNAXSL-UHFFFAOYSA-N,1,FDA,,1,4,CHRM1;CYP2D6;HRH1;SLC6A3,HRH1,
921,dipipanone,CCC(=O)C(CC(C)N1CCCCC1)(c1ccccc1)c1ccccc1,SVDHSZFEQYXRDC-UHFFFAOYSA-N,0,,,0,0,,,
922,dipivefrine,CNCC(O)c1ccc(OC(=O)C(C)(C)C)c(OC(=O)C(C)(C)C)c1,OCUJLLGVOUDECM-UHFFFAOYSA-N,1,FDA,1980-05-02,1,3,ADRA2A;ADRA2B;ADRA2C,ADRA2A;ADRA2B;ADRA2C,
923,diprafenone,CCC(C)(C)NCC(O)COc1ccccc1C(=O)CCc1ccccc1,VDKMYSMWQCFYBQ-UHFFFAOYSA-N,0,,,0,3,ADRB1;KCNH2;SCN5A,,
924,dipyridamole,OCCN(CCO)c1nc(N2CCCCC2)c2nc(N(CCO)CCO)nc(N3CCCCC3)c2n1,IZEKFCXSFNUWAM-UHFFFAOYSA-N,1,FDA,1961-12-06,1,24,PDE10A;PDE11A;PDE1A;PDE1B;PDE1C;PDE2A;PDE3A;PDE3B;PDE4A;PDE5A;PDE6A;PDE6B;PDE6C;PDE6D;PDE6G;PDE6H;PDE7A;PDE7B;PDE8A;PDE8B;PRUNE;SLC28A1;SLC29A1;SLC29A4,PDE10A;PDE1A;PDE1B;PDE1C;PDE2A;PDE3A;PDE3B;PDE4A;PDE5A;PDE6A;PDE6B;PDE6C;PDE6D;PDE6G;PDE6H;PDE7A;PDE7B;PDE8A;PDE8B;SLC29A1,
925,dirithromycin,CC[C@H]1OC(=O)[C@H](C)[C@@H](O[C@H]2C[C@@](C)(OC)[C@@H](O)[C@H](C)O2)[C@H](C)[C@@H](O[C@@H]2O[C@H](C)C[C@H](N(C)C)[C@H]2O)[C@](C)(O)C[C@@H](C)[C@@H]2N[C@@H](COCCOC)O[C@H]([C@H]2C)[C@]1(C)O,WLOHNSSYAXHWNR-DWIOZXRMSA-N,1,FDA,1995-06-19,1,0,,,
926,disopyramide,CC(C)N(CCC(C(N)=O)(c1ccccc1)c1ccccn1)C(C)C,UVTNFZQICZKOEM-UHFFFAOYSA-N,1,FDA,1977-09-01,1,9,CHRM1;CHRM2;CHRM3;HCN4;HRH1;KCNH2;KCNJ5;SCN5A;SLC22A1,SCN5A,
927,distigmine,CN(CCCCCCN(C)C(=O)Oc1ccc[n+](C)c1)C(=O)Oc1ccc[n+](C)c1,AHZBEVXBKNYXPU-UHFFFAOYSA-N,1,PMDA,1967-09-05,1,1,ACHE,ACHE,charged_parent
928,disulfiram,CCN(CC)C(=S)SSC(=S)N(CC)CC,AUZONCFQVSMFAP-UHFFFAOYSA-N,1,FDA,1951-08-28,1,33,ADORA3;ADRA2A;ADRA2B;ALDH2;CCR2;CCR4;CCR5;CXCR2;CYP1A2;DRD1;DRD2;DRD3;DRD4;EHMT1;EHMT2;GSDMD;HTR2B;HTR6;KDM5A;LOX;LOXL2;LOXL3;LOXL4;MAOA;MAPK3;MGLL;OPRK1;OPRM1;PDE4A;SLC28A1;SLC6A2;SLC6A3;TSPO,ALDH2,
929,ditazole,OCCN(CCO)c1nc(-c2ccccc2)c(-c2ccccc2)o1,UUCMDZWCRNZCOY-UHFFFAOYSA-N,0,,,0,0,,,
930,dithiazanine,CCN1\C(=C/C=C/C=C/c2sc3ccccc3[n+]2CC)Sc2ccccc21,FYXWDSGGZAMYFZ-UHFFFAOYSA-N,0,,,1,0,,,charged_parent
931,ditiocarb,CCN(CC)C(=S)S,LMBWSYZSUOEYSN-UHFFFAOYSA-N,0,,,0,9,CA1;CA12;CA2;CA4;CA9;CYP2E1;EHMT1;EHMT2;GSDMD,,
933,dixyrazine,CC(CN1CCN(CCOCCO)CC1)CN1c2ccccc2Sc2ccccc21,MSYUMPGNGDNTIQ-UHFFFAOYSA-N,0,,,0,0,,,
934,levomenthol,CC(C)[C@@H]1CC[C@@H](C)C[C@H]1O,NOOLISFMXDJSKH-KXUCPTDWSA-N,1,FDA,,1,2,TRPA1;TRPM8,TRPM8,
935,mannitol,OC[C@@H](O)[C@@H](O)[C@H](O)[C@H](O)CO,FBPFZTCFMRRESA-KVTDHHQDSA-N,1,FDA,1964-06-08,1,0,,,
937,dobutamine,CC(CCc1ccc(O)cc1)NCCc1ccc(O)c(O)c1,JRWZLRBJNMZMFE-UHFFFAOYSA-N,1,FDA,1978-07-18,1,26,ADRA1D;ADRA2B;ADRB1;ADRB2;CA1;CA12;CA13;CA14;CA2;CA3;CA4;CA5A;CA5B;CA6;CA7;CA9;COMT;DRD3;EGFR;FYN;LCK;SIGMAR1;SLC22A1;SLC6A2;SLC6A3;SLC6A4,ADRB1;ADRB2,
938,docarpamine,CCOC(=O)Oc1ccc(CCNC(=O)[C@H](CCSC)NC(C)=O)cc1OC(=O)OCC,ZLVMAMIPILWYHQ-INIZCTEOSA-N,0,,,0,0,,,
939,docetaxel,CC(=O)O[C@@]12CO[C@@H]1C[C@H](O)[C@@]1(C)C(=O)[C@H](O)C3=C(C)[C@@H](OC(=O)[C@H](O)[C@@H](NC(=O)OC(C)(C)C)c4ccccc4)C[C@@](O)([C@@H](OC(=O)c4ccccc4)[C@H]21)C3(C)C,ZDZOTLJHXYCWBA-VCVYQWHSSA-N,1,FDA,1996-05-14,1,16,ABCB1;ABCC10;CYP3A4;EGFR;GHRHR;NOD2;TACR2;TUBB;TUBB1;TUBB2A;TUBB2B;TUBB3;TUBB4A;TUBB4B;TUBB6;TUBB8,TUBB;TUBB1;TUBB2A;TUBB2B;TUBB3;TUBB4A;TUBB4B;TUBB6;TUBB8,
940,docosanol,CCCCCCCCCCCCCCCCCCCCCCO,NOPFSRXAKWQILS-UHFFFAOYSA-N,1,FDA,2000-07-25,1,0,,,
941,docusate sodium,CCCCC(CC)COC(=O)CC(C(=O)OCC(CC)CCCC)S(=O)(=O)O,HNSDLXPSAYFUHK-UHFFFAOYSA-N,1,FDA,,1,0,,,
942,dofetilide,CN(CCOc1ccc(NS(C)(=O)=O)cc1)CCc1ccc(NS(C)(=O)=O)cc1,IXTMWRCNAAVVAI-UHFFFAOYSA-N,1,FDA,1999-10-01,1,3,KCNH1;KCNH2;KCNK2,KCNH2,
944,domiodol,OCC1COC(CI)O1,NEIPZWZQHXCYDV-UHFFFAOYSA-N,0,,,0,0,,,
945,domperidone,O=c1[nH]c2ccccc2n1CCCN1CCC(n2c(=O)[nH]c3cc(Cl)ccc32)CC1,FGXWKSZFVQUSTL-UHFFFAOYSA-N,1,YEAR INTRODUCED,1982-01-01,1,27,ABCB1;ADRA1A;ADRA1B;ADRA1D;ADRA2A;ADRA2B;ADRA2C;AOX1;CALM1;CALM2;CALM3;CYP2D6;DRD2;DRD3;HRH1;HTR2A;HTR2B;HTR2C;KCNH2;OPRK1;OPRM1;RXRA;SLC22A2;SLC47A1;SLC47A2;SLC6A2;SLC6A4,DRD2,
946,donepezil,COc1cc2c(cc1OC)C(=O)C(CC1CCN(Cc3ccccc3)CC1)C2,ADEBPBSSDYVVLD-UHFFFAOYSA-N,1,FDA,1996-11-25,1,9,ABCB1;ACHE;BACE1;BCHE;HRH3;KCNH2;MAOB;SIGMAR1;SLC6A4,ACHE,
947,dopamine,NCCc1ccc(O)c(O)c1,VYFYYTLLBUKUHU-UHFFFAOYSA-N,1,FDA,1974-02-25,1,16,ADRB1;ADRB2;DBH;DRD1;DRD2;DRD3;DRD4;DRD5;GFER;HTR1A;KDM4E;MTNR1A;MTNR1B;SLC6A2;SLC6A3;TAAR1,ADRB1,
948,dopexamine,Oc1ccc(CCNCCCCCCNCCc2ccccc2)cc1O,RYBJORHCUPVNMB-UHFFFAOYSA-N,1,YEAR INTRODUCED,1989-01-01,0,2,ADRB2;DRD1,,
949,dorzolamide,CCN[C@H]1C[C@H](C)S(=O)(=O)c2sc(S(N)(=O)=O)cc21,IAVUPMFITXYVAF-XPUUQOCRSA-N,1,FDA,1994-12-09,1,12,CA1;CA12;CA13;CA14;CA2;CA3;CA4;CA5A;CA5B;CA6;CA7;CA9,CA2,
951,dosulepin,CN(C)CC/C=C1\c2ccccc2CSc2ccccc21,PHTUQLWOUWZIMZ-GZTJUZNOSA-N,1,YEAR INTRODUCED,1962-01-01,1,12,ADRA1A;ADRA2B;CHRM1;CHRM2;CHRM3;CHRM4;CHRM5;HRH1;HTR2A;SLC6A2;SLC6A3;SLC6A4,SLC6A2;SLC6A4,
953,doxapram,CCN1CC(CCN2CCOCC2)C(c2ccccc2)(c2ccccc2)C1=O,XFDJYSQDBULQSI-UHFFFAOYSA-N,1,FDA,1965-06-23,1,3,CYP2D6;KCNK3;KCNK9,KCNK3;KCNK9,
954,doxazosin,COc1cc2nc(N3CCN(C(=O)C4COc5ccccc5O4)CC3)nc(N)c2cc1OC,RUZYUOTYCVRMRZ-UHFFFAOYSA-N,1,FDA,1990-11-02,1,14,ABCB1;ADRA1A;ADRA1B;ADRA1D;ADRA2A;ADRA2C;ADRB2;HLA-A;HTR2B;HTR2C;KCNH2;MMP1;SLC6A3;SLC6A4,ADRA1A;ADRA1B;ADRA1D,
955,doxefazepam,O=C1C(O)N=C(c2ccccc2F)c2cc(Cl)ccc2N1CCO,VOJLELRQLPENHL-UHFFFAOYSA-N,0,,,0,0,,,
956,doxepin,CN(C)CCC=C1c2ccccc2COc2ccccc21,ODQWQRRAPPTVAG-UHFFFAOYSA-N,1,FDA,1969-09-23,1,27,ADRA1A;ADRA1D;ADRA2A;ADRA2B;ADRA2C;CHRM1;CHRM2;CHRM3;CHRM4;CHRM5;DRD1;DRD2;DRD3;HRH1;HRH2;HRH4;HTR1A;HTR2A;HTR2B;HTR2C;HTR6;HTR7;SIGMAR1;SLC22A1;SLC22A2;SLC6A2;SLC6A4,HRH1;SLC6A2,
957,doxercalciferol,C=C1/C(=C\C=C2/CCC[C@]3(C)[C@@H]([C@H](C)/C=C/[C@H](C)C(C)C)CC[C@@H]23)C[C@@H](O)C[C@@H]1O,HKXBNHCUPKIYDM-CGMHZMFXSA-N,1,FDA,1999-06-09,1,1,VDR,VDR,
958,doxifluridine,C[C@H]1O[C@@H](n2cc(F)c(=O)[nH]c2=O)[C@H](O)[C@@H]1O,ZWAOHEXOSAUJHY-ZIYNGMLESA-N,1,YEAR INTRODUCED,1987-01-01,0,1,TYMS,,
959,doxofylline,Cn1c(=O)c2c(ncn2CC2OCCO2)n(C)c1=O,HWXIGFIVGWUZAO-UHFFFAOYSA-N,0,,,0,0,,,
960,doxorubicin,COc1cccc2c1C(=O)c1c(O)c3c(c(O)c1C2=O)C[C@@](O)(C(=O)CO)C[C@@H]3O[C@H]1C[C@H](N)[C@H](O)[C@H](C)O1,AOJJSUZBOXZQNB-TZSSRYMLSA-N,1,FDA,1974-08-07,1,17,ABCB1;ABCC1;ABCC2;ABCC6;ABCG2;AURKA;CASP1;CHRM1;CISD1;ERBB2;FYN;LCK;MMP2;TERT;TOP1;TOP2A;TOP2B,TOP2A,
961,doxycycline,C[C@H]1c2cccc(O)c2C(=O)C2=C(O)[C@]3(O)C(=O)C(C(N)=O)=C(O)[C@@H](N(C)C)[C@@H]3[C@@H](O)[C@@H]21,JBIWCJUYHHGXTC-AKNGSSGZSA-N,1,FDA,1967-12-05,1,5,MMP13;MMP2;MMP3;MMP7;MMP8,,
962,doxylamine,CN(C)CCOC(C)(c1ccccc1)c1ccccn1,HCFDWZZGGLSKEP-UHFFFAOYSA-N,1,FDA,1948-04-07,1,1,HRH1,HRH1,
965,drostanolone propionate,CCC(=O)O[C@H]1CC[C@H]2[C@@H]3CC[C@H]4CC(=O)[C@H](C)C[C@]4(C)[C@H]3CC[C@]12C,NOTIQUSPUUHHEH-UXOVVSIBSA-N,1,FDA,,1,1,AR,AR,
966,droperidol,O=C(CCCN1CC=C(n2c(=O)[nH]c3ccccc32)CC1)c1ccc(F)cc1,RMEDXOLNCUSCGS-UHFFFAOYSA-N,1,FDA,1970-06-11,1,19,ADRA1D;ADRA2A;ADRA2B;ADRA2C;CHRM4;CHRM5;DRD1;DRD2;DRD3;DRD4;HRH1;HTR1A;HTR2A;HTR2B;HTR2C;KCNH2;SCN1A;SCN2A;SCN3A,DRD2;HTR2A,
967,dropropizine,OCC(O)CN1CCN(c2ccccc2)CC1,PTVWPYVOOKLBCG-UHFFFAOYSA-N,0,,,0,0,,,
968,drospirenone,C[C@]12CCC(=O)C=C1[C@@H]1C[C@@H]1[C@H]1[C@@H]3[C@@H]4C[C@@H]4[C@@]4(CCC(=O)O4)[C@@]3(C)CC[C@@H]12,METQSPRSQINEEU-HXCATZOESA-N,1,FDA,2001-05-11,1,3,AR;NR3C2;PGR,NR3C2;PGR,
969,drotaverine,CCOc1ccc(/C=C2\NCCc3cc(OCC)c(OCC)cc32)cc1OCC,OMFNSKIUKYOYRG-MOSHPQCFSA-N,0,,,0,2,CACNA1C;PDE4B,,
970,droxicam,CN1c2c(oc(=O)n(-c3ccccn3)c2=O)-c2ccccc2S1(=O)=O,OEHFRZLKGRKFAS-UHFFFAOYSA-N,0,,,0,0,,,
971,droxidopa,N[C@H](C(=O)O)[C@H](O)c1ccc(O)c(O)c1,QXWYKJLNLSIPIN-JGVFFNPUSA-N,1,FDA,2014-02-18,1,10,ADRA1A;ADRA1B;ADRA1D;ADRA2A;ADRA2B;ADRA2C;ADRB1;ADRB2;ADRB3;CHRM1,ADRA1A;ADRA1B;ADRA1D;ADRA2A;ADRA2B;ADRA2C;ADRB1;ADRB2;ADRB3,
972,duloxetine,CNCC[C@H](Oc1cccc2ccccc12)c1cccs1,ZEUITGRIYCTCEM-KRWDZBQOSA-N,1,FDA,2004-08-03,1,15,HRH1;HTR1A;HTR1B;HTR1D;HTR1E;HTR1F;HTR2A;HTR2B;HTR2C;HTR6;HTR7;SHMT2;SLC6A2;SLC6A3;SLC6A4,SLC6A2;SLC6A4,
973,dutasteride,C[C@]12C=CC(=O)N[C@@H]1CC[C@@H]1[C@@H]2CC[C@]2(C)[C@@H](C(=O)Nc3cc(C(F)(F)F)ccc3C(F)(F)F)CC[C@@H]12,JWJOTENAMICLJG-QWBYCMEYSA-N,1,FDA,2001-11-20,1,3,GLRA1;SRD5A1;SRD5A2,SRD5A1;SRD5A2,
974,dyclonine,CCCCOc1ccc(C(=O)CCN2CCCCC2)cc1,BZEWSEKUUPWQDQ-UHFFFAOYSA-N,1,FDA,,1,2,ACHE;SCN10A,SCN10A,
975,dydrogesterone,CC(=O)[C@H]1CC[C@H]2[C@@H]3C=CC4=CC(=O)CC[C@@]4(C)[C@@H]3CC[C@]12C,JGMOKGBVKVMRFX-HQZYFCCVSA-N,1,FDA,,1,2,NR2E1;PGR,PGR,
976,diprophylline,Cn1c(=O)c2c(ncn2CC(O)CO)n(C)c1=O,KSCFJBIXMNOVSH-UHFFFAOYSA-N,1,FDA,1951-03-07,1,2,PDE3A;PDE4B,PDE3A;PDE4B,
977,ebastine,CC(C)(C)c1ccc(C(=O)CCCN2CCC(OC(c3ccccc3)c3ccccc3)CC2)cc1,MJJALKDDGIKVBE-UHFFFAOYSA-N,1,YEAR INTRODUCED,1990-01-01,1,32,ABCB1;ACHE;ADORA3;ADRA1D;ADRA2A;ADRA2B;ADRA2C;ADRB3;CHRM1;CHRM2;CHRM3;CHRM4;CHRM5;DRD1;DRD2;DRD3;DRD4;EGFR;ERBB2;FYN;HRH1;HRH2;HTR1A;HTR2A;HTR2B;HTR2C;HTR6;KCNH2;SLC6A2;SLC6A3;SLC6A4;TACR2,HRH1,
978,eberconazole,Clc1cc(Cl)c2c(c1)CCc1ccccc1C2n1ccnc1,MPTJIDOGFUQSQH-UHFFFAOYSA-N,0,,,0,0,,,
979,ebrotidine,N=C(N)Nc1nc(CSCCN/C=N/S(=O)(=O)c2ccc(Br)cc2)cs1,ZQHFZHPUZXNPMF-UHFFFAOYSA-N,0,,,1,1,HRH2,HRH2,
981,ecabet,CC(C)c1cc2c(cc1S(=O)(=O)O)[C@@]1(C)CCC[C@@](C)(C(=O)O)[C@@H]1CC2,IWCWQNVIUXZOMJ-MISYRCLQSA-N,0,,,0,0,,,
982,echothiophate,CCOP(=O)(OCC)SCC[N+](C)(C)C,BJOLKYGKSZKIGU-UHFFFAOYSA-N,1,FDA,1960-06-27,1,1,ACHE,ACHE,charged_parent
983,econazole,Clc1ccc(COC(Cn2ccnc2)c2ccc(Cl)cc2Cl)cc1,LEZWWPYKPKIXLL-UHFFFAOYSA-N,1,FDA,1982-12-23,1,52,ACHE;ADORA1;ADORA2A;ADORA3;ADRA1D;ADRA2A;ADRA2B;ADRB1;ADRB3;CHRM1;CHRM2;CHRM3;CHRM4;CNR1;CYP17A1;CYP1A2;CYP2C19;CYP2C9;CYP2D6;CYP3A4;CYP51A1;CYP8B1;DRD1;DRD2;DRD3;DRD4;EGFR;ERBB2;FYN;HRH2;HTR1A;HTR2A;HTR2B;HTR2C;HTR6;IDO1;MC3R;MC5R;MDH1;MMP9;NPY2R;OPRD1;OPRK1;OPRM1;ORAI1;SIGMAR1;SLC6A2;SLC6A3;SLC6A4;TACR1;TACR2;TBXAS1,,
984,ectylurea,C/C=C(/CC)C(=O)NC(N)=O,QCUPYFTWJOZAOB-HYXAFXHYSA-N,0,,,0,0,,,
986,edatrexate,CCC(Cc1cnc2nc(N)nc(N)c2n1)c1ccc(C(=O)N[C@@H](CCC(=O)O)C(=O)O)cc1,FSIRXIHZBIXHKT-MHTVFEQDSA-N,1,YEAR INTRODUCED,1978-01-01,0,2,DHFR;FPGS,DHFR,
987,edetic acid,O=C(O)CN(CCN(CC(=O)O)CC(=O)O)CC(=O)O,KCXVZYZYPLLWCC-UHFFFAOYSA-N,1,FDA,1953-07-16,1,4,ACE;APP;EYA2;UGCG,,
988,edrophonium,CC[N+](C)(C)c1cccc(O)c1,VWLHWLSRQJQWRG-UHFFFAOYSA-O,1,FDA,1951-05-03,1,1,ACHE,ACHE,charged_parent
989,efavirenz,O=C1Nc2ccc(Cl)cc2[C@@](C#CC2CC2)(C(F)(F)F)O1,XPOQHMRABVBWPR-ZDUSSCGKSA-N,1,FDA,1998-09-17,1,2,CYP3A4;NR1I2,,
990,eflornithine,NCCCC(N)(C(=O)O)C(F)F,VLCYCQAOQCDTCN-UHFFFAOYSA-N,1,FDA,1990-11-28,1,1,ODC1,ODC1,
991,efloxate,CCOC(=O)COc1ccc2c(=O)cc(-c3ccccc3)oc2c1,ZVXBAHLOGZCFTP-UHFFFAOYSA-N,0,,,0,0,,,
992,efonidipine,CC1=C(C(=O)OCCN(Cc2ccccc2)c2ccccc2)C(c2cccc([N+](=O)[O-])c2)C(P2(=O)OCC(C)(C)CO2)=C(C)N1,NSVFSAJIGAJDMR-UHFFFAOYSA-N,0,,,0,3,CACNA1C;CACNA1D;CACNA1H,CACNA1C;CACNA1D,
993,egualen,CCc1cc(S(=O)(=O)O)c2cc(C(C)C)cccc1-2,NARQSHREEUXZBT-UHFFFAOYSA-N,1,PMDA,,0,0,,,
994,elcatonin,CC(C)C[C@H](NC(=O)[C@H](CCCCN)NC(=O)CNC(=O)[C@H](CC(C)C)NC(=O)[C@@H](NC(=O)C1CCCCCC(=O)N[C@@H](CO)C(=O)N[C@@H](CC(N)=O)C(=O)N[C@@H](CC(C)C)C(=O)N[C@@H](CO)C(=O)N[C@@H]([C@@H](C)O)C(=O)N1)C(C)C)C(=O)N[C@@H](CO)C(=O)N[C@@H](CCC(N)=O)C(=O)N[C@@H](CCC(=O)O)C(=O)N[C@@H](CC(C)C)C(=O)N[C@@H](Cc1c[nH]cn1)C(=O)N[C@@H](CCCCN)C(=O)N[C@@H](CC(C)C)C(=O)N[C@@H](CCC(N)=O)C(=O)N[C@H](C(=O)N[C@@H](Cc1ccc(O)cc1)C(=O)N1CCC[C@H]1C(=O)N[C@@H](CCCNC(=N)N)C(=O)N[C@H](C(=O)N[C@@H](CC(=O)O)C(=O)N[C@H](C(=O)NCC(=O)N[C@@H](C)C(=O)NCC(=O)N[C@H](C(=O)N1CCC[C@H]1C(N)=O)[C@@H](C)O)C(C)C)[C@@H](C)O)[C@@H](C)O,DDPFHDCZUJFNAT-KPZHSHELSA-N,0,,,0,0,,,
995,eletriptan,CN1CCC[C@@H]1Cc1c[nH]c2ccc(CCS(=O)(=O)c3ccccc3)cc12,PWVXXGRKLHYWKM-LJQANCHMSA-N,1,FDA,2002-12-26,1,5,HTR1A;HTR1B;HTR1D;HTR1E;HTR1F,HTR1B;HTR1D,
996,elliptinium,Cc1c2cc[n+](C)cc2c(C)c2c1[nH]c1ccc(O)cc12,YZQRAQOSAPWELU-UHFFFAOYSA-O,0,,,0,3,FGFR3;KIT;PDGFRA,,charged_parent
997,eltanolone,CC(=O)[C@H]1CC[C@H]2[C@@H]3CC[C@@H]4C[C@H](O)CC[C@]4(C)[C@H]3CC[C@]12C,AURFZBICLPNKBZ-YZRLXODZSA-N,0,,,1,3,GABRA1;GABRB2;GABRG2,,
998,embramine,CN(C)CCOC(C)(c1ccccc1)c1ccc(Br)cc1,URSRSKSNFPUKGH-UHFFFAOYSA-N,0,,,0,0,,,
999,emedastine,CCOCCn1c(N2CCCN(C)CC2)nc2ccccc21,KBUZBQVCBVDWKX-UHFFFAOYSA-N,1,FDA,1997-12-29,1,1,HRH1,HRH1,
1000,emepronium,CC[N+](C)(C)C(C)CC(c1ccccc1)c1ccccc1,JEJBJBKVPOWOQK-UHFFFAOYSA-N,0,,,1,0,,,charged_parent
1001,emetine,CC[C@H]1CN2CCc3cc(OC)c(OC)cc3[C@@H]2C[C@@H]1C[C@H]1NCCc2cc(OC)c(OC)cc21,AUVVAXYIELKVAI-CKBKHPSWSA-N,0,,,1,4,ADRA1D;ADRA2A;ADRA2C;RBBP9,,
1002,emorfazone,CCOc1c(N2CCOCC2)cnn(C)c1=O,URJQOOISAKEBKW-UHFFFAOYSA-N,1,PMDA,,0,0,,,
1003,emtricitabine,Nc1nc(=O)n([C@@H]2CS[C@H](CO)O2)cc1F,XQSPYNMVSIKCOC-NTSWFWBYSA-N,1,EMA;FDA,2003-07-02,1,0,,,
1004,emylcamate,CCC(C)(CC)OC(N)=O,SLWGJZPKHAXZQL-UHFFFAOYSA-N,0,,,0,0,,,
1005,enalapril,CCOC(=O)[C@H](CCc1ccccc1)N[C@@H](C)C(=O)N1CCC[C@H]1C(=O)O,GBXSMTUPTTWBMN-XIRDDKMYSA-N,1,FDA,1985-12-24,1,1,ACE,ACE,
1006,enalaprilat,C[C@H](N[C@@H](CCc1ccccc1)C(=O)O)C(=O)N1CCC[C@H]1C(=O)O,LZFZMUMEGBBDTC-QEJZJMRPSA-N,1,FDA,1988-02-09,1,1,ACE,ACE,
1007,encainide,COc1ccc(C(=O)Nc2ccccc2CCC2CCCCN2C)cc1,PJWPNDMDCLXCOM-UHFFFAOYSA-N,1,YEAR INTRODUCED,1987-01-01,1,5,SCN1B;SCN2B;SCN3B;SCN4B;SCN5A,,
1008,endralazine,NNc1cc2c(nn1)CCN(C(=O)c1ccccc1)C2,ALAXZYHFVBSJKZ-UHFFFAOYSA-N,0,,,0,1,CACNA1C,,
1009,enflurane,FC(F)OC(F)(F)C(F)Cl,JPGQOUSTVILISH-UHFFFAOYSA-N,1,FDA,1972-08-28,1,6,GLRA1;KCNK10;KCNK18;KCNK2;KCNK3;KCNK9,GLRA1;KCNK10;KCNK18;KCNK2;KCNK3;KCNK9,
1010,enfuvirtide,CC[C@H](C)[C@H](NC(=O)[C@H](CC(C)C)NC(=O)[C@H](CO)NC(=O)[C@H](Cc1c[nH]cn1)NC(=O)[C@@H](NC(=O)[C@H](CC(C)C)NC(=O)[C@H](CO)NC(=O)[C@@H](NC(=O)[C@H](Cc1ccc(O)cc1)NC(C)=O)[C@@H](C)O)[C@@H](C)CC)C(=O)N[C@@H](CCC(=O)O)C(=O)N[C@@H](CCC(=O)O)C(=O)N[C@@H](CO)C(=O)N[C@@H](CCC(N)=O)C(=O)N[C@@H](CC(N)=O)C(=O)N[C@@H](CCC(N)=O)C(=O)N[C@@H](CCC(N)=O)C(=O)N[C@@H](CCC(=O)O)C(=O)N[C@@H](CCCCN)C(=O)N[C@@H](CC(N)=O)C(=O)N[C@@H](CCC(=O)O)C(=O)N[C@@H](CCC(N)=O)C(=O)N[C@@H](CCC(=O)O)C(=O)N[C@@H](CC(C)C)C(=O)N[C@@H](CC(C)C)C(=O)N[C@@H](CCC(=O)O)C(=O)N[C@@H](CC(C)C)C(=O)N[C@@H](CC(=O)O)C(=O)N[C@@H](CCCCN)C(=O)N[C@@H](Cc1c[nH]c2ccccc12)C(=O)N[C@@H](C)C(=O)N[C@@H](CO)C(=O)N[C@@H](CC(C)C)C(=O)N[C@@H](Cc1c[nH]c2ccccc12)C(=O)N[C@@H](CC(N)=O)C(=O)N[C@@H](Cc1c[nH]c2ccccc12)C(=O)N[C@@H](Cc1ccccc1)C(N)=O,PEASPLKKXBYDKL-FXEVSJAOSA-N,1,FDA,2003-03-13,1,0,,,
1012,enocitabine,CCCCCCCCCCCCCCCCCCCCCC(=O)Nc1ccn([C@@H]2O[C@H](CO)[C@@H](O)[C@@H]2O)c(=O)n1,SAMRUMKYXPVKPA-VFKOLLTISA-N,0,,,0,0,,,
1013,enoxacin,CCn1cc(C(=O)O)c(=O)c2cc(F)c(N3CCNCC3)nc21,IDYZIJYBMGIQMJ-UHFFFAOYSA-N,1,FDA,1991-12-31,1,1,ATP6V1B2,,
1014,enoximone,CSc1ccc(C(=O)c2[nH]c(=O)[nH]c2C)cc1,ZJKNESGOIKRXQY-UHFFFAOYSA-N,1,YEAR INTRODUCED,1988-01-01,1,5,PDE3A;PDE4A;PDE4B;PDE4C;PDE4D,,
1015,enprofylline,CCCn1c(=O)[nH]c(=O)c2nc[nH]c21,SIQPXVQCUCHWDI-UHFFFAOYSA-N,0,,,0,5,ADORA1;ADORA2A;ADORA2B;ADORA3;PDE4B,,
1016,enprostil,COC(=O)CCC=C=CC[C@@H]1C(=O)C[C@H](O)[C@H]1/C=C/[C@H](O)COc1ccccc1,PTOJVMZPWPAXER-FPXSIRDUSA-N,1,YEAR INTRODUCED,1985-01-01,0,5,PTGER1;PTGER3;PTGER4;PTGFR;PTGIR,,
1018,entacapone,CCN(CC)C(=O)/C(C#N)=C/c1cc(O)c(O)c([N+](=O)[O-])c1,JRURYQJSLYLRLN-BJMVGYQFSA-N,1,FDA,1999-10-19,1,3,COMT;FTO;GPR35,COMT,
1019,entecavir,C=C1[C@H](CO)[C@@H](O)C[C@@H]1n1cnc2c(=O)[nH]c(N)nc21,QDGZDCVAUDNJFG-FXQIFTODSA-N,1,FDA,2005-03-29,1,0,,,
1020,sulcaine,CCOC(=O)c1ccc(NC(=O)CN2CCCCC2)cc1,QLGIFPJNYPWBMQ-UHFFFAOYSA-N,0,,,0,0,,,
1021,epalrestat,CC(/C=C1\SC(=S)N(CC(=O)O)C1=O)=C\c1ccccc1,CHNUOJQWGUIOLD-NFZZJPOKSA-N,1,YEAR INTRODUCED,1992-01-01,1,5,AKR1A1;AKR1B1;AKR1B10;CYP4A11;SORD,AKR1B1,
1022,eperisone,CCc1ccc(C(=O)C(C)CN2CCCCC2)cc1,SQUNAWUMZGQQJD-UHFFFAOYSA-N,0,,,0,4,ADRA2B;CHRM2;CYP2D6;SIGMAR1,,
1023,epervudine,CC(C)c1cn([C@H]2C[C@H](O)[C@@H](CO)O2)c(=O)[nH]c1=O,PHUUXVYXSRZACJ-IVZWLZJFSA-N,0,,,0,0,,,
1024,ephedrine,CN[C@@H](C)[C@H](O)c1ccccc1,KWGRBVOPPLSCSI-WPRPVWTQSA-N,1,FDA,,1,1,ADRB2,ADRB2,
1025,epicillin,CC1(C)S[C@@H]2[C@H](NC(=O)[C@H](N)C3=CCC=CC3)C(=O)N2[C@H]1C(=O)O,RPBAFSBGYDKNRG-NJBDSQKTSA-N,0,,,0,0,,,
1026,epimestrol,COc1ccc2c(c1)CC[C@@H]1[C@@H]2CC[C@]2(C)[C@H](O)[C@H](O)C[C@@H]12,UHQGCIIQUZBJAE-RRQVMCLOSA-N,0,,,0,0,,,
1027,epinastine,NC1=NCC2c3ccccc3Cc3ccccc3N12,WHWZLSFABNNENI-UHFFFAOYSA-N,1,FDA;PMDA,2003-10-16,1,10,ABCB1;ADRA1A;ADRA2A;HRH1;HRH2;HTR2A;KCNH2;SLC22A2;SLC47A1;SLC47A2,HRH1,
1028,epinephrine,CNC[C@H](O)c1ccc(O)c(O)c1,UCTWMZQNUQWSLP-VIFPVBQESA-N,1,FDA,1948-11-19,1,11,ADRA1A;ADRA1B;ADRA1D;ADRA2A;ADRA2B;ADRA2C;ADRB1;ADRB2;DRD1;DRD2;SLC6A2,ADRA1A;ADRA1B;ADRA1D;ADRA2A;ADRA2B;ADRA2C;ADRB2,
1029,epirizole,COc1cc(C)nc(-n2nc(C)cc2OC)n1,RHAXSHUQNIEUEY-UHFFFAOYSA-N,0,,,0,0,,,
1030,epirubicin,COc1cccc2c1C(=O)c1c(O)c3c(c(O)c1C2=O)C[C@@](O)(C(=O)CO)C[C@@H]3O[C@H]1C[C@H](N)[C@@H](O)[C@H](C)O1,AOJJSUZBOXZQNB-VTZDEGQISA-N,1,FDA,1999-09-15,1,1,FYN,,
1031,epitizide,NS(=O)(=O)c1cc2c(cc1Cl)NC(CSCC(F)(F)F)NS2(=O)=O,RINBGYCKMGDWPY-UHFFFAOYSA-N,0,,,0,0,,,
1032,eplerenone,COC(=O)[C@@H]1CC2=CC(=O)CC[C@]2(C)[C@@]23O[C@@H]2C[C@@]2(C)[C@@H](CC[C@@]24CCC(=O)O4)[C@H]13,JUKPWJGBANNWMW-VWBFHTRKSA-N,1,FDA,2002-09-27,1,3,NR3C1;NR3C2;PGR,NR3C2,
1033,epomediol,CC1(C)OC2(C)C(O)CC1CC2O,JSNQSLSBBZFGBM-UHFFFAOYSA-N,0,,,0,0,,,
1034,epoprostenol,CCCCC[C@H](O)/C=C/[C@@H]1[C@H]2C/C(=C/CCCC(=O)O)O[C@H]2C[C@H]1O,KAQKFAOMNZTLHT-OZUDYXHBSA-N,1,FDA,1995-09-20,1,4,P2RY12;PTGER1;PTGER4;PTGIR,PTGER1;PTGIR,
1035,eprazinone,CCOC(CN1CCN(CC(C)C(=O)c2ccccc2)CC1)c1ccccc1,BSHWLCACYCVCJE-UHFFFAOYSA-N,0,,,0,0,,,
1037,eprosartan,CCCCc1ncc(/C=C(\Cc2cccs2)C(=O)O)n1Cc1ccc(C(=O)O)cc1,OROAFUQRIXKEMV-LDADJPATSA-N,1,FDA,1997-12-22,1,1,AGTR1,AGTR1,
1038,eprozinol,COC(CN1CCN(CCC(O)c2ccccc2)CC1)c1ccccc1,QSRHLIUOSXVKTG-UHFFFAOYSA-N,0,,,0,0,,,
1039,eptazocine,CN1CC[C@]2(C)C[C@@H](Cc3ccc(O)cc32)C1,ZOWQTJXNFTWSCS-IAQYHMDHSA-N,0,,,0,0,,,
1040,eptifibatide,N=C(N)NCCCC[C@@H]1NC(=O)CCSSC[C@@H](C(N)=O)NC(=O)[C@@H]2CCCN2C(=O)[C@H](Cc2c[nH]c3ccccc23)NC(=O)[C@H](CC(=O)O)NC(=O)CNC1=O,CZKPOZZJODAYPZ-LROMGURASA-N,1,FDA,1998-05-18,1,2,ITGA2B;ITGB3,ITGA2B;ITGB3,
1041,erdosteine,O=C(O)CSCC(=O)NC1CCSC1=O,QGFORSXNKQLDNO-UHFFFAOYSA-N,0,,,1,0,,,
1042,ergometrine,C[C@@H](CO)NC(=O)[C@@H]1C=C2c3cccc4[nH]cc(c34)C[C@H]2N(C)C1,WVVSZNPYNCNODU-XTQGRXLLSA-N,0,,,0,13,ADRA1B;ADRA2A;ADRA2B;DRD1;DRD2;DRD3;HTR1A;HTR1D;HTR1E;HTR2A;HTR2B;HTR2C;HTR6,,
1043,ergotamine,CN1C[C@H](C(=O)N[C@]2(C)O[C@@]3(O)[C@@H]4CCCN4C(=O)[C@H](Cc4ccccc4)N3C2=O)C=C2c3cccc4[nH]cc(c34)C[C@H]21,XCGSFFUVFURLIX-VFGNJEKYSA-N,1,FDA,1948-11-26,1,27,ADRA1A;ADRA1D;ADRA2A;ADRA2B;ADRA2C;ADRB1;ADRB2;CHRM1;CHRM2;CYP3A4;DRD1;DRD2;DRD3;DRD5;FYN;HTR1A;HTR1B;HTR1D;HTR1E;HTR1F;HTR2A;HTR2B;HTR2C;HTR5A;HTR6;LCK;TBXAS1,HTR1D,
1044,eritoran,CCCCCC/C=C\CCCCCCCCCC(=O)N[C@H]1[C@H](OC[C@H]2O[C@@H](OP(=O)(O)O)[C@H](NC(=O)CC(=O)CCCCCCCCCCC)[C@@H](OCCCCCCCCCC)[C@@H]2O)O[C@H](COC)[C@@H](OP(=O)(O)O)[C@@H]1OCC[C@@H](CCCCCCC)OC,BPSMYQFMCXXNPC-PFJUCRORSA-N,0,,,0,1,TLR4,,
1045,erlotinib,C#Cc1cccc(Nc2ncnc3cc(OCCOC)c(OCCOC)cc23)c1,AAKJLRGGTJKAMG-UHFFFAOYSA-N,1,FDA,2004-11-18,1,99,AAK1;ABL1;ABL2;ALK;AURKA;AURKB;AURKC;AXL;BLK;BMP2K;BRAF;CAMK2D;CDC42BPG;CIT;COQ8A;COQ8B;CSK;CSNK1D;CSNK1E;DAPK3;DDR1;DMPK;DYRK2;EGFR;EIF2AK2;EIF2AK4;EPHA3;EPHA5;EPHA6;EPHA7;EPHA8;EPHB1;EPHB4;EPHB6;ERBB2;ERBB3;ERBB4;FGFR2;FGR;FLT1;FLT3;FLT4;FRK;GAK;GRK4;HCK;HIPK4;JAK2;JAK3;KDR;KIT;LCK;LRRK2;LTK;LYN;MAP2K5;MAP3K19;MAP3K2;MAP3K3;MAPK10;MAPK4;MAPK9;MERTK;MET;MINK1;MKNK1;MKNK2;MYLK2;PDGFRA;PDGFRB;PIP4K2C;PLK4;PTK2;RET;RIPK2;RIPK4;RPS6KA4;SBK1;SIK2;SLC22A1;SLCO2B1;SLK;SRC;SRPK3;STK10;STK17A;STK17B;STK36;TBK1;TIE1;TNIK;TNK1;TNNI3K;TTK;TXK;TYK2;TYRO3;ULK3;YES1,EGFR,
1046,ertapenem,C[C@@H](O)[C@H]1C(=O)N2C(C(=O)O)=C(S[C@@H]3CN[C@H](C(=O)Nc4cccc(C(=O)O)c4)C3)[C@H](C)[C@H]12,JUZNIMUFDBIJCM-ANEDZVCMSA-N,1,EMA;FDA,2001-11-21,1,0,,,
1047,eritrityl tetranitrate,O=[N+]([O-])OC[C@H](O[N+](=O)[O-])[C@@H](CO[N+](=O)[O-])O[N+](=O)[O-],SNFOERUNNSHUGP-ZXZARUISSA-N,0,,,0,0,,,
1048,erythromycin,CC[C@H]1OC(=O)[C@H](C)[C@@H](O[C@H]2C[C@@](C)(OC)[C@@H](O)[C@H](C)O2)[C@H](C)[C@@H](O[C@@H]2O[C@H](C)C[C@H](N(C)C)[C@H]2O)[C@](C)(O)C[C@@H](C)C(=O)[C@H](C)[C@@H](O)[C@]1(C)O,ULGZDMOVFRHVEP-RWJQBGPGSA-N,1,FDA,1964-06-24,1,5,ABCB11;AOX1;CYP1B1;KCNH2;MLNR,,
1049,erythromycin acistrate,CC[C@H]1OC(=O)[C@H](C)[C@@H](O[C@H]2C[C@@](C)(OC)[C@@H](O)[C@H](C)O2)[C@H](C)[C@@H](O[C@@H]2O[C@H](C)C[C@H](N(C)C)[C@H]2OC(C)=O)[C@](C)(O)C[C@@H](C)C(=O)[C@H](C)[C@@H](O)[C@]1(C)O,CVBHEIRZLPKMSH-SNWVVRALSA-N,0,,,0,0,,,
1051,erythromycin ethyl succinate,CCOC(=O)CCC(=O)O[C@H]1[C@H](O[C@@H]2[C@@H](C)[C@H](O[C@H]3C[C@@](C)(OC)[C@@H](O)[C@H](C)O3)[C@@H](C)C(=O)O[C@H](CC)[C@@](C)(O)[C@H](O)[C@@H](C)C(=O)[C@H](C)C[C@@]2(C)O)O[C@H](C)C[C@@H]1N(C)C,NSYZCCDSJNWWJL-YXOIYICCSA-N,1,FDA,1965-04-02,1,0,,,
1052,erythromycin propionate,CCC(=O)O[C@H]1[C@H](O[C@@H]2[C@@H](C)[C@H](O[C@H]3C[C@@](C)(OC)[C@@H](O)[C@H](C)O3)[C@@H](C)C(=O)O[C@H](CC)[C@@](C)(O)[C@H](O)[C@@H](C)C(=O)[C@H](C)C[C@@]2(C)O)O[C@H](C)C[C@@H]1N(C)C,TYQXKHPOXXXCTP-CSLYCKPJSA-N,0,,,1,1,ABCB11,,
1053,escitalopram,CN(C)CCC[C@@]1(c2ccc(F)cc2)OCc2cc(C#N)ccc21,WSEQXVZVJXJVFP-FQEVSTJZSA-N,1,FDA,2002-08-14,1,6,ADRA1A;CHRM1;HRH1;HTR2C;SLC6A2;SLC6A4,SLC6A4,
1054,esmolol,COC(=O)CCc1ccc(OCC(O)CNC(C)C)cc1,AQNDDEOPVVGCPG-UHFFFAOYSA-N,1,FDA,1986-12-31,1,1,ADRB1,ADRB1,
1055,esomeprazole,COc1ccc2nc([S@@](=O)Cc3ncc(C)c(OC)c3C)[nH]c2c1,SUBDBMMJDZJVOS-DEOSSOPVSA-N,1,FDA,2001-02-20,1,2,ATP4A;ATP4B,ATP4A;ATP4B,
1056,estazolam,Clc1ccc2c(c1)C(c1ccccc1)=NCc1nncn1-2,CDCHDCWJMGXXRH-UHFFFAOYSA-N,1,FDA,1990-12-26,1,7,GABRA1;GABRA2;GABRA3;GABRA5;GABRB2;GABRB3;GABRG2,GABRA1;GABRA2;GABRA3;GABRA5;GABRB2;GABRB3;GABRG2,
1057,estradiol,C[C@]12CC[C@@H]3c4ccc(O)cc4CC[C@H]3[C@@H]1CC[C@@H]2O,VOXZDWNPVJITMN-ZBRFXRBCSA-N,1,FDA,1975-07-23,1,15,AOX1;AR;CYP1B1;ESR1;ESR2;ESRRA;ESRRB;GPER1;KCNMA1;NR3C1;SERPINA6;SHBG;SLC6A3;SLC6A4;STS,ESR1,
1058,estradiol benzoate,C[C@]12CC[C@@H]3c4ccc(OC(=O)c5ccccc5)cc4CC[C@H]3[C@@H]1CC[C@@H]2O,UYIFTLBWAOGQBI-BZDYCCQFSA-N,0,,,0,9,ADORA3;ADRA2C;ESR1;FYN;HTR2B;NR3C1;SHBG;SLC6A2;SLC6A4,,
1059,estradiol cypionate,C[C@]12CC[C@@H]3c4ccc(O)cc4CC[C@H]3[C@@H]1CC[C@@H]2OC(=O)CCC1CCCC1,UOACKFBJUYNSLK-XRKIENNPSA-N,1,FDA,1979-08-15,1,1,ESR1,ESR1,
1060,estradiol dipropionate,CCC(=O)Oc1ccc2c(c1)CC[C@@H]1[C@@H]2CC[C@]2(C)[C@@H](OC(=O)CC)CC[C@@H]12,JQIYNMYZKRGDFK-RUFWAXPRSA-N,0,,,0,0,,,
1061,estradiol enanthate,CCCCCCC(=O)O[C@H]1CC[C@H]2[C@@H]3CCc4cc(O)ccc4[C@H]3CC[C@]12C,RFWTZQAOOLFXAY-BZDYCCQFSA-N,0,,,0,0,,,
1062,estradiol mustard,C[C@]12CC[C@@H]3c4ccc(OC(=O)Cc5ccc(N(CCCl)CCCl)cc5)cc4CC[C@H]3[C@@H]1CC[C@@H]2OC(=O)Cc1ccc(N(CCCl)CCCl)cc1,LRSFXIJGHRPOQQ-VZRQQIPSSA-N,0,,,0,0,,,
1063,estradiol undecylate,CCCCCCCCCCC(=O)O[C@H]1CC[C@H]2[C@@H]3CCc4cc(O)ccc4[C@H]3CC[C@]12C,TXHUMRBWIWWBGW-GVGNIZHQSA-N,0,,,0,0,,,
1064,estradiol valerate,CCCCC(=O)O[C@H]1CC[C@H]2[C@@H]3CCc4cc(O)ccc4[C@H]3CC[C@]12C,RSEPBGGWRJCQGY-RBRWEJTLSA-N,1,FDA,1954-07-15,1,1,ESR1,ESR1,
1065,estramustine,C[C@]12CC[C@@H]3c4ccc(OC(=O)N(CCCl)CCCl)cc4CC[C@H]3[C@@H]1CC[C@@H]2O,FRPJXPJMRWBBIH-RBRWEJTLSA-N,0,,,0,0,,,
1066,estramustine phosphate,C[C@]12CC[C@@H]3c4ccc(OC(=O)N(CCCl)CCCl)cc4CC[C@H]3[C@@H]1CC[C@@H]2OP(=O)(O)O,ADFOJJHRTBFFOF-RBRWEJTLSA-N,1,FDA,1981-12-24,1,4,ESR2;PTPN1;PTPN11;PTPN6,ESR2,
1067,estriol succinate,C[C@]12CC[C@@H]3c4ccc(O)cc4CC[C@H]3[C@@H]1C[C@@H](OC(=O)CCC(=O)O)[C@@H]2OC(=O)CCC(=O)O,VBRVDDFOBZNCPF-BRSFZVHSSA-N,0,,,0,7,ESR1;ESR2;NR3C1;OR51E2;SERPINA6;SHBG;SLC6A4,,
1068,eszopiclone,CN1CCN(C(=O)O[C@H]2c3nccnc3C(=O)N2c2ccc(Cl)cn2)CC1,GBBSUAFBMRNDJC-INIZCTEOSA-N,1,FDA,2004-12-15,1,8,GABRA1;GABRA2;GABRA3;GABRA4;GABRA5;GABRB2;GABRG2;GABRG3,GABRA1;GABRA2;GABRA3;GABRA4;GABRA5;GABRB2;GABRG2;GABRG3,
1069,etafenone,CCN(CC)CCOc1ccccc1C(=O)CCc1ccccc1,OEGDFSLNGABBKJ-UHFFFAOYSA-N,0,,,0,0,,,
1070,etersalate,CC(=O)Nc1ccc(OCCOC(=O)c2ccccc2OC(C)=O)cc1,PXBFSRVXEKCBFP-UHFFFAOYSA-N,0,,,0,0,,,
1071,ethacrynic acid,C=C(CC)C(=O)c1ccc(OCC(=O)O)c(Cl)c1Cl,AVOLMBLBETYQHX-UHFFFAOYSA-N,1,FDA,1967-01-10,1,5,GALE;GSTA1;GSTO1;GSTP1;SLC12A1,SLC12A1,
1072,ethadione,CCN1C(=O)OC(C)(C)C1=O,SIGSNYAYBSJATD-UHFFFAOYSA-N,0,,,0,0,,,
1073,ethambutol,CC[C@@H](CO)NCCN[C@@H](CC)CO,AEUTYOVWOVBAKS-UWVGGRQHSA-N,1,FDA,1967-11-06,1,5,CYP3A4;CYP3A5;HTR2A;HTR2B;HTR2C,,
1074,etamivan,CCN(CC)C(=O)c1ccc(O)c(OC)c1,BQJODPIMMWWMFC-UHFFFAOYSA-N,0,,,0,0,,,
1076,ethanol,CCO,LFQSCWFLJHTTHZ-UHFFFAOYSA-N,1,FDA,1946-01-17,1,6,GABRA4;GABRB2;GABRD;GLRA1;GLRA2;GRIN3A,,
1077,ethaverine,CCOc1ccc(Cc2nccc3cc(OCC)c(OCC)cc23)cc1OCC,ZOWYFYXTIWQBEP-UHFFFAOYSA-N,0,,,0,0,,,
1078,ethchlorvynol,C#CC(O)(C=CCl)CC,ZEHYJZXQEQOSON-UHFFFAOYSA-N,1,FDA,1961-05-10,1,3,GABRA1;GABRB3;GABRG2,GABRA1;GABRB3;GABRG2,
1079,etebenecid,CCN(CC)S(=O)(=O)c1ccc(C(=O)O)cc1,UACOQEQOBAQRDQ-UHFFFAOYSA-N,0,,,0,0,,,
1080,ethenzamide,CCOc1ccccc1C(N)=O,SBNKFTQSBPKMBZ-UHFFFAOYSA-N,0,,,0,0,,,
1081,ethinamate,C#CC1(OC(N)=O)CCCCC1,GXRZIMHKGDIBEW-UHFFFAOYSA-N,1,FDA,,1,0,,,
1082,ethinylestradiol,C#C[C@]1(O)CC[C@H]2[C@@H]3CCc4cc(O)ccc4[C@H]3CC[C@@]21C,BFPYWIDHMRZLRN-SLHNCBLASA-N,1,FDA,1943-06-25,1,17,ADORA2A;ADORA3;AOX1;AR;ESR1;ESR2;NR1I3;NR3C1;OPRK1;OPRM1;SHBG;SLC22A2;SLC47A1;SLC47A2;SLC6A2;SLC6A3;SLC6A4,ESR1,
1083,ethionamide,CCc1cc(C(N)=S)ccn1,AEOCXXJPGCBFJA-UHFFFAOYSA-N,1,FDA,1965-04-30,1,0,,,
1084,ethisterone,C#C[C@]1(O)CC[C@H]2[C@@H]3CCC4=CC(=O)CC[C@]4(C)[C@H]3CC[C@@]21C,CHNXZKVNWQUJIB-CEGNMAFCSA-N,0,,,0,2,NR3C1;SHBG,,
1085,ethoheptazine,CCOC(=O)C1(c2ccccc2)CCCN(C)CC1,WGJHHMKQBWSQIY-UHFFFAOYSA-N,0,,,0,0,,,
1086,profenamine,CCN(CC)C(C)CN1c2ccccc2Sc2ccccc21,CDOZDBSBBXSXLB-UHFFFAOYSA-N,1,FDA,,1,5,ACHE;BCHE;CHRM1;GRIN3A;SLC22A1,CHRM1,
1087,ethosuximide,CCC1(C)CC(=O)NC1=O,HAPOVYFOVVWLRS-UHFFFAOYSA-N,1,FDA,1960-11-02,1,1,CACNA1G,CACNA1G,
1088,ethotoin,CCN1C(=O)NC(c2ccccc2)C1=O,SZQIFWWUIBRPBZ-UHFFFAOYSA-N,1,FDA,1957-04-22,1,10,SCN10A;SCN11A;SCN1A;SCN2A;SCN3A;SCN4A;SCN5A;SCN7A;SCN8A;SCN9A,SCN10A;SCN11A;SCN1A;SCN2A;SCN3A;SCN4A;SCN5A;SCN7A;SCN8A;SCN9A,
1089,ethoxzolamide,CCOc1ccc2nc(S(N)(=O)=O)sc2c1,OUZWUKMCLIBBOG-UHFFFAOYSA-N,1,FDA,,1,12,CA1;CA12;CA13;CA14;CA2;CA3;CA4;CA5A;CA5B;CA6;CA7;CA9,CA1;CA12;CA13;CA14;CA2;CA3;CA4;CA5A;CA5B;CA6;CA7;CA9,
1091,ethyl biscoumacetate,CCOC(=O)C(c1c(O)c2ccccc2oc1=O)c1c(O)c2ccccc2oc1=O,JCLHQFUTFHUXNN-UHFFFAOYSA-N,0,,,0,1,VKORC1,,
1092,ethyl loflazepate,CCOC(=O)C1N=C(c2ccccc2F)c2cc(Cl)ccc2NC1=O,CUCHJCMWNFEYOM-UHFFFAOYSA-N,0,,,0,0,,,
1094,ethylestrenol,CC[C@]1(O)CC[C@H]2[C@@H]3CCC4=CCCC[C@@H]4[C@H]3CC[C@@]21C,AOXRBFRFYPMWLR-XGXHKTLJSA-N,1,FDA,1964-05-28,1,7,ACHE;AR;CHRM2;CYP2C19;ESR1;SLC6A2;SLC6A4,AR,
1095,etynodiol,C#C[C@]1(OC(C)=O)CC[C@H]2[C@@H]3CCC4=C[C@@H](OC(C)=O)CC[C@@H]4[C@H]3CC[C@@]21C,ONKUMRGIYFNPJW-KIEAKMPYSA-N,1,FDA,1966-03-23,1,3,ESR1;MAOA;PGR,PGR,
1097,etidocaine,CCCN(CC)C(CC)C(=O)Nc1c(C)cccc1C,VTUSIVBDOCDNHS-UHFFFAOYSA-N,1,FDA,1976-08-30,1,4,KCNK3;SCN2A;SCN4A;SCN5A,SCN2A;SCN4A;SCN5A,
1098,etidronic acid,CC(O)(P(=O)(O)O)P(=O)(O)O,DBVJJBKOTRCVKF-UHFFFAOYSA-N,1,FDA,1977-09-01,1,0,,,
1099,etifoxine,CCNC1=Nc2ccc(Cl)cc2C(C)(c2ccccc2)O1,IBYCYJFUEJQSMK-UHFFFAOYSA-N,0,,,0,0,,,
1100,etilamfetamine,CCNC(C)Cc1ccccc1,YAGBSNMZQKEFCO-UHFFFAOYSA-N,0,,,0,1,SIGMAR1,,
1101,etilefrine,CCNCC(O)c1cccc(O)c1,SQVIAVUSQAWMKL-UHFFFAOYSA-N,1,YEAR INTRODUCED,1929-01-01,0,1,ADRB1,ADRB1,
1102,etizolam,CCc1cc2c(s1)-n1c(C)nnc1CN=C2c1ccccc1Cl,VMZUTJCNQWMAGF-UHFFFAOYSA-N,1,YEAR INTRODUCED,1984-01-01,0,7,GABRA1;GABRA2;GABRA3;GABRA5;GABRB2;GABRB3;GABRG2,,
1103,etodolac,CCc1cccc2c3c([nH]c12)C(CC)(CC(=O)O)OCC3,NNYBQONXHNTVIJ-UHFFFAOYSA-N,1,FDA,1991-01-31,1,2,PTGS1;PTGS2,PTGS2,
1104,etodroxizine,OCCOCCOCCN1CCN(C(c2ccccc2)c2ccc(Cl)cc2)CC1,VUFOCTSXHUWGPW-UHFFFAOYSA-N,0,,,0,0,,,
1105,etofamide,CCOCCN(Cc1ccc(Oc2ccc([N+](=O)[O-])cc2)cc1)C(=O)C(Cl)Cl,QTRALMGDQMIVFF-UHFFFAOYSA-N,0,,,0,0,,,
1106,etofibrate,CC(C)(Oc1ccc(Cl)cc1)C(=O)OCCOC(=O)c1cccnc1,XXRVYAFBUDSLJX-UHFFFAOYSA-N,0,,,0,0,,,
1107,etofylline,Cn1c(=O)c2c(ncn2CCO)n(C)c1=O,NWPRCRWQMGIBOT-UHFFFAOYSA-N,0,,,0,1,ADORA2B,,
1108,etofylline clofibrate,Cn1c(=O)c2c(ncn2CCOC(=O)C(C)(C)Oc2ccc(Cl)cc2)n(C)c1=O,KYAKGJDISSNVPZ-UHFFFAOYSA-N,0,,,0,0,,,
1109,etomidate,CCOC(=O)c1cncn1[C@H](C)c1ccccc1,NPUKDXXFDDZOKR-LLVKDONJSA-N,1,FDA,1982-09-07,1,6,CYP11B1;CYP11B2;GABRA1;GABRA2;GABRB2;GABRG2,GABRA1;GABRB2;GABRG2,
1110,etonogestrel,C#C[C@]1(O)CC[C@H]2[C@@H]3CCC4=CC(=O)CC[C@@H]4[C@H]3C(=C)C[C@@]21CC,GCKFUYQCUCGESZ-BPIQYHPVSA-N,1,FDA,2001-10-03,1,3,ESR1;PGR;SHBG,PGR,
1111,etoperidone,CCc1nn(CCCN2CCN(c3cccc(Cl)c3)CC2)c(=O)n1CC,IZBNNCFOBMGTQX-UHFFFAOYSA-N,0,,,0,4,DRD2;HRH1;HTR1A;SLC6A4,,
1112,etoposide,COc1cc([C@@H]2c3cc4c(cc3[C@@H](O[C@@H]3O[C@@H]5CO[C@@H](C)O[C@H]5[C@H](O)[C@H]3O)[C@H]3COC(=O)[C@H]23)OCO4)cc(OC)c1O,VJJPUSNTGOMMGY-MRVIYFEKSA-N,1,FDA,1983-11-10,1,9,ABCB1;ABCC1;ABCC2;ABCC3;ABCC6;ABCG2;NR1I2;TOP2A;TOP2B,TOP2A,
1113,etoricoxib,Cc1ccc(-c2ncc(Cl)cc2-c2ccc(S(C)(=O)=O)cc2)cn1,MNJVRJDLRVPLFE-UHFFFAOYSA-N,1,YEAR INTRODUCED,1998-01-01,1,4,MAPK14;PTGER2;PTGS1;PTGS2,PTGS2,
1114,etozolin,CCOC(=O)C=C1SC(N2CCCCC2)C(=O)N1C,ZCKKHYXUQFTBIK-UHFFFAOYSA-N,0,,,0,0,,,
1115,etravirine,Cc1cc(C#N)cc(C)c1Oc1nc(Nc2ccc(C#N)cc2)nc(N)c1Br,PYGWGZALEOIKDF-UHFFFAOYSA-N,1,EMA;FDA,2008-01-18,1,5,ABCB1;ABCC1;ABCC2;ABCC3;ABCG2,,
1116,etretinate,CCOC(=O)/C=C(C)/C=C/C=C(C)/C=C/c1c(C)cc(OC)c(C)c1C,HQMNCQVAMBCHCO-DJRRULDNSA-N,1,FDA,1986-09-30,1,2,RARA;RXRG,RARA;RXRG,
1117,etryptamine,CCC(N)Cc1c[nH]c2ccccc12,ZXUMUPVQYAFTLF-UHFFFAOYSA-N,0,,,0,0,,,
1118,everolimus,CO[C@H]1C[C@@H]2CC[C@@H](C)[C@@](O)(O2)C(=O)C(=O)N2CCCC[C@H]2C(=O)O[C@H]([C@H](C)C[C@@H]2CC[C@@H](OCCO)[C@H](OC)C2)CC(=O)[C@H](C)/C=C(\C)[C@@H](O)[C@@H](OC)C(=O)[C@H](C)C[C@H](C)/C=C/C=C/C=C/1C,HKVAMNSJSFKALM-GKUWKFKPSA-N,1,EMA;FDA;PMDA,2009-03-30,1,3,ABCB1;FKBP1A;MTOR,FKBP1A,
1119,exalamide,CCCCCCOc1ccccc1C(N)=O,CKSJXOVLXUMMFF-UHFFFAOYSA-N,0,,,0,0,,,
1120,exatecan,CC[C@@]1(O)C(=O)OCc2c1cc1n(c2=O)Cc2c-1nc1cc(F)c(C)c3c1c2[C@@H](N)CC3,ZVYVPGLRVWUPMP-FYSMJZIKSA-N,0,,,0,0,,,
1122,exemestane,C=C1C[C@@H]2[C@H](CC[C@]3(C)C(=O)CC[C@@H]23)[C@@]2(C)C=CC(=O)C=C12,BFYIZQONLCFLEV-DAELLWKTSA-N,1,FDA,1999-10-21,1,2,AR;CYP19A1,CYP19A1,
1123,exenatide,CC[C@H](C)[C@H](NC(=O)[C@H](Cc1ccccc1)NC(=O)[C@H](CC(C)C)NC(=O)[C@H](CCCNC(=N)N)NC(=O)[C@@H](NC(=O)[C@H](C)NC(=O)[C@H](CCC(=O)O)NC(=O)[C@H](CCC(=O)O)NC(=O)[C@H](CCC(=O)O)NC(=O)[C@H](CCSC)NC(=O)[C@H](CCC(N)=O)NC(=O)[C@H](CCCCN)NC(=O)[C@H](CO)NC(=O)[C@H](CC(C)C)NC(=O)[C@H](CC(=O)O)NC(=O)[C@H](CO)NC(=O)[C@@H](NC(=O)[C@H](Cc1ccccc1)NC(=O)[C@@H](NC(=O)CNC(=O)[C@H](CCC(=O)O)NC(=O)CNC(=O)[C@@H](N)Cc1c[nH]cn1)[C@@H](C)O)[C@@H](C)O)C(C)C)C(=O)N[C@@H](CCC(=O)O)C(=O)N[C@@H](Cc1c[nH]c2ccccc12)C(=O)N[C@@H](CC(C)C)C(=O)N[C@@H](CCCCN)C(=O)N[C@@H](CC(N)=O)C(=O)NCC(=O)NCC(=O)N1CCC[C@H]1C(=O)N[C@@H](CO)C(=O)N[C@@H](CO)C(=O)NCC(=O)N[C@@H](C)C(=O)N1CCC[C@H]1C(=O)N1CCC[C@H]1C(=O)N1CCC[C@H]1C(=O)N[C@@H](CO)C(N)=O,HTQBXNHDCUEHJF-XWLPCZSASA-N,1,FDA,2005-04-28,1,1,GLP1R,GLP1R,
1125,ezetimibe,O=C1[C@H](CC[C@H](O)c2ccc(F)cc2)[C@@H](c2ccc(O)cc2)N1c1ccc(F)cc1,OLNTVTPDXPETLC-XPWALMASSA-N,1,FDA,2002-10-25,1,1,NPC1L1,NPC1L1,
1126,fadrozole,N#Cc1ccc(C2CCCc3cncn32)cc1,CLPFFLWZZBQMAO-UHFFFAOYSA-N,0,,,0,3,CYP11B1;CYP11B2;CYP19A1,CYP19A1,
1127,falecalcitriol,C=C1/C(=C/C=C2\CCC[C@]3(C)[C@@H]([C@H](C)CCCC(O)(C(F)(F)F)C(F)(F)F)CC[C@@H]23)C[C@@H](O)C[C@@H]1O,XPYGGHVSFMUHLH-WSRTYSJNSA-N,1,PMDA,2001-04-04,0,0,,,
1128,famciclovir,CC(=O)OCC(CCn1cnc2cnc(N)nc21)COC(C)=O,GGXKWVWZWMLJEH-UHFFFAOYSA-N,1,FDA,1994-06-29,1,0,,,
1129,famotidine,N=C(N)Nc1nc(CSCCC(=N)NS(N)(=O)=O)cs1,XUFQPHANEAPEMJ-UHFFFAOYSA-N,1,FDA,1986-10-15,1,17,CA1;CA12;CA13;CA14;CA2;CA4;CA5A;CA5B;CA6;CA7;CA9;HRH2;HSP90AA1;SLC22A2;SLC22A3;SLC47A1;SLC47A2,HRH2,
1130,famprofazone,CC(C)c1c(CCN(C)C(C)Cc2ccccc2)n(C)n(-c2ccccc2)c1=O,MJFVUHGZVIKGIW-UHFFFAOYSA-N,0,,,0,1,NR2E1,,
1131,faropenem,C[C@@H](O)[C@H]1C(=O)N2C(C(=O)O)=C([C@H]3CCCO3)S[C@H]12,HGGAKXAHAYOLDJ-FHZUQPTBSA-N,0,,,0,0,,,
1132,fasudil,O=S(=O)(c1cccc2cnccc12)N1CCCNCC1,NGOGFTYYXHNFQH-UHFFFAOYSA-N,1,PMDA,1995-06-30,0,10,CCL2;KCNH2;MYLK;PKN1;PKN2;PRKACA;PRKCE;ROCK1;ROCK2;RPS6KA5,ROCK1;ROCK2,
1135,febarbamate,CCCCOCC(CN1C(=O)NC(=O)C(CC)(c2ccccc2)C1=O)OC(N)=O,QHZQILHUJDRDAI-UHFFFAOYSA-N,0,,,0,0,,,
1136,febuprol,CCCCOCC(O)COc1ccccc1,WBLXZPHICYCDGN-UHFFFAOYSA-N,0,,,0,0,,,
1137,febuxostat,Cc1nc(-c2ccc(OCC(C)C)c(C#N)c2)sc1C(=O)O,BQSJTQLCZDPROO-UHFFFAOYSA-N,1,EMA;FDA,2009-02-13,1,2,KCNH2;XDH,XDH,
1138,feclobuzone,CCCCC1(COC(=O)c2ccc(Cl)cc2)C(=O)N(c2ccccc2)N(c2ccccc2)C1=O,OZKQTMYKYQGCME-UHFFFAOYSA-N,0,,,0,0,,,
1139,fedrilate,CC(CCN1CCOCC1)OC(=O)C1(c2ccccc2)CCOCC1,RDEOYUSTRWNWLX-UHFFFAOYSA-N,0,,,0,0,,,
1140,felbamate,NC(=O)OCC(COC(N)=O)c1ccccc1,WKGXYQFOCVYPAC-UHFFFAOYSA-N,1,FDA,1993-07-29,1,2,GRIN2A;GRIN2B,GRIN2A;GRIN2B,
1141,felbinac,O=C(O)Cc1ccc(-c2ccccc2)cc1,QRZAKQDHEVVFRX-UHFFFAOYSA-N,0,,,1,2,PTGS1;PTGS2,PTGS1;PTGS2,
1142,felodipine,CCOC(=O)C1=C(C)NC(C)=C(C(=O)OC)C1c1cccc(Cl)c1Cl,RZTAMFZIAATZDJ-UHFFFAOYSA-N,1,FDA,1991-07-25,1,11,ADORA3;AOX1;CACNA1C;CACNA1D;CACNA1H;CFTR;CYP2C9;NR1H4;SCN1A;SCN2A;SCN3A,CACNA1C;CACNA1D,
1143,fenalamide,CCOC(=O)C(CC)(C(=O)NCCN(CC)CC)c1ccccc1,RMQKPRRJSKFBRU-UHFFFAOYSA-N,0,,,0,0,,,
1144,fenalcomine,CCC(O)c1ccc(OCCNC(C)Cc2ccccc2)cc1,DOBLSWXRNYSVDC-UHFFFAOYSA-N,0,,,0,0,,,
1145,fenbufen,O=C(O)CCC(=O)c1ccc(-c2ccccc2)cc1,ZPAKPRAICRBAOD-UHFFFAOYSA-N,0,,,0,2,PTGS1;PTGS2,PTGS1;PTGS2,
1146,fencamfamin,CCNC1C2CCC(C2)C1c1ccccc1,IKFBPFGUINLYQI-UHFFFAOYSA-N,0,,,0,0,,,
1147,fenclofenac,O=C(O)Cc1ccccc1Oc1ccc(Cl)cc1Cl,IDKAXRLETRCXKS-UHFFFAOYSA-N,0,,,1,0,,,
1148,fendiline,CC(NCCC(c1ccccc1)c1ccccc1)c1ccccc1,NMKSAYKQLCHXDK-UHFFFAOYSA-N,0,,,0,2,CASR;HTR2B,,
1149,fenetylline,CC(Cc1ccccc1)NCCn1cnc2c1c(=O)n(C)c(=O)n2C,NMCHYWGKBADVMK-UHFFFAOYSA-N,0,,,0,0,,,
1150,fenfluramine,CCNC(C)Cc1cccc(C(F)(F)F)c1,DBGIVFWFUFKIQN-UHFFFAOYSA-N,0,,,1,20,ADRA1A;ADRA1B;ADRA2A;ADRA2B;ADRA2C;ADRB1;ADRB2;CHRM1;CHRM2;CHRM3;CHRM4;HTR1A;HTR1B;HTR1D;HTR2A;HTR2B;HTR2C;HTR6;HTR7;SLC6A4,,
1151,fenipentol,CCCCC(O)c1ccccc1,OVGORFFCBUIFIA-UHFFFAOYSA-N,0,,,0,0,,,
1152,fenofibrate,CC(C)OC(=O)C(C)(C)Oc1ccc(C(=O)c2ccc(Cl)cc2)cc1,YMTINGFKWWXKFG-UHFFFAOYSA-N,1,FDA,1993-12-31,1,10,ACHE;ADORA3;ADRB3;DRD3;HTR2A;HTR2C;PPARA;PPARG;SLC6A2;SLC6A3,PPARA,
1153,fenoldopam,Oc1ccc(C2CNCCc3c2cc(O)c(O)c3Cl)cc1,TVURRHSHRRELCG-UHFFFAOYSA-N,1,FDA,1997-09-23,1,9,ADRA1A;ADRA1B;ADRA1D;DRD1;DRD2;DRD4;DRD5;GFER;KDM4E,DRD1,
1154,fenoprofen,CC(C(=O)O)c1cccc(Oc2ccccc2)c1,RDJGLLICXDHJDY-UHFFFAOYSA-N,1,FDA,1976-03-16,1,3,PTGS1;PTGS2;SLC5A8,PTGS1;PTGS2,
1155,fenoterol,CC(Cc1ccc(O)cc1)NCC(O)c1cc(O)cc(O)c1,LSLYOANBFKQKPT-UHFFFAOYSA-N,1,YEAR INTRODUCED,1965-01-01,1,1,ADRB2,ADRB2,
1156,fenoverine,O=C(CN1CCN(Cc2ccc3c(c2)OCO3)CC1)N1c2ccccc2Sc2ccccc21,UBAJTZKNDCEGKL-UHFFFAOYSA-N,0,,,0,0,,,
1157,fenozolone,CCNC1=NC(=O)C(c2ccccc2)O1,RXOIEVSUURELPG-UHFFFAOYSA-N,0,,,0,0,,,
1158,fenpentadiol,CC(C)(O)CC(C)(O)c1ccc(Cl)cc1,SNJDSTGQYRTZJT-UHFFFAOYSA-N,0,,,0,0,,,
1159,fenpiprane,c1ccc(C(CCN2CCCCC2)c2ccccc2)cc1,JXJPYHDHJZJWRI-UHFFFAOYSA-N,0,,,0,0,,,
1160,fenpiverinium,C[N+]1(CCC(C(N)=O)(c2ccccc2)c2ccccc2)CCCCC1,QDIYJDPBMZUZEH-UHFFFAOYSA-O,0,,,0,0,,,charged_parent
1161,fenproporex,CC(Cc1ccccc1)NCCC#N,IQUFSXIQAFPIMR-UHFFFAOYSA-N,0,,,1,0,,,
1162,fenquizone,NS(=O)(=O)c1cc2c(cc1Cl)NC(c1ccccc1)NC2=O,DBDTUXMDTSTPQZ-UHFFFAOYSA-N,0,,,0,0,,,
1163,fenspiride,O=C1NCC2(CCN(CCc3ccccc3)CC2)O1,FVNFBBAOMBJTST-UHFFFAOYSA-N,0,,,1,0,,,
1164,fentanyl,CCC(=O)N(c1ccccc1)C1CCN(CCc2ccccc2)CC1,PJMPHNIQZUBGLI-UHFFFAOYSA-N,1,FDA;PMDA,1968-02-19,1,8,KCNH2;MAOA;MAOB;OPRD1;OPRK1;OPRM1;SIGMAR1;SLC22A1,OPRM1,
1165,fentiazac,O=C(O)Cc1sc(-c2ccccc2)nc1-c1ccc(Cl)cc1,JIEKMACRVQTPRC-UHFFFAOYSA-N,0,,,0,1,PTGDR2,,
1166,fenticonazole,Clc1ccc(C(Cn2ccnc2)OCc2ccc(Sc3ccccc3)cc2)c(Cl)c1,ZCJYUTQZBAIHBS-UHFFFAOYSA-N,0,,,1,0,,,
1167,fentonium,C[N+]1(CC(=O)c2ccc(-c3ccccc3)cc2)[C@@H]2CC[C@H]1C[C@@H](OC(=O)[C@H](CO)c1ccccc1)C2,CSYZZFNWCDOVIM-OCTNZTSRSA-N,0,,,0,0,,,charged_parent
1168,fepradinol,CC(C)(CO)NCC(O)c1ccccc1,PVOOBRUZWPQOER-UHFFFAOYSA-N,0,,,0,0,,,
1169,feprazone,CC(C)=CCC1C(=O)N(c2ccccc2)N(c2ccccc2)C1=O,RBBWCVQDXDFISW-UHFFFAOYSA-N,0,,,1,0,,,
1170,fexofenadine,CC(C)(C(=O)O)c1ccc(C(O)CCCN2CCC(C(O)(c3ccccc3)c3ccccc3)CC2)cc1,RWTNPBWLLIMQHL-UHFFFAOYSA-N,1,FDA,1996-07-25,1,4,ABCB1;HRH1;KCNH2;SLCO1A2,HRH1,
1171,finasteride,CC(C)(C)NC(=O)[C@H]1CC[C@H]2[C@@H]3CC[C@H]4NC(=O)C=C[C@]4(C)[C@H]3CC[C@]12C,DBEPLOCGEIEOCV-WSBQPABSSA-N,1,FDA,1992-06-19,1,5,CYP2C19;CYP2C9;HSD3B1;SRD5A1;SRD5A2,SRD5A1;SRD5A2,
1172,fipexide,O=C(COc1ccc(Cl)cc1)N1CCN(Cc2ccc3c(c2)OCO3)CC1,BFUJHVVEMMWLHC-UHFFFAOYSA-N,0,,,1,0,,,
1173,flavodic acid,O=C(O)COc1cc(OCC(=O)O)c2c(=O)cc(-c3ccccc3)oc2c1,IGCSSLDDCHLXGL-UHFFFAOYSA-N,0,,,0,0,,,
1175,flavoxate,Cc1c(-c2ccccc2)oc2c(C(=O)OCCN3CCCCC3)cccc2c1=O,SPIUTQOUKAMGCX-UHFFFAOYSA-N,1,FDA,1970-01-15,1,9,KCNH2;PDE4A;PDE4B;PDE4C;PDE4D;PDE7A;PDE7B;PDE8A;PDE8B,PDE4A;PDE4B;PDE4C;PDE4D;PDE7A;PDE7B;PDE8A;PDE8B,
1176,flecainide,O=C(NCC1CCCCN1)c1cc(OCC(F)(F)F)ccc1OCC(F)(F)F,DJBNUMBKLMJRSA-UHFFFAOYSA-N,1,FDA,1985-10-31,1,6,HCN4;KCNA5;KCNA7;KCNH2;SCN4A;SCN5A,SCN5A,
1177,fleroxacin,CN1CCN(c2c(F)cc3c(=O)c(C(=O)O)cn(CCF)c3c2F)CC1,XBJBPGROQZJDOJ-UHFFFAOYSA-N,1,YEAR INTRODUCED,1992-01-01,0,0,,,
1178,floctafenine,O=C(OCC(O)CO)c1ccccc1Nc1ccnc2c(C(F)(F)F)cccc12,APQPGQGAWABJLN-UHFFFAOYSA-N,0,,,0,2,PTGS1;PTGS2,PTGS1;PTGS2,
1179,flomoxef,CO[C@@]1(NC(=O)CSC(F)F)C(=O)N2C(C(=O)O)=C(CSc3nnnn3CCO)CO[C@@H]21,UHRBTBZOWWGKMK-DOMZBBRYSA-N,0,,,0,0,,,
1180,flopropione,CCC(=O)c1c(O)cc(O)cc1O,PTHLEKANMPKYDB-UHFFFAOYSA-N,0,,,0,1,COMT,COMT,
1181,florantyrone,O=C(O)CCC(=O)c1ccc2c(c1)-c1cccc3cccc-2c13,QOBAOSCOLAGPKI-UHFFFAOYSA-N,0,,,0,0,,,
1182,flosequinan,Cn1cc(S(C)=O)c(=O)c2ccc(F)cc21,UYGONJYYUKVHDD-UHFFFAOYSA-N,0,,,1,0,,,
1183,floxacillin,Cc1onc(-c2c(F)cccc2Cl)c1C(=O)N[C@@H]1C(=O)N2[C@@H]1SC(C)(C)[C@@H]2C(=O)O,UIOFUWFRIANQPC-JKIFEVAISA-N,1,YEAR INTRODUCED,1962-01-01,0,2,AR;MMP9,,
1184,floxuridine,O=c1[nH]c(=O)n([C@H]2C[C@H](O)[C@@H](CO)O2)cc1F,ODKNJVUHOIMIIZ-RRKCRQDMSA-N,1,FDA,1970-12-18,1,1,TYMS,TYMS,
1186,flubendazole,COC(=O)Nc1nc2cc(C(=O)c3ccc(F)cc3)ccc2[nH]1,CPEUVMUXAHMANV-UHFFFAOYSA-N,0,,,0,0,,,
1187,fluconazole,OC(Cn1cncn1)(Cn1cncn1)c1ccc(F)cc1F,RFHAOTPXVQNOHP-UHFFFAOYSA-N,1,FDA,1990-01-29,1,4,CYP2C19;CYP2C9;CYP3A4;CYP51A1,,
1188,flucytosine,Nc1nc(=O)[nH]cc1F,XRECTZIEBJDKEO-UHFFFAOYSA-N,1,FDA,1971-11-26,1,1,HTR2A,,
1189,fludarabine phosphate,Nc1nc(F)nc2c1ncn2[C@@H]1O[C@H](COP(=O)(O)O)[C@@H](O)[C@@H]1O,GIUYCYHIANZCFB-FJFJXFQQSA-N,1,FDA,1991-04-18,1,4,CA5A;POLA1;RRM1;RRM2,POLA1,
1190,fludiazepam,CN1C(=O)CN=C(c2ccccc2F)c2cc(Cl)ccc21,ROYOYTLGDLIGBX-UHFFFAOYSA-N,0,,,0,0,,,
1191,fludrocortisone acetate,CC(=O)OCC(=O)[C@@]1(O)CC[C@H]2[C@@H]3CCC4=CC(=O)CC[C@]4(C)[C@@]3(F)[C@@H](O)C[C@@]21C,SYWHXTATXSMDSB-GSLJADNHSA-N,1,FDA,1955-08-18,1,3,ANXA1;NR3C1;NR3C2,NR3C2,
1193,flufenamic acid,O=C(O)c1ccccc1Nc1cccc(C(F)(F)F)c1,LPEPZBJOKDYZAD-UHFFFAOYSA-N,1,YEAR INTRODUCED,1963-01-01,0,19,AKR1B1;AKR1B10;AKR1C1;AKR1C2;AKR1C3;AR;KCNK2;KCNT2;MPO;NAPRT;PTGS1;PTGS2;TAS2R14;TEAD4;TRPA1;TRPM2;TRPM4;TRPM5;TTR,PTGS1;PTGS2,
1194,fluindione,O=C1c2ccccc2C(=O)C1c1ccc(F)cc1,NASXCEITKQITLD-UHFFFAOYSA-N,0,,,1,0,,,
1195,flumazenil,CCOC(=O)c1ncn2c1CN(C)C(=O)c1cc(F)ccc1-2,OFBIFZUFASYYRE-UHFFFAOYSA-N,1,FDA,1991-12-20,1,16,GABRA1;GABRA2;GABRA3;GABRA4;GABRA5;GABRA6;GABRB1;GABRB2;GABRB3;GABRD;GABRE;GABRG1;GABRG2;GABRG3;GABRP;GABRQ,GABRA1;GABRA2;GABRA3;GABRA4;GABRA5;GABRA6;GABRB3;GABRG2,
1196,flumecinol,CCC(O)(c1ccccc1)c1cccc(C(F)(F)F)c1,DVASNQYQOZHAJN-UHFFFAOYSA-N,0,,,0,0,,,
1197,flumequine,CC1CCc2cc(F)cc3c(=O)c(C(=O)O)cn1c23,DPSPPJIUMHPXMA-UHFFFAOYSA-N,0,,,0,0,,,
1198,flumetasone pivalate,C[C@@H]1C[C@H]2[C@@H]3C[C@H](F)C4=CC(=O)C=C[C@]4(C)[C@@]3(F)[C@@H](O)C[C@]2(C)[C@@]1(O)C(=O)COC(=O)C(C)(C)C,JWRMHDSINXPDHB-OJAGFMMFSA-N,1,FDA,,1,1,NR3C1,NR3C1,
1199,flumethiazide,NS(=O)(=O)c1cc2c(cc1C(F)(F)F)N=CNS2(=O)=O,RGUQWGXAYZNLMI-UHFFFAOYSA-N,0,,,0,0,,,
1200,flunarizine,Fc1ccc(C(c2ccc(F)cc2)N2CCN(C/C=C/c3ccccc3)CC2)cc1,SMANXXCATUTDDT-QPJJXVBHSA-N,0,,,0,32,ADORA3;ADRA1D;ADRA2A;ADRA2B;ADRA2C;CACNA1B;CACNA1G;CACNA1H;CACNA1I;CHRM1;CHRM3;CHRM4;CHRM5;CNR1;DRD1;DRD2;DRD3;HRH1;HTR1A;HTR2A;HTR2B;HTR2C;KCNH2;OPRD1;OPRK1;OPRM1;RCE1;SCN1A;SIGMAR1;SLC6A2;SLC6A3;SLC6A4,CACNA1G;CACNA1H;CACNA1I,
1201,flunisolide,CC1(C)O[C@@H]2C[C@H]3[C@@H]4C[C@H](F)C5=CC(=O)C=C[C@]5(C)[C@H]4[C@@H](O)C[C@]3(C)[C@]2(C(=O)CO)O1,XSFJVAJPIHIPKU-XWCQMRHXSA-N,1,FDA,1981-09-24,1,1,NR3C1,NR3C1,
1202,flunitrazepam,CN1C(=O)CN=C(c2ccccc2F)c2cc([N+](=O)[O-])ccc21,PPTYJKAXVCCBDU-UHFFFAOYSA-N,1,YEAR INTRODUCED,1976-01-01,1,8,GABRA1;GABRA2;GABRA3;GABRA5;GABRB2;GABRB3;GABRG2;GABRG3,GABRA1;GABRA2;GABRA3;GABRA5,
1203,flunoxaprofen,C[C@H](C(=O)O)c1ccc2oc(-c3ccc(F)cc3)nc2c1,ARPYQKTVRGFPIS-VIFPVBQESA-N,0,,,0,0,,,
1204,fluocinolone acetonide,CC1(C)O[C@@H]2C[C@H]3[C@@H]4C[C@H](F)C5=CC(=O)C=C[C@]5(C)[C@@]4(F)[C@@H](O)C[C@]3(C)[C@]2(C(=O)CO)O1,FEBLZLNTKCEFIT-VSXGLTOVSA-N,1,FDA,1963-02-15,1,1,NR3C1,NR3C1,
1205,fluocinonide,CC(=O)OCC(=O)[C@@]12OC(C)(C)O[C@@H]1C[C@H]1[C@@H]3C[C@H](F)C4=CC(=O)C=C[C@]4(C)[C@@]3(F)[C@@H](O)C[C@@]12C,WJOHZNCJWYWUJD-IUGZLZTKSA-N,1,FDA,1971-06-30,1,1,NR3C1,NR3C1,
1206,fluocortolone,C[C@@H]1C[C@H]2[C@@H]3C[C@H](F)C4=CC(=O)C=C[C@]4(C)[C@H]3[C@@H](O)C[C@]2(C)[C@H]1C(=O)CO,GAKMQHDJQHZUTJ-ULHLPKEOSA-N,0,,,1,0,,,
1208,fluorometholone,CC(=O)[C@@]1(O)CC[C@H]2[C@@H]3C[C@H](C)C4=CC(=O)C=C[C@]4(C)[C@@]3(F)[C@@H](O)C[C@@]21C,FAOZLTXFLGPHNG-KNAQIMQKSA-N,1,FDA,1972-01-12,1,1,NR3C1,NR3C1,
1209,fluoxetine,CNCCC(Oc1ccc(C(F)(F)F)cc1)c1ccccc1,RTHCYVBBDHJXIQ-UHFFFAOYSA-N,1,FDA,1987-12-29,1,25,ACHE;ADRA1A;ADRA2A;ADRA2B;ADRB1;CHRM1;CHRM2;CHRM3;CHRM4;CHRM5;CYP2D6;DRD3;HRH1;HRH3;HTR2A;HTR2B;HTR2C;HTR6;KCNH2;KCNK2;SIGMAR1;SLC29A4;SLC6A2;SLC6A3;SLC6A4,SLC6A4,
1210,fluoxymesterone,C[C@]1(O)CC[C@H]2[C@@H]3CCC4=CC(=O)CC[C@]4(C)[C@@]3(F)[C@@H](O)C[C@@]21C,YLRFCQOZQXIBAB-RBZZARIASA-N,1,FDA,1956-10-15,1,1,AR,AR,
1211,flupentixol,OCCN1CCN(CCC=C2c3ccccc3Sc3ccc(C(F)(F)F)cc32)CC1,NJMYODHXAKYRHW-UHFFFAOYSA-N,1,YEAR INTRODUCED,1964-01-01,0,12,ADRA1A;DRD1;DRD2;DRD3;DRD4;DRD5;HRH1;HTR1A;HTR2A;KCNK2;SIGMAR1;SLC22A1,DRD1;DRD2,
1212,fluphenazine,OCCN1CCN(CCCN2c3ccccc3Sc3ccc(C(F)(F)F)cc32)CC1,PLDUPXSUYLZYBN-UHFFFAOYSA-N,1,FDA,1959-09-09,1,47,ADORA3;ADRA1A;ADRA1B;ADRA1D;ADRA2A;ADRA2B;ADRA2C;ADRB3;CHRM1;CHRM2;CHRM3;CHRM4;CHRM5;DRD1;DRD2;DRD3;DRD4;DRD5;EGFR;ERBB2;FYN;HRH1;HRH2;HTR1A;HTR1B;HTR1D;HTR1E;HTR2A;HTR2B;HTR2C;HTR5A;HTR6;HTR7;KCNH2;KCNK2;MC5R;OPRD1;OPRK1;OPRM1;SCN1A;SCN2A;SCN3A;SIGMAR1;SLC6A2;SLC6A3;SLC6A4;TACR2,DRD2,
1213,fluphenazine decanoate,CCCCCCCCCC(=O)OCCN1CCN(CCCN2c3ccccc3Sc3ccc(C(F)(F)F)cc32)CC1,VIQCGTZFEYDQMR-UHFFFAOYSA-N,1,FDA,1972-06-20,1,1,DRD2,DRD2,
1214,fluphenazine enanthate,CCCCCCC(=O)OCCN1CCN(CCCN2c3ccccc3Sc3ccc(C(F)(F)F)cc32)CC1,LRWSFOSWNAQHHW-UHFFFAOYSA-N,1,FDA,1967-03-15,1,27,ADRA1A;ADRA1B;ADRA2A;ADRA2B;ADRA2C;CHRM1;CHRM2;CHRM3;CHRM4;CHRM5;DRD1;DRD2;DRD3;DRD4;DRD5;HRH1;HRH2;HTR1A;HTR1B;HTR1D;HTR1E;HTR2A;HTR2C;HTR5A;HTR6;HTR7;SLC6A4,DRD2,
1215,flupirtine,CCOC(=O)Nc1ccc(NCc2ccc(F)cc2)nc1N,JUUFBMODXQKSTD-UHFFFAOYSA-N,1,YEAR INTRODUCED,1986-01-01,1,3,KCNQ2;KCNQ3;SHMT2,,
1216,fluprednisolone,C[C@]12C=CC(=O)C=C1[C@@H](F)C[C@@H]1[C@@H]2[C@@H](O)C[C@@]2(C)[C@H]1CC[C@]2(O)C(=O)CO,MYYIMZRZXIQBGI-HVIRSNARSA-N,1,FDA,1982-12-07,1,1,NR3C1,NR3C1,
1217,fludroxycortide,CC1(C)O[C@@H]2C[C@H]3[C@@H]4C[C@H](F)C5=CC(=O)CC[C@]5(C)[C@H]4[C@@H](O)C[C@]3(C)[C@]2(C(=O)CO)O1,POPFMWWJOGLOIF-XWCQMRHXSA-N,1,FDA,1963-03-19,1,1,NR3C1,NR3C1,
1218,flurazepam,CCN(CC)CCN1C(=O)CN=C(c2ccccc2F)c2cc(Cl)ccc21,SAADBVWGJQAEFS-UHFFFAOYSA-N,1,FDA,1970-04-07,1,4,GABRA1;GABRB2;GABRG2;SLC22A2,GABRA1;GABRB2;GABRG2,
1219,flurbiprofen,CC(C(=O)O)c1ccc(-c2ccccc2)c(F)c1,SYTBZMRGLBWNTM-UHFFFAOYSA-N,1,FDA,1986-12-31,1,5,AKR1C2;AKR1C3;FABP2;PTGS1;PTGS2,PTGS1;PTGS2,
1220,flurbiprofen axetil,CC(=O)OC(C)OC(=O)C(C)c1ccc(-c2ccccc2)c(F)c1,ALIVXCSEERJYHU-UHFFFAOYSA-N,0,,,0,0,,,
1221,flurithromycin,CC[C@H]1OC(=O)[C@H](C)[C@@H](O[C@H]2C[C@@](C)(OC)[C@@H](O)[C@H](C)O2)[C@H](C)[C@@H](O[C@@H]2O[C@H](C)C[C@H](N(C)C)[C@H]2O)[C@](C)(O)C[C@](C)(F)C(=O)[C@H](C)[C@@H](O)[C@]1(C)O,XOEUHCONYHZURQ-HNUBZJOYSA-N,0,,,0,0,,,
1222,fluspirilene,O=C1NCN(c2ccccc2)C12CCN(CCCC(c1ccc(F)cc1)c1ccc(F)cc1)CC2,QOYHHIBFXOOADH-UHFFFAOYSA-N,0,,,1,19,ADRA2A;ADRA2B;ADRA2C;ADRB1;ADRB2;DRD2;DRD3;DRD4;GLRA1;HRH1;HTR1A;HTR1B;HTR1D;HTR1E;HTR2A;HTR2B;HTR6;KCNH2;OPRL1,,
1223,flutamide,CC(C)C(=O)Nc1ccc([N+](=O)[O-])c(C(F)(F)F)c1,MKXKFYHWDHIYRV-UHFFFAOYSA-N,1,FDA,1989-01-27,1,3,AR;CYP1A2;HTR6,AR,
1224,flutazolam,O=C1CN2CCOC2(c2ccccc2F)c2cc(Cl)ccc2N1CCO,WMFSSTNVXWNLKI-UHFFFAOYSA-N,0,,,0,0,,,
1225,fluticasone propionate,CCC(=O)O[C@]1(C(=O)SCF)[C@H](C)C[C@H]2[C@@H]3C[C@H](F)C4=CC(=O)C=C[C@]4(C)[C@@]3(F)[C@@H](O)C[C@@]21C,WMWTYOKRWGGJOA-CENSZEJFSA-N,1,EMA;FDA,1990-12-14,1,4,NR3C1;NR3C2;PGR;PLA2G4A,NR3C1,
1226,flutoprazepam,O=C1CN=C(c2ccccc2F)c2cc(Cl)ccc2N1CC1CC1,OFVXPDXXVSGEPX-UHFFFAOYSA-N,0,,,0,0,,,
1227,flutrimazole,Fc1ccc(C(c2ccccc2)(c2ccccc2F)n2ccnc2)cc1,QHMWCHQXCUNUAK-UHFFFAOYSA-N,0,,,1,2,NR1H4;NR1I2,,
1228,flutropium,C[N@+]1(CCF)[C@@H]2CC[C@H]1C[C@@H](OC(=O)C(O)(c1ccccc1)c1ccccc1)C2,OATDVDIMNNZTEY-DAXLTYESSA-N,0,,,0,0,,,charged_parent
1229,fluvastatin,CC(C)n1c(/C=C/[C@H](O)C[C@H](O)CC(=O)O)c(-c2ccc(F)cc2)c2ccccc21,FJLGEFLZQAZZCD-JUFISIKESA-N,1,FDA,1993-12-31,1,5,CYP2C9;HMGCR;NR1I3;RXRA;SLC10A1,HMGCR,
1230,fluvoxamine,COCCCC/C(=N\OCCN)c1ccc(C(F)(F)F)cc1,CJOFXWAVKWHTFT-XSFVSMFZSA-N,1,FDA,1994-12-05,1,5,CYP1A2;SIGMAR1;SLC6A2;SLC6A3;SLC6A4,SLC6A4,
1231,folic acid,Nc1nc2[nH]cc(CNc3ccc(C(=O)N[C@@H](CCC(=O)O)C(=O)O)cc3)nc-2c(=O)n1,OVBPIULPVIDEAO-LBPRGKRZSA-N,1,FDA,1946-08-13,1,1,TYMS,,
1232,leucovorin,Nc1nc(=O)c2c([nH]1)NCC(CNc1ccc(C(=O)N[C@@H](CCC(=O)O)C(=O)O)cc1)N2C=O,VVIAGPKUTFNRDU-ABLWVSNPSA-N,1,FDA,1952-06-20,1,2,DHFR;TYMS,,
1233,fomepizole,Cc1cn[nH]c1,RIKMMFOAQPJVMX-UHFFFAOYSA-N,1,FDA,1997-12-04,1,3,ADH1A;ADH1B;ADH1C,ADH1A;ADH1B;ADH1C,
1234,fominoben,CN(CC(=O)N1CCOCC1)Cc1c(Cl)cccc1NC(=O)c1ccccc1,KSNNEUZOAFRTDS-UHFFFAOYSA-N,0,,,0,0,,,
1235,dimetotiazine,CC(CN1c2ccccc2Sc2ccc(S(=O)(=O)N(C)C)cc21)N(C)C,VWNWVCJGUMZDIU-UHFFFAOYSA-N,0,,,0,0,,,
1236,fondaparinux,CO[C@H]1O[C@H](COS(=O)(=O)O)[C@@H](O[C@@H]2O[C@@H](C(=O)O)[C@@H](O[C@H]3O[C@H](COS(=O)(=O)O)[C@@H](O[C@@H]4O[C@H](C(=O)O)[C@@H](O[C@H]5O[C@H](COS(=O)(=O)O)[C@@H](O)[C@H](O)[C@H]5NS(=O)(=O)O)[C@H](O)[C@H]4O)[C@H](OS(=O)(=O)O)[C@H]3NS(=O)(=O)O)[C@H](O)[C@H]2OS(=O)(=O)O)[C@H](O)[C@H]1NS(=O)(=O)O,KANJSNBRCNMZMV-ABRZTLGGSA-N,1,FDA,2001-12-07,1,1,SERPINC1,SERPINC1,
1237,formebolone,C[C@]12C=C(C=O)C(=O)C=C1CC[C@@H]1[C@@H]2[C@H](O)C[C@@]2(C)[C@H]1CC[C@]2(C)O,AMVODTGMYSRMNP-GNIMZFFESA-N,0,,,0,0,,,
1238,formestane,C[C@]12CCC(=O)C(O)=C1CC[C@@H]1[C@@H]2CC[C@]2(C)C(=O)CC[C@@H]12,OSVMTWJCGUFAOD-KZQROQTASA-N,1,YEAR INTRODUCED,1993-01-01,0,1,CYP19A1,,
1239,formoterol,COc1ccc(CC(C)NCC(O)c2ccc(O)c(NC=O)c2)cc1,BPZSYCZIITTYBL-UHFFFAOYSA-N,1,FDA,2001-02-16,1,6,ADRB1;ADRB2;ADRB3;DRD2;DRD3;HSP90AA1,ADRB2,
1240,fosamprenavir,CC(C)CN(C[C@@H](OP(=O)(O)O)[C@H](Cc1ccccc1)NC(=O)O[C@H]1CCOC1)S(=O)(=O)c1ccc(N)cc1,MLBVMOWEQCZNCC-OEMFJLHTSA-N,1,FDA,2003-10-20,1,0,,,
1241,foscarnet,O=C(O)P(=O)(O)O,ZJAOAACCNHFJAH-UHFFFAOYSA-N,1,FDA,1991-09-27,1,0,,,
1242,fosfluconazole,O=P(O)(O)OC(Cn1cncn1)(Cn1cncn1)c1ccc(F)cc1F,GHJWNRRCRIGGIO-UHFFFAOYSA-N,1,YEAR INTRODUCED,2004-01-01,0,0,,,
1243,fosfomycin,C[C@@H]1O[C@@H]1P(=O)(O)O,YMDXZJFXQJVXBF-STHAYSLISA-N,1,FDA,1996-12-19,1,0,,,
1244,fosfosal,O=C(O)c1ccccc1OP(=O)(O)O,FFKUDWZICMJVPA-UHFFFAOYSA-N,0,,,0,0,,,
1245,fosinopril,CCC(=O)O[C@@H](O[P@](=O)(CCCCc1ccccc1)CC(=O)N1C[C@H](C2CCCCC2)C[C@H]1C(=O)O)C(C)C,BIDNLKIUORFRQP-XYGFDPSESA-N,1,FDA,1991-05-16,1,1,ACE,ACE,
1247,fosphenytoin,O=C1NC(c2ccccc2)(c2ccccc2)C(=O)N1COP(=O)(O)O,XWLUWCNOOVRFPX-UHFFFAOYSA-N,1,FDA,1996-08-05,1,1,SCN5A,SCN5A,
1249,fotemustine,CCOP(=O)(OCC)C(C)NC(=O)N(CCCl)N=O,YAKWPXVTIGTRJH-UHFFFAOYSA-N,0,,,0,0,,,
1251,frovatriptan,CN[C@@H]1CCc2[nH]c3ccc(C(N)=O)cc3c2C1,XPSQPHWEGNHMSK-SECBINFHSA-N,1,FDA,2001-11-08,1,3,HTR1A;HTR1B;HTR1D,HTR1B;HTR1D,
1252,fructose,OCC1(O)OC[C@@H](O)[C@@H](O)[C@@H]1O,LKDRXBCSQODPBY-VRPWFDPXSA-N,1,FDA,,0,1,GLRA1,,
1253,ftivazide,COc1cc(C=NNC(=O)c2ccncc2)ccc1O,PSWOBQSIXLVPDV-UHFFFAOYSA-N,0,,,0,1,MPO,,
1254,fudosteine,N[C@@H](CSCCCO)C(=O)O,KINWYTAUPKOPCQ-YFKPBYRVSA-N,0,,,0,0,,,
1255,fulvestrant,C[C@]12CC[C@@H]3c4ccc(O)cc4C[C@@H](CCCCCCCCCS(=O)CCCC(F)(F)C(F)(F)F)[C@H]3[C@@H]1CC[C@@H]2O,VWUXBMIQPBEWFH-WCCTWKNTSA-N,1,EMA;FDA,2002-04-25,1,8,EPHX2;ESR1;ESR2;ESRRA;GPER1;NR1H4;NR1I2;PGR,ESR1;ESR2,
1256,furaltadone,O=C1OC(CN2CCOCC2)CN1/N=C/c1ccc([N+](=O)[O-])o1,YVQVOQKFMFRVGR-VGOFMYFVSA-N,0,,,0,1,MAPK9,,
1257,furazolidone,O=C1OCCN1N=Cc1ccc([N+](=O)[O-])o1,PLHJDBGFXBMTGZ-UHFFFAOYSA-N,1,FDA,1958-01-20,1,0,,,
1258,furosemide,NS(=O)(=O)c1cc(C(=O)O)c(NCc2ccco2)cc1Cl,ZZUFCTLCJUWOSV-UHFFFAOYSA-N,1,FDA,1966-07-01,1,16,ATP1A1;CA1;CA12;CA14;CA2;CA4;CA5A;CA5B;CA6;CA7;CA9;CISD1;GPR35;HSD11B1;SLC12A1;SLC12A2,SLC12A1,
1259,fursultiamine,C/C(=C(/CCO)SSCC1CCCO1)N(C=O)Cc1cnc(C)nc1N,JTLXCMOFVBXEKD-FOWTUZBSSA-N,0,,,0,0,,,
1261,fusidic acid,CC(=O)O[C@H]1C[C@@]2(C)[C@@H](C[C@@H](O)[C@H]3[C@@]4(C)CC[C@@H](O)[C@@H](C)[C@@H]4CC[C@@]32C)/C1=C(\CCC=C(C)C)C(=O)O,IECPWNUMDGFDKC-MZJAQBGESA-N,0,,,1,1,ABCB11,,
1262,aminobutyric acid,NCCCC(=O)O,BTCSSZJGUNDROE-UHFFFAOYSA-N,1,FDA,,0,5,GABRR1;SLC6A1;SLC6A11;SLC6A12;SLC6A13,,
1263,aminohydroxybutyric acid,NCC(O)CC(=O)O,YQGDEPYYFWUPGO-UHFFFAOYSA-N,0,,,0,0,,,
1264,gabapentin,NCC1(CC(=O)O)CCCCC1,UGJMXCAKCUNAIE-UHFFFAOYSA-N,1,FDA,1993-12-30,1,10,ADORA1;ADRA2A;CACNA2D1;CACNA2D2;GABBR2;GRIN3A;KCNQ3;KCNQ5;SCN5A;SLC7A5,CACNA2D1;CACNA2D2,
1271,galactose,OC[C@H]1O[C@H](O)[C@H](O)[C@@H](O)[C@H]1O,WQZGKKKJIJFFOK-PHYPRBDBSA-N,0,,,1,0,,,
1272,galantamine,COc1ccc2c3c1O[C@H]1C[C@@H](O)C=C[C@@]31CCN(C)C2,ASUTZQLVASHGKV-JDFRZJQESA-N,1,FDA,2001-02-28,1,2,ACHE;BCHE,ACHE,
1273,gallamine,CC[N+](CC)(CC)CCOc1cccc(OCC[N+](CC)(CC)CC)c1OCC[N+](CC)(CC)CC,OZLPUNFFCJDMJD-UHFFFAOYSA-N,1,FDA,,1,4,ACHE;CHRM1;CHRM2;CHRNA1,CHRM2,charged_parent
1275,gallopamil,COc1ccc(CCN(C)CCCC(C#N)(c2cc(OC)c(OC)c(OC)c2)C(C)C)cc1OC,XQLWNAFCTODIRK-UHFFFAOYSA-N,0,,,0,3,SCN1A;SCN2A;SCN3A,,
1276,gamolenic acid,CCCCC/C=C\C/C=C\C/C=C\CCCCC(=O)O,VZCCETWTMQHEPK-QNEBEIHSSA-N,0,,,0,6,F3;FFAR1;PPARA;PPARD;PPARG;SRD5A2,,
1277,ganciclovir,Nc1nc2c(ncn2COC(CO)CO)c(=O)[nH]1,IRSCQMHQWWYFCW-UHFFFAOYSA-N,1,FDA,1989-06-23,1,2,GRM1;GRM5,,
1279,ganirelix,CCNC(=NCCCC[C@H](NC(=O)[C@H](CC(C)C)NC(=O)[C@@H](CCCCN=C(NCC)NCC)NC(=O)[C@H](Cc1ccc(O)cc1)NC(=O)[C@H](CO)NC(=O)[C@@H](Cc1cccnc1)NC(=O)[C@@H](Cc1ccc(Cl)cc1)NC(=O)[C@@H](Cc1ccc2ccccc2c1)NC(C)=O)C(=O)N1CCC[C@H]1C(=O)N[C@H](C)C(N)=O)NCC,GJNXBNATEDXMAK-PFLSVRRQSA-N,1,FDA,1999-07-29,1,1,GNRHR,GNRHR,
1280,gatifloxacin,COc1c(N2CCNC(C)C2)c(F)cc2c(=O)c(C(=O)O)cn(C3CC3)c12,XUBOMFCQGDBHNK-UHFFFAOYSA-N,1,FDA,2003-03-28,1,0,,,
1281,gefarnate,CC(C)=CCC/C(C)=C/CC/C(C)=C/CCC(=O)OC/C=C(\C)CCC=C(C)C,ZPACYDRSPFRDHO-ROBAGEODSA-N,0,,,0,0,,,
1282,gefitinib,COc1cc2ncnc(Nc3ccc(F)c(Cl)c3)c2cc1OCCCN1CCOCC1,XGALLCVXEZPNRQ-UHFFFAOYSA-N,1,FDA,2003-05-05,1,76,ABCG2;ABL1;ABL2;AXL;BACE1;BLK;BRAF;CDK7;CHEK2;CIT;CSNK1D;CSNK1E;DAPK3;DCLK3;DMPK;EGFR;EPHA1;EPHA3;EPHA5;EPHA6;EPHA8;EPHB1;EPHB4;EPHB6;ERBB2;ERBB3;ERBB4;FGR;FLT3;FRK;GAK;HCK;HIPK4;IRAK1;IRAK3;IRAK4;KDR;KIT;LCK;LTK;LYN;MAP2K5;MAP3K19;MAP3K2;MAP3K3;MAPK10;MAPK4;MAPK6;MAPK9;MET;MINK1;MKNK1;MKNK2;MYLK2;NLK;NUAK2;PHKG1;PHKG2;PIM3;PIP4K2C;PRKD1;PTK6;RET;RIPK2;RPS6KA4;SBK1;SIK2;SLK;SRC;STK10;STK17A;STK17B;STK36;TNIK;TNK2;TXK,EGFR,
1283,gemcitabine,Nc1ccn([C@@H]2O[C@H](CO)[C@@H](O)C2(F)F)c(=O)n1,SDUQYLNIPVEERB-QPPQHZFASA-N,1,FDA;PMDA,1996-05-15,1,8,CMPK1;DCK;POLA1;POLD1;POLE;RRM1;RRM2;TYMS,POLA1;POLD1;POLE;RRM1;RRM2,
1284,gemeprost,CCCCC(C)(C)[C@H](O)/C=C/[C@H]1[C@H](O)CC(=O)[C@@H]1CCCC/C=C/C(=O)OC,KYBOHGVERHWSSV-VNIVIJDLSA-N,0,,,1,0,,,
1285,gemfibrozil,Cc1ccc(C)c(OCCCC(C)(C)C(=O)O)c1,HEMJJKBWTPKOJG-UHFFFAOYSA-N,1,FDA,1981-12-21,1,6,CISD1;CYP2C8;CYP2C9;LPL;PPARA;TTR,PPARA,
1286,gemifloxacin,CO/N=C1\CN(c2nc3c(cc2F)c(=O)c(C(=O)O)cn3C2CC2)CC1CN,ZRCVYEYHRGVLOC-HYARGMPZSA-N,1,FDA;Korean Food and Drug Administration (KFDA),2002-12-27,1,0,,,
1290,gepefrine,C[C@H](N)Cc1cccc(O)c1,WTDGMHYYGNJEKQ-ZETCQYMHSA-N,0,,,0,0,,,
1291,gestodene,C#C[C@]1(O)C=C[C@H]2[C@@H]3CCC4=CC(=O)CC[C@@H]4[C@H]3CC[C@@]21CC,SIGSPDASOTUPFS-XUDSTZEESA-N,0,,,0,2,CYP3A5;PGR,,
1292,gestrinone,C#C[C@]1(O)CC[C@H]2[C@@H]3CCC4=CC(=O)CCC4=C3C=C[C@@]21CC,BJJXHLWLUDYTGC-ANULTFPQSA-N,0,,,0,1,SHBG,,
1293,gimeracil,O=c1cc(O)c(Cl)c[nH]1,ZPLQIPFOCGIIHV-UHFFFAOYSA-N,1,EMA,2011-03-14,0,1,DPYD,DPYD,
1296,gitoformate,C[C@@H]1O[C@H](O[C@H]2[C@@H](OC=O)C[C@H](O[C@H]3CC[C@@]4(C)[C@H](CC[C@@H]5[C@@H]4CC[C@]4(C)[C@@H](C6=CC(=O)OC6)[C@@H](OC=O)C[C@]54O)C3)O[C@@H]2C)C[C@@H](OC=O)[C@H]1O[C@H]1C[C@H](OC=O)[C@H](OC=O)[C@@H](C)O1,DOMHWKQEPDYUQX-QDMRMOHQSA-N,0,,,0,0,,,
1297,glafenine,O=C(OCC(O)CO)c1ccccc1Nc1ccnc2cc(Cl)ccc12,GWOFUCIGLDBNKM-UHFFFAOYSA-N,0,,,1,1,ABCB11,,
1298,glibornuride,Cc1ccc(S(=O)(=O)NC(=O)N[C@H]2[C@H]3CC[C@@](C)([C@H]2O)C3(C)C)cc1,RMTYNAPTNBJHQI-LLDVTBCESA-N,1,YEAR INTRODUCED,1969-01-01,1,3,ABCC8;ABCC9;KCNJ11,ABCC8;KCNJ11,
1299,gliclazide,Cc1ccc(S(=O)(=O)NC(=O)NN2CC3CCCC3C2)cc1,BOVGTQGAOIONJV-UHFFFAOYSA-N,1,YEAR INTRODUCED,1972-01-01,1,3,ABCC8;ABCC9;KCNJ11,ABCC8;KCNJ11,
1300,glimepiride,CCC1=C(C)CN(C(=O)NCCc2ccc(S(=O)(=O)NC(=O)N[C@H]3CC[C@H](C)CC3)cc2)C1=O,WIGIZIANZCJQQY-RUCARUNLSA-N,1,FDA,1995-11-30,1,3,ABCC8;ABCC9;KCNJ11,ABCC8;KCNJ11,
1301,glipizide,Cc1cnc(C(=O)NCCc2ccc(S(=O)(=O)NC(=O)NC3CCCCC3)cc2)cn1,ZJJXGWJIGJFDTL-UHFFFAOYSA-N,1,FDA,1984-05-08,1,2,ABCC8;KCNJ11,ABCC8;KCNJ11,
1302,gliquidone,COc1ccc2c(c1)C(=O)N(CCc1ccc(S(=O)(=O)NC(=O)NC3CCCCC3)cc1)C(=O)C2(C)C,LLJFMFZYVVLQKT-UHFFFAOYSA-N,0,,,0,2,ABCC8;KCNJ11,ABCC8;KCNJ11,
1303,glisentide,COc1ccccc1C(=O)NCCc1ccc(S(=O)(=O)NC(=O)NC2CCCC2)cc1,NSJYMFYVNWVGON-UHFFFAOYSA-N,0,,,0,0,,,
1304,glisolamide,Cc1cc(C(=O)NCCc2ccc(S(=O)(=O)NC(=O)NC3CCCCC3)cc2)no1,GZKDXUIWCNCNBJ-UHFFFAOYSA-N,0,,,0,0,,,
1305,glisoxepide,Cc1cc(C(=O)NCCc2ccc(S(=O)(=O)NC(=O)NN3CCCCCC3)cc2)no1,ZKUDBRCEOBOWLF-UHFFFAOYSA-N,0,,,0,2,ABCC8;KCNJ11,ABCC8;KCNJ11,
1306,glucametacin,COc1ccc2c(c1)c(CC(=O)N[C@H]1C(O)O[C@H](CO)[C@@H](O)[C@@H]1O)c(C)n2C(=O)c1ccc(Cl)cc1,LGAJOMLFGCSBFF-XVBLYABRSA-N,0,,,0,0,,,
1307,glucosamine,N[C@H]1C(O)O[C@H](CO)[C@@H](O)[C@@H]1O,MSWZFWKMSRAUBD-IVMDWMLBSA-N,1,FDA,,1,0,,,
1308,glucosulfone,O=S(=O)(c1ccc(NC([C@H](O)[C@@H](O)[C@H](O)[C@H](O)CO)S(=O)(=O)O)cc1)c1ccc(NC([C@H](O)[C@@H](O)[C@H](O)[C@H](O)CO)S(=O)(=O)O)cc1,SQQCWHCJRWYRLB-AGNGBHFPSA-N,0,,,0,0,,,
1309,glucuronamide,NC(=O)[C@H]1O[C@@H](O)[C@H](O)[C@@H](O)[C@@H]1O,VOIFKEWOFUNPBN-QIUUJYRFSA-N,0,,,0,0,,,
1310,glutamic acid,N[C@@H](CCC(=O)O)C(=O)O,WHUUTDBJXJRKMK-VKHMYHEASA-N,1,FDA,,0,24,ADORA3;GLUD1;GLUD2;GRIA1;GRIA2;GRIA3;GRIA4;GRIK1;GRIK2;GRIK3;GRIK4;GRIK5;GRM1;GRM2;GRM3;GRM4;GRM5;GRM6;GRM7;GRM8;GSR;SLC1A1;SLC1A2;SLC1A3,,
1311,glutamine,NC(=O)CC[C@H](N)C(=O)O,ZDXPYRJPNDTMRX-VKHMYHEASA-N,1,FDA,2004-06-10,1,0,,,
1312,glutathione,N[C@@H](CCC(=O)N[C@@H](CS)C(=O)NCC(=O)O)C(=O)O,RWSXRVCMGQZWBV-WDSKDSINSA-N,0,,,0,1,GSTK1,,
1313,glutethimide,CCC1(c2ccccc2)CCC(=O)NC1=O,JMBQKKAJIKAWKF-UHFFFAOYSA-N,1,FDA,1976-10-28,1,3,GABRA1;GABRB3;GABRG2,GABRA1;GABRB3;GABRG2,
1314,glibenclamide,COc1ccc(Cl)cc1C(=O)NCCc1ccc(S(=O)(=O)NC(=O)NC2CCCCC2)cc1,ZNNLBTZKUZBEKO-UHFFFAOYSA-N,1,FDA,1984-05-01,1,10,ABCB11;ABCC8;ABCC9;CFTR;CISD1;CYP2C9;KCNH2;KCNJ11;NLRP3;PPARG,ABCC8;KCNJ11,
1315,glybuzole,CC(C)(C)c1nnc(NS(=O)(=O)c2ccccc2)s1,NMWQEPCLNXHPDX-UHFFFAOYSA-N,0,,,0,0,,,
1316,glycerol,OCC(O)CO,PEDCQBHIVMGVHV-UHFFFAOYSA-N,1,FDA,1982-05-06,1,0,,,
1319,glycine,NCC(=O)O,DHMQDGOQFOQNFH-UHFFFAOYSA-N,1,FDA,1976-05-25,1,2,OR51E2;SLC6A9,,
1321,glymidine,COCCOc1cnc(NS(=O)(=O)c2ccccc2)nc1,QFWPJPIVLCBXFJ-UHFFFAOYSA-N,0,,,0,0,,,
1322,glucosaminylmuramyl dipeptide,CC(=O)N[C@H]1[C@H](O[C@@H]([C@H](O[C@H](C)C(=O)N[C@@H](C)C(=O)N[C@H](CCC(=O)O)C(N)=O)[C@H](C=O)NC(C)=O)[C@H](O)CO)O[C@H](CO)[C@@H](O)[C@@H]1O,JPBBNLWRCVBGJS-KCAUTNRHSA-N,0,,,0,0,,,
1324,glycyclamide,Cc1ccc(S(=O)(=O)NC(=O)NC2CCCCC2)cc1,RIGBPMDIGYBTBJ-UHFFFAOYSA-N,0,,,0,0,,,
1325,glycyrrhizic acid,CC1(C)[C@@H](O[C@H]2O[C@H](C(=O)O)[C@@H](O)[C@H](O)[C@H]2O[C@@H]2O[C@H](C(=O)O)[C@@H](O)[C@H](O)[C@H]2O)CC[C@]2(C)[C@H]3C(=O)C=C4[C@@H]5C[C@@](C)(C(=O)O)CC[C@]5(C)CC[C@@]4(C)[C@]3(C)CC[C@@H]12,LPLVUJXQOOQHMX-QWBHMCJMSA-N,1,FDA,,0,3,HMGB1;HSD11B1;HSD11B2,,
1327,goserelin,CC(C)C[C@H](NC(=O)[C@@H](COC(C)(C)C)NC(=O)[C@H](Cc1ccc(O)cc1)NC(=O)[C@H](CO)NC(=O)[C@H](Cc1c[nH]c2ccccc12)NC(=O)[C@H](Cc1c[nH]cn1)NC(=O)[C@@H]1CCC(=O)N1)C(=O)N[C@@H](CCCNC(=N)N)C(=O)N1CCC[C@H]1C(=O)NNC(N)=O,BLCLNMBMMGCOAS-URPVMXJPSA-N,1,FDA,1989-12-29,1,2,GNRHR;LHCGR,GNRHR,
1328,gossypol,Cc1cc2c(C(C)C)c(O)c(O)c(C=O)c2c(O)c1-c1c(C)cc2c(C(C)C)c(O)c(O)c(C=O)c2c1O,QBKSWRVVCFFDOT-UHFFFAOYSA-N,0,,,0,11,AKR1B1;BCL2;BCL2L1;BCL2L2;ESR1;KIF11;LDHA;LDHB;MCL1;MPG;SLC2A1,,
1329,granisetron,CN1[C@@H]2CCC[C@H]1C[C@@H](NC(=O)c1nn(C)c3ccccc13)C2,MFWNKCLOYSRHCJ-BTTYYORXSA-N,1,FDA,1993-12-29,1,8,CHRNA3;CHRNA4;CHRNB2;HTR3A;HTR3B;KCNH2;SLC22A2;SLC47A1,HTR3A,
1330,grepafloxacin,Cc1c(F)c(N2CCNC(C)C2)cc2c1c(=O)c(C(=O)O)cn2C1CC1,AIJTTZAVMXIJGM-UHFFFAOYSA-N,1,FDA,1997-11-06,1,1,KCNH2,,
1331,griseofulvin,COC1=CC(=O)C[C@@H](C)[C@]12Oc1c(Cl)c(OC)cc(OC)c1C2=O,DDUHZTYCFQRHIY-RBHXEPJQSA-N,1,FDA,1962-08-22,1,2,CYP51A1;SLC22A1,,
1332,guabenxan,N=C(N)NCc1ccc2c(c1)OCCO2,WTDYJDLUNYALPM-UHFFFAOYSA-N,0,,,0,0,,,
1333,guacetisal,COc1ccccc1OC(=O)c1ccccc1OC(C)=O,HSJFYRYGGKLQBT-UHFFFAOYSA-N,0,,,0,0,,,
1334,guaiacol,COc1ccccc1O,LHGVFZTZFXWLCP-UHFFFAOYSA-N,1,FDA,,0,2,CA1;CA2,,
1336,guaifenesin,COc1ccccc1OCC(O)CO,HSRJKNPTNIJEKV-UHFFFAOYSA-N,1,FDA,2002-07-12,1,0,,,
1337,guaimesal,COc1ccccc1OC1(C)OC(=O)c2ccccc2O1,PSVDIHULUCLEJE-UHFFFAOYSA-N,0,,,0,0,,,
1339,guanadrel,N=C(N)NCC1COC2(CCCCC2)O1,HPBNRIOWIXYZFK-UHFFFAOYSA-N,1,FDA,1982-12-29,1,2,ADRA1A;SLC6A2,SLC6A2,
1341,guancidine,CCC(C)(C)NC(=N)NC#N,VZVGEDRCVUKSEL-UHFFFAOYSA-N,0,,,0,0,,,
1342,guanethidine,N=C(N)NCCN1CCCCCCC1,ACGDKVXYNVEAGU-UHFFFAOYSA-N,1,FDA,1960-07-05,1,7,ADRA1A;ADRA1B;ADRA1D;ADRA2A;ADRA2B;ADRA2C;SLC6A2,SLC6A2,
1343,guanfacine,N=C(N)NC(=O)Cc1c(Cl)cccc1Cl,INJOMKTZOLKMBF-UHFFFAOYSA-N,1,FDA;PMDA,1986-10-27,1,8,ADRA1D;ADRA2A;ADRA2B;ADRA2C;HTR2A;HTR2B;HTR2C;NISCH,ADRA2A,
1344,guanidine,N=C(N)N,ZRALSGWEFCBTJO-UHFFFAOYSA-N,1,FDA,1939-10-02,1,40,KCNA1;KCNA10;KCNA2;KCNA3;KCNA4;KCNA5;KCNA6;KCNA7;KCNB1;KCNB2;KCNC1;KCNC2;KCNC3;KCNC4;KCND1;KCND2;KCND3;KCNF1;KCNG1;KCNG2;KCNG3;KCNG4;KCNH1;KCNH2;KCNH3;KCNH4;KCNH5;KCNH6;KCNH7;KCNH8;KCNQ1;KCNQ2;KCNQ3;KCNQ4;KCNQ5;KCNS1;KCNS2;KCNS3;KCNV1;KCNV2,KCNA1;KCNA10;KCNA2;KCNA3;KCNA4;KCNA5;KCNA6;KCNA7;KCNB1;KCNB2;KCNC1;KCNC2;KCNC3;KCNC4;KCND1;KCND2;KCND3;KCNF1;KCNG1;KCNG2;KCNG3;KCNG4;KCNH1;KCNH2;KCNH3;KCNH4;KCNH5;KCNH6;KCNH7;KCNH8;KCNQ1;KCNQ2;KCNQ3;KCNQ4;KCNQ5;KCNS1;KCNS2;KCNS3;KCNV1;KCNV2,
1345,guanoxabenz,N=C(NO)NN=Cc1c(Cl)cccc1Cl,QKIQJNNDIWGVEH-UHFFFAOYSA-N,0,,,0,0,,,
1346,guanoxan,N=C(N)NCC1COc2ccccc2O1,HIUVKVDQFXDZHU-UHFFFAOYSA-N,0,,,0,0,,,
1347,gusperimus,N=C(N)NCCCCCCC(=O)NC(O)C(=O)NCCCCNCCCN,IDINUJSAMVOPCM-UHFFFAOYSA-N,0,,,0,0,,,
1348,halazepam,O=C1CN=C(c2ccccc2)c2cc(Cl)ccc2N1CC(F)(F)F,WYCLKVQLVUQKNZ-UHFFFAOYSA-N,1,FDA,1981-09-24,1,16,GABRA1;GABRA2;GABRA3;GABRA4;GABRA5;GABRA6;GABRB1;GABRB2;GABRB3;GABRD;GABRE;GABRG1;GABRG2;GABRG3;GABRP;GABRQ,GABRA1;GABRA2;GABRA3;GABRA4;GABRA5;GABRA6;GABRB1;GABRB2;GABRB3;GABRD;GABRE;GABRG1;GABRG2;GABRG3;GABRP;GABRQ,
1349,ulobetasol propionate,CCC(=O)O[C@]1(C(=O)CCl)[C@@H](C)C[C@H]2[C@@H]3C[C@H](F)C4=CC(=O)C=C[C@]4(C)[C@@]3(F)[C@@H](O)C[C@@]21C,BDSYKGHYMJNPAB-LICBFIPMSA-N,1,FDA,1990-12-17,1,1,NR3C1,NR3C1,
1350,halofantrine,CCCCN(CCCC)CCC(O)c1cc2c(Cl)cc(Cl)cc2c2cc(C(F)(F)F)ccc12,FOHHNHSLJDZUGQ-UHFFFAOYSA-N,1,FDA,1992-07-24,1,1,KCNH2,,
1352,halometasone,C[C@@H]1C[C@H]2[C@@H]3C[C@H](F)C4=CC(=O)C(Cl)=C[C@]4(C)[C@@]3(F)[C@@H](O)C[C@]2(C)[C@@]1(O)C(=O)CO,GGXMRPUKBWXVHE-MIHLVHIWSA-N,0,,,0,0,,,
1353,haloperidol,O=C(CCCN1CCC(O)(c2ccc(Cl)cc2)CC1)c1ccc(F)cc1,LNEPOXFFQSENCJ-UHFFFAOYSA-N,1,FDA,1967-04-12,1,45,ABCB1;ADRA1A;ADRA1B;ADRA1D;ADRA2A;ADRA2B;ADRA2C;ADRB2;CALM1;CALM2;CALM3;CHRM1;CHRM3;CHRM5;DRD1;DRD2;DRD3;DRD4;DRD5;EBP;H1F0;HRH1;HRH2;HTR1A;HTR1B;HTR1D;HTR1E;HTR1F;HTR2A;HTR2B;HTR2C;HTR5A;HTR6;HTR7;KCNH1;KCNH2;KCNK2;OPRM1;SCN1A;SCN2A;SCN3A;SIGMAR1;SLC6A2;SLC6A4;TMEM97,DRD2,
1354,halopredone acetate,CC(=O)OCC(=O)[C@@]1(OC(C)=O)CC[C@H]2[C@@H]3C[C@@H](F)C4=CC(=O)C(Br)=C[C@]4(C)[C@@]3(F)[C@@H](O)C[C@@]21C,YCISZOVUHXIOFY-HKXOFBAYSA-N,0,,,0,1,NR3C1,NR3C1,
1355,haloprogin,Clc1cc(Cl)c(OCC#CI)cc1Cl,CTETYYAZBPJBHE-UHFFFAOYSA-N,1,FDA,,1,15,ADORA3;ADRA2A;ADRA2B;ADRA2C;DRD1;DRD3;GALE;HTR2A;HTR2C;HTR6;OPRK1;SLC6A2;SLC6A3;SLC6A4;TACR2,,
1356,halothane,FC(F)(F)C(Cl)Br,BCQZXOMGPXTTIC-UHFFFAOYSA-N,1,FDA,1958-03-12,1,23,GABRA1;GABRA2;GABRA3;GABRA4;GABRA5;GABRA6;GABRB1;GABRB2;GABRB3;GABRD;GABRE;GABRG1;GABRG2;GABRG3;GABRP;GABRQ;GLRA1;GLRB;KCNK10;KCNK18;KCNK2;KCNK3;KCNK9,GABRA1;GABRA2;GABRA3;GABRA4;GABRA5;GABRA6;GABRB1;GABRB2;GABRB3;GABRD;GABRE;GABRG1;GABRG2;GABRG3;GABRP;GABRQ;GLRA1;GLRB;KCNK10;KCNK18;KCNK2;KCNK3;KCNK9,
1357,haloxazolam,O=C1CN2CCOC2(c2ccccc2F)c2cc(Br)ccc2N1,XDKCGKQHVBOOHC-UHFFFAOYSA-N,0,,,0,0,,,
1359,hepronicate,CCCCCCC(COC(=O)c1cccnc1)(COC(=O)c1cccnc1)COC(=O)c1cccnc1,GUIBJJJLGSYNKE-UHFFFAOYSA-N,0,,,0,0,,,
1360,heptabarb,CCC1(C2=CCCCCC2)C(=O)NC(=O)NC1=O,PAZQYDJGLKSCSI-UHFFFAOYSA-N,0,,,1,0,,,
1361,heptaminol,CC(N)CCCC(C)(C)O,LREQLEBVOXIEOM-UHFFFAOYSA-N,0,,,0,0,,,
1362,hesperetin,COc1ccc([C@@H]2CC(=O)c3c(O)cc(O)cc3O2)cc1O,AIONOLUJZLIMTK-AWEZNQCLSA-N,0,,,0,7,CA12;CA4;CA7;CYP1B1;DPP4;GSK3B;KDM1A,,
1363,hetacillin,CC1(C)S[C@@H]2[C@H](N3C(=O)[C@@H](c4ccccc4)NC3(C)C)C(=O)N2[C@H]1C(=O)O,DXVUYOAEDJXBPY-NFFDBFGFSA-N,1,FDA,,1,0,,,
1364,hexachlorophene,Oc1c(Cl)cc(Cl)c(Cl)c1Cc1c(O)c(Cl)cc(Cl)c1Cl,ACGUYXCXAPNIKK-UHFFFAOYSA-N,1,FDA,1949-04-19,1,28,ACHE;ADORA2A;ADORA3;ADRA2A;ADRA2C;CYP1A2;CYP2C19;EGFR;ERBB2;ESR1;ESR2;FYN;HSPA1A;HSPA5;HSPA8;HTR2B;HTR2C;LCK;MAPK1;MAPK14;MAPK3;MIF;NAPEPLD;PTGS2;SLC6A4;TACR2;TBXAS1;VCP,,
1365,hexafluronium,C[N+](C)(CCCCCC[N+](C)(C)C1c2ccccc2-c2ccccc21)C1c2ccccc2-c2ccccc21,HDZAQYPYABGTCL-UHFFFAOYSA-N,1,FDA,,1,1,ACHE,ACHE,charged_parent
1366,hexamethonium,C[N+](C)(C)CCCCCC[N+](C)(C)C,VZJFGSRCJCXDSG-UHFFFAOYSA-N,0,,,0,4,CHRNA4;CHRNA6;CHRNB2;CHRNB4,,charged_parent
1367,hexapropymate,C#CCC1(OC(N)=O)CCCCC1,MIRHIEAGDGUXKL-UHFFFAOYSA-N,0,,,0,0,,,
1368,hexestrol,CC[C@H](c1ccc(O)cc1)[C@@H](CC)c1ccc(O)cc1,PBBGSZCBWVPOOL-HDICACEKSA-N,0,,,1,1,ESR1,,
1369,hexobarbital,CN1C(=O)NC(=O)C(C)(C2=CCCCC2)C1=O,UYXAWHWODHRRMR-UHFFFAOYSA-N,1,YEAR INTRODUCED,1932-01-01,1,6,GABRA1;GABRA2;GABRA3;GABRA5;GABRB3;GABRG2,,
1370,hexobendine,COc1cc(C(=O)OCCCN(C)CCN(C)CCCOC(=O)c2cc(OC)c(OC)c(OC)c2)cc(OC)c1OC,KRQAMFQCSAJCRH-UHFFFAOYSA-N,0,,,0,3,SCN1A;SCN2A;SCN3A,,
1371,hexocyclium,C[N+]1(C)CCN(CC(O)(c2ccccc2)C2CCCCC2)CC1,ZRYHPQCHHOKSMD-UHFFFAOYSA-N,1,FDA,,1,5,CHRM1;CHRM2;CHRM3;CHRM4;CHRM5,CHRM1;CHRM3,charged_parent
1372,hexoprenaline,Oc1ccc(C(O)CNCCCCCCNCC(O)c2ccc(O)c(O)c2)cc1O,OXLZNBCNGJWPRV-UHFFFAOYSA-N,0,,,0,0,,,
1373,hexylcaine,CC(CNC1CCCCC1)OC(=O)c1ccccc1,DKLKMKYDWHYZTD-UHFFFAOYSA-N,1,FDA,,1,3,SCN1A;SCN2A;SCN3A,SCN1A;SCN2A;SCN3A,
1374,hexylresorcinol,CCCCCCc1ccc(O)cc1O,WFJIVOKAWHGMBH-UHFFFAOYSA-N,1,FDA,,1,2,ALOX5;TYR,,
1375,histamine,NCCc1cnc[nH]1,NTYJJOPFIAHURM-UHFFFAOYSA-N,1,FDA,1939-04-25,1,5,HRH1;HRH2;HRH3;HRH4;TAAR1,HRH1,
1376,histapyrrodine,c1ccc(CN(CCN2CCCC2)c2ccccc2)cc1,MXHODDGKGSGCDI-UHFFFAOYSA-N,0,,,0,0,,,
1377,histidine,N[C@@H](Cc1cnc[nH]1)C(=O)O,HNDVDQJCIGZPNO-YFKPBYRVSA-N,1,FDA,,0,1,SLC7A5,,
1378,homarylamine,CNCCc1ccc2c(c1)OCO2,OPJOMVMFYOUDPK-UHFFFAOYSA-N,0,,,0,0,,,
1379,homatropine,CN1[C@@H]2CC[C@H]1C[C@@H](OC(=O)C(O)c1ccccc1)C2,ZTVIKZXZYLEVOL-MCOXGKPRSA-N,1,FDA,,1,5,CHRM1;CHRM2;CHRM3;CHRM4;CHRM5,,
1380,methylhomatropine,C[N+]1(C)[C@@H]2CC[C@H]1C[C@@H](OC(=O)C(O)c1ccccc1)C2,WKWOJBUWWZTUQV-SPUOUPEWSA-N,1,FDA,1943-03-23,1,0,,,charged_parent
1381,homochlorcyclizine,CN1CCCN(C(c2ccccc2)c2ccc(Cl)cc2)CC1,WEUCDJCFJHYFRL-UHFFFAOYSA-N,0,,,0,0,,,
1382,homofenazine,OCCN1CCCN(CCCN2c3ccccc3Sc3ccc(C(F)(F)F)cc32)CC1,LOHNHQLZFYCAEQ-UHFFFAOYSA-N,0,,,0,0,,,
1383,hycanthone,CCN(CC)CCNc1ccc(CO)c2sc3ccccc3c(=O)c12,MFZWMTSUNYWVBU-UHFFFAOYSA-N,0,,,0,1,APEX1,,
1384,hydralazine,NNc1nncc2ccccc12,RPTUSVTUFVMDQK-UHFFFAOYSA-N,1,FDA,1953-01-15,1,7,AOX1;CACNA1C;DNMT1;DNMT3A;DNMT3B;MPO;RYR2,RYR2,
1385,hydrochlorothiazide,NS(=O)(=O)c1cc2c(cc1Cl)NCNS2(=O)=O,JZUFKLXOESDKRF-UHFFFAOYSA-N,1,FDA,1959-02-12,1,5,CA1;CA2;CA4;KCNMA1;SLC12A3,SLC12A3,
1386,hydrocodone,COc1ccc2c3c1O[C@H]1C(=O)CC[C@H]4[C@@H](C2)N(C)CC[C@]314,LLPOLZWFYMWNKH-CMKMFDCUSA-N,1,FDA,1943-03-23,1,2,OPRK1;OPRM1,OPRM1,
1387,hydrocortamate,CCN(CC)CC(=O)OCC(=O)[C@@]1(O)CC[C@H]2[C@@H]3CCC4=CC(=O)CC[C@]4(C)[C@H]3[C@@H](O)C[C@@]21C,FWFVLWGEFDIZMJ-FOMYWIRZSA-N,1,FDA,1956-10-15,1,1,NR3C1,NR3C1,
1388,hydrocortisone,C[C@]12CCC(=O)C=C1CC[C@@H]1[C@@H]2[C@@H](O)C[C@@]2(C)[C@H]1CC[C@]2(O)C(=O)CO,JYGXADMDTFJGBT-VWUMJDOOSA-N,1,FDA,1952-08-05,1,6,ANXA1;NOS2;NR3C1;NR3C2;SERPINA6;SHBG,NR3C1,
1389,hydrocortisone aceponate,CCC(=O)O[C@]1(C(=O)COC(C)=O)CC[C@H]2[C@@H]3CCC4=CC(=O)CC[C@]4(C)[C@H]3[C@@H](O)C[C@@]21C,MFBMYAOAMQLLPK-FZNHGJLXSA-N,0,,,0,0,,,
1390,hydrocortisone cypionate,C[C@]12CCC(=O)C=C1CC[C@@H]1[C@@H]2[C@@H](O)C[C@@]2(C)[C@H]1CC[C@]2(O)C(=O)COC(=O)CCC1CCCC1,DLVOSEUFIRPIRM-KAQKJVHQSA-N,1,FDA,1955-05-10,1,1,NR3C1,NR3C1,
1392,hydroflumethiazide,NS(=O)(=O)c1cc2c(cc1C(F)(F)F)NCNS2(=O)=O,DMDGGSIALPNSEE-UHFFFAOYSA-N,1,FDA,1959-07-22,1,1,SLC12A3,SLC12A3,
1393,hydromorphone,CN1CC[C@]23c4c5ccc(O)c4O[C@H]2C(=O)CC[C@H]3[C@H]1C5,WVLOADHCBXTIJK-YNHQPCIGSA-N,1,FDA,1984-01-11,1,3,OPRD1;OPRK1;OPRM1,OPRM1,
1394,hydroxyamfetamine,CC(N)Cc1ccc(O)cc1,GIKNHHRFLCDOEU-UHFFFAOYSA-N,1,FDA,1969-07-16,1,2,BACE1;TAAR1,TAAR1,
1395,hydroxychloroquine,CCN(CCO)CCCC(C)Nc1ccnc2cc(Cl)ccc12,XXSMGPRMXLTPCZ-UHFFFAOYSA-N,1,FDA,1955-04-18,1,15,ADRA1D;ADRA2A;ADRA2B;ADRA2C;CHRM1;CHRM2;CHRM3;CHRM4;CHRM5;HBA1;KCNH2;SIGMAR1;TLR7;TLR9;TMEM97,TLR7;TLR9,
1397,oxyfenamate,CCC(O)(COC(N)=O)c1ccccc1,WAFIYOULDIWAKR-UHFFFAOYSA-N,0,,,0,0,,,
1398,hydroxystilbamidine,N=C(N)c1ccc(C=Cc2ccc(C(=N)N)cc2O)cc1,TUESWZZJYCLFNL-UHFFFAOYSA-N,1,FDA,1953-12-22,1,0,,,
1399,hydroxycarbamide,NC(=O)NO,VSNHCAURESNICA-UHFFFAOYSA-N,1,EMA;FDA,1967-12-07,1,5,CA2;CA5A;CA9;RRM1;RRM2,RRM1;RRM2,
1400,hydroxyzine,OCCOCCN1CCN(C(c2ccccc2)c2ccc(Cl)cc2)CC1,ZQDWXGKKHFNSQK-UHFFFAOYSA-N,1,FDA,1956-04-12,1,4,CYP2D6;DRD2;HRH1;HTR2A,HRH1,
1401,hymecromone,Cc1cc(=O)oc2cc(O)ccc12,HSHNITRMYYLLCV-UHFFFAOYSA-N,0,,,0,5,AKR1B1;CA12;CA9;HSD17B3;MAOB,,
1402,hyoscyamine,CN1[C@@H]2CC[C@H]1C[C@@H](OC(=O)[C@H](CO)c1ccccc1)C2,RKUNBYITZUJHSG-FXUDXRNXSA-N,1,YEAR INTRODUCED,1869-01-01,1,5,CHRM1;CHRM2;CHRM3;CHRM4;CHRM5,CHRM1;CHRM2;CHRM3,
1404,ibandronic acid,CCCCCN(C)CCC(O)(P(=O)(O)O)P(=O)(O)O,MPBVHIBUJCELCL-UHFFFAOYSA-N,1,FDA,2003-05-16,1,2,FDPS;GGPS1,FDPS,
1405,ibopamine,CNCCc1ccc(OC(=O)C(C)C)c(OC(=O)C(C)C)c1,WDKXLLJDNUBYCY-UHFFFAOYSA-N,0,,,0,0,,,
1406,ibudilast,CC(C)C(=O)c1c(C(C)C)nn2ccccc12,ZJVFLBOZORBYFE-UHFFFAOYSA-N,1,PMDA,1989-05-01,1,4,PDE4A;PDE4B;PDE4C;PDE4D,,
1407,ibuprofen,CC(C)Cc1ccc(C(C)C(=O)O)cc1,HEFNNWSXXWATRW-UHFFFAOYSA-N,1,FDA;PMDA,1974-09-19,1,9,AKR1C2;AKR1C3;ALOX5;ASIC1;CXCL8;CYP2C9;PTGS1;PTGS2;SLC5A8,PTGS1;PTGS2,
1409,ibuprofen piconol,CC(C)Cc1ccc(C(C)C(=O)OCc2ccccn2)cc1,ACEWLPOYLGNNHV-UHFFFAOYSA-N,0,,,0,0,,,
1410,ibuprofen guaiacol ester,COc1ccccc1OC(=O)C(C)c1ccc(CC(C)C)cc1,FVRWRGBTEHAPDI-UHFFFAOYSA-N,0,,,0,0,,,
1411,ibuproxam,CC(C)Cc1ccc(C(C)C(=O)NO)cc1,BYPIURIATSUHDW-UHFFFAOYSA-N,0,,,0,0,,,
1412,ibutilide,CCCCCCCN(CC)CCCC(O)c1ccc(NS(C)(=O)=O)cc1,ALOBUEHUHMBRLE-UHFFFAOYSA-N,1,FDA,1995-12-28,1,1,KCNH2,,
1413,icosapent ethyl,CC/C=C\C/C=C\C/C=C\C/C=C\C/C=C\CCCC(=O)OCC,SSQPWTVBQMWLSZ-AAQCHOMXSA-N,1,EMA;FDA,2012-07-26,1,1,DGAT1,DGAT1,
1414,idarubicin,CC(=O)[C@]1(O)Cc2c(O)c3c(c(O)c2[C@@H](O[C@H]2C[C@H](N)[C@H](O)[C@H](C)O2)C1)C(=O)c1ccccc1C3=O,XDXDZDZNSLXDNA-TZNDIEGXSA-N,1,FDA,1990-09-27,1,3,ABCB1;ABCC1;TOP2A,TOP2A,
1416,idebenone,COC1=C(OC)C(=O)C(CCCCCCCCCCO)=C(C)C1=O,JGPMMRGNQUBGND-UHFFFAOYSA-N,1,EMA,2015-09-08,1,4,CYP2C19;CYP2C9;CYP2D6;CYP3A4,,
1417,idoxuridine,O=c1[nH]c(=O)n([C@H]2C[C@H](O)[C@@H](CO)O2)cc1I,XQFRJNBWHJMXHO-RRKCRQDMSA-N,1,FDA,1963-06-11,1,1,TK1,,
1418,idrocilamide,O=C(C=Cc1ccccc1)NCCO,OSCTXCOERRNGLW-UHFFFAOYSA-N,0,,,0,0,,,
1419,ifenprodil,CC(C(O)c1ccc(O)cc1)N1CCC(Cc2ccccc2)CC1,UYNVMODNBIQBMV-UHFFFAOYSA-N,0,,,0,8,GRIN1;GRIN2A;GRIN2B;GRIN2C;GRIN2D;HRH1;KCNH2;SIGMAR1,,
1421,ifosfamide,O=P1(NCCCl)OCCCN1CCCl,HOMGKSMUEGBAAB-UHFFFAOYSA-N,1,FDA,1988-12-30,1,0,,,
1422,iloprost,CC#CCC(C)[C@H](O)/C=C/[C@@H]1[C@H]2C/C(=C/CCCC(=O)O)C[C@H]2C[C@H]1O,HIFJCPQKFCZDDL-ACWOEMLNSA-N,1,FDA,2004-12-29,1,8,PTGDR;PTGER1;PTGER2;PTGER3;PTGER4;PTGFR;PTGIR;TBXA2R,PTGIR,
1423,imatinib,Cc1ccc(NC(=O)c2ccc(CN3CCN(C)CC3)cc2)cc1Nc1nccc(-c2cccnc2)n1,KTUFNOKKBVMGRW-UHFFFAOYSA-N,1,FDA,2001-05-10,1,71,ABCB1;ABCC1;ABCG2;ABL1;ABL2;BCR;BLK;BMX;BRAF;CA1;CA12;CA14;CA2;CA3;CA4;CA5A;CA5B;CA6;CA7;CA9;CDK19;CLK1;CLK4;CSF1R;DDR1;DDR2;EGFR;EPHA8;EPHB1;EPHB4;FGFR1;FGFR2;FGR;FLT3;FRK;FYN;GAK;HIPK4;HRH2;HTR2A;INSR;IRAK1;JAK2;KARS;KDR;KIT;LCK;LYN;MAPK10;MAPK14;MAPK8;MAPK9;MELK;NQO2;PDGFRA;PDGFRB;PIP4K2C;PLK4;RAF1;SLC22A2;SLC22A3;SLC47A1;SLC47A2;SLC6A4;SRC;STK17A;SYK;TBXAS1;TNNI3K;TYK2;ZAK,ABL1;KIT;PDGFRB,
1424,imidapril,CCOC(=O)[C@H](CCc1ccccc1)N[C@@H](C)C(=O)N1C(=O)N(C)C[C@H]1C(=O)O,KLZWOWYOHUKJIG-BPUTZDHNSA-N,1,YEAR INTRODUCED,1993-01-01,1,1,ACE,ACE,
1426,imipenem,C[C@@H](O)[C@H]1C(=O)N2C(C(=O)O)=C(SCCNC=N)C[C@H]12,ZSKVGTPCRGIANV-ZXFLCMHBSA-N,1,EMA;FDA,1985-11-26,1,0,,,
1427,imipramine,CN(C)CCCN1c2ccccc2CCc2ccccc21,BCGWQEUPMDMJNV-UHFFFAOYSA-N,1,FDA,1959-04-16,1,27,ADORA3;ADRA1A;ADRA2B;CHRM1;CHRM2;CHRM3;CHRM4;CHRM5;DRD2;DRD3;HRH1;HTR1A;HTR2A;HTR2C;KCNH1;KCNH2;PRNP;SCN1A;SCN2A;SCN3A;SIGMAR1;SLC22A1;SLC22A2;SLC6A2;SLC6A3;SLC6A4;SMPD1,SLC6A2;SLC6A4,
1429,imiquimod,CC(C)Cn1cnc2c(N)nc3ccccc3c21,DOUYETYNHWVLEO-UHFFFAOYSA-N,1,EMA;FDA,1997-02-27,1,4,ADORA2A;ADRA1D;HRH2;TLR7,TLR7,
1430,imolamine,CCN(CC)CCn1c(-c2ccccc2)noc1=N,MGSPDRWOUCPKNZ-UHFFFAOYSA-N,0,,,0,0,,,
1431,incadronic acid,O=P(O)(O)C(NC1CCCCCC1)P(=O)(O)O,LWRDQHOZTAOILO-UHFFFAOYSA-N,1,PMDA,1997-01-01,0,1,FDPS,FDPS,
1432,indalpine,c1ccc2c(CCC3CCNCC3)c[nH]c2c1,SADQVAVFGNTEOD-UHFFFAOYSA-N,0,,,1,0,,,
1433,indapamide,CC1Cc2ccccc2N1NC(=O)c1ccc(Cl)c(S(N)(=O)=O)c1,NDDAHWYSQHTHNT-UHFFFAOYSA-N,1,FDA,1983-07-06,1,13,CA1;CA12;CA13;CA14;CA2;CA4;CA5A;CA5B;CA6;CA7;CA9;KCNQ1;SLC12A3,SLC12A3,
1434,indecainide,CC(C)NCCCC1(C(N)=O)c2ccccc2-c2ccccc21,UCEWGESNIULAGX-UHFFFAOYSA-N,1,FDA,,1,1,SCN5A,SCN5A,
1435,indeloxazine,C1=Cc2cccc(OCC3CNCCO3)c2C1,MADRVGBADLFHMO-UHFFFAOYSA-N,0,,,0,0,,,
1437,indinavir,CC(C)(C)NC(=O)[C@@H]1CN(Cc2cccnc2)CCN1C[C@@H](O)C[C@@H](Cc1ccccc1)C(=O)N[C@H]1c2ccccc2C[C@H]1O,CBVCZFGXHXORBI-PXQQMZJSSA-N,1,FDA,1996-03-13,1,5,CYP3A4;SLC47A1;SLC47A2;TACR2;TBXAS1,,
1438,indisetron,CN1C[C@H]2C[C@@H](NC(=O)c3n[nH]c4ccccc34)C[C@@H](C1)N2C,MHNNVDILNTUWNS-XYYAHUGASA-N,0,,,0,1,HTR3A,HTR3A,
1439,indobufen,CCC(C(=O)O)c1ccc(N2Cc3ccccc3C2=O)cc1,AYDXAULLCROVIT-UHFFFAOYSA-N,1,YEAR INTRODUCED,1984-01-01,0,2,PTGS1;PTGS2,,
1440,indomethacin,COc1ccc2c(c1)c(CC(=O)O)c(C)n2C(=O)c1ccc(Cl)cc1,CGIGDMFJXJATDK-UHFFFAOYSA-N,1,FDA,1965-06-10,1,19,ABCB1;ABCC1;AKR1B1;AKR1C2;AKR1C3;AKR1C4;AR;CXCL8;DHRS9;GLO1;KCNA7;MT-CO2;NAPRT;PPARG;PTGDR2;PTGER2;PTGES;PTGS1;PTGS2,PTGS1;PTGS2,
1442,indoprofen,CC(C(=O)O)c1ccc(N2Cc3ccccc3C2=O)cc1,RJMIEHBSYVWVIN-UHFFFAOYSA-N,0,,,1,0,,,
1443,indoramin,O=C(NC1CCN(CCc2c[nH]c3ccccc23)CC1)c1ccccc1,JXZZEXZZKAWDSP-UHFFFAOYSA-N,1,YEAR INTRODUCED,1981-01-01,1,7,ADRA1A;ADRA1B;ADRA1D;ADRA2A;ADRA2B;ADRA2C;DRD4,,
1444,inositol,O[C@H]1[C@H](O)[C@@H](O)[C@H](O)[C@@H](O)[C@H]1O,CDAISMWEOUEBRE-GPIVLXJGSA-N,1,FDA,,0,0,,,
1445,inositol nicotinate,O=C(O[C@H]1[C@H](OC(=O)c2cccnc2)[C@@H](OC(=O)c2cccnc2)[C@H](OC(=O)c2cccnc2)[C@@H](OC(=O)c2cccnc2)[C@H]1OC(=O)c1cccnc1)c1cccnc1,MFZCIDXOLLEMOO-GYSGTQPESA-N,1,FDA,,0,0,,,
1446,intoplicine,Cc1cnc(NCCCN(C)C)c2c1[nH]c1ccc3cc(O)ccc3c12,QROONAIPJKQFMC-UHFFFAOYSA-N,0,,,0,3,TOP1;TOP1MT;TOP2A,,
1448,iobenguane (123I),N=C(N)NCc1cccc([123I])c1,PDWUPXJEEYOOTR-IUAIQHPESA-N,1,FDA,2008-09-19,1,0,,,
1449,iobitridol,CN(CC(O)CO)C(=O)c1c(I)c(NC(=O)C(CO)CO)c(I)c(C(=O)N(C)CC(O)CO)c1I,YLPBXIKWXNRACS-UHFFFAOYSA-N,0,,,0,0,,,
1450,iocarmic acid,CNC(=O)c1c(I)c(NC(=O)CCCCC(=O)Nc2c(I)c(C(=O)O)c(I)c(C(=O)NC)c2I)c(I)c(C(=O)O)c1I,SMQYOVYWPWASGU-UHFFFAOYSA-N,0,,,0,0,,,
1451,iocetamic acid,CC(=O)N(CC(C)C(=O)O)c1c(I)cc(I)c(N)c1I,GSVQIUGOUKJHRC-UHFFFAOYSA-N,1,FDA,,1,0,,,
1452,iodamide,CC(=O)NCc1c(I)c(NC(C)=O)c(I)c(C(=O)O)c1I,VVDGWALACJEJKG-UHFFFAOYSA-N,1,FDA,1978-07-25,1,0,,,
1454,iodinated glycerol,CC(I)C1OCC(CO)O1,LTINPJMVDKPJJI-UHFFFAOYSA-N,0,,,1,0,,,
1455,adipiodone,O=C(CCCCC(=O)Nc1c(I)cc(I)c(C(=O)O)c1I)Nc1c(I)cc(I)c(C(=O)O)c1I,FFINMCNLQNTKLU-UHFFFAOYSA-N,1,FDA,1954-04-27,1,0,,,
1457,diiodohydroxyquinoline,Oc1c(I)cc(I)c2cccnc12,UXZFQZANDVDGMM-UHFFFAOYSA-N,1,FDA,,0,8,ADORA3;EGFR;ERBB2;FYN;LCK;MAPK1;MAPK14;MAPK3,,
1458,iodothiouracil,O=c1[nH]c(=S)[nH]cc1I,MYUHSNVSHMCUMD-UHFFFAOYSA-N,0,,,0,0,,,
1459,Iofetamine (123I),CC(C)NC(C)Cc1ccc([123I])cc1,ISEHJSHTIVKELA-DCWJVSPSSA-N,0,,,1,0,,,
1461,iohexol,CC(=O)N(CC(O)CO)c1c(I)c(C(=O)NCC(O)CO)c(I)c(C(=O)NCC(O)CO)c1I,NTHXOOBQLCIOLC-UHFFFAOYSA-N,1,FDA,1985-12-26,1,0,,,
1462,iomazenil (123I),CCOC(=O)c1ncn2c1CN(C)C(=O)c1c([123I])cccc1-2,FRIZVHMAECRUBR-KIWWSDKQSA-N,0,,,0,0,,,
1463,iomeprol,CN(C(=O)CO)c1c(I)c(C(=O)NCC(O)CO)c(I)c(C(=O)NCC(O)CO)c1I,NJKDOADNQSYQEV-UHFFFAOYSA-N,0,,,1,0,,,
1464,iopamidol,C[C@H](O)C(=O)Nc1c(I)c(C(=O)NC(CO)CO)c(I)c(C(=O)NC(CO)CO)c1I,XQZXYNRDCRIARQ-LURJTMIESA-N,1,FDA,1985-12-31,1,0,,,
1465,iopanoic acid,CCC(Cc1c(I)cc(I)c(N)c1I)C(=O)O,OIRFJRBSRORBCM-UHFFFAOYSA-N,1,FDA,1951-07-16,1,0,,,
1466,iopentol,COCC(O)CN(C(C)=O)c1c(I)c(C(=O)NCC(O)CO)c(I)c(C(=O)NCC(O)CO)c1I,IUNJANQVIJDFTQ-UHFFFAOYSA-N,0,,,0,0,,,
1468,iopromide,COCC(=O)Nc1c(I)c(C(=O)NCC(O)CO)c(I)c(C(=O)N(C)CC(O)CO)c1I,DGAIEPBNLOQYER-UHFFFAOYSA-N,1,FDA,1995-05-10,1,0,,,
1469,iotalamic acid,CNC(=O)c1c(I)c(NC(C)=O)c(I)c(C(=O)O)c1I,UXIGWFXRQKWHHA-UHFFFAOYSA-N,1,FDA,1963-09-30,1,0,,,
1470,iotrolan,CN(C(=O)CC(=O)N(C)c1c(I)c(C(=O)NC(CO)C(O)CO)c(I)c(C(=O)NC(CO)C(O)CO)c1I)c1c(I)c(C(=O)NC(CO)C(O)CO)c(I)c(C(=O)NC(CO)C(O)CO)c1I,XUHXFSYUBXNTHU-UHFFFAOYSA-N,1,FDA,,1,0,,,
1471,ioversol,O=C(NCC(O)CO)c1c(I)c(C(=O)NCC(O)CO)c(I)c(N(CCO)C(=O)CO)c1I,AMDBBAQNWSUWGN-UHFFFAOYSA-N,1,FDA,1988-12-30,1,0,,,
1472,ioxaglic acid,CNC(=O)c1c(I)c(C(=O)NCC(=O)Nc2c(I)c(C(=O)O)c(I)c(C(=O)NCCO)c2I)c(I)c(N(C)C(C)=O)c1I,TYYBFXNZMFNZJT-UHFFFAOYSA-N,1,FDA,1985-07-26,1,0,,,
1473,ioxilan,CC(=O)N(CC(O)CO)c1c(I)c(C(=O)NCCO)c(I)c(C(=O)NCC(O)CO)c1I,UUMLTINZBQPNGF-UHFFFAOYSA-N,1,FDA,1995-12-21,1,0,,,
1474,iopodic acid,CN(C)/C=N/c1c(I)cc(I)c(CCC(=O)O)c1I,YQNFBOJPTAXAKV-OMCISZLKSA-N,1,FDA,1962-03-15,1,0,,,
1475,ipratropium,CC(C)[N+]1(C)[C@@H]2CC[C@H]1C[C@@H](OC(=O)C(CO)c1ccccc1)C2,OEXHQOGQTVQTAT-BHIXFJMTSA-N,1,FDA,1986-12-29,1,6,CHRM1;CHRM2;CHRM3;CHRM4;CHRM5;SLC22A2,CHRM3,charged_parent
1476,iprazochrome,CC(C)N1CC(O)C2=CC(=NNC(N)=O)C(=O)C=C21,XZKVIDLLLOUTSS-UHFFFAOYSA-N,0,,,0,0,,,
1477,ipriflavone,CC(C)Oc1ccc2c(=O)c(-c3ccccc3)coc2c1,SFBODOKJTYAUCM-UHFFFAOYSA-N,0,,,0,2,PTGS1;SLC6A2,,
1478,iprindole,CN(C)CCCn1c2c(c3ccccc31)CCCCCC2,PLIGPBGDXASWPX-UHFFFAOYSA-N,0,,,1,4,HRH1;SLC6A2;SLC6A3;SLC6A4,,
1479,iproclozide,CC(C)NNC(=O)COc1ccc(Cl)cc1,GGECDTUJZOXAAR-UHFFFAOYSA-N,0,,,0,0,,,
1480,iproniazid,CC(C)NNC(=O)c1ccncc1,NYMGNSNKLVNMIA-UHFFFAOYSA-N,0,,,1,2,MAOA;MAOB,MAOA;MAOB,
1481,irbesartan,CCCCC1=NC2(CCCC2)C(=O)N1Cc1ccc(-c2ccccc2-c2nnn[nH]2)cc1,YOSHYTLCDANDAN-UHFFFAOYSA-N,1,FDA,1997-09-30,1,3,AGTR1;EDNRA;SLC10A1,AGTR1,
1482,irinotecan,CCc1c2c(nc3ccc(OC(=O)N4CCC(N5CCCCC5)CC4)cc13)-c1cc3c(c(=O)n1C2)COC(=O)[C@]3(O)CC,UWKQSNNFCGGAFS-XIFFEERXSA-N,1,FDA;PMDA,1996-06-14,1,15,ABCB1;ABCC1;ABCC2;ABCC4;ABCG2;ACHE;ADRA2C;CHRM4;MMP1;SLC22A1;SLC22A2;SLC22A3;SLC47A1;SLC47A2;TOP1,TOP1,
1483,irofulven,CC1=C(CO)C2=C(C)C3(CC3)[C@@](C)(O)C(=O)C2=C1,NICJCIQSJJKZAH-AWEZNQCLSA-N,0,,,0,1,CHEK2,,
1484,irsogladine,Nc1nc(N)nc(-c2cc(Cl)ccc2Cl)n1,ATCGGEJZONJOCL-UHFFFAOYSA-N,0,,,0,0,,,
1485,isaxonine,CC(C)Nc1ncccn1,FTCYIGBVOHNHCD-UHFFFAOYSA-N,0,,,1,0,,,
1486,isepamicin,CN[C@@H]1[C@@H](O)[C@@H](O[C@@H]2[C@@H](O)[C@H](O[C@H]3O[C@H](CN)[C@@H](O)[C@H](O)[C@H]3O)[C@@H](N)C[C@H]2NC(=O)[C@@H](O)CN)OC[C@]1(C)O,UDIIBEDMEYAVNG-ZKFPOVNWSA-N,1,YEAR INTRODUCED,1988-01-01,0,0,,,
1487,isoaminile,CC(CC(C#N)(c1ccccc1)C(C)C)N(C)C,WFLSCFISQHLEED-UHFFFAOYSA-N,0,,,0,0,,,
1488,isobromindione,O=C1c2ccc(Br)cc2C(=O)C1c1ccccc1,QFLZIWVSQDZLNW-UHFFFAOYSA-N,0,,,0,0,,,
1490,isocarboxazid,Cc1cc(C(=O)NNCc2ccccc2)no1,XKFPYPQQHFEXRZ-UHFFFAOYSA-N,1,FDA,1959-07-01,1,2,MAOA;MAOB,MAOA;MAOB,
1491,isoetarine,CCC(NC(C)C)C(O)c1ccc(O)c(O)c1,HUYWAWARQUIQLE-UHFFFAOYSA-N,1,FDA,1979-10-23,1,1,ADRB2,ADRB2,
1492,isofezolac,O=C(O)Cc1c(-c2ccccc2)c(-c2ccccc2)nn1-c1ccccc1,LZRDDINFIHUVCX-UHFFFAOYSA-N,0,,,0,0,,,
1493,isoflurane,FC(F)OC(Cl)C(F)(F)F,PIWKPBJCKXDKJR-UHFFFAOYSA-N,1,FDA,1979-12-18,1,24,GABRA1;GABRA2;GABRA3;GABRA4;GABRA5;GABRA6;GABRB1;GABRB2;GABRB3;GABRD;GABRE;GABRG1;GABRG2;GABRG3;GABRP;GABRQ;GLRA1;GLRB;HTR2B;KCNK10;KCNK18;KCNK2;KCNK3;KCNK9,GABRA1;GABRA2;GABRA3;GABRA4;GABRA5;GABRA6;GABRB1;GABRB2;GABRB3;GABRD;GABRE;GABRG1;GABRG2;GABRG3;GABRP;GABRQ;GLRA1;GLRB;KCNK10;KCNK18;KCNK2;KCNK3;KCNK9,
1494,fluostigmine,CC(C)OP(=O)(F)OC(C)C,MUCZHBLJLSDCSD-UHFFFAOYSA-N,1,FDA,1957-04-02,1,3,ACHE;CTSA;PTGS2,ACHE,
1495,isomethadone,CCC(=O)C(c1ccccc1)(c1ccccc1)C(C)CN(C)C,IFKPLJWIEQBPGG-UHFFFAOYSA-N,0,,,0,0,,,
1496,isometheptene,CNC(C)CCC=C(C)C,XVQUOJBERHHONY-UHFFFAOYSA-N,1,FDA,,1,0,,,
1497,isoniazid,NNC(=O)c1ccncc1,QRXWMOHMRWLFEY-UHFFFAOYSA-N,1,FDA,1952-09-29,1,3,CYP3A4;CYP3A5;MPO,,
1498,isonixin,Cc1cccc(C)c1NC(=O)c1ccc[nH]c1=O,WJDDCFNFNAHLAF-UHFFFAOYSA-N,0,,,0,0,,,
1499,isoprenaline,CC(C)NCC(O)c1ccc(O)c(O)c1,JWZZKOKVBUJMES-UHFFFAOYSA-N,1,FDA,1956-03-09,1,31,ADRB1;ADRB2;ADRB3;DRD2;DRD3;DRD4;TAS2R1;TAS2R10;TAS2R13;TAS2R14;TAS2R16;TAS2R19;TAS2R20;TAS2R3;TAS2R30;TAS2R31;TAS2R38;TAS2R39;TAS2R4;TAS2R40;TAS2R41;TAS2R42;TAS2R43;TAS2R45;TAS2R46;TAS2R5;TAS2R50;TAS2R60;TAS2R7;TAS2R8;TAS2R9,ADRB1;ADRB2,
1500,isopropamide,CC(C)[N+](C)(CCC(C(N)=O)(c1ccccc1)c1ccccc1)C(C)C,JTPUMZTWMWIVPA-UHFFFAOYSA-O,1,FDA,1957-10-09,1,2,CHRM1;CHRM3,CHRM1;CHRM3,charged_parent
1501,isosorbide,O[C@@H]1CO[C@H]2[C@@H]1OC[C@@H]2O,KLDXJTOLSGUMSJ-JGWLITMVSA-N,1,FDA,1974-01-30,1,0,,,
1505,isosorbide dinitrate,O=[N+]([O-])O[C@H]1CO[C@H]2[C@@H]1OC[C@H]2O[N+](=O)[O-],MOYKHGMNXAOIAT-JGWLITMVSA-N,1,FDA,1968-01-16,1,5,GUCY1A2;GUCY1A3;GUCY1B2;GUCY1B3;NPR1,GUCY1A2;GUCY1A3;GUCY1B2;GUCY1B3,
1506,isosorbide mononitrate,O=[N+]([O-])O[C@@H]1CO[C@H]2[C@@H]1OC[C@@H]2O,YWXYYJSYQOXTPL-SLPGGIOYSA-N,1,FDA,1991-12-30,1,5,GUCY1A2;GUCY1A3;GUCY1B2;GUCY1B3;NPR1,GUCY1A2;GUCY1A3;GUCY1B2;GUCY1B3,
1507,isothipendyl,CC(CN1c2ccccc2Sc2cccnc21)N(C)C,OQJBSDFFQWMKBQ-UHFFFAOYSA-N,0,,,0,0,,,
1508,isotretinoin,CC1=C(/C=C/C(C)=C/C=C/C(C)=C\C(=O)O)C(C)(C)CCC1,SHGAZHPCJJPHSC-XFYACQKRSA-N,1,FDA,1982-05-07,1,12,ADH4;ADORA3;ADRA2B;DHRS9;HSD17B6;HTR2B;MAPK1;MAPK14;OR51E2;RARA;RARB;RDH5,RARB,
1509,isoxicam,Cc1cc(NC(=O)C2=C(O)c3ccccc3S(=O)(=O)N2C)no1,YYUAYBYLJSNDCX-UHFFFAOYSA-N,1,YEAR INTRODUCED,1983-01-01,1,2,PTGS1;PTGS2,,
1510,isoxsuprine,CC(COc1ccccc1)NC(C)C(O)c1ccc(O)cc1,BMUKKTUHUDJSNZ-UHFFFAOYSA-N,1,FDA,,0,0,,,
1511,isradipine,COC(=O)C1=C(C)NC(C)=C(C(=O)OC(C)C)C1c1cccc2nonc12,HMJIYCCIJYRONP-UHFFFAOYSA-N,1,FDA,1990-12-20,1,5,CACNA1C;CACNA1D;CACNA1H;KCNH2;NR1I2,CACNA1C;CACNA1D,
1512,itopride,COc1ccc(C(=O)NCc2ccc(OCCN(C)C)cc2)cc1OC,QQQIECGTIMUVDS-UHFFFAOYSA-N,0,,,0,0,,,
1513,itraconazole,CCC(C)n1ncn(-c2ccc(N3CCN(c4ccc(OCC5COC(Cn6cncn6)(c6ccc(Cl)cc6Cl)O5)cc4)CC3)cc2)c1=O,VHVPQPYKVGDNFY-UHFFFAOYSA-N,1,FDA,1992-09-11,1,8,ADRB2;AVPR2;CCR4;CXCR1;CYP3A4;CYP51A1;CYP8B1;FYN,,
1517,ixabepilone,C/C(=C\c1csc(C)n1)[C@@H]1C[C@@H]2O[C@]2(C)CCC[C@H](C)[C@H](O)[C@@H](C)C(=O)C(C)(C)[C@@H](O)CC(=O)N1,FABUFPQFXZVHFB-PVYNADRNSA-N,1,FDA,2007-10-16,1,9,TUBB;TUBB1;TUBB2A;TUBB2B;TUBB3;TUBB4A;TUBB4B;TUBB6;TUBB8,TUBB;TUBB1;TUBB2A;TUBB2B;TUBB3;TUBB4A;TUBB4B;TUBB6;TUBB8,
1518,josamycin,CO[C@@H]1[C@@H](O[C@@H]2O[C@H](C)[C@@H](O[C@H]3C[C@@](C)(O)[C@@H](OC(=O)CC(C)C)[C@H](C)O3)[C@H](N(C)C)[C@H]2O)[C@@H](CC=O)C[C@@H](C)[C@@H](O)/C=C/C=C/C[C@@H](C)OC(=O)C[C@H]1OC(C)=O,XJSFLOJWULLJQS-NGVXBBESSA-N,0,,,0,0,,,
1519,kanamycin,NC[C@H]1O[C@H](O[C@H]2[C@H](O)[C@@H](O[C@H]3O[C@H](CO)[C@@H](O)[C@H](N)[C@H]3O)[C@H](N)C[C@@H]2N)[C@H](O)[C@@H](O)[C@@H]1O,SBUJHOSQTJFQJX-NOAMYHISSA-N,1,FDA,1973-02-13,1,1,GJB2,,
1520,bekanamycin,NC[C@H]1O[C@H](O[C@H]2[C@H](O)[C@@H](O[C@H]3O[C@H](CO)[C@@H](O)[C@H](N)[C@H]3O)[C@H](N)C[C@@H]2N)[C@H](N)[C@@H](O)[C@@H]1O,SKKLOUVUUNMCJE-FQSMHNGLSA-N,0,,,0,0,,,
1522,kebuzone,CC(=O)CCC1C(=O)N(c2ccccc2)N(c2ccccc2)C1=O,LGYTZKPVOAIUKX-UHFFFAOYSA-N,0,,,0,0,,,
1523,ketamine,CNC1(c2ccccc2Cl)CCCCC1=O,YQEZLKZALYSWHR-UHFFFAOYSA-N,1,FDA,1970-02-19,1,11,GRIA1;GRIA2;GRIA3;GRIA4;GRIN1;GRIN2A;GRIN2B;GRIN2C;GRIN2D;GRIN3A;GRIN3B,GRIA1;GRIA2;GRIA3;GRIA4;GRIN1;GRIN2A;GRIN2B;GRIN2C;GRIN2D;GRIN3A;GRIN3B,
1524,ketanserin,O=C(c1ccc(F)cc1)C1CCN(CCn2c(=O)[nH]c3ccccc3c2=O)CC1,FPCCSQOGAWCVBH-UHFFFAOYSA-N,1,YEAR INTRODUCED,1985-01-01,1,25,ADORA3;ADRA1A;ADRA1B;ADRA1D;ADRA2A;ADRA2B;DRD1;DRD2;DRD4;DRD5;HRH1;HTR1A;HTR1B;HTR1D;HTR1F;HTR2A;HTR2B;HTR2C;HTR5A;HTR6;HTR7;KCNH2;SIGMAR1;SLC18A1;SLC18A2,,
1525,ketazolam,CC1=CC(=O)N2CC(=O)N(C)c3ccc(Cl)cc3C2(c2ccccc2)O1,PWAJCNITSBZRBL-UHFFFAOYSA-N,0,,,1,0,,,
1526,ketobemidone,CCC(=O)C1(c2cccc(O)c2)CCN(C)CC1,ALFGKMXHOUSVAD-UHFFFAOYSA-N,1,YEAR INTRODUCED,1947-01-01,0,4,GRIN3A;OPRD1;OPRK1;OPRM1,,
1527,ketoconazole,CC(=O)N1CCN(c2ccc(OCC3COC(Cn4ccnc4)(c4ccc(Cl)cc4Cl)O3)cc2)CC1,XMAYWYJOQHXEEK-UHFFFAOYSA-N,1,FDA,1981-06-12,1,32,ABCB1;ABCB11;ADRA1D;ADRA2A;ADRA2B;AOX1;CHRM2;CYP11B1;CYP11B2;CYP17A1;CYP19A1;CYP21A2;CYP24A1;CYP27B1;CYP2C19;CYP2C9;CYP3A4;CYP3A5;CYP51A1;HRH2;IDO1;KCNA10;KCNH2;NR1I2;OPRD1;SLC22A1;SLC28A1;SLC6A2;SLC6A3;SLC6A4;TACR2;TBXAS1,CYP11B1;CYP17A1,
1528,ketoprofen,CC(C(=O)O)c1cccc(C(=O)c2ccccc2)c1,DKYWVDODHFEZIM-UHFFFAOYSA-N,1,FDA,1986-01-09,1,2,PTGS1;PTGS2,PTGS1;PTGS2,
1529,ketorolac,O=C(c1ccccc1)c1ccc2n1CCC2C(=O)O,OZWKMVRBQXNZKK-UHFFFAOYSA-N,1,FDA,1989-11-30,1,3,PAK1;PTGS1;PTGS2,PTGS1;PTGS2,
1530,ketotifen,CN1CCC(=C2c3ccccc3CC(=O)c3sccc32)CC1,ZCVMWBYGMWKGHF-UHFFFAOYSA-N,1,FDA,1999-07-02,1,19,ABCB1;ADRA1D;ADRA2A;ADRA2B;CHRM1;CHRM2;CHRM3;CHRM4;CHRM5;DRD1;DRD3;HRH1;HRH2;HRH4;HTR1A;HTR2A;HTR2B;HTR2C;HTR6,HRH1,
1531,labetalol,CC(CCc1ccccc1)NCC(O)c1ccc(O)c(C(N)=O)c1,SGUAFYQXFOLMHL-UHFFFAOYSA-N,1,FDA,1984-08-01,1,9,ADRA1D;ADRB1;ADRB2;CYP2D6;HTR1A;HTR2B;SIGMAR1;SLC6A2;SLC6A3,ADRB1;ADRB2,
1532,lacidipine,CCOC(=O)C1=C(C)NC(C)=C(C(=O)OCC)C1c1ccccc1/C=C/C(=O)OC(C)(C)C,GKQPCPXONLDCMU-CCEZHUSRSA-N,0,,,0,9,ADORA3;CACNA1C;CACNA1D;CYP2C19;CYP2C9;CYP3A4;DRD3;SLC6A2;TBXAS1,CACNA1C;CACNA1D,
1533,lactic acid,CC(O)C(=O)O,JVTAAEKCZFNVCJ-UHFFFAOYSA-N,1,FDA,,1,0,,,
1534,lactitol,OC[C@@H](O)[C@@H](O[C@@H]1O[C@H](CO)[C@H](O)[C@H](O)[C@H]1O)[C@H](O)[C@@H](O)CO,VQHSOMBJVWLPSR-JVCRWLNRSA-N,1,FDA,2020-02-12,1,0,,,
1535,lactose,OC[C@H]1O[C@@H](O[C@H]2[C@H](O)[C@@H](O)[C@@H](O)O[C@@H]2CO)[C@H](O)[C@@H](O)[C@H]1O,GUBGYTABKSRVRQ-XLOQQCSPSA-N,0,,,0,3,LGALS3;LGALS8;LGALS9,,
1536,lactulose,OC[C@H]1O[C@@H](O[C@H]2[C@@H](CO)O[C@](O)(CO)[C@H]2O)[C@H](O)[C@@H](O)[C@H]1O,JCQLYHFGKNRPGE-RUKGUBFJSA-N,1,FDA,1976-03-25,1,0,,,
1537,lafutidine,O=C(CS(=O)Cc1ccco1)NC/C=C\COc1cc(CN2CCCCC2)ccn1,KMZQAVXSMUKBPD-DJWKRKHSSA-N,0,,,0,0,,,
1539,lamivudine,Nc1ccn([C@@H]2CS[C@H](CO)O2)c(=O)n1,JTEGQNOMFQHVDC-NKWVEPMBSA-N,1,EMA;FDA,1995-11-17,1,1,DCK,,
1540,lamotrigine,Nc1nnc(-c2cccc(Cl)c2Cl)c(N)n1,PYZRQGJRPPTADH-UHFFFAOYSA-N,1,FDA,1994-12-27,1,10,HTR3A;SCN10A;SCN1A;SCN2A;SCN3A;SCN4A;SCN5A;SCN8A;SCN9A;SIGMAR1,SCN10A;SCN1A;SCN2A;SCN3A;SCN4A;SCN5A;SCN8A;SCN9A,
1543,lanatoside C,CC(=O)O[C@H]1C[C@H](O[C@H]2[C@@H](O)C[C@H](O[C@H]3[C@@H](O)C[C@H](O[C@H]4CC[C@@]5(C)[C@H](CC[C@@H]6[C@@H]5C[C@@H](O)[C@]5(C)[C@@H](C7=CC(=O)OC7)CC[C@]65O)C4)O[C@@H]3C)O[C@@H]2C)O[C@H](C)[C@H]1O[C@H]1O[C@H](CO)[C@@H](O)[C@H](O)[C@H]1O,JAYAGJDXJIDEKI-BNNXBDHTSA-N,0,,,0,0,,,
1545,landiolol,CC1(C)OC[C@@H](COC(=O)CCc2ccc(OC[C@@H](O)CNCCNC(=O)N3CCOCC3)cc2)O1,WMDSZGFJQKSLLH-RBBKRZOGSA-N,1,EMA;PMDA,2002-07-05,1,1,ADRB1,ADRB1,
1546,lanreotide,CC(C)[C@@H]1NC(=O)[C@H](CCCCN)NC(=O)[C@@H](Cc2c[nH]c3ccccc23)NC(=O)[C@H](Cc2ccc(O)cc2)NC(=O)[C@@H](NC(=O)[C@@H](N)Cc2ccc3ccccc3c2)CSSC[C@@H](C(=O)N[C@H](C(N)=O)[C@@H](C)O)NC1=O,PUDHBTGHUJUUFI-PURAGXGVSA-N,1,FDA,2007-08-30,1,5,SSTR1;SSTR2;SSTR3;SSTR4;SSTR5,SSTR2;SSTR5,
1547,lansoprazole,Cc1c(OCC(F)(F)F)ccnc1CS(=O)c1nc2ccccc2[nH]1,MJIHNNLFOKEZEW-UHFFFAOYSA-N,1,FDA,1995-05-10,1,9,ATP4A;ATP4B;CYP2C19;CYP2D6;DDAH1;ENGASE;FASN;MAPT;PHOSPHO1,ATP4A;ATP4B,
1548,lapatinib,CS(=O)(=O)CCNCc1ccc(-c2ccc3ncnc(Nc4ccc(OCc5cccc(F)c5)c(Cl)c4)c3c2)o1,BCFGMOOMADDAQU-UHFFFAOYSA-N,1,EMA;FDA,2007-03-13,1,19,ABCB1;ABCG2;ABL1;CDK2;EGFR;ERBB2;ERBB3;ERBB4;INSR;MAP2K5;MAP2K7;PDGFRB;PI4KB;PIK3C2B;PIK3C2G;RIPK2;SLCO1B1;SLK;STK10,EGFR;ERBB2,
1549,arginine hydrochloride,N=C(N)NCCC[C@H](N)C(=O)O,ODKSFYDXXFIFQN-BYPYZUCNSA-N,1,FDA,1973-02-28,1,2,GPRC6A;NOS2,,
1550,aspartic acid,N[C@@H](CC(=O)O)C(=O)O,CKLJMWTZIZZHCS-REOHCLBHSA-N,1,FDA,,0,13,ACY1;ASNS;ASPA;ASPH;ASS1;DARS;GOT1;GOT2;SLC1A1;SLC1A2;SLC1A3;SLC25A12;SLC25A13,,
1551,latanoprost,CC(C)OC(=O)CCC/C=C\C[C@@H]1[C@@H](CC[C@@H](O)CCc2ccccc2)[C@H](O)C[C@@H]1O,GGXICVAJURFBLW-CEYXHVGTSA-N,1,EMA;FDA,1996-06-05,1,3,PTGER1;PTGER3;PTGFR,PTGFR,
1552,leflunomide,Cc1oncc1C(=O)Nc1ccc(C(F)(F)F)cc1,VHOGYURTWQBHIL-UHFFFAOYSA-N,1,FDA,1998-09-10,1,6,CYP1A2;DHODH;MAOA;SLC28A1;SLC6A2;SLC6A3,DHODH,
1553,lenampicillin,Cc1oc(=O)oc1COC(=O)[C@@H]1N2C(=O)[C@@H](NC(=O)[C@H](N)c3ccccc3)[C@H]2SC1(C)C,ZKUKMWMSYCIYRD-ZXFNITATSA-N,0,,,0,0,,,
1555,letosteine,CCOC(=O)CSCCC1NC(C(=O)O)CS1,IKOCLISPVJZJEA-UHFFFAOYSA-N,0,,,0,0,,,
1556,letrozole,N#Cc1ccc(C(c2ccc(C#N)cc2)n2cncn2)cc1,HPJKCIUCZWXJDR-UHFFFAOYSA-N,1,FDA,1997-07-25,1,3,CYP11B1;CYP11B2;CYP19A1,CYP19A1,
1557,leucine,CC(C)C[C@H](N)C(=O)O,ROHFNLRQFUQHCH-YFKPBYRVSA-N,1,FDA,,0,1,SLC7A5,,
1559,leuprorelin,CCNC(=O)[C@@H]1CCCN1C(=O)[C@H](CCCNC(=N)N)NC(=O)[C@H](CC(C)C)NC(=O)[C@@H](CC(C)C)NC(=O)[C@H](Cc1ccc(O)cc1)NC(=O)[C@H](CO)NC(=O)[C@H](Cc1c[nH]c2ccccc12)NC(=O)[C@H](Cc1c[nH]cn1)NC(=O)[C@@H]1CCC(=O)N1,GFIJNRVAKGFPGQ-LIJARHBVSA-N,1,FDA,1985-04-09,1,1,GNRHR,GNRHR,
1560,levallorphan,C=CCN1CC[C@]23CCCC[C@H]2[C@H]1Cc1ccc(O)cc13,OZYUPQUCAUTOBP-QXAKKESOSA-N,1,FDA,,1,1,OPRM1,OPRM1,
1561,levamisole,c1ccc([C@H]2CN3CCSC3=N2)cc1,HLFSDGLLUJUHTE-SNVBAGLBSA-N,1,FDA,1990-06-18,1,2,ALPI;ALPL,,
1562,levamfetamine,C[C@@H](N)Cc1ccccc1,KWTSXDURSIMDCE-MRVPVSSYSA-N,0,,,1,2,SIGMAR1;TAAR1,,
1563,levetiracetam,CC[C@@H](C(N)=O)N1CCCC1=O,HPHUVLMMVZITSG-LURJTMIESA-N,1,EMA;FDA,1999-11-30,1,4,CA1;CACNA1G;SCN1A;SV2A,SV2A,
1564,levocabastine,C[C@@H]1CN([C@H]2CC[C@](C#N)(c3ccc(F)cc3)CC2)CC[C@]1(C(=O)O)c1ccccc1,ZCGOMHNNNFPNMX-KYTRFIICSA-N,1,FDA,1993-11-10,1,3,ABCB1;HRH1;NTSR2,HRH1,
1566,levocetirizine,O=C(O)COCCN1CCN([C@H](c2ccccc2)c2ccc(Cl)cc2)CC1,ZKLPARSLTMPFCP-OAQYLSRUSA-N,1,FDA,2007-05-25,1,1,HRH1,HRH1,
1567,levodopa,N[C@@H](Cc1ccc(O)c(O)c1)C(=O)O,WTDRDQBEARUVNC-LURJTMIESA-N,1,EMA;FDA,1970-06-04,1,6,DRD1;DRD2;EGFR;FYN;LCK;SLC7A5,DRD1;DRD2,
1568,levodropropizine,OC[C@@H](O)CN1CCN(c2ccccc2)CC1,PTVWPYVOOKLBCG-ZDUSSCGKSA-N,0,,,0,0,,,
1569,levofloxacin,C[C@H]1COc2c(N3CCN(C)CC3)c(F)cc3c(=O)c(C(=O)O)cn1c23,GSDSWSVVBLHKDQ-JTQLQIEISA-N,1,FDA,1996-12-20,1,3,KCNH2;RCE1;SLC47A1,,
1571,levomethadyl acetate,CC[C@H](OC(C)=O)C(C[C@H](C)N(C)C)(c1ccccc1)c1ccccc1,XBMIVRRWGCYBTQ-AVRDEDQJSA-N,1,EMA;FDA,1993-07-09,1,2,KCNH2;OPRM1,OPRM1,
1572,levonorgestrel,C#C[C@]1(O)CC[C@H]2[C@@H]3CCC4=CC(=O)CC[C@@H]4[C@H]3CC[C@@]21CC,WWYNJERNGUHSAO-XUDSTZEESA-N,1,FDA,1968-04-16,1,5,ESR1;NR3C1;PGR;SHBG;SLC6A4,PGR,
1573,levopropoxyphene,CCC(=O)O[C@@](Cc1ccccc1)(c1ccccc1)[C@@H](C)CN(C)C,XLMALTXPSGQGBX-PGRDOPGGSA-N,1,FDA,1962-03-21,1,0,,,
1574,levorphanol,CN1CC[C@]23CCCC[C@H]2[C@H]1Cc1ccc(O)cc13,JAQUASYNZVUNQP-USXIJHARSA-N,1,FDA,1953-01-08,1,14,GRIN1;GRIN2A;GRIN2B;GRIN2C;GRIN2D;GRIN3A;GRIN3B;OPRD1;OPRK1;OPRM1;SCN1A;SCN2A;SCN3A;SLC22A1,OPRM1,
1575,levosalbutamol,CC(C)(C)NC[C@H](O)c1ccc(O)c(CO)c1,NDAUXUAQIAJITI-LBPRGKRZSA-N,1,FDA,1999-03-25,1,1,ADRB2,ADRB2,
1576,levosimendan,C[C@@H]1CC(=O)NN=C1c1ccc(NN=C(C#N)C#N)cc1,WHXMKTBCFHIYNQ-SECBINFHSA-N,0,,,0,4,KCNJ11;KCNJ8;PDE3A;TNNC1,TNNC1,
1577,levosulpiride,CCN1CCC[C@H]1CNC(=O)c1cc(S(N)(=O)=O)ccc1OC,BGRJTUBHPOOWDU-NSHDSACASA-N,0,,,1,4,DRD2;DRD3;DRD4;MPO,,
1578,lidamidine,CNC(=N)NC(=O)Nc1c(C)cccc1C,RRHJHSBDJDZUGL-UHFFFAOYSA-N,0,,,0,0,,,
1579,lidocaine,CCN(CC)CC(=O)Nc1c(C)cccc1C,NNJVILVZKWQKPM-UHFFFAOYSA-N,1,FDA,1948-11-19,1,11,CHRNA1;CHRNB1;CHRND;HCN4;HTR3A;SCN10A;SCN2A;SCN3A;SCN4A;SCN5A;SCN9A,SCN10A;SCN2A;SCN3A;SCN4A;SCN5A;SCN9A,
1580,lidoflazine,Cc1cccc(C)c1NC(=O)CN1CCN(CCCC(c2ccc(F)cc2)c2ccc(F)cc2)CC1,ZBIAKUMOEKILTF-UHFFFAOYSA-N,0,,,0,2,KCNH2;SLC29A1,,
1581,limaprost,CCCC[C@H](C)C[C@H](O)/C=C/[C@H]1[C@H](O)CC(=O)[C@@H]1CCCC/C=C/C(=O)O,OJZYRQPMEIEQFC-UAWLTFRCSA-N,1,PMDA,,0,1,PTGER1,PTGER1,
1582,lincomycin,CCC[C@@H]1C[C@@H](C(=O)N[C@@H]([C@H]2O[C@H](SC)[C@H](O)[C@@H](O)[C@H]2O)[C@@H](C)O)N(C)C1,OJMMVQQUTAEWLP-KIDUDLJLSA-N,1,FDA,1964-12-29,1,0,,,
1583,lindane,Cl[C@H]1[C@H](Cl)[C@@H](Cl)[C@@H](Cl)[C@H](Cl)[C@H]1Cl,JLYXXMFPNIAWKQ-GNIYUCBRSA-N,1,FDA,1974-12-19,1,6,GABRA1;GABRA6;GABRB1;GABRB3;GABRG2;GABRR1,,
1584,linezolid,CC(=O)NC[C@H]1CN(c2ccc(N3CCOCC3)c(F)c2)C(=O)O1,TYZROVQLWOKYKF-ZDUSSCGKSA-N,1,FDA,2000-04-18,1,3,MAOA;MAOB;SDHA,,
1585,liothyronine,N[C@@H](Cc1cc(I)c(Oc2ccc(O)c(I)c2)c(I)c1)C(=O)O,AUYYCJSJGJYCDS-LBPRGKRZSA-N,1,FDA,1956-05-08,1,22,ADORA1;CYP2C9;GABRA1;GABRA2;GABRA3;GABRA4;GABRA5;GABRA6;GABRB1;GABRB2;GABRB3;GABRD;GABRE;GABRG1;GABRG2;GABRG3;GABRP;GABRQ;PCNA;THAP1;THRA;THRB,THRA;THRB,
1586,liranaftate,COc1cccc(N(C)C(=S)Oc2ccc3c(c2)CCCC3)n1,VPHPQNGOVQYUMG-UHFFFAOYSA-N,0,,,0,0,,,
1587,lisinopril,NCCCC[C@H](N[C@@H](CCc1ccccc1)C(=O)O)C(=O)N1CCC[C@H]1C(=O)O,RLAWWYSOJDYHDC-BZSNNMDCSA-N,1,FDA,1987-12-29,1,1,ACE,ACE,
1588,lisuride,CCN(CC)C(=O)N[C@H]1C=C2c3cccc4[nH]cc(c34)C[C@H]2N(C)C1,BKRGVLQUQGGVSM-KBXCAEBGSA-N,0,,,0,23,ADRA1A;ADRA1B;ADRA1D;ADRA2A;ADRA2B;ADRA2C;ADRB1;ADRB2;CYP2D6;DRD1;DRD2;DRD3;DRD4;DRD5;HRH1;HRH2;HTR1A;HTR1B;HTR1D;HTR2A;HTR2B;HTR2C;HTR6,HTR2B,
1589,lividomycin,NC[C@@H]1O[C@H](O[C@H]2[C@@H](O)[C@H](O[C@@H]3[C@@H](O)[C@H](N)C[C@H](N)[C@H]3O[C@H]3O[C@H](CO)[C@@H](O)C[C@H]3N)O[C@@H]2CO)[C@H](N)[C@@H](O)[C@@H]1O[C@H]1O[C@H](CO)[C@@H](O)[C@H](O)[C@@H]1O,DBLVDAUGBTYDFR-SWMBIRFSSA-N,0,,,0,0,,,
1591,lobenzarit,O=C(O)c1ccccc1Nc1cc(Cl)ccc1C(=O)O,UGDPYGKWIHHBMB-UHFFFAOYSA-N,0,,,0,0,,,
1592,lofepramine,CN(CCCN1c2ccccc2CCc2ccccc21)CC(=O)c1ccc(Cl)cc1,SAPNXPWPAUFAJU-UHFFFAOYSA-N,1,YEAR INTRODUCED,1977-01-01,1,12,ADRA1A;CHRM1;CHRM2;CHRM3;CHRM4;CHRM5;DRD2;HRH1;HTR1A;HTR2C;SLC6A2;SLC6A4,SLC6A2;SLC6A4,
1593,lofexidine,CC(Oc1c(Cl)cccc1Cl)C1=NCCN1,KSMAGQUYOIHWFS-UHFFFAOYSA-N,1,FDA,2018-05-16,1,4,ADRA2A;ADRA2B;ADRA2C;HTR1A,ADRA2A,
1594,lomefloxacin,CCn1cc(C(=O)O)c(=O)c2cc(F)c(N3CCNC(C)C3)c(F)c21,ZEKZLJVOYLTDKK-UHFFFAOYSA-N,1,FDA,1992-02-21,1,0,,,
1595,lomerizine,COc1ccc(CN2CCN(C(c3ccc(F)cc3)c3ccc(F)cc3)CC2)c(OC)c1OC,JQSAYKKFZOSZGJ-UHFFFAOYSA-N,0,,,0,1,CACNA1B,,
1596,lomustine,O=NN(CCCl)C(=O)NC1CCCCC1,GQYIWUVLTXOXAJ-UHFFFAOYSA-N,1,FDA,1976-08-04,1,0,,,
1597,lonazolac,O=C(O)Cc1cn(-c2ccccc2)nc1-c1ccc(Cl)cc1,XVUQHFRQHBLHQD-UHFFFAOYSA-N,0,,,0,1,PTGES,,
1598,lonidamine,O=C(O)c1nn(Cc2ccc(Cl)cc2Cl)c2ccccc12,WDRYRZXSPDWGEB-UHFFFAOYSA-N,0,,,0,0,,,
1599,loperamide,CN(C)C(=O)C(CCN1CCC(O)(c2ccc(Cl)cc2)CC1)(c1ccccc1)c1ccccc1,RDOIQAHITMMDAJ-UHFFFAOYSA-N,1,FDA,1976-12-28,1,30,ADRA1D;ADRB2;AOX1;CACNA1A;CALM1;CALM2;CALM3;CES2;CYP2D6;DRD3;GRIN2A;GRIN2B;GRIN2C;GRIN2D;HRH1;HRH2;HTR2B;MEN1;OPRD1;OPRK1;OPRM1;SCN1A;SCN2A;SCN3A;SCN5A;SIGMAR1;SLC22A1;SLC6A4;SSTR5;TEK,OPRM1,
1600,loperamide oxide,CN(C)C(=O)C(CC[N@+]1([O-])CC[C@@](O)(c2ccc(Cl)cc2)CC1)(c1ccccc1)c1ccccc1,KXVSBTJVTUVNPM-UKPNQBOSSA-N,0,,,0,0,,,
1601,lopinavir,Cc1cccc(C)c1OCC(=O)N[C@@H](Cc1ccccc1)[C@@H](O)C[C@H](Cc1ccccc1)NC(=O)[C@H](C(C)C)N1CCCNC1=O,KJHKTHWMRKYKJE-SUGCFTRWSA-N,1,FDA,2000-09-15,1,2,ABCB1;KCNH2,,
1602,loprazolam,CN1CCN(/C=C2\N=C3CN=C(c4ccccc4Cl)c4cc([N+](=O)[O-])ccc4N3C2=O)CC1,UTEFBSAVJNEPTR-RGEXLXHISA-N,1,YEAR INTRODUCED,1983-01-01,0,6,GABRA1;GABRA2;GABRA3;GABRA5;GABRB3;GABRG2,,
1603,loracarbef,N[C@@H](C(=O)N[C@@H]1C(=O)N2C(C(=O)O)=C(Cl)CC[C@H]12)c1ccccc1,JAPHQRWPEGVNBT-UTUOFQBUSA-N,1,FDA,1991-12-31,1,0,,,
1604,lorajmine,CC[C@H]1[C@@H]2C[C@H]3[C@@H]4N(C)c5ccccc5[C@]45C[C@@H]([C@H]2[C@H]5OC(=O)CCl)N3[C@@H]1O,LAHDERDHXJFFJU-ZWNKPRIXSA-N,0,,,0,0,,,
1605,loratadine,CCOC(=O)N1CCC(=C2c3ccc(Cl)cc3CCc3cccnc32)CC1,JCCNYMKQOSZNPW-UHFFFAOYSA-N,1,FDA,1993-04-12,1,9,ABCB1;CYP2C19;HRH1;HTR2B;KCNH2;KCNK9;NR1H4;NR1I2;SLC6A15,HRH1,
1606,lorazepam,O=C1Nc2ccc(Cl)cc2C(c2ccccc2Cl)=NC1O,DIWRORZWFLOCLC-UHFFFAOYSA-N,1,FDA,1977-09-30,1,3,GABRA1;GABRB3;GABRG2,GABRA1;GABRB3;GABRG2,
1607,lorcainide,CC(C)N1CCC(N(C(=O)Cc2ccccc2)c2ccc(Cl)cc2)CC1,XHOJAWVAWFHGHL-UHFFFAOYSA-N,0,,,0,5,SCN1B;SCN2B;SCN3B;SCN4B;SCN5A,,
1608,lormetazepam,CN1C(=O)C(O)N=C(c2ccccc2Cl)c2cc(Cl)ccc21,FJIKWRGCXUCUIG-UHFFFAOYSA-N,0,,,1,0,,,
1609,lornoxicam,CN1C(C(=O)Nc2ccccn2)=C(O)c2sc(Cl)cc2S1(=O)=O,WLHQHAUOOXYABV-UHFFFAOYSA-N,0,,,0,0,,,
1610,losartan,CCCCc1nc(Cl)c(CO)n1Cc1ccc(-c2ccccc2-c2nnn[nH]2)cc1,PSIFNNKUMBGKDQ-UHFFFAOYSA-N,1,FDA,1995-04-14,1,12,ABCB1;ACE;AGTR1;AGTR2;CYP2C9;GP6;PDE3A;PDE3B;PDE4A;PDE4B;PDE4C;PDE4D,AGTR1,
1611,loteprednol etabonate,CCOC(=O)O[C@]1(C(=O)OCCl)CC[C@H]2[C@@H]3CCC4=CC(=O)C=C[C@]4(C)[C@H]3[C@@H](O)C[C@@]21C,DMKSVUSAATWOCU-HROMYWEYSA-N,1,FDA,1998-03-09,1,1,NR3C1,NR3C1,
1612,lovastatin,CC[C@H](C)C(=O)O[C@H]1C[C@@H](C)C=C2C=C[C@H](C)[C@H](CC[C@@H]3C[C@@H](O)CC(=O)O3)[C@H]21,PCZOHLXUXFIOCF-BXMDZJJMSA-N,1,FDA,1987-08-31,1,12,ADORA1;HCAR2;HCAR3;HDAC1;HDAC2;HDAC6;HMGCR;ITGAL;NR1I2;SLC6A2;SLC6A3;TACR2,HMGCR,
1613,loxapine,CN1CCN(C2=Nc3ccccc3Oc3ccc(Cl)cc32)CC1,XJGVXQDUIWGIRW-UHFFFAOYSA-N,1,FDA,1975-02-25,1,30,ADRA1A;ADRA1B;ADRA2A;ADRA2B;ADRA2C;CHRM1;CHRM2;CHRM3;CHRM4;CHRM5;DRD1;DRD2;DRD3;DRD4;DRD5;HRH1;HRH2;HRH4;HTR1A;HTR1B;HTR1D;HTR1E;HTR2A;HTR2C;HTR3A;HTR5A;HTR6;KCNK2;KCNT1;SLC6A2,DRD2;HTR2A,
1614,loxiglumide,CCCCCN(CCCOC)C(=O)C(CCC(=O)O)NC(=O)c1ccc(Cl)c(Cl)c1,QNQZBKQEIFTHFZ-UHFFFAOYSA-N,0,,,0,1,CCKAR,,
1615,loxoprofen,CC(C(=O)O)c1ccc(CC2CCCC2=O)cc1,YMBXTVYHTMGZDW-UHFFFAOYSA-N,1,PMDA,2006-01-23,1,2,PTGS1;PTGS2,PTGS1;PTGS2,
1616,lucanthone,CCN(CC)CCNc1ccc(C)c2sc3ccccc3c(=O)c12,FBQPGGIHOFZRGH-UHFFFAOYSA-N,0,,,0,1,APEX1,,
1617,lumefantrine,CCCCN(CCCC)CC(O)c1cc(Cl)cc2c1-c1ccc(Cl)cc1/C2=C/c1ccc(Cl)cc1,DYLGFOYVTXJFJP-MYYYXRDXSA-N,1,FDA,2009-04-07,1,1,KCNH2,,
1618,lumiracoxib,Cc1ccc(Nc2c(F)cccc2Cl)c(CC(=O)O)c1,KHPKQFYUPIUARC-UHFFFAOYSA-N,1,UK Medicines and Healthcare Products Regulatory Agency (MHRA),2003-09-12,1,2,PTGS1;PTGS2,PTGS2,
1619,lymecycline,CN(C)[C@@H]1C(O)=C(C(=O)NCNCCCC[C@H](N)C(=O)O)C(=O)[C@@]2(O)C(O)=C3C(=O)c4c(O)cccc4[C@@](C)(O)[C@H]3C[C@@H]12,AHEVKYYGXVEWNO-UEPZRUIBSA-N,0,,,1,0,,,
1620,lynestrenol,C#C[C@]1(O)CC[C@H]2[C@@H]3CCC4=CCCC[C@@H]4[C@H]3CC[C@@]21C,YNVGQYHLRCDXFQ-XGXHKTLJSA-N,0,,,1,0,,,
1621,lysergide,CCN(CC)C(=O)[C@@H]1C=C2c3cccc4[nH]cc(c34)C[C@H]2N(C)C1,VAYOSLLFUXYJDT-RDTXWAMCSA-N,1,YEAR INTRODUCED,1957-01-01,0,16,ADRB1;ADRB2;DRD2;DRD3;DRD4;DRD5;HRH1;HTR1A;HTR1D;HTR1E;HTR2A;HTR2B;HTR2C;HTR5A;HTR6;HTR7,,
1622,lysine,NCCCC[C@H](N)C(=O)O,KDXKERNSBIXSRK-YFKPBYRVSA-N,1,FDA,,1,1,GSR,,
1623,mabuterol,CC(C)(C)NCC(O)c1cc(Cl)c(N)c(C(F)(F)F)c1,JSJCTEKTBOKRST-UHFFFAOYSA-N,0,,,0,0,,,
1624,mafenide,NCc1ccc(S(N)(=O)=O)cc1,TYMRLRRVMHJFTF-UHFFFAOYSA-N,1,FDA,1969-01-24,1,10,CA1;CA12;CA14;CA2;CA4;CA5A;CA5B;CA6;CA7;CA9,,
1626,malathion,CCOC(=O)CC(SP(=S)(OC)OC)C(=O)OCC,JXSJBGJIGXNWCI-UHFFFAOYSA-N,1,FDA,1982-08-02,1,1,MTNR1A,,
1627,malotilate,CC(C)OC(=O)C(C(=O)OC(C)C)=C1SC=CS1,YPIQVCUJEKAZCP-UHFFFAOYSA-N,1,PMDA,,0,0,,,
1628,maltose,OC[C@H]1O[C@H](O[C@H]2[C@H](O)[C@@H](O)[C@H](O)O[C@@H]2CO)[C@H](O)[C@@H](O)[C@@H]1O,GUBGYTABKSRVRQ-QUYVBRFLSA-N,0,,,0,0,,,
1629,mandelic acid,O=C(O)C(O)c1ccccc1,IWYDHOAUDWTVEP-UHFFFAOYSA-N,0,,,0,0,,,
1631,manidipine,COC(=O)C1=C(C)NC(C)=C(C(=O)OCCN2CCN(C(c3ccccc3)c3ccccc3)CC2)C1c1cccc([N+](=O)[O-])c1,ANEBWFXPVPTEET-UHFFFAOYSA-N,0,,,0,2,CACNA1C;CACNA1D,CACNA1C;CACNA1D,
1633,mannomustine,O[C@@H]([C@H](O)[C@H](O)CNCCCl)[C@H](O)CNCCCl,MQXVYODZCMMZEM-ZYUZMQFOSA-N,0,,,0,0,,,
1634,maprotiline,CNCCCC12CCC(c3ccccc31)c1ccccc12,QSLMDECMDJKHMQ-UHFFFAOYSA-N,1,FDA,1980-12-01,1,27,ABCG2;ADRA1A;ADRA1D;ADRA2A;ADRA2B;ADRA2C;AOX1;CHRM1;CHRM2;CHRM3;CHRM4;CHRM5;CYP3A4;DRD1;DRD2;DRD3;DRD5;HRH1;HRH2;HTR2A;HTR2B;HTR2C;HTR6;SLC6A2;SLC6A3;SLC6A4;TRPM3,SLC6A2,
1635,maraviroc,Cc1nnc(C(C)C)n1[C@H]1C[C@H]2CC[C@@H](C1)N2CC[C@H](NC(=O)C1CCC(F)(F)CC1)c1ccccc1,GSNHKUDZZFZSJB-QUMGSSFMSA-N,1,FDA,2007-08-06,1,2,CCR5;SLC47A1,CCR5,
1637,masoprocol,C[C@H](Cc1ccc(O)c(O)c1)[C@@H](C)Cc1ccc(O)c(O)c1,HCZKYJDFEPMADG-TXEJJXNPSA-N,1,FDA,1992-09-04,1,13,ALOX12;ALOX15;ALOX15B;ALOX5;AR;CYP19A1;ESR1;HSD17B1;HSD17B2;IGF1R;LTB4R;TRPA1;TTR,,
1638,maxacalcitol,C=C1/C(=C\C=C2/CCC[C@]3(C)[C@@H]([C@H](C)OCCC(C)(C)O)CC[C@@H]23)C[C@@H](O)C[C@@H]1O,DTXXSJZBSTYZKE-ZDQKKZTESA-N,0,,,0,1,VDR,,
1639,mazaticol,CN1C2CCC(C)(C)C1CC(OC(=O)C(O)(c1cccs1)c1cccs1)C2,AMHPTVWBZSYFSS-UHFFFAOYSA-N,0,,,0,0,,,
1640,mazindol,OC1(c2ccc(Cl)cc2)c2ccccc2C2=NCCN21,ZPXSCAKFGYXMGA-UHFFFAOYSA-N,1,FDA,1973-06-14,1,5,HRH1;SIGMAR1;SLC6A2;SLC6A3;SLC6A4,SLC6A2;SLC6A3;SLC6A4,
1641,mebendazole,COC(=O)Nc1nc2cc(C(=O)c3ccccc3)ccc2[nH]1,OPXLLQIJSORQAM-UHFFFAOYSA-N,1,FDA,1974-06-28,1,2,ABL1;KDR,,
1642,mebeverine,CCN(CCCCOC(=O)c1ccc(OC)c(OC)c1)C(C)Cc1ccc(OC)cc1,VYVKHNNGDFVQGA-UHFFFAOYSA-N,0,,,1,0,,,
1643,mebhydrolin,CN1CCc2c(c3ccccc3n2Cc2ccccc2)C1,FQQIIPAOSKSOJM-UHFFFAOYSA-N,1,YEAR INTRODUCED,1954-01-01,0,4,CHRM1;HRH1;HRH4;HTR5A,HRH1,
1644,mebutamate,CCC(C)C(C)(COC(N)=O)COC(N)=O,LEROTMJVBFSIMP-UHFFFAOYSA-N,1,FDA,,1,0,,,
1645,mebutizide,CCC(C)C(C)C1Nc2cc(Cl)c(S(N)(=O)=O)cc2S(=O)(=O)N1,KJLLKLRVCJAFRY-UHFFFAOYSA-N,0,,,0,0,,,
1646,mecamylamine,CNC1(C)C2CCC(C2)C1(C)C,IMYZQPCYWPFTAG-UHFFFAOYSA-N,1,FDA,1956-03-01,1,9,CHRNA1;CHRNA2;CHRNA3;CHRNA4;CHRNA6;CHRNA7;CHRNB2;CHRNB3;CHRNB4,CHRNA3;CHRNB4,
1647,mechlorethamine,CN(CCCl)CCCl,HAWPXGHAZFHHAD-UHFFFAOYSA-N,1,FDA,1949-03-15,1,0,,,
1648,mecillinam,CC1(C)S[C@@H]2[C@H](/N=C/N3CCCCCC3)C(=O)N2[C@H]1C(=O)O,BWWVAEOLVKTZFQ-ISVUSNJMSA-N,1,FDA,,1,0,,,
1649,meclozine,Cc1cccc(CN2CCN(C(c3ccccc3)c3ccc(Cl)cc3)CC2)c1,OCJYIGYOJCODJL-UHFFFAOYSA-N,1,FDA,1957-02-14,1,3,HPN;HRH1;NR1I3,HRH1,
1650,meclofenamic acid,Cc1ccc(Cl)c(Nc2ccccc2C(=O)O)c1Cl,SBDNJUWAMKYJOX-UHFFFAOYSA-N,1,FDA,1980-06-25,1,10,AKR1C1;AKR1C2;AKR1C3;ALOX5;AR;FABP2;MAPK1;PTGS1;PTGS2;TTR,ALOX5;PTGS1;PTGS2,
1651,meclofenoxate,CN(C)CCOC(=O)COc1ccc(Cl)cc1,XZTYGFHCIAKPGJ-UHFFFAOYSA-N,0,,,0,0,,,
1652,mecloxamine,CC(CN(C)C)OC(C)(c1ccccc1)c1ccc(Cl)cc1,WILANEPAIMJUCP-UHFFFAOYSA-N,0,,,0,0,,,
1653,mecysteine,COC(=O)[C@@H](N)CS,MCYHPZGUONZRGO-VKHMYHEASA-N,0,,,0,0,,,
1654,medazepam,CN1CCN=C(c2ccccc2)c2cc(Cl)ccc21,YLCXGBZIZBEVPZ-UHFFFAOYSA-N,0,,,1,0,,,
1655,medetomidine,Cc1cccc(C(C)c2c[nH]cn2)c1C,CUHVIMMYOGQXCV-UHFFFAOYSA-N,0,,,1,6,ADRA1A;ADRA1B;ADRA1D;ADRA2A;ADRA2B;ADRA2C,,
1656,medifoxamine,CN(C)CC(Oc1ccccc1)Oc1ccccc1,QNMGHBMGNRQPNL-UHFFFAOYSA-N,0,,,1,0,,,
1657,medrogestone,CC(=O)[C@@]1(C)CC[C@H]2[C@@H]3C=C(C)C4=CC(=O)CC[C@]4(C)[C@H]3CC[C@@]21C,HCFSGRMEEXUOSS-JXEXPEPMSA-N,0,,,1,0,,,
1658,medroxalol,CC(CCc1ccc2c(c1)OCO2)NCC(O)c1ccc(O)c(C(N)=O)c1,MPQWSYJGFLADEW-UHFFFAOYSA-N,0,,,0,2,ADRA1A;ADRB1,,
1659,medroxyprogesterone,CC(=O)O[C@]1(C(C)=O)CC[C@H]2[C@@H]3C[C@H](C)C4=CC(=O)CC[C@]4(C)[C@H]3CC[C@@]21C,PSGAAPLEWMOORI-PEINSRQWSA-N,1,FDA,1959-06-18,1,12,AKR1C1;AKR1C2;AKR1C3;AR;CYP2C19;ESR1;ESR2;HRH2;NR3C1;NR3C2;PGR;SHBG,PGR,
1661,medrylamine,COc1ccc(C(OCCN(C)C)c2ccccc2)cc1,BXCMCXBSUDRYPF-UHFFFAOYSA-N,0,,,0,0,,,
1662,medrysone,CC(=O)[C@H]1CC[C@H]2[C@@H]3C[C@H](C)C4=CC(=O)CC[C@]4(C)[C@H]3[C@@H](O)C[C@]12C,GZENKSODFLBBHQ-ILSZZQPISA-N,1,FDA,1969-11-28,1,1,NR3C1,NR3C1,
1663,mefenamic acid,Cc1cccc(Nc2ccccc2C(=O)O)c1C,HYYBABOKPJLUIN-UHFFFAOYSA-N,1,FDA,1967-03-28,1,11,AKR1B1;AKR1B10;AKR1C1;AKR1C2;AKR1C3;CYP2C9;MPO;NAPRT;PTGS1;PTGS2;TRPA1,PTGS1;PTGS2,
1664,mefenorex,CC(Cc1ccccc1)NCCCCl,XXVROGAVTTXONC-UHFFFAOYSA-N,0,,,1,0,,,
1665,mefloquine,O[C@@H](c1cc(C(F)(F)F)nc2c(C(F)(F)F)cccc12)[C@H]1CCCCN1,XEEQGYMUWCZPDN-DOMZBBRYSA-N,1,FDA,1989-05-02,1,6,ABCB1;ADORA1;ADORA2A;GLRA1;HBA1;KCNH2,,
1666,mefruside,CN(CC1(C)CCCO1)S(=O)(=O)c1ccc(Cl)c(S(N)(=O)=O)c1,SMNOERSLNYGGOU-UHFFFAOYSA-N,0,,,1,0,,,
1667,megestrol acetate,CC(=O)O[C@]1(C(C)=O)CC[C@H]2[C@@H]3C=C(C)C4=CC(=O)CC[C@]4(C)[C@H]3CC[C@@]21C,RQZAXGRLVPAYTJ-GQFGMJRRSA-N,1,FDA,1971-08-18,1,4,ABCB1;CYP2C9;NR3C1;PGR,PGR,
1670,meglutol,CC(O)(CC(=O)O)CC(=O)O,NPOAOTPXWNWTSH-UHFFFAOYSA-N,0,,,0,1,HMGCR,,
1672,melatonin,COc1ccc2[nH]cc(CCNC(C)=O)c2c1,DRLFMBDRBRZALE-UHFFFAOYSA-N,1,FDA;PMDA,2020-03-25,1,8,CYP1B1;HRH3;HTR2B;MPO;MTNR1A;MTNR1B;NQO2;RORA,MTNR1A;MTNR1B,
1673,melevodopa,COC(=O)[C@@H](N)Cc1ccc(O)c(O)c1,XBBDACCLCFWBSI-ZETCQYMHSA-N,0,,,0,0,,,
1674,melinamide,CCCCC/C=C\C/C=C\CCCCCCCC(=O)NC(C)c1ccccc1,RWIUTHWKQHRQNP-NQLNTKRDSA-N,0,,,0,0,,,
1675,melitracen,CN(C)CCC=C1c2ccccc2C(C)(C)c2ccccc21,GWWLWDURRGNSRS-UHFFFAOYSA-N,0,,,0,0,,,
1676,meloxicam,Cc1cnc(NC(=O)C2=C(O)c3ccccc3S(=O)(=O)N2C)s1,ZRVUJXDFFKFLMG-UHFFFAOYSA-N,1,FDA,2000-04-13,1,2,PTGS1;PTGS2,PTGS2,
1677,melperone,CC1CCN(CCCC(=O)c2ccc(F)cc2)CC1,DKMFBWQBDIGMHM-UHFFFAOYSA-N,1,YEAR INTRODUCED,1972-01-01,0,14,ADRA1A;ADRA2A;CHRM2;CHRM4;CYP2D6;DRD2;DRD3;DRD4;HRH1;HTR1A;HTR1D;HTR2A;HTR2C;KCNH2,,
1678,melphalan,N[C@@H](Cc1ccc(N(CCCl)CCCl)cc1)C(=O)O,SGDBTWWWUNNDEQ-LBPRGKRZSA-N,1,FDA,1964-01-17,1,0,,,
1679,memantine,CC12CC3CC(C)(C1)CC(N)(C3)C2,BUGYDGFZZOZRHP-UHFFFAOYSA-N,1,FDA,2003-10-16,1,6,GRIN1;GRIN2A;GRIN2B;GRIN3A;HTR3A;SLC22A1,GRIN1;GRIN2A;GRIN2B;GRIN3A,
1680,menadiol sulfate,Cc1cc(OS(=O)(=O)O)c2ccccc2c1OS(=O)(=O)O,JYJGXBHAXCGVHV-UHFFFAOYSA-N,0,,,0,0,,,
1683,menadione,CC1=CC(=O)c2ccccc2C1=O,MJVAVZPDRWSRRC-UHFFFAOYSA-N,1,FDA,,1,9,AOX1;CDC25A;CDC25B;CDC25C;GSR;IDO1;MAOA;MAOB;UCHL3,,
1684,menadione sodium bisulfite,CC1(S(=O)(=O)O)CC(=O)c2ccccc2C1=O,WIXFIQKTHUVFDI-UHFFFAOYSA-N,0,,,0,0,,,
1685,menatetrenone,CC(C)=CCC/C(C)=C/CC/C(C)=C/CC/C(C)=C/CC1=C(C)C(=O)c2ccccc2C1=O,DKHGMERMDICWDU-GHDNBGIDSA-N,0,,,0,0,,,
1686,niclofolan,O=[N+]([O-])c1cc(Cl)cc(-c2cc(Cl)cc([N+](=O)[O-])c2O)c1O,XULACPAEUUWKFX-UHFFFAOYSA-N,0,,,0,0,,,
1687,methylpentynol,C#CC(C)(O)CC,QXLPXWSKPNOQLE-UHFFFAOYSA-N,0,,,0,0,,,
1688,pecazine,CN1CCCC(CN2c3ccccc3Sc3ccccc32)C1,CBHCDHNUZWWAPP-UHFFFAOYSA-N,0,,,1,18,ADRA1D;ADRA2A;ADRA2B;CHRM1;CHRM2;CHRM3;CHRM4;CHRM5;DRD3;GFER;HRH1;HTR2A;HTR2B;HTR2C;HTR6;MALT1;SIGMAR1;SLC6A2,,
1689,mepenzolate,C[N+]1(C)CCCC(OC(=O)C(O)(c2ccccc2)c2ccccc2)C1,GKNPSSNBBWDAGH-UHFFFAOYSA-N,1,FDA,1956-11-14,1,4,CHRM1;CHRM2;CHRM3;SLC22A1,CHRM1;CHRM3,charged_parent
1690,pethidine,CCOC(=O)C1(c2ccccc2)CCN(C)CC1,XADCESSVHJOZHK-UHFFFAOYSA-N,1,FDA,1942-11-10,1,6,GRIN3A;KCNH2;OPRK1;OPRM1;SLC22A1;SLC6A3,OPRM1,
1691,mephenesin,Cc1ccccc1OCC(O)CO,JWDYCNIAQWPBHD-UHFFFAOYSA-N,0,,,1,0,,,
1692,mephenesin carbamate,Cc1ccccc1OCC(O)COC(N)=O,KRPAJLYSLFNDOA-UHFFFAOYSA-N,0,,,0,0,,,
1693,mephenoxalone,COc1ccccc1OCC1CNC(=O)O1,ZMNSRFNUONFLSP-UHFFFAOYSA-N,0,,,0,0,,,
1694,mephentermine,CNC(C)(C)Cc1ccccc1,RXQCGGRTAILOIN-UHFFFAOYSA-N,1,FDA,1951-12-29,1,1,ADRA1A,ADRA1A,
1695,mephenytoin,CCC1(c2ccccc2)NC(=O)N(C)C1=O,GMHKMTDVRCWUDX-UHFFFAOYSA-N,1,FDA,1946-10-23,1,10,SCN10A;SCN11A;SCN1A;SCN2A;SCN3A;SCN4A;SCN5A;SCN7A;SCN8A;SCN9A,SCN10A;SCN11A;SCN1A;SCN2A;SCN3A;SCN4A;SCN5A;SCN7A;SCN8A;SCN9A,
1696,methylphenobarbital,CCC1(c2ccccc2)C(=O)NC(=O)N(C)C1=O,ALARQZQTBTVLJV-UHFFFAOYSA-N,1,YEAR INTRODUCED,1935-01-01,1,3,GABRA1;GABRB3;GABRG2,,
1697,mepindolol,Cc1cc2c(OCC(O)CNC(C)C)cccc2[nH]1,NXWGWUVGUSFQJC-UHFFFAOYSA-N,0,,,0,0,,,
1698,mepiperphenidol,CC(C)C(c1ccccc1)C(O)CC[N+]1(C)CCCCC1,SMOSFFGOYXWICC-UHFFFAOYSA-N,0,,,0,0,,,charged_parent
1699,mepitiostane,COC1(O[C@H]2CC[C@H]3[C@@H]4CC[C@H]5C[C@@H]6S[C@@H]6C[C@]5(C)[C@H]4CC[C@]23C)CCCC1,IVDYZAAPOLNZKG-KWHRADDSSA-N,0,,,0,0,,,
1700,mepivacaine,Cc1cccc(C)c1NC(=O)C1CCCCN1C,INWLQCZOYSRPNW-UHFFFAOYSA-N,1,FDA,1960-01-06,1,7,SCN1A;SCN2A;SCN3A;SCN4A;SCN5A;SCN8A;SCN9A,SCN1A;SCN2A;SCN3A;SCN4A;SCN5A;SCN8A;SCN9A,
1701,mepixanox,COc1ccc2c(=O)c3ccccc3oc2c1CN1CCCCC1,PYSOHOOUXFWCFF-UHFFFAOYSA-N,0,,,0,0,,,
1702,meprednisone,C[C@H]1C[C@H]2[C@@H]3CCC4=CC(=O)C=C[C@]4(C)[C@H]3C(=O)C[C@]2(C)[C@@]1(O)C(=O)CO,PIDANAQULIKBQS-RNUIGHNZSA-N,1,FDA,1978-01-26,1,1,NR3C1,NR3C1,
1704,meprobamate,CCCC(C)(COC(N)=O)COC(N)=O,NPPQSCRMBWNHMW-UHFFFAOYSA-N,1,FDA,1955-04-28,1,7,ABCB1;GABRA1;GABRA2;GABRA3;GABRA5;GABRB3;GABRG2,GABRA1;GABRA2;GABRA3;GABRA5;GABRB3;GABRG2,
1705,meproscillarin,CO[C@@H]1[C@@H](O)[C@@H](O)[C@H](O[C@@H]2C=C3CC[C@@H]4[C@H](CC[C@]5(C)[C@@H](c6ccc(=O)oc6)CC[C@]45O)[C@@]3(C)CC2)O[C@H]1C,RKWPZPDLTYBKCL-RVZGXXANSA-N,0,,,0,1,ATP1A1,,
1706,meptazinol,CCC1(c2cccc(O)c2)CCCCN(C)C1,JLICHNCFTLFZJN-UHFFFAOYSA-N,1,YEAR INTRODUCED,1983-01-01,1,2,OPRM1;SLC22A1,OPRM1,
1707,mequitazine,c1ccc2c(c1)Sc1ccccc1N2CC1CN2CCC1CC2,HOKDBMAJZXIPGC-UHFFFAOYSA-N,0,,,0,6,CHRM1;CHRM2;CHRM3;CHRM4;CHRM5;HRH1,,
1708,mercaptopurine,S=c1nc[nH]c2nc[nH]c12,GLVAUDGFNGKCSF-UHFFFAOYSA-N,1,FDA,1953-09-11,1,6,ABCC4;ABCC5;PNP;PPAT;PTGS1;TPMT,PPAT,
1709,meropenem,C[C@@H](O)[C@H]1C(=O)N2C(C(=O)O)=C(S[C@@H]3CN[C@H](C(=O)N(C)C)C3)[C@H](C)[C@H]12,DMJNNHOOLUXYBV-PQTSNVLCSA-N,1,FDA,1996-06-21,1,0,,,
1710,mesalazine,Nc1ccc(O)c(C(=O)O)c1,KBOPZPXVLCULAV-UHFFFAOYSA-N,1,FDA,1987-12-24,1,5,ALOX5;PPARG;PTGS1;PTGS2;TNF,ALOX5;PPARG;PTGS1;PTGS2,
1711,mesna,O=S(=O)(O)CCS,ZNEWHQLOPFWXOF-UHFFFAOYSA-N,1,FDA,1988-12-30,1,0,,,
1712,mesoridazine,CN1CCCCC1CCN1c2ccccc2Sc2ccc(S(C)=O)cc21,SLVMESMUVMCQIY-UHFFFAOYSA-N,1,FDA,1970-02-27,1,15,CHRM1;CHRM2;CHRM3;CHRM4;CHRM5;DRD1;DRD2;DRD3;DRD4;HRH1;HTR1A;HTR2A;HTR2C;HTR6;KCNH2,DRD2;HTR2A,
1714,mestranol,C#C[C@]1(O)CC[C@H]2[C@@H]3CCc4cc(OC)ccc4[C@H]3CC[C@@]21C,IMSSROKUHAOUJS-MJCUULBUSA-N,1,FDA,1961-03-09,1,4,CNR1;ESR1;SLC6A2;SLC6A4,ESR1,
1716,metaclazepam,COCC1CN=C(c2ccccc2Cl)c2cc(Br)ccc2N1C,WABYCCJHARSRBH-UHFFFAOYSA-N,0,,,0,0,,,
1717,metahexamide,Cc1ccc(S(=O)(=O)NC(=O)NC2CCCCC2)cc1N,XXYTXQGCRQLRHA-UHFFFAOYSA-N,0,,,0,0,,,
1718,metampicillin,C=N[C@@H](C(=O)N[C@@H]1C(=O)N2[C@@H]1SC(C)(C)[C@@H]2C(=O)O)c1ccccc1,FZECHKJQHUVANE-MCYUEQNJSA-N,0,,,0,0,,,
1719,metapramine,CNC1Cc2ccccc2N(C)c2ccccc21,YXVZOBVWVRFPTE-UHFFFAOYSA-N,0,,,0,0,,,
1720,orciprenaline,CC(C)NCC(O)c1cc(O)cc(O)c1,LMOINURANNBYCM-UHFFFAOYSA-N,1,FDA,1973-07-31,1,1,ADRB2,ADRB2,
1721,metaraminol,C[C@H](N)[C@H](O)c1cccc(O)c1,WXFIGDLSSYIKKV-RCOVLWMOSA-N,1,FDA,1954-09-29,1,1,ADRA1A,ADRA1A,
1722,metaxalone,Cc1cc(C)cc(OCC2CNC(=O)O2)c1,IMWZZHHPURKASS-UHFFFAOYSA-N,1,FDA,1962-08-13,1,0,,,
1723,metergoline,CN1C[C@H](CNC(=O)OCc2ccccc2)C[C@@H]2c3cccc4c3c(cn4C)C[C@H]21,WZHJKEUHNJHDLS-QTGUNEKASA-N,0,,,0,26,ACHE;ADRA1D;ADRA2A;ADRA2B;ADRA2C;CYP2D6;DRD1;DRD2;DRD3;HRH1;HRH2;HTR1A;HTR1B;HTR1D;HTR1E;HTR1F;HTR2A;HTR2B;HTR2C;HTR5A;HTR6;HTR7;SLC6A2;SLC6A3;SLC6A4;TACR2,,
1724,metesculetol,Cc1cc(=O)oc2cc(O)c(OCC(=O)O)cc12,VVDLFTOOMLZFRO-UHFFFAOYSA-N,0,,,0,0,,,
1725,metformin,CN(C)C(=N)NC(=N)N,XZWYZXLIPXDOLR-UHFFFAOYSA-N,1,FDA,1995-03-03,1,55,DPP4;MT-ND1;MT-ND2;MT-ND3;MT-ND4;MT-ND4L;MT-ND5;MT-ND6;NDUFA1;NDUFA10;NDUFA11;NDUFA12;NDUFA13;NDUFA2;NDUFA3;NDUFA4;NDUFA4L2;NDUFA5;NDUFA6;NDUFA7;NDUFA8;NDUFA9;NDUFAB1;NDUFAF1;NDUFAF2;NDUFAF3;NDUFAF4;NDUFB1;NDUFB10;NDUFB11;NDUFB2;NDUFB3;NDUFB4;NDUFB5;NDUFB6;NDUFB7;NDUFB8;NDUFB9;NDUFC1;NDUFC2;NDUFS1;NDUFS2;NDUFS3;NDUFS4;NDUFS5;NDUFS6;NDUFS7;NDUFS8;NDUFV1;NDUFV2;NDUFV3;PRKAB1;SLC22A1;SLC22A2;SLC22A3,MT-ND1;MT-ND2;MT-ND3;MT-ND4;MT-ND4L;MT-ND5;MT-ND6;NDUFA1;NDUFA10;NDUFA11;NDUFA12;NDUFA13;NDUFA2;NDUFA3;NDUFA4;NDUFA4L2;NDUFA5;NDUFA6;NDUFA7;NDUFA8;NDUFA9;NDUFAB1;NDUFAF1;NDUFAF2;NDUFAF3;NDUFAF4;NDUFB1;NDUFB10;NDUFB11;NDUFB2;NDUFB3;NDUFB4;NDUFB5;NDUFB6;NDUFB7;NDUFB8;NDUFB9;NDUFC1;NDUFC2;NDUFS1;NDUFS2;NDUFS3;NDUFS4;NDUFS5;NDUFS6;NDUFS7;NDUFS8;NDUFV1;NDUFV2;NDUFV3,
1726,methacholine,CC(=O)OC(C)C[N+](C)(C)C,NZWOPGCLSHLLPA-UHFFFAOYSA-N,1,FDA,1986-10-31,1,4,CHRM1;CHRM2;CHRM3;CHRM4,CHRM3,charged_parent
1727,metacycline,C=C1c2cccc(O)c2C(=O)C2=C(O)[C@]3(O)C(=O)C(C(N)=O)=C(O)[C@@H](N(C)C)[C@@H]3[C@@H](O)[C@H]12,MHIGBKBJSQVXNH-IWVLMIASSA-N,1,FDA,,1,1,RAD52,,
1728,methadone,CCC(=O)C(CC(C)N(C)C)(c1ccccc1)c1ccccc1,USSIQXCVUWKGNF-UHFFFAOYSA-N,1,FDA,1947-08-13,1,6,CHRNA10;GRIN3A;KCNH2;OPRD1;OPRK1;OPRM1,OPRM1,
1729,acetylmethadol,CCC(OC(C)=O)C(CC(C)N(C)C)(c1ccccc1)c1ccccc1,XBMIVRRWGCYBTQ-UHFFFAOYSA-N,0,,,1,2,KCNH2;OPRM1,OPRM1,
1731,methallenestril,CCC(c1ccc2cc(OC)ccc2c1)C(C)(C)C(=O)O,KHLJKRBMZVNZOC-UHFFFAOYSA-N,0,,,0,0,,,
1732,methamphetamine,CN[C@@H](C)Cc1ccccc1,MYWUZJCMWCOHBA-VIFPVBQESA-N,1,FDA,1943-12-31,1,9,ADRA2A;ADRA2B;ADRA2C;HTR2B;SIGMAR1;SLC6A2;SLC6A3;SLC6A4;TAAR1,SLC6A3,
1733,methandriol,C[C@]12CC[C@H](O)CC1=CC[C@@H]1[C@@H]2CC[C@@]2(C)[C@H]1CC[C@]2(C)O,WRWBCPJQPDHXTJ-DTMQFJJTSA-N,0,,,0,0,,,
1734,metandienone,C[C@]12C=CC(=O)C=C1CC[C@@H]1[C@@H]2CC[C@@]2(C)[C@H]1CC[C@]2(C)O,XWALNWXLMVGSFR-HLXURNFRSA-N,0,,,1,0,,,
1735,methaniazide,O=C(NNCS(=O)(=O)O)c1ccncc1,GQZQCROBCYNTMU-UHFFFAOYSA-N,0,,,0,0,,,
1736,methanthelinium,CC[N+](C)(CC)CCOC(=O)C1c2ccccc2Oc2ccccc21,GZHFODJQISUKAY-UHFFFAOYSA-N,1,FDA,1951-07-03,1,5,CHRM1;CHRM2;CHRM3;CHRM4;CHRM5,CHRM1;CHRM2;CHRM3;CHRM4;CHRM5,charged_parent
1737,methaphenilene,CN(C)CCN(Cc1cccs1)c1ccccc1,LDYJXVUOVPVZKA-UHFFFAOYSA-N,0,,,0,0,,,
1738,methapyrilene,CN(C)CCN(Cc1cccs1)c1ccccn1,HNJJXZKZRAWDPF-UHFFFAOYSA-N,0,,,1,14,ADRA2A;ADRA2B;CHRM1;CHRM2;CHRM5;CYP2D6;HRH1;HTR2A;HTR2B;HTR2C;HTR6;SLC6A2;SLC6A3;SLC6A4,,
1739,methaqualone,Cc1ccccc1-n1c(C)nc2ccccc2c1=O,JEYCTXHKTXCGPB-UHFFFAOYSA-N,1,YEAR INTRODUCED,1965-01-01,1,10,GABRA1;GABRA2;GABRA3;GABRA4;GABRA5;GABRA6;GABRB2;GABRB3;GABRD;GABRG2,,
1740,metharbital,CCC1(CC)C(=O)NC(=O)N(C)C1=O,FWJKNZONDWOGMI-UHFFFAOYSA-N,1,FDA,,1,16,GABRA1;GABRA2;GABRA3;GABRA4;GABRA5;GABRA6;GABRB1;GABRB2;GABRB3;GABRD;GABRE;GABRG1;GABRG2;GABRG3;GABRP;GABRQ,GABRA1;GABRA2;GABRA3;GABRA4;GABRA5;GABRA6;GABRB1;GABRB2;GABRB3;GABRD;GABRE;GABRG1;GABRG2;GABRG3;GABRP;GABRQ,
1741,methazolamide,CC(=O)N=c1sc(S(N)(=O)=O)nn1C,FLOSMHQXBMRNHR-UHFFFAOYSA-N,1,FDA,1959-01-26,1,12,CA1;CA12;CA13;CA14;CA2;CA3;CA4;CA5A;CA5B;CA6;CA7;CA9,CA1;CA2;CA4;CA7,
1742,methdilazine,CN1CCC(CN2c3ccccc3Sc3ccccc32)C1,HTMIBDQKFHUPSX-UHFFFAOYSA-N,1,FDA,,1,1,HRH1,HRH1,
1743,methenolone,CC1=CC(=O)C[C@@H]2CC[C@H]3[C@@H]4CC[C@H](O)[C@@]4(C)CC[C@@H]3[C@@]12C,ANJQEDFWRSLVBR-VHUDCFPWSA-N,0,,,0,0,,,
1744,meticillin,COc1cccc(OC)c1C(=O)N[C@@H]1C(=O)N2[C@@H]1SC(C)(C)[C@@H]2C(=O)O,RJQXTJLFIWVMTO-TYNCELHUSA-N,1,FDA,,1,0,,,
1745,thiamazole,Cn1cc[nH]c1=S,PMRYVIKBURPHAH-UHFFFAOYSA-N,1,FDA,1950-06-21,1,2,LPO;TPO,TPO,
1746,metisazone,CN1C(=O)C(=NNC(N)=S)c2ccccc21,DLGSOJOOYHWROO-UHFFFAOYSA-N,0,,,0,0,,,
1747,methocarbamol,COc1ccccc1OCC(O)COC(N)=O,GNXFOGHNGIVQEH-UHFFFAOYSA-N,1,FDA,1957-07-16,1,1,CA1,CA1,
1748,methohexital,C=CCC1(C(C)C#CCC)C(=O)NC(=O)N(C)C1=O,NZXKDOXHBHYTKP-UHFFFAOYSA-N,1,FDA,1960-06-27,1,6,CHRNA2;CHRNB2;GABRA1;GABRB3;GABRG2;GLRA1,GABRA1;GABRB3;GABRG2,
1749,metofoline,COc1cc2c(cc1OC)C(CCc1ccc(Cl)cc1)N(C)CC2,YBCPYHQFUMNOJG-UHFFFAOYSA-N,1,FDA,,1,0,,,
1750,methoserpidine,COC(=O)[C@H]1[C@H]2C[C@@H]3c4[nH]c5ccc(OC)cc5c4CCN3C[C@H]2C[C@@H](OC(=O)c2cc(OC)c(OC)c(OC)c2)[C@@H]1OC,ULBNWNUHGJLQHO-VKMIBBQISA-N,0,,,0,0,,,
1751,methotrexate,CN(Cc1cnc2nc(N)nc(N)c2n1)c1ccc(C(=O)N[C@@H](CCC(=O)O)C(=O)O)cc1,FBOZXECLQNJBKD-ZDUSSCGKSA-N,1,FDA,1953-12-07,1,14,ABCB1;ABCC1;ABCC2;ABCC4;ABCC5;ABCG2;DHFR;FOLR1;FOLR2;FPGS;HMGB1;SLC19A1;SLC46A1;TYMS,DHFR,
1752,levomepromazine,COc1ccc2c(c1)N(C[C@H](C)CN(C)C)c1ccccc1S2,VRQVVMDWGGWHTJ-CQSZACIVSA-N,1,FDA,,1,1,HRH1,,
1753,methoxamine,COc1ccc(OC)c(C(O)C(C)N)c1,WJAJPNHVVFWKKL-UHFFFAOYSA-N,1,FDA,,1,3,ADRA1A;ADRA1B;ADRA1D,ADRA1A;ADRA1B;ADRA1D,
1754,methoxyflurane,COC(F)(F)C(Cl)Cl,RFKMCNOHBTXSMU-UHFFFAOYSA-N,1,FDA,,1,17,GABRA1;GABRA2;GABRA3;GABRA4;GABRA5;GABRA6;GABRB1;GABRB2;GABRB3;GABRD;GABRE;GABRG1;GABRG2;GABRG3;GABRP;GABRQ;GLRA1,GABRA1;GABRA2;GABRA3;GABRA4;GABRA5;GABRA6;GABRB1;GABRB2;GABRB3;GABRD;GABRE;GABRG1;GABRG2;GABRG3;GABRP;GABRQ;GLRA1,
1755,methoxyphenamine,CNC(C)Cc1ccccc1OC,OEHAYUOVELTAPG-UHFFFAOYSA-N,0,,,0,0,,,
1756,methopromazine,COc1ccc2c(c1)N(CCCN(C)C)c1ccccc1S2,BRABPYPSZVCCLR-UHFFFAOYSA-N,0,,,0,0,,,
1757,methscopolamine,C[N+]1(C)[C@@H]2C[C@@H](OC(=O)[C@H](CO)c3ccccc3)C[C@H]1[C@@H]1O[C@@H]12,LZCOQTDXKCNBEE-IKIFYQGPSA-N,1,FDA,1953-04-09,1,5,CHRM1;CHRM2;CHRM3;CHRM4;CHRM5,CHRM1;CHRM3,charged_parent
1758,methsuximide,CN1C(=O)CC(C)(c2ccccc2)C1=O,AJXPJJZHWIXJCJ-UHFFFAOYSA-N,1,FDA,1957-02-08,1,3,CACNA1G;CACNA1H;CACNA1I,CACNA1G;CACNA1H;CACNA1I,
1759,methylclothiazide,CN1C(CCl)Nc2cc(Cl)c(S(N)(=O)=O)cc2S1(=O)=O,CESYKOGBSMNBPD-UHFFFAOYSA-N,1,FDA,1960-10-21,1,1,SLC12A3,SLC12A3,
1760,dacisteine,CC(=O)N[C@@H](CSC(C)=O)C(=O)O,HSPYGHDTVQJUDE-LURJTMIESA-N,0,,,0,0,,,
1761,metildigoxin,CO[C@H]1[C@@H](O)C[C@H](O[C@H]2[C@@H](O)C[C@H](O[C@H]3[C@@H](O)C[C@H](O[C@H]4CC[C@@]5(C)[C@H](CC[C@@H]6[C@@H]5C[C@@H](O)[C@]5(C)[C@@H](C7=CC(=O)OC7)CC[C@]65O)C4)O[C@@H]3C)O[C@@H]2C)O[C@@H]1C,IYJMSDVSVHDVGT-PEQKVOOWSA-N,0,,,0,1,ATP1A1,,
1762,methyldopa,C[C@](N)(Cc1ccc(O)c(O)c1)C(=O)O,CJCSPKMFHVPWAR-JTQLQIEISA-N,1,FDA,1962-12-20,1,5,ADRA2A;DDC;EGFR;FYN;KDM4E,ADRA2A,
1763,methylthioninium chloride,CN(C)c1ccc2nc3ccc(N(C)C)cc3[s+]c2c1,RBTBFTRPCNLSDE-UHFFFAOYSA-N,1,FDA,,1,6,APP;GSR;MAOA;MAOB;MAPT;TXNRD1,,charged_parent
1764,methylergometrine,CC[C@@H](CO)NC(=O)[C@@H]1C=C2c3cccc4[nH]cc(c34)C[C@H]2N(C)C1,UNBRKDKAWYKMIV-QWQRMKEZSA-N,1,FDA,1946-11-19,1,13,ADRA2A;ADRA2B;CYP2D6;DRD1;DRD2;DRD3;HTR1A;HTR1E;HTR1F;HTR2A;HTR2B;HTR2C;HTR6,DRD1,
1765,naltrexone,O=C1CC[C@@]2(O)[C@H]3Cc4ccc(O)c5c4[C@@]2(CCN3CC2CC2)[C@H]1O5,DQCKKXVULJGBQN-XFWGSAIBSA-N,1,FDA,1984-11-20,1,5,CHRNA7;CYP2D6;OPRD1;OPRK1;OPRM1,OPRD1;OPRK1;OPRM1,
1766,methylparaben,COC(=O)c1ccc(O)cc1,LXCFILQKKLGQFO-UHFFFAOYSA-N,0,,,0,6,CA1;CA12;CA14;CA2;CA7;CA9,,
1767,methylphenidate,COC(=O)C(c1ccccc1)C1CCCCN1,DUGOZIWVEXMGBE-UHFFFAOYSA-N,1,FDA,1955-12-05,1,6,ADRA2A;ADRA2B;ADRA2C;SLC6A2;SLC6A3;SLC6A4,SLC6A2;SLC6A3,
1768,methylprednisolone,C[C@H]1C[C@@H]2[C@H]([C@@H](O)C[C@@]3(C)[C@H]2CC[C@]3(O)C(=O)CO)[C@@]2(C)C=CC(=O)C=C12,VHRSUDSXCMQTMA-PJHHCJLFSA-N,1,FDA,1957-10-24,1,3,ANXA1;NR3C1;TRPC5,NR3C1,
1769,methylprednisolone aceponate,CCC(=O)O[C@]1(C(=O)COC(C)=O)CC[C@H]2[C@@H]3C[C@H](C)C4=CC(=O)C=C[C@]4(C)[C@H]3[C@@H](O)C[C@@]21C,DALKLAYLIPSCQL-YPYQNWSCSA-N,0,,,0,0,,,
1770,methylprednisolone acetate,CC(=O)OCC(=O)[C@@]1(O)CC[C@H]2[C@@H]3C[C@H](C)C4=CC(=O)C=C[C@]4(C)[C@H]3[C@@H](O)C[C@@]21C,PLBHSZGDDKCEHR-LFYFAGGJSA-N,1,FDA,1959-05-27,1,1,NR3C1,NR3C1,
1771,methylprednisolone succinate,C[C@H]1C[C@@H]2[C@H]([C@@H](O)C[C@@]3(C)[C@H]2CC[C@]3(O)C(=O)COC(=O)CCC(=O)O)[C@@]2(C)C=CC(=O)C=C12,IMBXEJJVJRTNOW-XYMSELFBSA-N,1,FDA,1959-05-18,1,1,NR3C1,NR3C1,
1772,methylprednisolone suleptanate,C[C@H]1C[C@@H]2[C@H]([C@@H](O)C[C@@]3(C)[C@H]2CC[C@]3(O)C(=O)COC(=O)CCCCCCC(=O)N(C)CCS(=O)(=O)O)[C@@]2(C)C=CC(=O)C=C12,PSCNNGGPKIBAHB-WFVOKNHCSA-N,0,,,0,0,,,
1773,methylthiouracil,Cc1cc(=O)[nH]c(=S)[nH]1,HWGBHCRJGXAGEU-UHFFFAOYSA-N,0,,,0,0,,,
1774,methyprylon,CCC1(CC)C(=O)NCC(C)C1=O,SIDLZWOQUZRBRU-UHFFFAOYSA-N,1,FDA,,1,3,GABRA1;GABRB3;GABRG2,GABRA1;GABRB3;GABRG2,
1775,methysergide,CC[C@@H](CO)NC(=O)[C@@H]1C=C2c3cccc4c3c(cn4C)C[C@H]2N(C)C1,KPJZHOPZRAFDTN-ZRGWGRIASA-N,1,FDA,1962-02-12,1,24,ADRA2A;ADRA2B;ADRA2C;BCL2L1;CHRM1;CHRM2;CHRM3;DRD1;DRD2;DRD3;HRH1;HTR1A;HTR1B;HTR1D;HTR1E;HTR1F;HTR2A;HTR2B;HTR2C;HTR5A;HTR6;HTR7;MCL1;SIGMAR1,HTR2B;HTR2C,
1776,metiazinic acid,CN1c2ccccc2Sc2ccc(CC(=O)O)cc21,LMINNBXUMGNKMM-UHFFFAOYSA-N,0,,,0,0,,,
1777,meticrane,Cc1cc2c(cc1S(N)(=O)=O)S(=O)(=O)CCC2,FNQQBFNIYODEMB-UHFFFAOYSA-N,0,,,0,0,,,
1778,metipamide,CN(NC(=O)c1ccc(Cl)c(S(N)(=O)=O)c1)c1ccccc1,QWNNFYQUBPILCG-UHFFFAOYSA-N,0,,,0,0,,,
1779,metipranolol,CC(=O)Oc1c(C)cc(OCC(O)CNC(C)C)c(C)c1C,BQIPXWYNLPYNHW-UHFFFAOYSA-N,1,FDA,1989-12-29,1,2,ADRB1;ADRB2,ADRB1;ADRB2,
1780,metixene,CN1CCCC(CC2c3ccccc3Sc3ccccc32)C1,MJFJKKXQDNNUJF-UHFFFAOYSA-N,1,FDA,,1,2,CHRM1;HTR2C,CHRM1;HTR2C,
1781,metochalcone,COc1ccc(C=CC(=O)c2ccc(OC)cc2OC)cc1,HVAKUYCEWDPRCA-UHFFFAOYSA-N,0,,,0,1,ABCG2,,
1782,metoclopramide,CCN(CC)CCNC(=O)c1cc(Cl)c(N)cc1OC,TTWJBBZEZQICBI-UHFFFAOYSA-N,1,FDA,1979-02-07,1,17,ADRA2A;AOX1;CHRM1;CYP2D6;DRD2;DRD3;HTR2A;HTR2B;HTR2C;HTR3A;HTR3B;HTR3C;HTR3D;HTR3E;HTR4;MPO;SLC22A1,DRD2;HTR3A;HTR4,
1783,metolazone,Cc1ccccc1N1C(=O)c2cc(S(N)(=O)=O)c(Cl)cc2NC1C,AQCHWTWZEMGIFD-UHFFFAOYSA-N,1,FDA,1973-11-27,1,3,CA7;SLC12A1;SLC12A3,SLC12A3,
1784,metopimazine,CS(=O)(=O)c1ccc2c(c1)N(CCCN1CCC(C(N)=O)CC1)c1ccccc1S2,BQDBKDMTIJBJLA-UHFFFAOYSA-N,0,,,0,3,DRD2;DRD3;HRH1,,
1785,metopon,CN1CC[C@]23c4c5ccc(O)c4O[C@@]2(C)C(=O)CC[C@H]3[C@H]1C5,NPZXCTIHHUUEEJ-CMKMFDCUSA-N,0,,,0,0,,,
1786,metoprolol,COCCc1ccc(OCC(O)CNC(C)C)cc1,IUBSYMUCCVWXPE-UHFFFAOYSA-N,1,FDA,1978-08-07,1,2,ADRB1;ADRB2,ADRB1,
1787,metrifonate,COP(=O)(OC)C(O)C(Cl)(Cl)Cl,NFACJZMKEDPNKN-UHFFFAOYSA-N,0,,,0,0,,,
1788,metrizamide,CC(=O)Nc1c(I)c(C(=O)N[C@H]2C(O)O[C@H](CO)[C@@H](O)[C@@H]2O)c(I)c(N(C)C(C)=O)c1I,BAQCROVBDNBEEB-UBYUBLNFSA-N,1,FDA,1978-08-23,1,0,,,
1789,metrizoic acid,CC(=O)Nc1c(I)c(C(=O)O)c(I)c(N(C)C(C)=O)c1I,GGGDNPWHMNJRFN-UHFFFAOYSA-N,1,FDA,1973-11-17,1,0,,,
1790,metronidazole,Cc1ncc([N+](=O)[O-])n1CCO,VAOCPAMSLUNLGC-UHFFFAOYSA-N,1,FDA,1963-07-18,1,0,,,
1791,metyrapone,CC(C)(C(=O)c1cccnc1)c1cccnc1,FJLBFSROUSIWMA-UHFFFAOYSA-N,1,FDA,1961-12-04,1,3,CYP11B1;CYP11B2;CYP3A4,CYP11B1,
1792,metirosine,C[C@](N)(Cc1ccc(O)cc1)C(=O)O,NHTGHBARYWONDQ-JTQLQIEISA-N,1,FDA,1979-10-03,1,1,TH,TH,
1793,mexazolam,CC1COC2(c3ccccc3Cl)c3cc(Cl)ccc3NC(=O)CN12,ANUCDXCTICZJRH-UHFFFAOYSA-N,0,,,0,0,,,
1794,mexiletine,Cc1cccc(C)c1OCC(C)N,VLPIATFUUWWMKC-UHFFFAOYSA-N,1,FDA,1985-12-30,1,15,HCN4;HTR2B;KCNH2;KCNK3;SCN10A;SCN1A;SCN1B;SCN2A;SCN2B;SCN3B;SCN4A;SCN4B;SCN5A;SCN9A;SLC22A2,SCN10A;SCN2A;SCN4A;SCN5A;SCN9A,
1795,mezlocillin,CC1(C)S[C@@H]2[C@H](NC(=O)[C@H](NC(=O)N3CCN(S(C)(=O)=O)C3=O)c3ccccc3)C(=O)N2[C@H]1C(=O)O,YPBATNHYBCGSSN-VWPFQQQWSA-N,1,FDA,1981-09-21,1,26,ABCC1;ADORA3;AKR1B1;AKR1C3;ALB;ALOX5;CA2;CNR1;CNR2;CXCL8;CYP2C8;CYP2C9;CYP3A4;IL1R1;PDE11A;PPARG;PTGDR;PTGDR2;PTGDS;PTGER1;PTGER2;PTGER3;PTGER4;PTGS1;PTGS2;TBXAS1,,
1796,mianserin,CN1CCN2c3ccccc3Cc3ccccc3C2C1,UEQUQVLFIPOEMF-UHFFFAOYSA-N,1,YEAR INTRODUCED,1976-01-01,1,34,ADRA1A;ADRA1B;ADRA1D;ADRA2A;ADRA2B;ADRA2C;CHRM1;CHRM2;CHRM3;CHRM4;CHRM5;DRD1;DRD2;DRD3;DRD4;HRH1;HRH2;HRH4;HTR1A;HTR1B;HTR1D;HTR1F;HTR2A;HTR2B;HTR2C;HTR3A;HTR6;HTR7;SCN1A;SCN2A;SCN3A;SLC6A2;SLC6A3;SLC6A4,HTR2A;HTR2B;HTR2C,
1797,mibefradil,COCC(=O)O[C@]1(CCN(C)CCCc2nc3ccccc3[nH]2)CCc2cc(F)ccc2[C@@H]1C(C)C,HBNPJJILLOYFJU-VMPREFPWSA-N,1,FDA,1997-08-01,1,16,ABCB1;CACNA1B;CACNA1C;CACNA1G;CACNA1H;CACNA1I;CATSPER1;CATSPER2;CATSPER3;CATSPER4;CYP3A4;KCNH2;KCNK9;ORAI1;SCN5A;SCN9A,CACNA1H,
1798,micafungin,CCCCCOc1ccc(-c2cc(-c3ccc(C(=O)N[C@H]4C[C@@H](O)[C@@H](O)NC(=O)[C@@H]5[C@@H](O)[C@@H](C)CN5C(=O)[C@H]([C@H](O)CC(N)=O)NC(=O)C([C@H](O)[C@@H](O)c5ccc(O)c(OS(=O)(=O)O)c5)NC(=O)[C@@H]5C[C@@H](O)CN5C(=O)C([C@@H](C)O)NC4=O)cc3)no2)cc1,PIEUQSKUWLMALL-LXWXBMNESA-N,1,FDA,2005-03-16,1,0,,,
1799,micinicate,C[C@H]1C[C@@H](OC(=O)C(OC(=O)c2cccnc2)c2ccccc2)CC(C)(C)C1,JVISQUVIQOJOOQ-VPSRXSMPSA-N,0,,,0,0,,,
1800,miconazole,Clc1ccc(COC(Cn2ccnc2)c2ccc(Cl)cc2Cl)c(Cl)c1,BYBLEWFAAKGYCD-UHFFFAOYSA-N,1,FDA,1974-01-08,1,54,ACHE;ADORA1;ADORA2A;ADORA3;ADRA1D;ADRA2A;ADRA2B;ADRB1;ADRB3;AGTR2;ALPL;CHRM1;CHRM2;CHRM3;CHRM4;CNR1;CYP17A1;CYP19A1;CYP2C19;CYP2C9;CYP2D6;CYP3A4;CYP51A1;CYP8B1;DRD1;DRD2;DRD3;DRD4;EGFR;ERBB2;FYN;HRH2;HTR1A;HTR2A;HTR2B;HTR2C;HTR6;IDO1;KCNH2;MC3R;MC4R;MC5R;MDH1;OPRD1;OPRK1;OPRM1;ORAI1;PTGS2;SLC6A2;SLC6A3;SLC6A4;TACR1;TACR2;TBXAS1,,
1801,micronomicin,CNC[C@@H]1CC[C@@H](N)[C@@H](O[C@H]2[C@H](O)[C@@H](O[C@H]3OC[C@](C)(O)[C@H](NC)[C@H]3O)[C@H](N)C[C@@H]2N)O1,DNYGXMICFMACRA-XHEDQWPISA-N,0,,,0,0,,,
1802,midazolam,Cc1ncc2n1-c1ccc(Cl)cc1C(c1ccccc1F)=NC2,DDLIGBOFAVUZHB-UHFFFAOYSA-N,1,FDA,1985-12-20,1,9,ABCB1;CYP3A4;GABRA1;GABRA3;GABRA5;GABRB2;GABRB3;GABRG2;GABRG3,GABRA1;GABRA3;GABRA5;GABRB2;GABRB3;GABRG2;GABRG3,
1803,midodrine,COc1ccc(OC)c(C(O)CNC(=O)CN)c1,PTKSEFOSCHHMPD-UHFFFAOYSA-N,1,FDA,1996-09-06,1,2,ADRA1A;HSP90AA1,ADRA1A,
1805,mifepristone,CC#C[C@]1(O)CC[C@H]2[C@@H]3CCC4=CC(=O)CCC4=C3[C@@H](c3ccc(N(C)C)cc3)C[C@@]21C,VKHAHZOOUSRJNA-GCNJZUOMSA-N,1,FDA,2000-09-28,1,14,ADRA2B;AR;CYP3A4;ESR1;ESR2;FYN;MAPK14;NR1I2;NR3C1;NR3C2;OPRK1;OPRM1;PGR;SIGMAR1,NR3C1;PGR,
1806,miglitol,OCCN1C[C@H](O)[C@@H](O)[C@H](O)[C@H]1CO,IBAQFPQHRJAVAV-ULAWRXDQSA-N,1,FDA,1996-12-18,1,6,AMY2A;GAA;GBA;LCT;MGAM;SI,GAA;MGAM,
1807,miglustat,CCCCN1C[C@H](O)[C@@H](O)[C@H](O)[C@H]1CO,UQRORFVVSGFNRO-UTINFBMNSA-N,1,EMA;FDA,2002-11-20,1,6,AGL;GAA;GBA2;MGAM;SI;UGCG,UGCG,
1808,milnacipran,CCN(CC)C(=O)C1(c2ccccc2)CC1CN,GJJFMKBJSRMPLA-UHFFFAOYSA-N,1,FDA,2009-01-14,1,4,GRIN2A;SLC6A2;SLC6A3;SLC6A4,SLC6A2;SLC6A4,
1809,milrinone,Cc1[nH]c(=O)c(C#N)cc1-c1ccncc1,PZRHRDRVRGEVNW-UHFFFAOYSA-N,1,FDA,1987-12-31,1,7,PDE3A;PDE3B;PDE4A;PDE4B;PDE4C;PDE4D;PDE5A,PDE3A,
1810,miltefosine,CCCCCCCCCCCCCCCCOP(=O)([O-])OCC[N+](C)(C)C,PQLXHQMOHUQAKB-UHFFFAOYSA-N,1,FDA,2014-03-19,1,2,AKT1;CDC25A,,
1811,mimosine,N[C@@H](Cn1ccc(=O)c(O)c1)C(=O)O,WZNJWVWKTVETCG-YFKPBYRVSA-N,0,,,0,3,DOHH;SHMT1;TYR,,
1812,minaprine,Cc1cc(-c2ccccc2)nnc1NCCN1CCOCC1,LDMWSLGGVTVJPG-UHFFFAOYSA-N,0,,,1,2,ACHE;CHRM1,,
1813,minocycline,CN(C)c1ccc(O)c2c1C[C@H]1C[C@H]3[C@H](N(C)C)C(O)=C(C(N)=O)C(=O)[C@@]3(O)C(O)=C1C2=O,DYKFCLLONBREIL-KVUCHLLUSA-N,1,FDA,1971-06-30,1,0,,,
1814,minoxidil,Nc1cc(N2CCCCC2)nc(N)[n+]1[O-],ZFMITUMMTDLWHR-UHFFFAOYSA-N,1,FDA,1979-10-18,1,3,ABCC9;KCNJ1;KCNJ11,ABCC9;KCNJ11,
1815,miocamycin,CCC(=O)O[C@@H]1CC(=O)O[C@H](C)C/C=C/C=C/[C@H](OC(C)=O)[C@H](C)C[C@H](CC=O)C(O[C@@H]2O[C@H](C)[C@@H](O[C@H]3C[C@@](C)(OC(C)=O)[C@@H](OC(=O)CC)[C@H](C)O3)[C@H](N(C)C)[C@H]2O)[C@H]1OC,GQNZGCARKRHPOH-GSSUJARLSA-N,0,,,0,0,,,
1816,mirtazapine,CN1CCN2c3ncccc3Cc3ccccc3C2C1,RONZAEMNMFQXRA-UHFFFAOYSA-N,1,FDA,1996-06-14,1,16,ADRA1A;ADRA2A;ADRA2B;ADRA2C;CHRM1;CHRM2;DRD1;DRD2;DRD3;HRH1;HTR1A;HTR2A;HTR2C;HTR3A;HTR7;SLC6A2,HTR2A;HTR2C,
1817,misoprostol,CCCCC(C)(O)C/C=C/[C@H]1[C@H](O)CC(=O)[C@@H]1CCCCCCC(=O)OC,OJLOPKGSLYJEMD-URPKTTJQSA-N,1,FDA,1988-12-27,1,4,PTGER2;PTGER3;PTGER4;PTGFR,PTGER3,
1818,mitiglinide,O=C(O)[C@H](CC(=O)N1C[C@H]2CCCC[C@H]2C1)Cc1ccccc1,WPGGHFDDFPHPOB-BBWFWOEESA-N,1,PMDA,2011-04-22,0,2,ABCC8;KCNJ11,ABCC8;KCNJ11,
1819,mitomycin,CO[C@@]12[C@H](COC(N)=O)C3=C(C(=O)C(C)=C(N)C3=O)N1C[C@@H]1N[C@@H]12,NWIBSHFKIJFRCO-WUDYKRTCSA-N,1,FDA,1981-08-24,1,1,IDO1,,
1820,mitotane,Clc1ccc(C(c2ccccc2Cl)C(Cl)Cl)cc1,JWBOIMRXGHLCPP-UHFFFAOYSA-N,1,FDA,1970-07-08,1,10,ADORA3;ADRA2A;CYP11A1;CYP11B1;FDX1;HTR2B;HTR6;SLC6A2;SLC6A3;SLC6A4,CYP11A1;CYP11B1,
1821,mitoxantrone,O=C1c2c(O)ccc(O)c2C(=O)c2c(NCCNCCO)ccc(NCCNCCO)c21,KKZJGLLVHKMTCM-UHFFFAOYSA-N,1,FDA,1987-12-23,1,24,ABCB1;ABCC1;ABCC2;ABCG2;APEX1;BTK;CHRM1;CHRM2;CHRM4;EGFR;ERBB2;FYN;HTR2C;KCNH2;MPG;PIM1;ROS1;SLC22A1;SLC22A2;SLC22A3;SLC47A1;SLC47A2;SLC6A2;TOP2A,TOP2A,
1822,mivacurium,COc1cc2c(cc1OC)[C@@H](Cc1cc(OC)c(OC)c(OC)c1)[N+](C)(CCCOC(=O)CC/C=C/CCC(=O)OCCC[N+]1(C)CCc3cc(OC)c(OC)cc3[C@H]1Cc1cc(OC)c(OC)c(OC)c1)CC2,ILVYCEVXHALBSC-OTBYEXOQSA-N,1,FDA,1992-01-22,1,4,CHRNA1;CHRNA2;CHRNB1;CHRND,CHRNA1;CHRNB1;CHRND,charged_parent
1823,mivotilate,Cc1csc(NC(=O)C(C(=O)OC(C)C)=C2SCS2)n1,WOUUWUGULFOVHG-UHFFFAOYSA-N,0,,,0,0,,,
1824,mizolastine,CN(c1nccc(=O)[nH]1)C1CCN(c2nc3ccccc3n2Cc2ccc(F)cc2)CC1,PVLJETXTTWAYEW-UHFFFAOYSA-N,1,UK Medicines and Healthcare Products Regulatory Agency (MHRA),2003-03-07,1,3,ALOX5;HRH1;KCNH2,HRH1,
1825,moclobemide,O=C(NCCN1CCOCC1)c1ccc(Cl)cc1,YHXISWVBGDMDLQ-UHFFFAOYSA-N,1,YEAR INTRODUCED,1990-01-01,1,4,HTR1A;KCNH2;MAOA;MAOB,MAOA,
1826,modafinil,NC(=O)CS(=O)C(c1ccccc1)c1ccccc1,YFGHCGITMMYXAQ-UHFFFAOYSA-N,1,FDA;PMDA,1998-12-24,1,5,ADRA1B;CYP1A2;CYP2C19;DRD2;SLC6A3,SLC6A3,
1827,moexipril,CCOC(=O)[C@H](CCc1ccccc1)N[C@@H](C)C(=O)N1Cc2cc(OC)c(OC)cc2C[C@H]1C(=O)O,UWWDHYUMIORJTA-HSQYWUDLSA-N,1,FDA,1995-04-19,1,1,ACE,ACE,
1828,mofebutazone,CCCCC1C(=O)NN(c2ccccc2)C1=O,REOJLIXKJWXUGB-UHFFFAOYSA-N,0,,,0,0,,,
1829,mofezolac,COc1ccc(-c2noc(CC(=O)O)c2-c2ccc(OC)cc2)cc1,DJEIHHYCDCTAAH-UHFFFAOYSA-N,1,PMDA,,1,2,PTGS1;PTGS2,,
1830,molindone,CCc1c(C)[nH]c2c1C(=O)C(CN1CCOCC1)CC2,KLPWJLBORRMFGK-UHFFFAOYSA-N,1,FDA,1974-01-18,1,15,ADRA1A;ADRA2A;ADRA2B;ADRA2C;CHRM3;DRD2;DRD3;DRD4;HRH1;HTR1A;HTR2A;HTR2C;HTR6;HTR7;SIGMAR1,DRD2;HTR2A,
1831,molsidomine,CCOC(=O)N=c1c[n+](N2CCOCC2)[n-]o1,XLFWDASMENKTKL-UHFFFAOYSA-N,0,,,1,1,ESR1,,
1832,mometasone furoate,C[C@@H]1C[C@H]2[C@@H]3CCC4=CC(=O)C=C[C@]4(C)[C@@]3(Cl)[C@@H](O)C[C@]2(C)[C@@]1(OC(=O)c1ccco1)C(=O)CCl,WOFMFGQZHJDGCX-ZULDAHANSA-N,1,FDA,1987-04-30,1,3,ABCB1;NR3C1;PGR,NR3C1,
1834,monobenzone,Oc1ccc(OCc2ccccc2)cc1,VYQNWZOUAUKGHI-UHFFFAOYSA-N,1,FDA,1952-11-10,1,4,PTGS1;PTGS2;SLC6A2;TYR,TYR,
1835,monoxerutin,C[C@@H]1O[C@@H](OC[C@H]2O[C@@H](Oc3c(-c4ccc(O)c(O)c4)oc4cc(OCCO)cc(O)c4c3=O)[C@H](O)[C@@H](O)[C@@H]2O)[C@H](O)[C@H](O)[C@H]1O,MBHXKZDTQCSVPM-BDAFLREQSA-N,0,,,0,0,,,
1836,montelukast,CC(C)(O)c1ccccc1CC[C@@H](SCC1(CC(=O)O)CC1)c1cccc(/C=C/c2ccc3ccc(Cl)cc3n2)c1,UCHDWCPVSPXUMX-TZIWLTJVSA-N,1,FDA,1998-02-20,1,22,ADORA3;ADRA2A;ADRA2C;ADRB2;ADRB3;ALOX5;CHRM1;CHRM3;CYP2C8;CYSLTR1;CYSLTR2;DRD3;EGFR;FYN;GPR17;HTR2B;MAPK14;OPRD1;SLC6A2;SLC6A3;TACR2;TBXAS1,CYSLTR1,
1837,moperone,Cc1ccc(C2(O)CCN(CCCC(=O)c3ccc(F)cc3)CC2)cc1,AGAHNABIDCTLHW-UHFFFAOYSA-N,0,,,0,3,DRD2;DRD3;DRD4,,
1838,mopidamol,OCCN(CCO)c1nc(N2CCCCC2)c2nc(N(CCO)CCO)ncc2n1,FOYWNSCCNCUEPU-UHFFFAOYSA-N,0,,,0,0,,,
1839,moprolol,COc1ccccc1OCC(O)CNC(C)C,LFTFGCDECFPSQD-UHFFFAOYSA-N,0,,,0,0,,,
1840,morazone,Cc1c(CN2CCOC(c3ccccc3)C2C)c(=O)n(-c2ccccc2)n1C,OOGNFQMTGRZRAB-UHFFFAOYSA-N,0,,,0,0,,,
1841,morclofone,COc1cc(C(=O)c2ccc(Cl)cc2)cc(OC)c1OCCN1CCOCC1,KVCJCEKJKGLBOK-UHFFFAOYSA-N,0,,,0,0,,,
1842,moracizine,CCOC(=O)Nc1ccc2c(c1)N(C(=O)CCN1CCOCC1)c1ccccc1S2,FUBVWMNBEHXPSU-UHFFFAOYSA-N,1,FDA,1990-06-19,1,1,SCN5A,SCN5A,
1843,morinamide,O=C(NCN1CCOCC1)c1cnccn1,GVTLAVKAVSKBKK-UHFFFAOYSA-N,0,,,0,0,,,
1844,moroxydine,N=C(N)NC(=N)N1CCOCC1,KJHOZAZQWVKILO-UHFFFAOYSA-N,0,,,0,0,,,
1845,morphine,CN1CC[C@]23c4c5ccc(O)c4O[C@H]2[C@@H](O)C=C[C@H]3[C@H]1C5,BQJCRHHNABKAKU-KBQPJGBKSA-N,1,FDA,,1,4,OPRD1;OPRK1;OPRM1;SLC22A1,OPRM1,
1847,mosapramine,O=C1NC2CCCCN2C12CCN(CCCN1c3ccccc3CCc3ccc(Cl)cc31)CC2,PXUIZULXJVRBPC-UHFFFAOYSA-N,1,PMDA,,0,1,DRD4,,
1848,mosapride,CCOc1cc(N)c(Cl)cc1C(=O)NCC1CN(Cc2ccc(F)cc2)CCO1,YPELFRMCRYSPKZ-UHFFFAOYSA-N,1,YEAR INTRODUCED,1998-01-01,0,13,ADRA2A;ADRA2B;CYP1A2;CYP2C19;CYP2C9;CYP3A4;HTR2B;HTR2C;HTR3A;HTR4;KCNH2;SIGMAR1;SLC6A4,HTR4,
1849,motretinide,CCNC(=O)/C=C(C)/C=C/C=C(C)/C=C/c1c(C)cc(OC)c(C)c1C,IYIYMCASGKQOCZ-DJRRULDNSA-N,0,,,0,0,,,
1851,latamoxef,CO[C@@]1(NC(=O)C(C(=O)O)c2ccc(O)cc2)C(=O)N2C(C(=O)O)=C(CSc3nnnn3C)CO[C@@H]21,JWCSIUVGFCSJCK-CAVRMKNVSA-N,1,FDA,,1,0,,,
1852,moxastine,CN(C)CCOC(C)(c1ccccc1)c1ccccc1,BBIMHFSPNXQFAH-UHFFFAOYSA-N,0,,,0,1,HRH1,HRH1,
1853,moxaverine,CCc1cc2cc(OC)c(OC)cc2c(Cc2ccccc2)n1,MYCMTMIGRXJNSO-UHFFFAOYSA-N,0,,,0,0,,,
1854,moxifloxacin,COc1c(N2C[C@@H]3CCCN[C@@H]3C2)c(F)cc2c(=O)c(C(=O)O)cn(C3CC3)c12,FABPRXSRWADJSP-MEDUHNTESA-N,1,FDA,1999-12-10,1,0,,,
1855,moxisylyte,CC(=O)Oc1cc(C(C)C)c(OCCN(C)C)cc1C,VRYMTAVOXVTQEF-UHFFFAOYSA-N,0,,,1,0,,,
1856,moxonidine,COc1nc(C)nc(Cl)c1NC1=NCCN1,WPNJAUFVNXKLIM-UHFFFAOYSA-N,1,YEAR INTRODUCED,1991-01-01,1,4,ADRA2A;ADRA2C;HTR1A;NISCH,NISCH,
1857,mupirocin,C/C(=C\C(=O)OCCCCCCCCC(=O)O)C[C@@H]1OC[C@H](C[C@@H]2O[C@H]2[C@@H](C)[C@H](C)O)[C@@H](O)[C@H]1O,MINDHVHHQZYEEK-HBBNESRFSA-N,1,FDA,1987-12-31,1,1,IARS,,
1858,muzolimine,CC(c1ccc(Cl)c(Cl)c1)N1N=C(N)CC1=O,RLWRMIYXDPXIEX-UHFFFAOYSA-N,0,,,1,0,,,
1859,mycophenolate mofetil,COc1c(C)c2c(c(O)c1C/C=C(\C)CCC(=O)OCCN1CCOCC1)C(=O)OC2,RTGDFNSFWBGLEC-SYZQJQIISA-N,1,FDA,1995-05-03,1,2,IMPDH1;IMPDH2,IMPDH1;IMPDH2,
1860,mycophenolic acid,COc1c(C)c2c(c(O)c1C/C=C(\C)CCC(=O)O)C(=O)OC2,HPNSFSBZBAHARI-RUDMXATFSA-N,1,FDA,2004-02-27,1,2,IMPDH1;IMPDH2,IMPDH1;IMPDH2,
1861,mydecamycin,CCC(=O)O[C@@H]1CC(=O)O[C@H](C)C/C=C/C=C/[C@H](O)[C@H](C)C[C@H](CC=O)[C@H](O[C@@H]2O[C@H](C)[C@@H](O[C@H]3C[C@@](C)(O)[C@@H](OC(=O)CC)[C@H](C)O3)[C@H](N(C)C)[C@H]2O)[C@H]1OC,DMUAPQTXSSNEDD-QALJCMCCSA-N,0,,,0,0,,,
1862,nabilone,CCCCCCC(C)(C)c1cc(O)c2c(c1)OC(C)(C)C1CCC(=O)CC21,GECBBEABIDMGGL-UHFFFAOYSA-N,1,FDA,1985-12-26,1,2,CNR1;CNR2,CNR1,
1863,nabumetone,COc1ccc2cc(CCC(C)=O)ccc2c1,BLXXJMDCKKHMKV-UHFFFAOYSA-N,1,FDA,1991-12-24,1,5,CYP1A2;MAOA;PTGS1;PTGS2;SLC6A2,PTGS2,
1864,nadifloxacin,CC1CCc2c(N3CCC(O)CC3)c(F)cc3c(=O)c(C(=O)O)cn1c23,JYJTVFIEFKZWCJ-UHFFFAOYSA-N,0,,,0,0,,,
1865,nadolol,CC(C)(C)NCC(O)COc1cccc2c1CC(O)C(O)C2,VWPOSFSPZNDTMJ-UHFFFAOYSA-N,1,FDA,1979-12-10,1,3,ADRB1;ADRB2;ADRB3,ADRB1;ADRB2,
1866,nadoxolol,NC(CC(O)COc1cccc2ccccc12)=NO,UPZVYDSBLFNMLK-UHFFFAOYSA-N,0,,,0,0,,,
1867,nafamostat,N=C(N)Nc1ccc(C(=O)Oc2ccc3cc(C(=N)N)ccc3c2)cc1,MQQNFDZXWVTQEH-UHFFFAOYSA-N,1,PMDA,,0,15,ASIC1;ASIC2;ASIC3;C1R;C1S;F10;F2;HGFAC;HPN;KLK1;PLG;PRSS1;ST14;TMPRSS2;TPSAB1,C1R;PRSS1;TPSAB1,
1868,nafarelin,CC(C)C[C@H](NC(=O)[C@@H](Cc1ccc2ccccc2c1)NC(=O)[C@H](Cc1ccc(O)cc1)NC(=O)[C@H](CO)NC(=O)[C@H](Cc1c[nH]c2ccccc12)NC(=O)[C@H](Cc1c[nH]cn1)NC(=O)[C@@H]1CCC(=O)N1)C(=O)N[C@@H](CCCNC(=N)N)C(=O)N1CCC[C@H]1C(=O)NCC(N)=O,RWHUEXWOYVBUCI-ITQXDASVSA-N,1,FDA,1990-02-13,0,1,GNRHR,GNRHR,
1869,nafcillin,CCOc1ccc2ccccc2c1C(=O)N[C@@H]1C(=O)N2[C@@H]1SC(C)(C)[C@@H]2C(=O)O,GPXLMGHLHQJAGZ-JTDSTZFVSA-N,1,FDA,1965-10-11,1,0,,,
1870,naftidrofuryl,CCN(CC)CCOC(=O)C(Cc1cccc2ccccc12)CC1CCCO1,KBAFPSLPKGSANY-UHFFFAOYSA-N,0,,,0,1,HTR2A,,
1871,naftazone,NC(=O)N/N=C1\C=Cc2ccccc2C1=O,TZGBBMBARSFJBG-UKTHLTGXSA-N,0,,,1,0,,,
1872,naftifine,CN(C/C=C/c1ccccc1)Cc1cccc2ccccc12,OZGNYLLQHRPOBR-DHZHZOJOSA-N,1,FDA,1988-02-29,1,3,EBP;SIGMAR1;SQLE,,
1873,naftopidil,COc1ccccc1N1CCN(CC(O)COc2cccc3ccccc23)CC1,HRRBJVNMSRJFHQ-UHFFFAOYSA-N,1,PMDA,1998-12-25,1,3,ADRA1A;ADRA1B;ADRA1D,ADRA1A;ADRA1B;ADRA1D,
1874,nalbuphine,Oc1ccc2c3c1O[C@H]1[C@@H](O)CC[C@@]4(O)[C@@H](C2)N(CC2CCC2)CC[C@]314,NETZHAKZCGBWSS-CEDHKZHLSA-N,1,FDA,1979-05-15,1,3,OPRD1;OPRK1;OPRM1,OPRD1;OPRK1;OPRM1,
1875,nalidixic acid,CCn1cc(C(=O)O)c(=O)c2ccc(C)nc21,MHWLWQUZZRMNGJ-UHFFFAOYSA-N,1,FDA,1964-03-06,1,1,HTR2B,,
1876,nalmefene,C=C1CC[C@@]2(O)[C@H]3Cc4ccc(O)c5c4[C@@]2(CCN3CC2CC2)[C@H]1O5,WJBLNOPPDWQMCH-MBPVOVBZSA-N,1,FDA,1995-04-17,1,3,OPRD1;OPRK1;OPRM1,OPRD1;OPRK1;OPRM1,
1877,nalorphine,C=CCN1CC[C@]23c4c5ccc(O)c4O[C@H]2[C@@H](O)C=C[C@H]3[C@H]1C5,UIQMVEYFGZJHCZ-SSTWWWIQSA-N,0,,,0,4,OPRD1;OPRK1;OPRM1;SIGMAR1,,
1878,naloxone,C=CCN1CC[C@]23c4c5ccc(O)c4O[C@H]2C(=O)CC[C@@]3(O)[C@H]1C5,UZHSEJADLWPNLE-GRGSLBFTSA-N,1,FDA,1971-04-13,1,5,ADORA3;CYP2D6;OPRD1;OPRK1;OPRM1,OPRM1,
1879,nandrolone,C[C@]12CC[C@H]3[C@@H](CCC4=CC(=O)CC[C@@H]43)[C@@H]1CC[C@@H]2O,NPAGDVCDWIYMMC-IZPLOLCNSA-N,0,,,0,4,AR;SERPINA6;SHBG;SLC22A1,AR,
1880,nandrolone cyclotate,CC12C=CC(C(=O)O[C@H]3CC[C@H]4[C@@H]5CCC6=CC(=O)CC[C@@H]6[C@H]5CC[C@]34C)(CC1)CC2,REACBNMPQDINOF-YBBIQVIJSA-N,0,,,0,0,,,
1881,nandrolone decanoate,CCCCCCCCCC(=O)O[C@H]1CC[C@H]2[C@@H]3CCC4=CC(=O)CC[C@@H]4[C@H]3CC[C@]12C,JKWKMORAXJQQSR-MOPIKTETSA-N,1,FDA,1962-10-05,1,4,AR;SERPINA6;SHBG;SLC22A1,AR,
1882,nandrolone phenpropionate,C[C@]12CC[C@H]3[C@@H](CCC4=CC(=O)CC[C@@H]43)[C@@H]1CC[C@@H]2OC(=O)CCc1ccccc1,UBWXUGDQUBIEIZ-QNTYDACNSA-N,1,FDA,1959-10-30,1,2,AR;ESR1,AR,
1883,naproxen,COc1ccc2cc([C@H](C)C(=O)O)ccc2c1,CMWTZPSULFXXJA-VIFPVBQESA-N,1,FDA,1976-03-11,1,4,AKR1C2;AKR1C3;PTGS1;PTGS2,PTGS1;PTGS2,
1884,naratriptan,CNS(=O)(=O)CCc1ccc2[nH]cc(C3CCN(C)CC3)c2c1,AMKVXSZCKVJAGH-UHFFFAOYSA-N,1,FDA,1998-02-10,1,5,HTR1A;HTR1B;HTR1D;HTR1E;HTR1F,HTR1B;HTR1D,
1885,natamycin,C[C@@H]1C/C=C/C=C/C=C/C=C/[C@H](O[C@@H]2O[C@H](C)[C@@H](O)[C@H](N)[C@@H]2O)C[C@@H]2O[C@](O)(C[C@@H](O)C[C@H]3O[C@@H]3/C=C/C(=O)O1)C[C@H](O)[C@H]2C(=O)O,NCXMLFZGDNKEPB-FFPOYIOWSA-N,1,FDA,1978-10-30,1,0,,,
1886,nateglinide,CC(C)[C@H]1CC[C@H](C(=O)N[C@H](Cc2ccccc2)C(=O)O)CC1,OELFLUMRDSZNSF-BRWVUGGUSA-N,1,FDA,2000-12-22,1,3,ABCC8;ABCC9;KCNJ11,ABCC8;KCNJ11,
1887,nebivolol,OC(CNCC(O)C1CCc2cc(F)ccc2O1)C1CCc2cc(F)ccc2O1,KOHIRBRYDXPAMZ-UHFFFAOYSA-N,1,FDA,2007-12-17,1,4,ADRB1;ADRB2;ADRB3;HTR1A,ADRB1;ADRB2,
1889,nedocromil,CCCc1c2oc(C(=O)O)cc(=O)c2cc2c(=O)cc(C(=O)O)n(CC)c12,RQTOOFIXOKYGAN-UHFFFAOYSA-N,1,FDA,1992-12-30,1,2,CYSLTR1;GPR35,,
1890,nefazodone,CCc1nn(CCCN2CCN(c3cccc(Cl)c3)CC2)c(=O)n1CCOc1ccccc1,VRBKIVRKKCLPHA-UHFFFAOYSA-N,1,FDA,1994-12-22,1,13,ABCB11;ACHE;ADRA1A;ADRA2B;CYP3A4;DRD2;HRH1;HTR1A;HTR2A;HTR2C;SLC6A2;SLC6A3;SLC6A4,HTR2A;SLC6A2;SLC6A4,
1891,nefopam,CN1CCOC(c2ccccc2)c2ccccc2C1,RGPDEAGGEXEMMM-UHFFFAOYSA-N,1,YEAR INTRODUCED,1978-01-01,1,7,HTR2A;HTR2B;HTR2C;SCN5A;SLC6A2;SLC6A3;SLC6A4,,
1892,nelarabine,COc1nc(N)nc2c1ncn2[C@@H]1O[C@H](CO)[C@@H](O)[C@@H]1O,IXOXBSCIXZEQEQ-UHTZMRCNSA-N,1,FDA,2005-10-28,1,0,,,
1893,nelfinavir,Cc1c(O)cccc1C(=O)N[C@@H](CSc1ccccc1)[C@H](O)CN1C[C@H]2CCCC[C@H]2C[C@H]1C(=O)NC(C)(C)C,QAGYKUNXZHXKMR-HKWSIXNMSA-N,1,FDA,1997-03-14,1,18,ABCB1;ADORA3;ADRB3;CHRM5;CYP3A4;DRD1;EGFR;FYN;LCK;MAPK14;MAPK3;OPRD1;OPRK1;OPRM1;SLC6A2;SLC6A3;TACR2;TBXAS1,,
1894,neltenexine,O=C(Nc1c(Br)cc(Br)cc1CN[C@H]1CC[C@H](O)CC1)c1cccs1,SSLHKNBKUBAHJY-HDJSIYSDSA-N,1,Korean Food and Drug Administration (KFDA),2001-10-16,0,0,,,
1895,nemonapride,CNc1cc(OC)c(C(=O)N[C@@H]2CCN(Cc3ccccc3)[C@@H]2C)cc1Cl,KRVOJOCLBAAKSJ-RDTXWAMCSA-N,0,,,0,2,DRD3;DRD4,,
1896,framycetin,NC[C@@H]1O[C@H](O[C@H]2[C@@H](O)[C@H](O[C@@H]3[C@@H](O)[C@H](N)C[C@H](N)[C@H]3O[C@H]3O[C@H](CN)[C@@H](O)[C@H](O)[C@H]3N)O[C@@H]2CO)[C@H](N)[C@@H](O)[C@@H]1O,PGBHMTALBVVCIT-VCIWKGPPSA-N,0,,,0,3,LRAT;MEN1;TRPV1,,
1897,neostigmine,CN(C)C(=O)Oc1cccc([N+](C)(C)C)c1,ALWKGYPQUAPLQC-UHFFFAOYSA-N,1,FDA,2013-05-31,1,2,ACHE;BCHE,ACHE,charged_parent
1898,butazopyridine,CCCCOc1ccc(/N=N/c2ccc(N)nc2N)cn1,WAWDOEHEAULMGC-FMQUCBEESA-N,0,,,0,0,,,
1899,nepafenac,NC(=O)Cc1cccc(C(=O)c2ccccc2)c1N,QEFAQIPZVLVERP-UHFFFAOYSA-N,1,FDA,2005-08-19,1,2,PTGS1;PTGS2,PTGS1;PTGS2,
1900,nepinalone,CC1(CCN2CCCCC2)C(=O)CCc2ccccc21,RVXGRCNWGOHSDE-UHFFFAOYSA-N,0,,,0,1,SIGMAR1,,
1901,nesiritide,CC[C@H](C)[C@@H]1NC(=O)[C@H](CCCNC(=N)N)NC(=O)[C@H](CC(=O)O)NC(=O)[C@H](CCSC)NC(=O)[C@H](CCCCN)NC(=O)[C@H](CCCNC(=N)N)NC(=O)CNC(=O)[C@H](Cc2ccccc2)NC(=O)[C@@H](NC(=O)CNC(=O)[C@H](CO)NC(=O)CNC(=O)[C@H](CCC(N)=O)NC(=O)[C@@H](NC(=O)[C@H](CCSC)NC(=O)[C@H](CCCCN)NC(=O)[C@@H]2CCCN2C(=O)[C@@H](N)CO)C(C)C)CSSC[C@@H](C(=O)N[C@@H](CCCCN)C(=O)N[C@H](C(=O)N[C@@H](CC(C)C)C(=O)N[C@@H](CCCNC(=N)N)C(=O)N[C@@H](CCCNC(=N)N)C(=O)N[C@@H](Cc2c[nH]cn2)C(=O)O)C(C)C)NC(=O)CNC(=O)[C@H](CC(C)C)NC(=O)CNC(=O)[C@H](CO)NC(=O)[C@H](CO)NC(=O)[C@H](CO)NC(=O)[C@H](CO)NC1=O,HPNRHPKXQZSDFX-OAQDCNSJSA-N,1,FDA,2001-08-10,0,1,NPR1,NPR1,
1902,neticonazole,CCCCCOc1ccccc1/C(=C\SC)n1ccnc1,VWOIKFDZQQLJBJ-DTQAZKPQSA-N,0,,,0,0,,,
1903,netilmicin,CCN[C@@H]1C[C@H](N)[C@@H](O[C@H]2OC(CN)=CC[C@H]2N)[C@H](O)[C@H]1O[C@H]1OC[C@](C)(O)[C@H](NC)[C@H]1O,CIDUJQMULVCIBT-MQDUPKMGSA-N,1,FDA,1983-02-28,1,0,,,
1904,nevirapine,Cc1ccnc2c1NC(=O)c1cccnc1N2C1CC1,NQDJXKOVJZTUJA-UHFFFAOYSA-N,1,FDA,1996-06-21,1,0,,,
1905,hydroxymethylnicotinamide,O=C(NCO)c1cccnc1,JRFKIOFLCXKVOT-UHFFFAOYSA-N,0,,,0,0,,,
1906,nicotinamide,NC(=O)c1cccnc1,DFPAKSUCGFBDDF-UHFFFAOYSA-N,1,FDA,1953-02-20,1,9,HCAR2;HCAR3;NNMT;QPRT;SARM1;SIRT1;SIRT2;SIRT3;SIRT5,,
1907,nialamide,O=C(CCNNC(=O)c1ccncc1)NCc1ccccc1,NOIIUHRQUVNIDD-UHFFFAOYSA-N,0,,,1,0,,,
1908,niaprazine,CC(CCN1CCN(c2ccc(F)cc2)CC1)NC(=O)c1cccnc1,RSKQGBFMNPDPLR-UHFFFAOYSA-N,0,,,0,0,,,
1909,nicardipine,COC(=O)C1=C(C)NC(C)=C(C(=O)OCCN(C)Cc2ccccc2)C1c1cccc([N+](=O)[O-])c1,ZBBHBTPTTSWHBA-UHFFFAOYSA-N,1,FDA,1988-12-21,1,10,ABCB1;ABCG2;ADORA3;CACNA1C;CACNA1D;CACNA1H;CYP2C9;CYP3A4;MDH1;NR1I2,CACNA1C;CACNA1D,
1910,nicergoline,CO[C@]12C[C@@H](COC(=O)c3cncc(Br)c3)CN(C)[C@@H]1Cc1cn(C)c3cccc2c13,YSEXMKHXIOCEJA-FVFQAYNVSA-N,0,,,1,0,,,
1911,niceritrol,O=C(OCC(COC(=O)c1cccnc1)(COC(=O)c1cccnc1)COC(=O)c1cccnc1)c1cccnc1,KUEUWHJGRZKESU-UHFFFAOYSA-N,0,,,0,0,,,
1912,niclosamide,O=C(Nc1ccc([N+](=O)[O-])cc1Cl)c1cc(Cl)ccc1O,RJMUSRYZPJIFPJ-UHFFFAOYSA-N,1,FDA,,1,15,AKT1;AURKA;CYP2C9;EGFR;FGFR1;GSK3B;JAK2;KCNT1;KDR;KIT;LYN;PDPK1;SRC;STAT3;TEK,,
1913,nicoclonate,CC(C)C(OC(=O)c1cccnc1)c1ccc(Cl)cc1,XPPXHQUWVYMTDM-UHFFFAOYSA-N,0,,,0,0,,,
1914,nicocodine,COc1ccc2c3c1O[C@H]1[C@@H](OC(=O)c4cccnc4)C=C[C@H]4[C@@H](C2)N(C)CC[C@@]341,RYBGRHAWFUVMST-MJFIPZRTSA-N,0,,,0,0,,,
1915,nicofibrate,CC(C)(Oc1ccc(Cl)cc1)C(=O)OCc1cccnc1,RARQHAFNGNPQCZ-UHFFFAOYSA-N,0,,,0,0,,,
1916,nicofuranose,O=C(OC[C@H]1O[C@](O)(COC(=O)c2cccnc2)[C@@H](OC(=O)c2cccnc2)[C@@H]1OC(=O)c1cccnc1)c1cccnc1,FUWFSXZKBMCSKF-ZASNTINBSA-N,0,,,0,0,,,
1917,nicomol,O=C(OCC1(COC(=O)c2cccnc2)CCCC(COC(=O)c2cccnc2)(COC(=O)c2cccnc2)C1O)c1cccnc1,VRAHPESAMYMDQI-UHFFFAOYSA-N,0,,,0,0,,,
1918,nicomorphine,CN1CC[C@]23c4c5ccc(OC(=O)c6cccnc6)c4O[C@H]2[C@@H](OC(=O)c2cccnc2)C=C[C@H]3[C@H]1C5,HNDXBGYRMHRUFN-CIVUWBIHSA-N,0,,,0,0,,,
1919,nicorandil,O=C(NCCO[N+](=O)[O-])c1cccnc1,LBHIOVVIQHSOQN-UHFFFAOYSA-N,1,YEAR INTRODUCED,1984-01-01,1,3,KCNJ1;KCNJ11;NPR1,,
1920,nicotine,CN1CCC[C@H]1c1cccnc1,SNICXCGAKADSCV-JTQLQIEISA-N,1,FDA,1991-11-07,1,20,CHRNA1;CHRNA2;CHRNA3;CHRNA4;CHRNA6;CHRNA7;CHRNB1;CHRNB2;CHRNB3;CHRNB4;CHRND;CHRNG;CYP2A6;HTR3A;HTR3B;HTR3C;HTR3D;HTR3E;KCND3;TRPA1,CHRNA4;CHRNB2,
1921,nicotinyl alcohol,OCc1cccnc1,MVQVNTPHUGQQHK-UHFFFAOYSA-N,0,,,0,0,,,
1922,nifedipine,COC(=O)C1=C(C)NC(C)=C(C(=O)OC)C1c1ccccc1[N+](=O)[O-],HYIMSNHJOBLJNT-UHFFFAOYSA-N,1,FDA,1981-12-31,1,30,ABCB11;ADORA1;ADORA2A;ADORA3;CACNA1C;CACNA1D;CACNA1F;CACNA1H;CACNA1S;CCR2;CYP1A2;CYP3A4;GLRA1;GLRA3;GLRB;GSR;HTR2A;HTR2C;KCNA1;KCNA2;KCNA5;KCNH2;MYLK;PDE4A;SCN1A;SCN2A;SCN3A;SLC28A1;TBXAS1;TTR,CACNA1C;CACNA1D,
1923,nifekalant,Cn1c(NCCN(CCO)CCCc2ccc([N+](=O)[O-])cc2)cc(=O)n(C)c1=O,OEBPANQZQGQPHF-UHFFFAOYSA-N,0,,,0,4,KCNH2;SLC22A2;SLC47A1;SLC47A2,,
1924,nifenazone,Cc1c(NC(=O)c2cccnc2)c(=O)n(-c2ccccc2)n1C,BRZANEXCSZCZCI-UHFFFAOYSA-N,0,,,0,0,,,
1925,niflumic acid,O=C(O)c1cccnc1Nc1cccc(C(F)(F)F)c1,JZFPYUNJRRFVQU-UHFFFAOYSA-N,0,,,0,9,CLCNKA;CLCNKB;DHODH;GPR35;KCNT2;PTGS1;PTGS2;TEAD4;TTR,,
1926,nifuratel,CSCC1CN(/N=C/c2ccc([N+](=O)[O-])o2)C(=O)O1,SRQKTCXJCCHINN-NYYWCZLTSA-N,0,,,0,0,,,
1927,nifurfoline,O=C1CN(/N=C/c2ccc([N+](=O)[O-])o2)C(=O)N1CN1CCOCC1,WCEJYDIWHURKJX-VGOFMYFVSA-N,0,,,0,0,,,
1928,nifuroxazide,O=C(N/N=C/c1ccc([N+](=O)[O-])o1)c1ccc(O)cc1,YCWSUKQGVSGXJO-NTUHNPAUSA-N,0,,,0,1,STAT3,,
1929,nifurtimox,CC1CS(=O)(=O)CCN1/N=C/c1ccc([N+](=O)[O-])o1,ARFHIAQFJWUCFH-IZZDOVSWSA-N,1,FDA;YEAR INTRODUCED,1967-01-01,1,0,,,
1930,nifurtoinol,O=C1CN(/N=C/c2ccc([N+](=O)[O-])o2)C(=O)N1CO,UIDWQGRXEVDFCA-XCVCLJGOSA-N,0,,,0,0,,,
1931,nifurzide,O=C(N/N=C/C=C/c1ccc([N+](=O)[O-])o1)c1ccc([N+](=O)[O-])s1,IDUMOVRJNBNOTR-BIZLIJPVSA-N,0,,,0,0,,,
1932,nilotinib,Cc1cn(-c2cc(NC(=O)c3ccc(C)c(Nc4nccc(-c5cccnc5)n4)c3)cc(C(F)(F)F)c2)cn1,HHZIURLSWUIHRB-UHFFFAOYSA-N,1,FDA,2007-10-29,1,72,ABL1;ABL2;BCR;BLK;BMX;BRAF;CA1;CA12;CA14;CA2;CA3;CA4;CA5A;CA5B;CA6;CA7;CA9;CDC42BPB;CLK1;CLK4;CSF1R;CSK;DDR1;DDR2;EPHA1;EPHA2;EPHA3;EPHA4;EPHA5;EPHA6;EPHA8;EPHB1;EPHB2;EPHB3;EPHB4;EPHB6;FGFR1;FGFR2;FGR;FLT3;FRK;FYN;HCK;INSR;JAK2;KIT;LCK;LYN;MAP2K5;MAP4K1;MAPK10;MAPK11;MAPK14;MAPK8;MAPK9;NQO2;NTRK2;NTRK3;PDGFRA;PDGFRB;PIP4K2C;RAF1;RET;SRC;STK10;TAOK1;TAOK3;TEK;TIE1;TNNI3K;YES1;ZAK,ABL1,
1933,nilutamide,CC1(C)NC(=O)N(c2ccc([N+](=O)[O-])c(C(F)(F)F)c2)C1=O,XWXYUMMDTVBTOU-UHFFFAOYSA-N,1,FDA,1996-09-19,1,1,AR,AR,
1934,nilvadipine,COC(=O)C1=C(C#N)NC(C)=C(C(=O)OC(C)C)C1c1cccc([N+](=O)[O-])c1,FAIIFDPAEUKBEP-UHFFFAOYSA-N,1,YEAR INTRODUCED,1992-01-01,0,3,CACNA1C;CACNA1D;CACNG1,CACNA1C;CACNA1D,
1935,nimesulide,CS(=O)(=O)Nc1ccc([N+](=O)[O-])cc1Oc1ccccc1,HYWYRSMBCFDLJT-UHFFFAOYSA-N,1,YEAR INTRODUCED,1985-01-01,1,7,CYP19A1;MMP1;MPO;PDE4A;PTGS1;PTGS2;SLC6A3,,
1936,nimetazepam,CN1C(=O)CN=C(c2ccccc2)c2cc([N+](=O)[O-])ccc21,GWUSZQUVEVMBPI-UHFFFAOYSA-N,0,,,0,0,,,
1937,nimodipine,COCCOC(=O)C1=C(C)NC(C)=C(C(=O)OC(C)C)C1c1cccc([N+](=O)[O-])c1,UIAGMCDKSXEBJQ-UHFFFAOYSA-N,1,FDA,1988-12-28,1,15,ADORA3;CACNA1C;CACNA1D;CACNA1F;CACNA1H;CACNA1S;CACNG1;CNR1;CYP2C19;CYP2C9;CYP3A4;NR1H4;NR1I2;NR3C2;SLC28A1,CACNA1C;CACNA1D,
1938,nimorazole,O=[N+]([O-])c1cncn1CCN1CCOCC1,MDJFHRLTPRPZLY-UHFFFAOYSA-N,0,,,0,0,,,
1940,nipradilol,CC(C)NCC(O)COc1cccc2c1OCC(O[N+](=O)[O-])C2,OMCPLEZZPVJJIS-UHFFFAOYSA-N,0,,,0,0,,,
1941,niridazole,O=C1NCCN1c1ncc([N+](=O)[O-])s1,RDXLYGJSWZYTFJ-UHFFFAOYSA-N,0,,,0,0,,,
1942,nisoldipine,COC(=O)C1=C(C)NC(C)=C(C(=O)OCC(C)C)C1c1ccccc1[N+](=O)[O-],VKQFCGNPDRICFG-UHFFFAOYSA-N,1,FDA,1995-02-02,1,11,ADORA2A;ADORA3;CACNA1A;CACNA1C;CACNA1D;CACNA1H;CYP1A2;KCNH2;SCN1A;SCN2A;SCN3A,CACNA1C;CACNA1D,
1943,nitazoxanide,CC(=O)Oc1ccccc1C(=O)Nc1ncc([N+](=O)[O-])s1,YQNQNVDNTFHQSW-UHFFFAOYSA-N,1,FDA,2002-11-22,1,1,AKR1B1,,
1944,nitisinone,O=C1CCCC(=O)C1C(=O)c1ccc(C(F)(F)F)cc1[N+](=O)[O-],OUBCNLGXQFSTLU-UHFFFAOYSA-N,1,EMA;FDA,2002-01-18,1,1,HPD,HPD,
1945,nitrazepam,O=C1CN=C(c2ccccc2)c2cc([N+](=O)[O-])ccc2N1,KJONHKAYOJNZEC-UHFFFAOYSA-N,0,,,1,3,GABRA1;GABRB2;GABRG2,GABRA1;GABRB2;GABRG2,
1946,nitrefazole,Cc1nc([N+](=O)[O-])cn1-c1ccc([N+](=O)[O-])cc1,NMTBSNPBIGRZBL-UHFFFAOYSA-N,0,,,1,0,,,
1947,nitrendipine,CCOC(=O)C1=C(C)NC(C)=C(C(=O)OC)C1c1cccc([N+](=O)[O-])c1,PVHUJELLJLJGLN-UHFFFAOYSA-N,1,YEAR INTRODUCED,1985-01-01,0,14,ADORA3;CACNA1C;CACNA1D;CACNA1F;CACNA1H;CACNG1;CYP2C19;CYP2C9;KCNH2;KCNN4;SCN1A;SCN2A;SCN3A;TTR,CACNA1C;CACNA1D,
1948,nitric oxide,[N]=O,MWUXSHHQAYIFBG-UHFFFAOYSA-N,1,FDA,1999-12-23,1,4,GUCY1A2;GUCY1A3;GUCY1B2;GUCY1B3,GUCY1A2;GUCY1A3;GUCY1B2;GUCY1B3,inorganic
1949,nitrofurantoin,O=C1CN(/N=C/c2ccc([N+](=O)[O-])o2)C(=O)N1,NXFQHRVNIOXGAQ-YCRREMRBSA-N,1,FDA,1953-02-06,1,2,CISD1;G6PD,,
1950,nitrofurazone,NC(=O)N/N=C/c1ccc([N+](=O)[O-])o1,IAIWVQXQOWNYOU-FPYGCLRLSA-N,1,FDA,1945-10-04,1,1,G6PD,,
1952,glyceryl trinitrate,O=[N+]([O-])OCC(CO[N+](=O)[O-])O[N+](=O)[O-],SNIOPGDIGTZGOP-UHFFFAOYSA-N,1,FDA,1981-05-28,1,5,GUCY1A2;GUCY1A3;GUCY1B2;GUCY1B3;NPR1,GUCY1A2;GUCY1A3;GUCY1B2;GUCY1B3,
1954,nitroxoline,O=[N+]([O-])c1ccc(O)c2ncccc12,RJIWZDNTCBHXAL-UHFFFAOYSA-N,0,,,1,4,BRD4;CTSB;METAP2;PTGS2,,
1955,nizatidine,CNC(=C[N+](=O)[O-])NCCSCc1csc(CN(C)C)n1,SGXXNSQHWDMGGP-UHFFFAOYSA-N,1,FDA,1988-04-12,1,2,ACHE;HRH2,HRH2,
1956,nizofenone,CCN(CC)Cc1nccn1-c1ccc([N+](=O)[O-])cc1C(=O)c1ccccc1Cl,WZGBZLHGOVJDET-UHFFFAOYSA-N,1,PMDA,,0,0,,,
1957,nomegestrol acetate,CC(=O)O[C@]1(C(C)=O)CC[C@H]2[C@@H]3C=C(C)C4=CC(=O)CC[C@@H]4[C@H]3CC[C@@]21C,IIVBFTNIGYRNQY-YQLZSBIMSA-N,1,EMA,2011-07-27,1,0,,,
1958,nomifensine,CN1Cc2c(N)cccc2C(c2ccccc2)C1,XXPANQJNYNUNES-UHFFFAOYSA-N,1,FDA,,1,9,HBA1;HBB;HRH1;HTR1A;MAOA;MPO;SLC6A2;SLC6A3;SLC6A4,SLC6A2;SLC6A3,
1959,norelgestromin,C#C[C@]1(O)CC[C@H]2[C@@H]3CCC4=CC(=NO)CC[C@@H]4[C@H]3CC[C@@]21CC,ISHXLNHNDMZNMC-XUDSTZEESA-N,1,FDA,2001-11-20,1,1,PGR,PGR,
1960,norepinephrine,NC[C@H](O)c1ccc(O)c(O)c1,SFLSHLFXELFNJZ-QMMMGPOBSA-N,1,FDA,1950-07-13,1,12,ADRA1A;ADRA1B;ADRA1D;ADRA2A;ADRA2B;ADRA2C;ADRB1;ADRB2;ADRB3;DRD1;DRD2;SLC6A3,ADRA1A;ADRA1B;ADRA1D;ADRA2A;ADRA2C;ADRB1;ADRB2,
1961,norethandrolone,CC[C@]1(O)CC[C@H]2[C@@H]3CCC4=CC(=O)CC[C@@H]4[C@H]3CC[C@@]21C,ZDHCJEIGTNNEMY-XGXHKTLJSA-N,0,,,0,0,,,
1962,norethisterone,C#C[C@]1(O)CC[C@H]2[C@@H]3CCC4=CC(=O)CC[C@@H]4[C@H]3CC[C@@]21C,VIKNJXKGJWUCNN-XGXHKTLJSA-N,1,FDA,1962-05-21,1,6,AR;ESR1;NR3C1;PGR;SHBG;SLC6A4,PGR,
1963,norethindrone acetate,C#C[C@]1(OC(C)=O)CC[C@H]2[C@@H]3CCC4=CC(=O)CC[C@@H]4[C@H]3CC[C@@]21C,IMONTRJLAWHYGT-ZCPXKWAGSA-N,1,FDA,1973-04-30,1,7,AR;CYP2C19;ESR1;NR3C1;PGR;SHBG;SLC6A4,PGR,
1964,norethindrone enanthate,C#C[C@]1(OC(=O)CCCCCC)CC[C@H]2[C@@H]3CCC4=CC(=O)CC[C@@H]4[C@H]3CC[C@@]21C,APTGJECXMIKIET-WOSSHHRXSA-N,0,,,0,0,,,
1965,norethynodrel,C#C[C@]1(O)CC[C@H]2[C@@H]3CCC4=C(CCC(=O)C4)[C@H]3CC[C@@]21C,ICTXHFFSOAJUMG-SLHNCBLASA-N,1,FDA,1961-03-09,1,1,PGR,PGR,
1966,norfenefrine,NCC(O)c1cccc(O)c1,LRCXRAABFLIVAI-UHFFFAOYSA-N,0,,,0,0,,,
1967,norfloxacin,CCn1cc(C(=O)O)c(=O)c2cc(F)c(N3CCNCC3)cc21,OGJPXUAPXNRGGI-UHFFFAOYSA-N,1,FDA,1986-10-31,1,8,GABRA1;GABRA2;GABRA3;GABRA4;GABRA5;GABRA6;SLC47A1;TOP2B,,
1968,norgestimate,C#C[C@]1(OC(C)=O)CC[C@H]2[C@@H]3CCC4=C/C(=N/O)CC[C@@H]4[C@H]3CC[C@@]21CC,KIQQMECNKUGGKA-NMYWJIRASA-N,1,FDA,1989-12-29,1,3,PGR;TRPC3;TRPC6,PGR,
1969,normethadone,CCC(=O)C(CCN(C)C)(c1ccccc1)c1ccccc1,WCJFBSYALHQBSK-UHFFFAOYSA-N,0,,,0,0,,,
1970,methylestrenolone,C[C@]1(O)CC[C@H]2[C@@H]3CCC4=CC(=O)CC[C@@H]4[C@H]3CC[C@@]21C,ZXSWTMLNIIZPET-ZOFHRBRSSA-N,0,,,0,0,,,
1971,nortriptyline,CNCCC=C1c2ccccc2CCc2ccccc21,PHVGLTMQBUFIQQ-UHFFFAOYSA-N,1,FDA,1964-11-06,1,28,ADRA1A;ADRA1D;ADRA2A;ADRA2B;ADRA2C;AOX1;CHRM1;CHRM2;CHRM3;CHRM4;CHRM5;CYP2C19;CYP2D6;DRD1;DRD2;DRD3;HRH1;HRH2;HTR1A;HTR2A;HTR2B;HTR2C;HTR6;KCNJ10;RET;SLC6A2;SLC6A3;SLC6A4,SLC6A2;SLC6A4,
1973,noscapine,COc1ccc2c(c1OC)C(=O)O[C@@H]2[C@H]1c2c(cc3c(c2OC)OCO3)CCN1C,AKNNEGZIBPJZJG-MSOLQXFVSA-N,0,,,1,4,CYP2C19;CYP2C9;SLC22A2;SLC47A1,,
1974,novobiocin,CO[C@@H]1[C@@H](OC(N)=O)[C@@H](O)[C@H](Oc2ccc3c(O)c(NC(=O)c4ccc(O)c(CC=C(C)C)c4)c(=O)oc3c2C)OC1(C)C,YJQPYGGHQPGBLI-KGSXXDOSSA-N,1,FDA,1964-09-04,1,1,ABCG2,,
1975,noxiptiline,CN(C)CCON=C1c2ccccc2CCc2ccccc21,GPTURHKXTUDRPC-UHFFFAOYSA-N,0,,,0,0,,,
1976,buphenine,CC(CCc1ccccc1)NC(C)C(O)c1ccc(O)cc1,PTGXAUBQBSGPKF-UHFFFAOYSA-N,0,,,0,3,ADRA1A;ADRA1B;ADRA1D,,
1977,nystatin,C[C@@H]1[C@H](O)[C@@H](C)/C=C/C=C/CC/C=C/C=C/C=C/C=C/[C@H](O[C@@H]2O[C@H](C)[C@@H](O)[C@H](N)[C@@H]2O)C[C@@H]2O[C@](O)(C[C@@H](O)[C@H](O)CC[C@@H](O)C[C@@H](O)C[C@@H](O)CC(=O)O[C@H]1C)C[C@H](O)[C@H]2C(=O)O,VQOXZBDYSJBXMA-NQTDYLQESA-N,1,FDA,1964-07-08,0,0,,,
1978,octodrine,CC(C)CCCC(C)N,QNIVIMYXGGFTAK-UHFFFAOYSA-N,0,,,0,0,,,
1979,octotiamine,COC(=O)CCCCC(CCSSC(CCO)=C(C)N(C=O)Cc1cnc(C)nc1N)SC(C)=O,VJTXQHYNRDGLON-UHFFFAOYSA-N,0,,,0,0,,,
1980,octreotide,C[C@@H](O)[C@H](CO)NC(=O)[C@@H]1CSSC[C@H](NC(=O)[C@@H](N)Cc2ccccc2)C(=O)N[C@@H](Cc2ccccc2)C(=O)N[C@@H](Cc2c[nH]c3ccccc23)C(=O)N[C@@H](CCCCN)C(=O)N[C@@H]([C@@H](C)O)C(=O)N1,DEQANNDTNATYII-WKXAURAUSA-N,1,FDA;PMDA,1988-10-21,1,6,OPRM1;SSTR1;SSTR2;SSTR3;SSTR4;SSTR5,SSTR1;SSTR2;SSTR3;SSTR4;SSTR5,
1981,ofloxacin,CC1COc2c(N3CCN(C)CC3)c(F)cc3c(=O)c(C(=O)O)cn1c23,GSDSWSVVBLHKDQ-UHFFFAOYSA-N,1,FDA,1990-12-28,1,4,CHRM1;GABRA2;HRH3;SLC6A4,,
1982,olanzapine,Cc1cc2c(s1)Nc1ccccc1N=C2N1CCN(C)CC1,KVWDHTXUZHCGIO-UHFFFAOYSA-N,1,FDA,1996-09-30,1,37,ADRA1A;ADRA1B;ADRA1D;ADRA2A;ADRA2B;ADRA2C;ADRB1;ADRB2;AOX1;CHRM1;CHRM2;CHRM3;CHRM4;CHRM5;DRD1;DRD2;DRD3;DRD4;DRD5;GFER;H1F0;HRH1;HRH2;HTR1A;HTR1B;HTR1D;HTR1E;HTR1F;HTR2A;HTR2B;HTR2C;HTR3A;HTR5A;HTR6;HTR7;KCNH2;SLC6A4,DRD2;HTR2A,
1983,oleandomycin,CO[C@H]1C[C@H](O[C@H]2[C@H](C)[C@@H](O[C@@H]3O[C@H](C)C[C@H](N(C)C)[C@H]3O)[C@@H](C)C[C@@]3(CO3)C(=O)[C@H](C)[C@@H](O)[C@@H](C)[C@@H](C)OC(=O)[C@@H]2C)O[C@@H](C)[C@@H]1O,RZPAKFUAFGMUPI-QESOVKLGSA-N,0,,,0,0,,,
1985,olmesartan medoxomil,CCCc1nc(C(C)(C)O)c(C(=O)OCc2oc(=O)oc2C)n1Cc1ccc(-c2ccccc2-c2nnn[nH]2)cc1,UQGKUQLKSCSZGY-UHFFFAOYSA-N,1,FDA,2002-04-25,1,1,AGTR1,AGTR1,
1986,olopatadine,CN(C)CC/C=C1/c2ccccc2COc2ccc(CC(=O)O)cc21,JBIMVDZLSHOPLA-LSCVHKIXSA-N,1,FDA,1996-12-18,1,1,HRH1,HRH1,
1987,olprinone,Cc1[nH]c(=O)c(C#N)cc1-c1ccc2nccn2c1,JPAWFIIYTJQOKW-UHFFFAOYSA-N,1,PMDA,1996-04-01,0,2,PDE3A;PDE3B,PDE3A;PDE3B,
1988,olsalazine,O=C(O)c1cc(N=Nc2ccc(O)c(C(=O)O)c2)ccc1O,QQBDLJCYGRGAKP-UHFFFAOYSA-N,1,FDA,1990-07-31,1,4,ALOX5;PPARG;PTGS1;PTGS2,ALOX5;PPARG;PTGS1;PTGS2,
1989,omapatrilat,O=C(N[C@H]1CCS[C@H]2CCC[C@@H](C(=O)O)N2C1=O)[C@@H](S)Cc1ccccc1,LVRLSYPNFFBYCZ-VGWMRTNUSA-N,0,,,0,3,ACE;APP;MME,,
1990,omeprazole,COc1ccc2nc(S(=O)Cc3ncc(C)c(OC)c3C)[nH]c2c1,SUBDBMMJDZJVOS-UHFFFAOYSA-N,1,FDA,1989-09-14,1,11,ABCB1;ATP4A;ATP4B;CYP1A2;CYP2C19;CYP2C9;CYP3A4;DDAH1;ENGASE;FASN;GSTO1,ATP4A;ATP4B,
1991,omoconazole,C/C(=C(/OCCOc1ccc(Cl)cc1)c1ccc(Cl)cc1Cl)n1ccnc1,JMFOSJNGKJCTMJ-ZHZULCJRSA-N,0,,,0,0,,,
1992,ondansetron,Cc1nccn1CC1CCc2c(c3ccccc3n2C)C1=O,FELGMEQIXOGIFQ-UHFFFAOYSA-N,1,FDA,1991-01-04,1,12,AOX1;CHRNA4;CHRNB2;HTR2B;HTR3A;HTR3B;KCNH2;SLC22A1;SLC22A2;SLC22A3;SLC47A1;SLC47A2,HTR3A,
1993,opipramol,OCCN1CCN(CCCN2c3ccccc3C=Cc3ccccc32)CC1,YNZFUWZUGRBMHL-UHFFFAOYSA-N,0,,,0,2,EBP;SIGMAR1,,
1994,orazamide,NC(=O)c1nc[nH]c1N,DVNYTAVYBRSTGK-UHFFFAOYSA-N,0,,,0,0,,,
1996,orlistat,CCCCCCCCCCC[C@@H](C[C@@H]1OC(=O)[C@H]1CCCCCC)OC(=O)[C@H](CC(C)C)NC=O,AHLBNYSZXLDEJQ-FWEHEUNISA-N,1,FDA,1999-04-23,1,13,ABHD12;ABHD16A;ABHD6;CNR1;DAGLA;DAGLB;FASN;LIPC;LIPF;LIPG;LPL;PLA2G7;PNLIP,LIPF;PNLIP,
1997,ornidazole,Cc1ncc([N+](=O)[O-])n1CC(O)CCl,IPWKIXLWTCNBKN-UHFFFAOYSA-N,0,,,1,0,,,
1998,ornoprostil,CCCC[C@H](C)C[C@H](O)/C=C/[C@H]1[C@H](O)CC(=O)[C@@H]1CC(=O)CCCCC(=O)OC,BBRBUTFBTUFFBU-LHACABTQSA-N,0,,,0,0,,,
1999,orphenadrine,Cc1ccccc1C(OCCN(C)C)c1ccccc1,QVYRGXJJSLMXQH-UHFFFAOYSA-N,1,FDA,1957-05-10,1,30,ADRA2A;ADRA2B;CHRM1;CHRM2;CHRM3;CHRM4;CHRM5;CYP2D6;GRIN1;GRIN2A;GRIN2B;GRIN2C;GRIN2D;GRIN3A;GRIN3B;HRH1;HRH2;HTR2A;HTR2B;HTR2C;HTR6;KCNH2;SCN10A;SCN1A;SCN4A;SCN5A;SCN9A;SLC22A1;SLC6A2;SLC6A4,HRH1;SCN10A;SCN1A;SCN4A;SCN5A;SCN9A,
2000,osalmid,O=C(Nc1ccc(O)cc1)c1ccccc1O,LGCMKPRGGJRYGM-UHFFFAOYSA-N,0,,,0,0,,,
2001,oseltamivir,CCOC(=O)C1=C[C@@H](OC(CC)CC)[C@H](NC(C)=O)[C@@H](N)C1,VSZGPKBBMSAYNT-RRFJBIMHSA-N,1,FDA,1999-10-27,1,0,,,
2002,oteracil,O=C(O)c1nc(=O)[nH]c(=O)[nH]1,RYYCJUAHISIHTL-UHFFFAOYSA-N,1,EMA,2011-03-14,0,1,UMPS,UMPS,
2003,otilonium bromide,CCCCCCCCOc1ccccc1C(=O)Nc1ccc(C(=O)OCC[N+](C)(CC)CC)cc1,NQHNLNLJPDMBFN-UHFFFAOYSA-O,0,,,0,0,,,charged_parent
2004,ouabain,C[C@@H]1O[C@@H](O[C@H]2C[C@@H](O)[C@]3(CO)[C@H]4[C@H](O)C[C@]5(C)[C@@H](C6=CC(=O)OC6)CC[C@]5(O)[C@@H]4CC[C@]3(O)C2)[C@H](O)[C@H](O)[C@H]1O,LPMXVESGRSUGHW-HBYQJFLCSA-N,1,YEAR INTRODUCED,1865-01-01,0,3,ATP1A1;KCNH2;STAT3,,
2005,oxaceprol,CC(=O)N1C[C@H](O)C[C@H]1C(=O)O,BAPRUDZDYCKSOQ-RITPCOANSA-N,0,,,0,0,,,
2006,oxacillin,Cc1onc(-c2ccccc2)c1C(=O)N[C@@H]1C(=O)N2[C@@H]1SC(C)(C)[C@@H]2C(=O)O,UWYHMGVUTGAWSP-JKIFEVAISA-N,1,FDA,1971-04-08,1,3,PDE11A;PTGS1;PTGS2,,
2007,oxaflozane,CC(C)N1CCOC(c2cccc(C(F)(F)F)c2)C1,FVYUQFQCEOZYHZ-UHFFFAOYSA-N,0,,,0,0,,,
2008,oxametacin,COc1ccc2c(c1)c(CC(=O)NO)c(C)n2C(=O)c1ccc(Cl)cc1,AJRNYCDWNITGHF-UHFFFAOYSA-N,0,,,0,1,PTGS1,,
2009,oxamniquine,CC(C)NCC1CCc2cc(CO)c([N+](=O)[O-])cc2N1,XCGYUJZMCCFSRP-UHFFFAOYSA-N,1,FDA,1980-07-23,1,0,,,
2010,oxanamide,CCCC1OC1(CC)C(N)=O,WBLPIVIXQOFTPQ-UHFFFAOYSA-N,0,,,0,0,,,
2011,oxandrolone,C[C@]12COC(=O)C[C@@H]1CC[C@@H]1[C@@H]2CC[C@@]2(C)[C@H]1CC[C@]2(C)O,QSLJIVKCVHQPLV-PEMPUTJUSA-N,1,FDA,1964-07-21,1,1,AR,AR,
2013,oxaprozin,O=C(O)CCc1nc(-c2ccccc2)c(-c2ccccc2)o1,OFPXSFXSNFPTHF-UHFFFAOYSA-N,1,FDA,1992-10-29,1,6,C5;EPHX2;FPR1;PTGS1;PTGS2;SHMT2,PTGS1;PTGS2,
2014,oxatomide,O=c1[nH]c2ccccc2n1CCCN1CCN(C(c2ccccc2)c2ccccc2)CC1,BAINIUMDFURPJM-UHFFFAOYSA-N,1,YEAR INTRODUCED,1981-01-01,0,5,CHRM1;DRD3;HRH1;HTR2A;HTR2B,HRH1,
2015,oxazepam,O=C1Nc2ccc(Cl)cc2C(c2ccccc2)=NC1O,ADIMAYPTOBDMTL-UHFFFAOYSA-N,1,FDA,1965-06-04,1,3,GABRA1;GABRB3;GABRG2,GABRA1;GABRB3;GABRG2,
2016,oxazolam,CC1CN2CC(=O)Nc3ccc(Cl)cc3C2(c2ccccc2)O1,VCCZBYPHZRWKFY-UHFFFAOYSA-N,0,,,0,0,,,
2017,oxcarbazepine,NC(=O)N1c2ccccc2CC(=O)c2ccccc21,CTRLABGOLIVAIY-UHFFFAOYSA-N,1,FDA,2000-01-14,1,1,SCN5A,SCN5A,
2018,oxeladin,CCN(CC)CCOCCOC(=O)C(CC)(CC)c1ccccc1,IQADUMSPOQKAAO-UHFFFAOYSA-N,0,,,1,0,,,
2019,oxetorone,CN(C)CCC=C1c2ccccc2OCc2c1oc1ccccc21,VZVRZTZPHOHSCK-UHFFFAOYSA-N,0,,,0,0,,,
2021,oxiracetam,NC(=O)CN1CC(O)CC1=O,IHLAQQPQKRMGSS-UHFFFAOYSA-N,0,,,0,0,,,
2022,oxitropium,CC[N+]1(C)[C@@H]2C[C@@H](OC(=O)[C@H](CO)c3ccccc3)C[C@H]1[C@@H]1O[C@@H]12,NVOYVOBDTVTBDX-PMEUIYRNSA-N,0,,,0,0,,,charged_parent
2023,oxolamine,CCN(CC)CCc1nc(-c2ccccc2)no1,IDCHQQSVJAAUQQ-UHFFFAOYSA-N,0,,,0,0,,,
2024,oxolinic acid,CCn1cc(C(=O)O)c(=O)c2cc3c(cc21)OCO3,KYGZCKSPAKDVKC-UHFFFAOYSA-N,0,,,0,0,,,
2025,oxomemazine,CC(CN(C)C)CN1c2ccccc2S(=O)(=O)c2ccccc21,QTQPVLDZQVPLGV-UHFFFAOYSA-N,0,,,0,0,,,
2026,oxyphencyclimine,CN1CCCN=C1COC(=O)C(O)(c1ccccc1)C1CCCCC1,DUDKAZCAISNGQN-UHFFFAOYSA-N,1,FDA,,1,2,CHRM1;CHRM3,CHRM1;CHRM3,
2027,oxprenolol,C=CCOc1ccccc1OCC(O)CNC(C)C,CEMAWMOMDPGJMB-UHFFFAOYSA-N,1,FDA,,1,3,ADRB1;ADRB2;SLC22A1,ADRB1;ADRB2,
2028,oxybutynin,CCN(CC)CC#CCOC(=O)C(O)(c1ccccc1)C1CCCCC1,XIQVNETUBQGFHX-UHFFFAOYSA-N,1,FDA,1975-07-16,1,11,CHRM1;CHRM2;CHRM3;CHRM4;CHRM5;CYP2C19;DRD3;HTR2B;SIGMAR1;SLC6A2;SLC6A3,CHRM1;CHRM3,
2029,oxycodone,COc1ccc2c3c1O[C@H]1C(=O)CC[C@@]4(O)[C@@H](C2)N(C)CC[C@]314,BRUQQQPBMZOVGD-XFKAJCMBSA-N,1,FDA,1950-04-12,1,3,OPRD1;OPRK1;OPRM1,OPRM1,
2030,oxyfedrine,COc1cccc(C(=O)CCN[C@@H](C)[C@H](O)c2ccccc2)c1,GDYUVHBMFVMBAF-LIRRHRJNSA-N,0,,,0,0,,,
2031,oxymesterone,C[C@]12CCC(=O)C(O)=C1CC[C@@H]1[C@@H]2CC[C@@]2(C)[C@H]1CC[C@]2(C)O,RXXBBHGCAXVBES-XMUHMHRVSA-N,0,,,0,0,,,
2032,oxymetazoline,Cc1cc(C(C)(C)C)c(O)c(C)c1CC1=NCCN1,WYWIFABBXFUGLM-UHFFFAOYSA-N,1,FDA,1986-05-30,1,18,ADRA1A;ADRA1B;ADRA1D;ADRA2A;ADRA2B;ADRA2C;CHRM4;CHRM5;CYP2D6;HTR1A;HTR1B;HTR1D;HTR1E;HTR2A;HTR2B;HTR2C;HTR6;NISCH,ADRA1A;ADRA2B,
2033,oxymetholone,C[C@]12C/C(=C/O)C(=O)C[C@@H]1CC[C@@H]1[C@@H]2CC[C@@]2(C)[C@H]1CC[C@]2(C)O,ICMWWNHDUZJFDW-DHODBPELSA-N,1,FDA,1972-01-18,1,2,AR;ESR1,AR,
2034,oxymorphone,CN1CC[C@]23c4c5ccc(O)c4O[C@H]2C(=O)CC[C@@]3(O)[C@H]1C5,UQCNKQCJZOAFTQ-ISWURRPUSA-N,1,FDA,1959-04-02,1,3,OPRD1;OPRK1;OPRM1,OPRD1;OPRK1;OPRM1,
2035,oxypertine,COc1cc2[nH]c(C)c(CCN3CCN(c4ccccc4)CC3)c2cc1OC,XCWPUUGSGHNIDZ-UHFFFAOYSA-N,0,,,1,0,,,
2036,oxyphenbutazone,CCCCC1C(=O)N(c2ccccc2)N(c2ccc(O)cc2)C1=O,HFHZKZSRXITVMK-UHFFFAOYSA-N,1,FDA,1960-12-21,1,5,FPR1;NAPRT;PTGIS;PTGS1;PTGS2,PTGS1;PTGS2,
2037,oxyphenisatine acetate,CC(=O)Oc1ccc(C2(c3ccc(OC(C)=O)cc3)C(=O)Nc3ccccc32)cc1,PHPUXYRXPHEJDF-UHFFFAOYSA-N,0,,,1,0,,,
2038,oxyphenisatine,O=C1Nc2ccccc2C1(c1ccc(O)cc1)c1ccc(O)cc1,SJDACOMXKWHBOW-UHFFFAOYSA-N,1,FDA,,1,0,,,
2039,oxyphenonium,CC[N+](C)(CC)CCOC(=O)C(O)(c1ccccc1)C1CCCCC1,GFRUPHOKLBPHTQ-UHFFFAOYSA-N,1,FDA,,1,3,CHRM1;CHRM3;CHRM4,CHRM1;CHRM3,charged_parent
2040,oxysonium,C[S+](C)CCOC(=O)C(O)(c1ccccc1)C1CCCCC1,PMFZALLSVLZXMR-UHFFFAOYSA-N,0,,,0,0,,,charged_parent
2041,oxytetracycline,CN(C)[C@@H]1C(O)=C(C(N)=O)C(=O)[C@@]2(O)C(O)=C3C(=O)c4c(O)cccc4[C@@](C)(O)[C@H]3[C@H](O)[C@@H]12,IWVCMVBTMGNXQD-PXOLEDIWSA-N,1,FDA,1964-09-08,1,0,,,
2042,oxytocin,CC[C@H](C)[C@@H]1NC(=O)[C@H](Cc2ccc(O)cc2)NC(=O)[C@@H](N)CSSC[C@@H](C(=O)N2CCC[C@H]2C(=O)N[C@@H](CC(C)C)C(=O)NCC(N)=O)NC(=O)[C@H](CC(N)=O)NC(=O)[C@H](CCC(N)=O)NC1=O,XNOPRXBHLZRZKH-DSZYJQQASA-N,1,FDA,1980-04-17,1,5,AVPR1A;AVPR1B;AVPR2;OXT;OXTR,OXTR,
2043,ozagrel,O=C(O)/C=C/c1ccc(Cn2ccnc2)cc1,SHZKQBHERIJWAO-AATRIKPKSA-N,0,,,1,1,TBXAS1,,
2044,paclitaxel,CC(=O)O[C@H]1C(=O)[C@@]2(C)[C@H]([C@H](OC(=O)c3ccccc3)[C@]3(O)C[C@H](OC(=O)[C@H](O)[C@@H](NC(=O)c4ccccc4)c4ccccc4)C(C)=C1C3(C)C)[C@]1(OC(C)=O)CO[C@@H]1C[C@@H]2O,RCINICONZNJXQF-MZXODVADSA-N,1,EMA;FDA;PMDA,1992-12-29,1,21,ABCB1;ABCB11;ABCC10;CCKAR;ERBB2;FYN;MC5R;MERTK;NOD2;NR1I2;OPRD1;TACR2;TUBB;TUBB1;TUBB2A;TUBB2B;TUBB3;TUBB4A;TUBB4B;TUBB6;TUBB8,TUBB;TUBB1;TUBB2A;TUBB2B;TUBB3;TUBB4A;TUBB4B;TUBB6;TUBB8,
2045,palmidrol,CCCCCCCCCCCCCCCC(=O)NCCO,HXYVTAGFYLMHSO-UHFFFAOYSA-N,0,,,0,3,CNR1;CNR2;GPR55,,
2046,palonosetron,O=C1c2cccc3c2[C@H](CCC3)CN1[C@@H]1CN2CCC1CC2,CPZBLNMUGSZIPR-NVXWUHKLSA-N,1,EMA;FDA,2003-07-25,1,2,HTR3A;HTR3B,HTR3A,
2047,pamabrom,Cn1c(=O)c2nc(Br)[nH]c2n(C)c1=O,SKTFQHRVFFOHTQ-UHFFFAOYSA-N,1,FDA,,0,0,,,
2048,pamidronic acid,NCCC(O)(P(=O)(O)O)P(=O)(O)O,WRUUGTRCQOWXEG-UHFFFAOYSA-N,1,FDA,1991-10-31,1,1,FDPS,FDPS,
2049,aminobenzoic acid,Nc1ccc(C(=O)O)cc1,ALYNCZNDIQEVRV-UHFFFAOYSA-N,0,,,0,2,CA1;CA2,,
2050,aminosalicylic acid,Nc1ccc(C(=O)O)c(O)c1,WUBBRNOQWQTFEX-UHFFFAOYSA-N,1,FDA,1950-03-08,1,3,PTGS1;PTGS2;PTPN1,PTGS1;PTGS2,
2051,aminosalicylic acid hydrazide,NNC(=O)c1ccc(N)cc1O,FYZGXAKJVDHGDR-UHFFFAOYSA-N,0,,,0,0,,,
2052,pancuronium,CC(=O)O[C@H]1C[C@@H]2CC[C@@H]3[C@H](CC[C@@]4(C)[C@H]3C[C@H]([N+]3(C)CCCCC3)[C@@H]4OC(C)=O)[C@@]2(C)C[C@@H]1[N+]1(C)CCCCC1,GVEAYVLWDAFXET-XGHATYIMSA-N,1,FDA,1972-10-24,1,6,CHRNA1;CHRNA4;CHRNB1;CHRNB2;CHRND;CHRNG,CHRNA1;CHRNB1;CHRND,charged_parent
2053,panipenem,CC(=N)N1CC[C@H](SC2=C(C(=O)O)N3C(=O)[C@H]([C@@H](C)O)[C@H]3C2)C1,TYMABNNERDVXID-DLYFRVTGSA-N,0,,,0,0,,,
2054,pantoprazole,COc1ccnc(CS(=O)c2nc3ccc(OC(F)F)cc3[nH]2)c1OC,IQPSEEYGBUAQFF-UHFFFAOYSA-N,1,FDA,2000-02-02,1,8,ATP1A1;ATP4A;ATP4B;DDAH1;FASN;SLC22A2;SLC47A1;SLC47A2,ATP4A;ATP4B,
2055,calcium pantothenate,CC(C)(CO)[C@@H](O)C(=O)NCCC(=O)O,GHOKWGTUZJEAQD-ZETCQYMHSA-N,1,FDA,1993-12-29,1,0,,,
2056,papaverine,COc1ccc(Cc2nccc3cc(OC)c(OC)cc23)cc1OC,XQYZDYMELSJDRZ-UHFFFAOYSA-N,1,FDA,,0,16,ACHE;CYP2C19;KCNH2;PADI4;PDE10A;PDE1A;PDE1B;PDE1C;PDE2A;PDE3A;PDE3B;PDE4A;PDE4B;PDE4D;PDE5A;SHMT2,,
2057,papaveroline,Oc1ccc(Cc2nccc3cc(O)c(O)cc23)cc1O,MXQKCNCLQIHHJA-UHFFFAOYSA-N,0,,,0,0,,,
2058,paraldehyde,CC1OC(C)OC(C)O1,SQYNKIJPMDEDEG-UHFFFAOYSA-N,0,,,1,0,,,
2059,paramethadione,CCC1(C)OC(=O)N(C)C1=O,VQASKUSHBVDKGU-UHFFFAOYSA-N,1,FDA,1949-06-15,1,3,CACNA1G;CACNA1H;CACNA1I,CACNA1G;CACNA1H;CACNA1I,
2060,paramethasone acetate,CC(=O)OCC(=O)[C@@]1(O)[C@H](C)C[C@H]2[C@@H]3C[C@H](F)C4=CC(=O)C=C[C@]4(C)[C@H]3[C@@H](O)C[C@@]21C,HYRKAAMZBDSJFJ-LFDBJOOHSA-N,1,FDA,,1,0,,,
2062,parapenzolate,C[N+]1(C)CCC(OC(=O)C(O)(c2ccccc2)c2ccccc2)CC1,DMXLLYHBWUOZCZ-UHFFFAOYSA-N,0,,,0,0,,,charged_parent
2063,parecoxib,CCC(=O)NS(=O)(=O)c1ccc(-c2c(-c3ccccc3)noc2C)cc1,TZRHLKRLEZJVIJ-UHFFFAOYSA-N,1,EMA,2002-03-22,1,2,PTGS1;PTGS2,PTGS2,
2064,pargeverine,C#CCOC(C(=O)OCCN(C)C)(c1ccccc1)c1ccccc1,QNPHCSSJLHAKSA-UHFFFAOYSA-N,0,,,0,0,,,
2065,pargyline,C#CCN(C)Cc1ccccc1,DPWPWRLQFGFJFI-UHFFFAOYSA-N,1,FDA,1961-01-01,1,2,MAOA;MAOB,MAOA;MAOB,
2066,paricalcitol,C[C@H](/C=C/[C@H](C)C(C)(C)O)[C@H]1CC[C@H]2/C(=C/C=C3C[C@@H](O)C[C@H](O)C3)CCC[C@]12C,BPKAHTKRCLCHEA-UBFJEZKGSA-N,1,FDA,1998-04-17,1,1,VDR,VDR,
2067,paromomycin,NC[C@@H]1O[C@H](O[C@H]2[C@@H](O)[C@H](O[C@@H]3[C@@H](O)[C@H](N)C[C@H](N)[C@H]3O[C@H]3O[C@H](CO)[C@@H](O)[C@H](O)[C@H]3N)O[C@@H]2CO)[C@H](N)[C@@H](O)[C@@H]1O,UOZODPSAJZTQNH-LSWIJEOBSA-N,1,FDA,1969-03-24,1,0,,,
2068,paroxetine,Fc1ccc([C@@H]2CCNC[C@H]2COc2ccc3c(c2)OCO3)cc1,AHOUBRCZNHFOSL-YOEHRIQHSA-N,1,FDA,1992-12-29,1,19,ADRB1;CHRM1;CHRM2;CHRM3;CHRM4;CHRM5;CYP1A2;CYP2D6;DRD3;GRK2;HTR1A;KCNH2;MPO;P2RX4;SIGMAR1;SLC6A2;SLC6A3;SLC6A4;TACR1,SLC6A4,
2069,paroxypropione,CCC(=O)c1ccc(O)cc1,RARSHUDCJQSEFJ-UHFFFAOYSA-N,0,,,0,0,,,
2070,pazufloxacin,C[C@H]1COc2c(C3(N)CC3)c(F)cc3c(=O)c(C(=O)O)cn1c23,XAGMUUZPGZWTRP-ZETCQYMHSA-N,0,,,0,0,,,
2071,pefloxacin,CCn1cc(C(=O)O)c(=O)c2cc(F)c(N3CCN(C)CC3)cc21,FHFYDNQZQSQIAI-UHFFFAOYSA-N,1,YEAR INTRODUCED,1985-01-01,0,1,CYP1A2,,
2073,pemetrexed,Nc1nc(=O)c2c(CCc3ccc(C(=O)N[C@@H](CCC(=O)O)C(=O)O)cc3)c[nH]c2[nH]1,WBXPDJSOTKVWSJ-ZDUSSCGKSA-N,1,EMA;FDA,2004-02-04,1,9,DHFR;FOLR1;FOLR2;FPGS;GART;SHMT1;SLC19A1;SLC46A1;TYMS,DHFR;GART;TYMS,
2074,pemirolast,Cc1cccn2c(=O)c(-c3nnn[nH]3)cnc12,HIANJWSAHKJQTH-UHFFFAOYSA-N,1,FDA,1999-09-24,1,0,,,
2075,pemoline,NC1=NC(=O)C(c2ccccc2)O1,NRNCYVBFPDDJNE-UHFFFAOYSA-N,1,FDA,1975-01-27,1,1,SLC6A3,,
2076,pempidine,CN1C(C)(C)CCCC1(C)C,XULIXFLCVXWHRF-UHFFFAOYSA-N,0,,,0,0,,,
2077,penamecillin,CC(=O)OCOC(=O)[C@@H]1N2C(=O)[C@@H](NC(=O)Cc3ccccc3)[C@H]2SC1(C)C,NLOOMWLTUVBWAW-HLLBOEOZSA-N,0,,,0,0,,,
2078,penbutolol,CC(C)(C)NC[C@H](O)COc1ccccc1C1CCCC1,KQXKVJAGOJTNJS-HNNXBMFYSA-N,1,FDA,1987-12-30,1,4,ADRB1;ADRB2;HTR1A;ORM1,ADRB1;ADRB2,
2079,penciclovir,Nc1nc(=O)c2ncn(CCC(CO)CO)c2[nH]1,JNTOCHDNEULJHD-UHFFFAOYSA-N,1,FDA,1996-09-24,1,0,,,
2080,penfluridol,OC1(c2ccc(Cl)c(C(F)(F)F)c2)CCN(CCCC(c2ccc(F)cc2)c2ccc(F)cc2)CC1,MDLAAYDRRZXJIF-UHFFFAOYSA-N,0,,,0,21,ADRA1D;ADRA2B;ADRA2C;ADRB3;DRD1;DRD2;DRD3;DRD4;DRD5;HRH1;HRH2;HTR1A;HTR1D;HTR2A;HTR2B;HTR2C;HTR5A;HTR6;OPRD1;OPRK1;OPRM1,,
2081,penicillamine,CC(C)(S)[C@@H](N)C(=O)O,VVNCNSJFMMFHPL-VKHMYHEASA-N,1,FDA,1970-12-04,1,0,,,
2082,benzylpenicillin,CC1(C)S[C@@H]2[C@H](NC(=O)Cc3ccccc3)C(=O)N2[C@H]1C(=O)O,JGSARLDLIJGVTE-MBNYWOFBSA-N,1,FDA,1947-02-06,1,0,,,
2083,phenoxymethylpenicillin,CC1(C)S[C@@H]2[C@H](NC(=O)COc3ccccc3)C(=O)N2[C@H]1C(=O)O,BPLBGHOLXOTWMN-MBNYWOFBSA-N,1,FDA,1958-01-13,1,0,,,
2085,pentaerythritol,OCC(CO)(CO)CO,WXZMFSXDPGVJKK-UHFFFAOYSA-N,0,,,0,0,,,
2086,petrichloral,OC(OCC(COC(O)C(Cl)(Cl)Cl)(COC(O)C(Cl)(Cl)Cl)COC(O)C(Cl)(Cl)Cl)C(Cl)(Cl)Cl,OKACKALPXHBEMA-UHFFFAOYSA-N,0,,,0,0,,,
2087,pentaerithrityl tetranitrate,O=[N+]([O-])OCC(CO[N+](=O)[O-])(CO[N+](=O)[O-])CO[N+](=O)[O-],TZRXHJWUDPFEEY-UHFFFAOYSA-N,0,,,0,0,,,
2088,pentagastrin,CSCC[C@H](NC(=O)[C@H](Cc1c[nH]c2ccccc12)NC(=O)CCNC(=O)OC(C)(C)C)C(=O)N[C@@H](CC(=O)O)C(=O)N[C@@H](Cc1ccccc1)C(N)=O,NEYNJQRKHLUJRU-DZUOILHNSA-N,1,FDA,1974-07-26,1,1,CCKBR,,
2089,pentagestrone acetate,CC(=O)O[C@]1(C(C)=O)CC[C@H]2[C@@H]3CC=C4C=C(OC5CCCC5)CC[C@]4(C)[C@H]3CC[C@@]21C,NSRLWNNZHGRGJS-JVACCQEYSA-N,0,,,0,0,,,
2090,pentamidine,N=C(N)c1ccc(OCCCCCOc2ccc(C(=N)N)cc2)cc1,XDRYMKDFEDOLFX-UHFFFAOYSA-N,1,FDA,1984-10-16,1,30,ADRA1D;ADRA2A;AOC1;CHRM2;CHRM4;CHRM5;DRD3;F10;GRIN1;GRIN2A;HTR2A;HTR2C;KCNH2;MAOA;PLG;PRMT1;PRSS1;PTP4A1;PTP4A2;PTP4A3;S100B;SAT1;SLC22A1;SLC22A2;SLC22A3;SLC47A1;SLC47A2;SLC6A2;SLC6A3;ST14,,
2092,pentetic acid,O=C(O)CN(CCN(CC(=O)O)CC(=O)O)CCN(CC(=O)O)CC(=O)O,QPCDCPDFJACHGM-UHFFFAOYSA-N,1,FDA,,1,0,,,
2093,penthienate,CC[N+](C)(CC)CCOC(=O)C(O)(c1cccs1)C1CCCC1,NEMLPWNINZELKP-UHFFFAOYSA-N,0,,,0,0,,,charged_parent
2094,pentifylline,CCCCCCn1c(=O)c2c(ncn2C)n(C)c1=O,MRWQRJMESRRJJB-UHFFFAOYSA-N,0,,,0,0,,,
2095,pentobarbital,CCCC(C)C1(CC)C(=O)NC(=O)NC1=O,WEXRUCMBJFQVBZ-UHFFFAOYSA-N,1,FDA,1973-09-19,1,6,GABRA1;GABRA2;GABRB2;GABRB3;GABRG2;KCNH2,GABRA1;GABRB2;GABRB3;GABRG2,
2096,pentolonium,C[N+]1(CCCCC[N+]2(C)CCCC2)CCCC1,XSBSKEQEUFOSDD-UHFFFAOYSA-N,1,FDA,,1,3,CHRNA10;CHRNA3;CHRNB4,CHRNA3;CHRNB4,charged_parent
2098,pentostatin,OC[C@H]1O[C@@H](n2cnc3c2NC=NC[C@H]3O)C[C@@H]1O,FPVKHBSQESCIEP-JQCXWYLXSA-N,1,FDA,1991-10-11,1,1,ADA,ADA,
2099,pentoxifylline,CC(=O)CCCCn1c(=O)c2c(ncn2C)n(C)c1=O,BYPFEZZEUUWMEJ-UHFFFAOYSA-N,1,FDA,1984-08-30,1,4,ACHE;ADORA2B;PDE4B;PDE5A,ADORA2B;PDE4B;PDE5A,
2100,perazine,CN1CCN(CCCN2c3ccccc3Sc3ccccc32)CC1,WEYVCQFUGFRXOM-UHFFFAOYSA-N,0,,,0,0,,,
2101,perfluamine,FC(F)(F)C(F)(F)C(F)(F)N(C(F)(F)C(F)(F)C(F)(F)F)C(F)(F)C(F)(F)C(F)(F)F,JAJLKEVKNDUJBG-UHFFFAOYSA-N,0,,,0,0,,,
2102,perflubron,FC(F)(F)C(F)(F)C(F)(F)C(F)(F)C(F)(F)C(F)(F)C(F)(F)C(F)(F)Br,WTWWXOGTJWMJHI-UHFFFAOYSA-N,1,FDA,1993-08-13,1,0,,,
2103,perflunafene,FC1(F)C(F)(F)C(F)(F)C2(F)C(F)(F)C(F)(F)C(F)(F)C(F)(F)C2(F)C1(F)F,UWEYRJFJVCLAGH-UHFFFAOYSA-N,0,,,0,0,,,
2104,perflutren,FC(F)(F)C(F)(F)C(F)(F)F,QYSGYZVSCZSLHT-UHFFFAOYSA-N,1,FDA,2001-07-31,1,0,,,
2105,pergolide,CCCN1C[C@H](CSC)C[C@@H]2c3cccc4[nH]cc(c34)C[C@H]21,YEHCICAEULNIGD-MZMPZRCHSA-N,1,FDA,1988-12-30,1,20,ADRA1A;ADRA1B;ADRA1D;ADRA2A;ADRA2B;ADRA2C;CYP2D6;DRD1;DRD2;DRD3;DRD4;DRD5;HTR1A;HTR1B;HTR1D;HTR2A;HTR2B;HTR2C;HTR6;KCNH2,DRD1;DRD2,
2106,perhexiline,C1CCC(C(CC2CCCCN2)C2CCCCC2)CC1,CYXKNKQEMFBLER-UHFFFAOYSA-N,0,,,1,15,CACNA1G;CACNA1H;CACNA1I;CHRM1;CHRM3;CHRM4;CHRM5;CPT1A;CPT2;CYP2D6;EGFR;FYN;KCNH2;SIGMAR1;SLC6A2,,
2107,periciazine,N#Cc1ccc2c(c1)N(CCCN1CCC(O)CC1)c1ccccc1S2,LUALIOATIOESLM-UHFFFAOYSA-N,0,,,1,1,DRD1,,
2108,perindopril,CCC[C@H](N[C@@H](C)C(=O)N1[C@H](C(=O)O)C[C@@H]2CCCC[C@@H]21)C(=O)OCC,IPVQLZZIHOAWMC-QXKUPLGCSA-N,1,FDA,1993-12-30,1,1,ACE,ACE,
2110,perisoxal,OC(CN1CCCCC1)c1cc(-c2ccccc2)on1,XKFIQZCHJUUSBA-UHFFFAOYSA-N,0,,,0,0,,,
2111,perlapine,CN1CCN(C2=Nc3ccccc3Cc3ccccc32)CC1,PWRPUAKXMQAFCJ-UHFFFAOYSA-N,0,,,0,6,DRD2;DRD3;DRD4;HRH4;HTR2A;HTR6,,
2112,perospirone,O=C1[C@H]2CCCC[C@H]2C(=O)N1CCCCN1CCN(c2nsc3ccccc23)CC1,FBVFZWUMDDXLLG-HDICACEKSA-N,1,PMDA,2000-12-22,0,3,DRD2;DRD3;DRD4,DRD2,
2113,perphenazine,OCCN1CCN(CCCN2c3ccccc3Sc3ccc(Cl)cc32)CC1,RGCVKNLCSQQDEP-UHFFFAOYSA-N,1,FDA,1957-02-27,1,16,ADRA1A;ADRA2A;ADRA2B;ADRA2C;AOX1;CHRM3;DRD2;DRD3;DRD4;HRH1;HTR1A;HTR2A;HTR2C;HTR6;HTR7;KCNH2,DRD2,
2114,phenacemide,NC(=O)NC(=O)Cc1ccccc1,XPFRXWCVYUEORT-UHFFFAOYSA-N,1,FDA,1951-06-28,1,1,SCN1A,,
2115,phenacetin,CCOc1ccc(NC(C)=O)cc1,CPJSUEIXXCENMM-UHFFFAOYSA-N,1,YEAR INTRODUCED,1887-01-01,1,1,PTGS1,,
2116,phenaglycodol,CC(C)(O)C(C)(O)c1ccc(Cl)cc1,HTYIXCKSEQQCJO-UHFFFAOYSA-N,0,,,0,0,,,
2117,phenamacide,CC(C)CCOC(=O)C(N)c1ccccc1,OVJJILSKYWXGBM-UHFFFAOYSA-N,0,,,0,0,,,
2119,phenazocine,CC1C2Cc3ccc(O)cc3C1(C)CCN2CCc1ccccc1,ZQHYKVKNPWDQSL-UHFFFAOYSA-N,0,,,0,3,OPRD1;OPRK1;OPRM1,,
2120,phenazopyridine,Nc1ccc(/N=N/c2ccccc2)c(N)n1,QPFYXYFORQJZEC-FOCLMDBBSA-N,1,FDA,2001-06-26,1,10,SCN10A;SCN11A;SCN1A;SCN2A;SCN3A;SCN4A;SCN5A;SCN7A;SCN8A;SCN9A,SCN10A;SCN11A;SCN1A;SCN2A;SCN3A;SCN4A;SCN5A;SCN7A;SCN8A;SCN9A,
2121,phencyclidine,c1ccc(C2(N3CCCCC3)CCCCC2)cc1,JTJMJGYZQZDUJJ-UHFFFAOYSA-N,0,,,0,9,GRIN1;GRIN2A;GRIN2B;GRIN2C;GRIN2D;GRIN3A;GRIN3B;PRCP;SIGMAR1,,
2122,phendimetrazine,C[C@H]1[C@H](c2ccccc2)OCCN1C,MFOCDFTXLCYLKU-CMPLNLGQSA-N,1,FDA,1976-07-28,1,3,HTR1A;SLC6A2;SLC6A3,SLC6A2;SLC6A3,
2123,phenelzine,NNCCc1ccccc1,RMUCZJUITONUFY-UHFFFAOYSA-N,1,FDA,1961-06-09,1,12,AOC3;CYP2C19;CYP2C8;CYP2C9;CYP2D6;CYP3A4;GFER;IDO1;KDM1A;MAOA;MAOB;SLC6A3,MAOA;MAOB,
2124,pheneticillin,CC(Oc1ccccc1)C(=O)N[C@@H]1C(=O)N2[C@@H]1SC(C)(C)[C@@H]2C(=O)O,NONJJLVGHLVQQM-JHXYUMNGSA-N,0,,,0,0,,,
2125,pheneturide,CCC(C(=O)NC(N)=O)c1ccccc1,AJOQSQHYDOFIOX-UHFFFAOYSA-N,0,,,0,0,,,
2126,phenformin,N=C(N)NC(=N)NCCc1ccccc1,ICFJFFQQTFMIBG-UHFFFAOYSA-N,0,,,1,1,PRKAB1,,
2127,phenglutarimide,CCN(CC)CCC1(c2ccccc2)CCC(=O)NC1=O,BFMBKRQFMIILCH-UHFFFAOYSA-N,0,,,0,0,,,
2128,phenicarbazide,NC(=O)NNc1ccccc1,AVKHCKXGKPAGEI-UHFFFAOYSA-N,0,,,1,0,,,
2129,phenindamine,CN1CCC2=C(C1)C(c1ccccc1)c1ccccc12,ISFHAYSTHMVOJR-UHFFFAOYSA-N,0,,,0,0,,,
2130,phenindione,O=C1c2ccccc2C(=O)C1c1ccccc1,NFBAXHOPROOJAW-UHFFFAOYSA-N,1,FDA,,1,2,F2;VKORC1,VKORC1,
2131,pheniprazine,CC(Cc1ccccc1)NN,VXTWEDPZMSVFEF-UHFFFAOYSA-N,0,,,0,2,MAOA;MAOB,MAOA;MAOB,
2132,pheniramine,CN(C)CCC(c1ccccc1)c1ccccn1,IJHNSHDBIRRJRN-UHFFFAOYSA-N,1,FDA,1994-06-08,1,5,HRH1;HRH4;SCN1A;SCN2A;SCN3A,HRH1,
2133,phenmetrazine,CC1NCCOC1c1ccccc1,OOBHFESNSZDWIU-UHFFFAOYSA-N,1,FDA,,1,3,MAOA;SLC6A2;SLC6A3,SLC6A2;SLC6A3,
2134,phenobarbital,CCC1(c2ccccc2)C(=O)NC(=O)NC1=O,DDBREPKUVSBGFI-UHFFFAOYSA-N,1,YEAR INTRODUCED,1912-01-01,1,5,GABRA1;GABRB2;GABRG2;NR1I2;NR1I3,,
2135,phenolphthalein,O=C1OC(c2ccc(O)cc2)(c2ccc(O)cc2)c2ccccc21,KJFMBFZCATUALV-UHFFFAOYSA-N,0,,,1,1,TYMS,,
2136,phenoxybenzamine,CC(COc1ccccc1)N(CCCl)Cc1ccccc1,QZVCTJOXCFMACW-UHFFFAOYSA-N,1,FDA,1953-01-26,1,7,ADRA1A;ADRA2A;ADRA2B;SCN1A;SCN2A;SCN3A;SLC22A1,ADRA1A;ADRA2A;ADRA2B,
2137,phenprobamate,NC(=O)OCCCc1ccccc1,CAMYKONBWHRPDD-UHFFFAOYSA-N,0,,,0,0,,,
2138,phenprocoumon,CCC(c1ccccc1)c1c(O)c2ccccc2oc1=O,DQDAYGNAKTZFIW-UHFFFAOYSA-N,1,FDA,1957-12-30,1,1,VKORC1,VKORC1,
2139,phensuximide,CN1C(=O)CC(c2ccccc2)C1=O,WLWFNJKHKGIJNW-UHFFFAOYSA-N,1,FDA,,1,3,CACNA1G;CACNA1H;CACNA1I,CACNA1G;CACNA1H;CACNA1I,
2140,phentermine,CC(C)(N)Cc1ccccc1,DHHVAGZRUROJKS-UHFFFAOYSA-N,1,FDA,1959-05-04,1,2,SLC6A2;SLC6A3,SLC6A2,
2141,phentetramine,CN(CC(O)c1cccc(O)c1)c1nc2c(c(=O)n(C)c(=O)n2C)n1C,DGXRPIJZPGBJPJ-UHFFFAOYSA-N,0,,,0,0,,,
2142,phentolamine,Cc1ccc(N(CC2=NCCN2)c2cccc(O)c2)cc1,MRBDMNSDAVCSSF-UHFFFAOYSA-N,1,FDA,1952-01-30,1,18,ADRA1A;ADRA1B;ADRA1D;ADRA2A;ADRA2B;ADRA2C;CYP2D6;HRH1;HTR1A;HTR2A;HTR2B;HTR2C;KCNH2;NISCH;SCN1A;SCN2A;SCN3A;SIGMAR1,ADRA1A;ADRA1B;ADRA1D;ADRA2A;ADRA2B;ADRA2C,
2143,fenamisal,Nc1ccc(C(=O)Oc2ccccc2)c(O)c1,DNVVZWSVACQWJE-UHFFFAOYSA-N,1,FDA,,1,0,,,
2144,phenylalanine,N[C@@H](Cc1ccccc1)C(=O)O,COLNVLDHVKWLRT-QMMMGPOBSA-N,1,FDA,,0,4,ALPI;GPR139;SLC7A5;XIAP,,
2145,phenylbutazone,CCCCC1C(=O)N(c2ccccc2)N(c2ccccc2)C1=O,VYMDGNCVAMGZFE-UHFFFAOYSA-N,1,FDA,1980-01-10,1,5,CYP2C9;FPR1;NAPRT;PTGIS;PTGS1,PTGS1,
2146,phenylephrine,CNC[C@H](O)c1cccc(O)c1,SONNWYBIRXJNDC-VIFPVBQESA-N,1,FDA,1952-01-21,1,6,ADRA1A;ADRA1B;ADRA1D;ADRA2A;ADRA2B;ADRA2C,ADRA1A;ADRA1B;ADRA1D,
2148,phenylpropanol,CCC(O)c1ccccc1,DYUQAZSOFZSPHD-UHFFFAOYSA-N,0,,,0,0,,,
2149,phenylpropanolamine,CC(N)C(O)c1ccccc1,DLNKOYKMWOXYQA-UHFFFAOYSA-N,1,FDA,2000-09-29,1,9,ADRA1A;ADRA2A;ADRA2B;ADRA2C;CHRM1;HTR7;KCNH2;SLC6A2;SLC6A3,ADRA1A,
2150,phenyltoloxamine,CN(C)CCOc1ccccc1Cc1ccccc1,IZRPKIZLIFYYKR-UHFFFAOYSA-N,1,FDA,,0,5,DRD1;DRD2;DRD4;DRD5;HRH1,HRH1,
2151,fenyramidol,OC(CNc1ccccn1)c1ccccc1,ZEAJXCPGHPJVNP-UHFFFAOYSA-N,0,,,0,0,,,
2152,phenytoin,O=C1NC(=O)C(c2ccccc2)(c2ccccc2)N1,CXOFVDLJLONNDW-UHFFFAOYSA-N,1,FDA,1953-01-06,1,8,NR1I3;SCN1A;SCN2A;SCN3A;SCN4A;SCN5A;SCN8A;SCN9A,SCN1A;SCN2A;SCN3A;SCN4A;SCN5A;SCN8A;SCN9A,
2153,phloroglucinol,Oc1cc(O)cc(O)c1,QCDYQQDYXPDABM-UHFFFAOYSA-N,0,,,0,1,BACE1,,
2154,pholcodine,CN1CC[C@]23c4c5ccc(OCCN6CCOCC6)c4O[C@H]2[C@@H](O)C=C[C@H]3[C@H]1C5,GPFAJKDEDBRFOS-FKQDBXSBSA-N,0,,,1,0,,,
2155,phosphorylcholine,C[N+](C)(C)CCOP(=O)([O-])O,YHHSONZFOIEMCP-UHFFFAOYSA-N,0,,,0,0,,,
2156,oxagrelate,CCOC(=O)c1c(C)cc2c(CO)n[nH]c(=O)c2c1C,DUQOOLBWGUKRAJ-UHFFFAOYSA-N,0,,,0,5,PDE1A;PDE1B;PDE1C;PDE3A;PDE3B,,
2157,phthalylsulfacetamide,CC(=O)NS(=O)(=O)c1ccc(NC(=O)c2ccccc2C(=O)O)cc1,SNWQKAWITMVCQW-UHFFFAOYSA-N,0,,,0,0,,,
2158,phthalylsulfathiazole,O=C(O)c1ccccc1C(=O)Nc1ccc(S(=O)(=O)Nc2nccs2)cc1,PBMSWVPMRUJMPE-UHFFFAOYSA-N,0,,,1,0,,,
2159,physostigmine,CNC(=O)Oc1ccc2c(c1)[C@]1(C)CCN(C)[C@@H]1N2C,PIJVFDBKTWXHHD-HIFRSBDPSA-N,1,YEAR INTRODUCED,1875-01-01,1,3,ACHE;BCHE;CYP2D6,ACHE,
2161,picotamide,COc1ccc(C(=O)NCc2cccnc2)cc1C(=O)NCc1cccnc1,KYWCWBXGRWWINE-UHFFFAOYSA-N,0,,,1,0,,,
2163,picrotin,CC(C)(O)[C@@H]1[C@H]2OC(=O)[C@@H]1[C@]1(O)C[C@H]3O[C@]34C(=O)O[C@H]2[C@]14C,RYEFFICCPKWYML-QCGISDTRSA-N,0,,,0,4,GLRA1;GLRA2;GLRA3;GLRB,,
2164,pidotimod,O=C1CC[C@@H](C(=O)N2CSC[C@H]2C(=O)O)N1,UUTKICFRNVKFRG-WDSKDSINSA-N,0,,,0,0,,,
2165,piketoprofen,Cc1ccnc(NC(=O)C(C)c2cccc(C(=O)c3ccccc3)c2)c1,ASFKKFRSMGBFRO-UHFFFAOYSA-N,0,,,0,2,PTGS1;PTGS2,PTGS1;PTGS2,
2166,pilocarpine,CC[C@@H]1C(=O)OC[C@@H]1Cc1cncn1C,QCHFTSOMWOSFHM-WPRPVWTQSA-N,1,FDA,1974-07-29,1,5,CHRM1;CHRM2;CHRM3;CHRM4;CHRM5,CHRM3,
2167,pilsicainide,Cc1cccc(C)c1NC(=O)CC12CCCN1CCC2,BCQTVJKBTWGHCX-UHFFFAOYSA-N,0,,,0,2,KCNH2;SCN4A,SCN4A,
2168,pimecrolimus,CC[C@@H]1/C=C(\C)C[C@H](C)C[C@H](OC)[C@H]2O[C@@](O)(C(=O)C(=O)N3CCCC[C@H]3C(=O)O[C@H](/C(C)=C/[C@@H]3CC[C@H](Cl)[C@H](OC)C3)[C@H](C)[C@@H](O)CC1=O)[C@H](C)C[C@@H]2OC,KASDHRXLYQOAKZ-XDSKOBMDSA-N,1,FDA,2001-12-13,1,5,FKBP1A;IFNG;IL2;IL5;PPP3CC,FKBP1A,
2169,pimethixene,CN1CCC(=C2c3ccccc3Sc3ccccc32)CC1,NZLVRVYNQYGMAB-UHFFFAOYSA-N,0,,,0,1,SETD7,,
2170,piminodine,CCOC(=O)C1(c2ccccc2)CCN(CCCNc2ccccc2)CC1,PXXKIYPSXYFATG-UHFFFAOYSA-N,0,,,0,0,,,
2171,pimobendan,COc1ccc(-c2nc3cc(C4=NNC(=O)CC4C)ccc3[nH]2)cc1,GLBJJMFZWDBELO-UHFFFAOYSA-N,1,YEAR INTRODUCED,1994-01-01,0,2,PDE3A;PDE3B,PDE3A;PDE3B,
2172,pimozide,O=c1[nH]c2ccccc2n1C1CCN(CCCC(c2ccc(F)cc2)c2ccc(F)cc2)CC1,YVUQSNJEYSNKRX-UHFFFAOYSA-N,1,FDA,1984-07-31,1,33,ABCB1;ABCC1;ADRA1A;ADRA2A;ADRA2B;ADRA2C;CACNA1G;CACNA1I;CALM1;CALM2;CALM3;CHRM3;DRD2;DRD3;DRD4;GLRA1;HRH1;HRH4;HTR1A;HTR1D;HTR2A;HTR2C;HTR6;HTR7;KCNA10;KCNH2;KCNK2;OPRD1;OPRK1;OPRM1;SIGMAR1;SLC22A2;USP1,DRD2,
2173,pinacidil,CC(NC(=NC#N)Nc1ccncc1)C(C)(C)C,IVVNZDGDKPTYHK-UHFFFAOYSA-N,1,FDA,,1,3,ABCC9;KCNJ11;KCNMA1,ABCC9;KCNJ11,
2174,pinaverium,COc1cc(Br)c(C[N+]2(CCOCCC3CCC4CC3C4(C)C)CCOCC2)cc1OC,DDHUTBKXLWCZCO-UHFFFAOYSA-N,0,,,1,0,,,charged_parent
2175,pinazepam,C#CCN1C(=O)CN=C(c2ccccc2)c2cc(Cl)ccc21,MFZOSKPPVCIFMT-UHFFFAOYSA-N,0,,,0,0,,,
2176,pindolol,CC(C)NCC(O)COc1cccc2[nH]ccc12,JZQKKSLKJUAGIC-UHFFFAOYSA-N,1,FDA,1982-09-03,1,9,ADRB1;ADRB2;ADRB3;HTR1A;HTR1B;HTR1D;HTR2A;HTR2B;HTR2C,ADRB1;ADRB2,
2179,pioglitazone,CCc1ccc(CCOc2ccc(CC3SC(=O)NC3=O)cc2)nc1,HYAFETHFCAUJAY-UHFFFAOYSA-N,1,FDA,1999-07-15,1,8,ABCB11;CA2;CISD1;CISD2;MAOA;MAOB;PPARA;PPARG,PPARG,
2180,pipamazine,NC(=O)C1CCN(CCCN2c3ccccc3Sc3ccc(Cl)cc32)CC1,OSJJYEUEJRVVOD-UHFFFAOYSA-N,0,,,1,18,ADRA1D;ADRA2A;ADRA2B;ADRA2C;CHRM5;CYP2D6;DRD1;DRD2;DRD3;HRH1;HTR1A;HTR2A;HTR2B;HTR2C;HTR6;SIGMAR1;SLC6A2;SLC6A4,,
2181,pipamperone,NC(=O)C1(N2CCCCC2)CCN(CCCC(=O)c2ccc(F)cc2)CC1,AXKPFOAXAHJUAG-UHFFFAOYSA-N,0,,,0,16,ADRA2A;ADRA2B;ADRA2C;ADRB1;ADRB2;DRD2;DRD3;HRH1;HTR1A;HTR1B;HTR1D;HTR1E;HTR1F;HTR2A;HTR2B;HTR2C,,
2182,pipazetate,O=C(OCCOCCN1CCCCC1)N1c2ccccc2Sc2cccnc21,DTVJXCOMJLLMAK-UHFFFAOYSA-N,0,,,0,0,,,
2183,pipecuronium,CC(=O)O[C@H]1C[C@@H]2CC[C@@H]3[C@H](CC[C@@]4(C)[C@H]3C[C@H](N3CC[N+](C)(C)CC3)[C@@H]4OC(C)=O)[C@@]2(C)C[C@@H]1N1CC[N+](C)(C)CC1,OWWLUIWOFHMHOQ-XGHATYIMSA-N,1,FDA,1990-06-26,1,7,CHRNA1;CHRNA2;CHRNA4;CHRNB1;CHRNB2;CHRNB4;CHRND,CHRNA1;CHRNB1;CHRND,charged_parent
2184,pipemidic acid,CCn1cc(C(=O)O)c(=O)c2cnc(N3CCNCC3)nc21,JOHZPMXAZQZXHR-UHFFFAOYSA-N,0,,,0,0,,,
2185,pipenzolate,CC[N+]1(C)CCCC(OC(=O)C(O)(c2ccccc2)c2ccccc2)C1,WPUKUEMZZRVAKZ-UHFFFAOYSA-N,0,,,0,0,,,charged_parent
2186,piperacetazine,CC(=O)c1ccc2c(c1)N(CCCN1CCC(CCO)CC1)c1ccccc1S2,BTFMCMVEUCGQDX-UHFFFAOYSA-N,1,FDA,1969-02-03,1,0,,,
2187,piperacillin,CCN1CCN(C(=O)N[C@@H](C(=O)N[C@@H]2C(=O)N3[C@@H]2SC(C)(C)[C@@H]3C(=O)O)c2ccccc2)C(=O)C1=O,IVBHGBMCVLDMKU-GXNBUGAJSA-N,1,FDA,1981-12-29,1,0,,,
2188,piperazine,C1CNCCN1,GLUUGHFHXGJENI-UHFFFAOYSA-N,1,FDA,1954-07-12,1,0,,,
2189,piperidione,CCC1(CC)C(=O)CCNC1=O,RGEVWUKXWFOAID-UHFFFAOYSA-N,0,,,0,0,,,
2190,piperidolate,CCN1CCCC(OC(=O)C(c2ccccc2)c2ccccc2)C1,KTHVBAZBLKXIHZ-UHFFFAOYSA-N,0,,,1,0,,,
2191,pipethanate,O=C(OCCN1CCCCC1)C(O)(c1ccccc1)c1ccccc1,RZWPJFMNFATBEG-UHFFFAOYSA-N,0,,,0,0,,,
2192,pipobroman,O=C(CCBr)N1CCN(C(=O)CCBr)CC1,NJBFOOCLYDNZJN-UHFFFAOYSA-N,1,FDA,1966-07-01,1,0,,,
2193,pipotiazine palmitate,CCCCCCCCCCCCCCCC(=O)OCCC1CCN(CCCN2c3ccccc3Sc3ccc(S(=O)(=O)N(C)C)cc32)CC1,KTOYYUONFQWSMW-UHFFFAOYSA-N,0,,,1,2,DRD2;DRD3,DRD2,
2194,pipoxolan,O=C1OC(CCN2CCCCC2)OC1(c1ccccc1)c1ccccc1,DXSUDONPFZKWOO-UHFFFAOYSA-N,0,,,0,0,,,
2195,pipradrol,OC(c1ccccc1)(c1ccccc1)C1CCCCN1,XSWHNYGMWWVAIE-UHFFFAOYSA-N,0,,,0,0,,,
2196,piprozolin,CCOC(=O)C=C1SC(N2CCCCC2)C(=O)N1CC,UAXYBJSAPFTPNB-UHFFFAOYSA-N,0,,,0,0,,,
2197,piracetam,NC(=O)CN1CCCC1=O,GMZVRMREEHBGGF-UHFFFAOYSA-N,1,YEAR INTRODUCED,1972-01-01,1,0,,,
2198,pirarubicin,COc1cccc2c1C(=O)c1c(O)c3c(c(O)c1C2=O)C[C@@](O)(C(=O)CO)C[C@@H]3O[C@H]1C[C@H](N)[C@H](O[C@@H]2CCCCO2)[C@H](C)O1,KMSKQZKKOZQFFG-YXRRJAAWSA-N,0,,,0,0,,,
2199,pirbuterol,CC(C)(C)NCC(O)c1ccc(O)c(CO)n1,VQDBNKDJNJQRDG-UHFFFAOYSA-N,1,FDA,1986-12-30,1,1,ADRB2,ADRB2,
2200,pirenzepine,CN1CCN(CC(=O)N2c3ccccc3C(=O)Nc3cccnc32)CC1,RMHMFHUVIITRHF-UHFFFAOYSA-N,0,,,1,6,ADORA3;CHRM1;CHRM2;CHRM3;CHRM4;CHRM5,CHRM1,
2201,piretanide,NS(=O)(=O)c1cc(C(=O)O)cc(N2CCCC2)c1Oc1ccccc1,UJEWTUDSLQGTOA-UHFFFAOYSA-N,1,YEAR INTRODUCED,1980-01-01,1,2,SLC12A1;SLC12A2,SLC12A1;SLC12A2,
2202,piribedil,c1cnc(N2CCN(Cc3ccc4c(c3)OCO4)CC2)nc1,OQDPVLVUJFGPGQ-UHFFFAOYSA-N,0,,,0,11,ADRA1A;ADRA1B;ADRA1D;ADRA2A;ADRA2B;ADRA2C;DRD2;DRD3;DRD4;HTR1A;HTR2B,DRD2,
2204,pirifibrate,CC(C)(Oc1ccc(Cl)cc1)C(=O)OCc1cccc(CO)n1,YJBIJSVYPHRVCI-UHFFFAOYSA-N,0,,,0,0,,,
2205,pirisudanol,Cc1ncc(COC(=O)CCC(=O)OCCN(C)C)c(CO)c1O,KTOAWCPDBUCJED-UHFFFAOYSA-N,0,,,0,0,,,
2206,pirlindole,Cc1ccc2c(c1)c1c3n2CCNC3CCC1,IWVRVEIKCBFZNF-UHFFFAOYSA-N,0,,,0,5,MAOA;TEAD1;TEAD2;TEAD3;TEAD4,MAOA,
2207,pirmenol,C[C@@H]1CCC[C@H](C)N1CCCC(O)(c1ccccc1)c1ccccn1,APUDBKTWDCXQJA-QIDMFYOTSA-N,1,YEAR INTRODUCED,1994-01-01,0,1,SCN5A,,
2208,piroheptine,CCN1CCC(=C2c3ccccc3CCc3ccccc32)C1C,NKJQZSDCCLDOQH-UHFFFAOYSA-N,0,,,0,0,,,
2209,piromidic acid,CCn1cc(C(=O)O)c(=O)c2cnc(N3CCCC3)nc21,RCIMBBZXSXFZBV-UHFFFAOYSA-N,0,,,0,0,,,
2210,piroxicam,CN1C(C(=O)Nc2ccccn2)=C(O)c2ccccc2S1(=O)=O,QYSPLQLAKJAUJT-UHFFFAOYSA-N,1,FDA,1982-04-06,1,2,PTGS1;PTGS2,PTGS1;PTGS2,
2212,pirozadil,COc1cc(C(=O)OCc2cccc(COC(=O)c3cc(OC)c(OC)c(OC)c3)n2)cc(OC)c1OC,DIIBXMIIOQXTHW-UHFFFAOYSA-N,0,,,0,0,,,
2213,pirprofen,CC(C(=O)O)c1ccc(N2CC=CC2)c(Cl)c1,PIDSZXPFGCURGN-UHFFFAOYSA-N,1,YEAR INTRODUCED,1982-01-01,1,2,PTGS1;PTGS2,,
2214,pitavastatin,O=C(O)C[C@H](O)C[C@H](O)/C=C/c1c(C2CC2)nc2ccccc2c1-c1ccc(F)cc1,VGYFMXBACGZSIL-MCBHFWOFSA-N,1,FDA,2009-08-03,1,2,HMGCR;RXRA,HMGCR,
2215,pitofenone,COC(=O)c1ccccc1C(=O)c1ccc(OCCN2CCCCC2)cc1,NZHMAQSCHUSSSJ-UHFFFAOYSA-N,0,,,0,0,,,
2216,pivagabine,CC(C)(C)C(=O)NCCCC(=O)O,SRPNQDXRVRCTNK-UHFFFAOYSA-N,0,,,0,0,,,
2217,cefalexin pivoxil,CC1=C(C(=O)OCOC(=O)C(C)(C)C)N2C(=O)[C@@H](NC(=O)[C@H](N)c3ccccc3)[C@H]2SC1,DIGADQKVPFDJSI-SPYBWZPUSA-N,0,,,0,0,,,
2218,pivampicillin,CC(C)(C)C(=O)OCOC(=O)[C@@H]1N2C(=O)[C@@H](NC(=O)[C@H](N)c3ccccc3)[C@H]2SC1(C)C,ZEMIJUDPLILVNQ-ZXFNITATSA-N,0,,,1,0,,,
2219,pivmecillinam,CC(C)(C)C(=O)OCOC(=O)[C@@H]1N2C(=O)[C@@H](/N=C/N3CCCCCC3)[C@H]2SC1(C)C,NPGNOVNWUSPMDP-UTEPHESZSA-N,0,,,1,0,,,
2220,pizotifen,CN1CCC(=C2c3ccccc3CCc3sccc32)CC1,FIADGNVRKBPQEU-UHFFFAOYSA-N,0,,,0,7,CHRM1;DRD2;HTR1A;HTR2A;HTR2B;HTR2C;HTR7,,
2221,plafibride,CC(C)(Oc1ccc(Cl)cc1)C(=O)NC(=O)NCN1CCOCC1,DDDQVDIPBFGVIG-UHFFFAOYSA-N,0,,,0,0,,,
2222,plaunotol,CC(C)=CCC/C(C)=C/CC/C(=C/CC/C(C)=C/CO)CO,SUWYPNNPLSRNPS-UNTSEYQFSA-N,0,,,0,0,,,
2223,plicamycin,CO[C@H](C(=O)[C@@H](O)[C@@H](C)O)[C@@H]1Cc2cc3cc(O[C@H]4C[C@@H](O[C@H]5C[C@@H](O)[C@H](O)[C@@H](C)O5)[C@H](O)[C@@H](C)O4)c(C)c(O)c3c(O)c2C(=O)[C@H]1O[C@H]1C[C@@H](O[C@H]2C[C@@H](O[C@H]3C[C@](C)(O)[C@H](O)[C@@H](C)O3)[C@@H](O)[C@@H](C)O2)[C@H](O)[C@@H](C)O1,CFCUWKMKBJTWLW-BKHRDMLASA-N,1,FDA,1970-05-05,0,0,,,
2226,poldine,C[N+]1(C)CCCC1COC(=O)C(O)(c1ccccc1)c1ccccc1,CQRKVVAGMJJJSR-UHFFFAOYSA-N,0,,,0,0,,,charged_parent
2228,polythiazide,CN1C(CSCC(F)(F)F)Nc2cc(Cl)c(S(N)(=O)=O)cc2S1(=O)=O,CYLWJCABXYDINA-UHFFFAOYSA-N,1,FDA,1961-09-26,1,1,SLC12A3,SLC12A3,
2230,prajmalium,CCC[N@+]12[C@H](O)[C@@H](CC)[C@@H]3C[C@H]1[C@@H]1N(C)c4ccccc4[C@]14C[C@H]2[C@H]3[C@H]4O,UAUHEPXILIZYCU-ALHOSYKFSA-N,0,,,1,0,,,charged_parent
2231,pralidoxime,C[n+]1ccccc1C=NO,JBKPUQTUERUYQE-UHFFFAOYSA-O,1,FDA,1964-03-11,1,1,ACHE,ACHE,charged_parent
2232,pralmorelin,C[C@H](NC(=O)[C@@H](Cc1ccc2ccccc2c1)NC(=O)[C@@H](C)N)C(=O)N[C@@H](Cc1c[nH]c2ccccc12)C(=O)N[C@H](Cc1ccccc1)C(=O)N[C@@H](CCCCN)C(N)=O,HRNLPPBUBKMZMT-RDRUQFPZSA-N,1,PMDA,2004-10-22,0,1,GHSR,GHSR,
2233,pramipexole,CCCN[C@H]1CCc2nc(N)sc2C1,FASDKYOPVNHBLU-ZETCQYMHSA-N,1,FDA,1997-07-01,1,13,ADRA2A;ADRA2B;ADRA2C;ADRB2;DRD2;DRD3;DRD4;HRH2;HTR1A;HTR1B;HTR1D;HTR2A;HTR7,DRD2,
2234,pramiracetam,CC(C)N(CCNC(=O)CN1CCCC1=O)C(C)C,ZULJGOSFKWFVRX-UHFFFAOYSA-N,0,,,0,0,,,
2235,pramiverine,CC(C)NC1CCC(c2ccccc2)(c2ccccc2)CC1,SBEOBYJLAQKTQX-UHFFFAOYSA-N,0,,,0,0,,,
2236,pramlintide,CC[C@H](C)[C@H](NC(=O)[C@@H]1CCCN1C(=O)CNC(=O)[C@H](Cc1ccccc1)NC(=O)[C@H](CC(N)=O)NC(=O)[C@H](CC(N)=O)NC(=O)[C@H](CO)NC(=O)[C@H](CO)NC(=O)[C@H](Cc1c[nH]cn1)NC(=O)[C@@H](NC(=O)[C@H](CC(C)C)NC(=O)[C@H](Cc1ccccc1)NC(=O)[C@H](CC(N)=O)NC(=O)[C@H](C)NC(=O)[C@H](CC(C)C)NC(=O)[C@H](CCCNC(=N)N)NC(=O)[C@H](CCC(N)=O)NC(=O)[C@@H](NC(=O)[C@H](C)NC(=O)[C@@H]1CSSC[C@H](NC(=O)[C@@H](N)CCCCN)C(=O)N[C@@H](CC(N)=O)C(=O)N[C@@H]([C@@H](C)O)C(=O)N[C@@H](C)C(=O)N[C@@H]([C@@H](C)O)C(=O)N1)[C@@H](C)O)C(C)C)C(=O)N[C@@H](CC(C)C)C(=O)N1CCC[C@H]1C(=O)N1CCC[C@H]1C(=O)N[C@H](C(=O)N[C@@H](CC(N)=O)C(=O)N[C@H](C(=O)NCC(=O)N[C@@H](CO)C(=O)N[C@@H](CC(N)=O)C(=O)N[C@H](C(=O)N[C@@H](Cc1ccc(O)cc1)C(N)=O)[C@@H](C)O)C(C)C)[C@@H](C)O,TZIRZGBAFTZREM-MKAGXXMWSA-N,1,FDA,2005-03-16,1,4,CALCR;RAMP1;RAMP2;RAMP3,CALCR;RAMP1;RAMP2;RAMP3,
2237,pranlukast,O=C(Nc1cccc2c(=O)cc(-c3nnn[nH]3)oc12)c1ccc(OCCCCc2ccccc2)cc1,NBQKINXMPLXUET-UHFFFAOYSA-N,1,PMDA,2007-03-15,1,4,CYSLTR1;CYSLTR2;GPR17;NR1H4,CYSLTR1,
2238,pranoprofen,CC(C(=O)O)c1ccc2c(c1)Cc1cccnc1O2,TVQZAMVBTVNYLA-UHFFFAOYSA-N,0,,,0,0,,,
2239,pravastatin,CC[C@H](C)C(=O)O[C@H]1C[C@H](O)C=C2C=C[C@H](C)[C@H](CC[C@@H](O)C[C@@H](O)CC(=O)O)[C@H]21,TUZYXOIXSAXUGO-PZAWKZKUSA-N,1,FDA,1991-10-31,1,1,HMGCR,HMGCR,
2240,prazepam,O=C1CN=C(c2ccccc2)c2cc(Cl)ccc2N1CC1CC1,MWQCHHACWWAQLJ-UHFFFAOYSA-N,1,FDA,,1,3,GABRA1;GABRB2;GABRG2,GABRA1;GABRB2;GABRG2,
2241,praziquantel,O=C(C1CCCCC1)N1CC(=O)N2CCc3ccccc3C2C1,FSVJFNAIGNNGKK-UHFFFAOYSA-N,1,FDA,1982-12-29,1,1,ABCB11,,
2243,prednicarbate,CCOC(=O)O[C@]1(C(=O)COC(=O)CC)CC[C@H]2[C@@H]3CCC4=CC(=O)C=C[C@]4(C)[C@H]3[C@@H](O)C[C@@]21C,FNPXMHRZILFCKX-KAJVQRHHSA-N,1,FDA,1991-09-23,1,1,NR3C1,NR3C1,
2244,prednimustine,C[C@]12C=CC(=O)C=C1CC[C@@H]1[C@@H]2[C@@H](O)C[C@@]2(C)[C@H]1CC[C@]2(O)C(=O)COC(=O)CCCc1ccc(N(CCCl)CCCl)cc1,HFVNWDWLWUCIHC-GUPDPFMOSA-N,0,,,0,0,,,
2245,prednisolone,C[C@]12C=CC(=O)C=C1CC[C@@H]1[C@@H]2[C@@H](O)C[C@@]2(C)[C@H]1CC[C@]2(O)C(=O)CO,OIGNJSKKLXVSLS-VWUMJDOOSA-N,1,FDA,1955-06-21,1,10,ADAM17;ANXA1;AR;GLUL;GPBAR1;IL6;NR3C1;NR3C2;PGR;SERPINA6,NR3C1,
2246,prednisolone succinate,C[C@]12C=CC(=O)C=C1CC[C@@H]1[C@@H]2[C@@H](O)C[C@@]2(C)[C@H]1CC[C@]2(O)C(=O)COC(=O)CCC(=O)O,APGDTXUMTIZLCJ-CGVGKPPMSA-N,0,,,0,0,,,
2247,prednisolone acetate,CC(=O)OCC(=O)[C@@]1(O)CC[C@H]2[C@@H]3CCC4=CC(=O)C=C[C@]4(C)[C@H]3[C@@H](O)C[C@@]21C,LRJOMUJRLNCICJ-JZYPGELDSA-N,1,FDA,1955-05-22,1,1,NR3C1,NR3C1,
2248,prednisolone farnesylate,CC(C)=CCC/C(C)=C/CC/C(C)=C/C(=O)OCC(=O)[C@@]1(O)CC[C@H]2[C@@H]3CCC4=CC(=O)C=C[C@]4(C)[C@H]3[C@@H](O)C[C@@]21C,SBQAKZYUNWNIRL-WIPKXTQKSA-N,0,,,0,0,,,
2249,prednisolone steaglate,CCCCCCCCCCCCCCCCCC(=O)OCC(=O)OCC(=O)[C@@]1(O)CC[C@H]2[C@@H]3CCC4=CC(=O)C=C[C@]4(C)[C@H]3[C@@H](O)C[C@@]21C,RBJROVWIRLFZFC-PNLFXGMVSA-N,0,,,0,0,,,
2250,prednisolone sulfobenzoate,C[C@]12C=CC(=O)C=C1CC[C@@H]1[C@@H]2[C@@H](O)C[C@@]2(C)[C@H]1CC[C@]2(O)C(=O)COC(=O)c1cccc(S(=O)(=O)O)c1,WVKSUFYQOHQCMM-YGZHYJPASA-N,0,,,0,0,,,
2251,prednisolone tebutate,CC(C)(C)CC(=O)OCC(=O)[C@@]1(O)CC[C@H]2[C@@H]3CCC4=CC(=O)C=C[C@]4(C)[C@H]3[C@@H](O)C[C@@]21C,HUMXXHTVHHLNRO-KAJVQRHHSA-N,1,FDA,1956-07-25,1,9,ADAM17;AR;GLUL;GPBAR1;IL6;NR3C1;NR3C2;PGR;SERPINA6,NR3C1,
2252,prednisolone valerate acetate,CCCCC(=O)O[C@]1(C(=O)COC(C)=O)CC[C@H]2[C@@H]3CCC4=CC(=O)C=C[C@]4(C)[C@H]3[C@@H](O)C[C@@]21C,DGYSDXLCLKPUBR-SLPNHVECSA-N,0,,,0,0,,,
2253,prednisone,C[C@]12C=CC(=O)C=C1CC[C@@H]1[C@@H]2C(=O)C[C@@]2(C)[C@H]1CC[C@]2(O)C(=O)CO,XOFYZVNMUHMLCC-ZPOLXVRWSA-N,1,FDA,1955-02-21,1,3,ANXA1;NR3C1;SLC28A1,NR3C1,
2254,prednylidene,C=C1C[C@H]2[C@@H]3CCC4=CC(=O)C=C[C@]4(C)[C@H]3[C@@H](O)C[C@]2(C)[C@@]1(O)C(=O)CO,WSVOMANDJDYYEY-CWNVBEKCSA-N,0,,,0,0,,,
2255,pregabalin,CC(C)C[C@H](CN)CC(=O)O,AYXYPKUFHZROOJ-ZETCQYMHSA-N,1,EMA;FDA,2004-07-06,1,3,CACNA2D1;CACNA2D2;SLC7A5,CACNA2D1;CACNA2D2,
2256,pregnenolone succinate,CC(=O)[C@H]1CC[C@H]2[C@@H]3CC=C4C[C@@H](OC(=O)CCC(=O)O)CC[C@]4(C)[C@H]3CC[C@]12C,OZZAYJQNMKMUSD-DMISRAGPSA-N,0,,,0,3,G6PD;SERPINA6;SHBG,,
2258,prenalterol,CC(C)NC[C@H](O)COc1ccc(O)cc1,ADUKCCWBEDSMEB-NSHDSACASA-N,1,YEAR INTRODUCED,1980-01-01,0,1,ADRB1,,
2259,prenderol,CCC(CC)(CO)CO,XRVCFZPJAHWYTB-UHFFFAOYSA-N,0,,,0,0,,,
2260,prenoxdiazine,c1ccc(C(Cc2noc(CCN3CCCCC3)n2)c2ccccc2)cc1,PXZDWASDNFWKSD-UHFFFAOYSA-N,0,,,0,0,,,
2261,prenylamine,CC(Cc1ccccc1)NCCC(c1ccccc1)c1ccccc1,IFFPICMESYHZPQ-UHFFFAOYSA-N,0,,,1,3,SCN1A;SCN2A;SCN3A,,
2263,pridinol,OC(CCN1CCCCC1)(c1ccccc1)c1ccccc1,RQXCLMGKHJWMOA-UHFFFAOYSA-N,0,,,0,5,CHRM1;CHRM2;CHRM3;CHRM4;CHRM5,,
2264,prifinium,CC[N+]1(CC)CCC(=C(c2ccccc2)c2ccccc2)C1C,ZYEPZINLLPPBMI-UHFFFAOYSA-N,0,,,0,0,,,charged_parent
2265,prilocaine,CCCNC(C)C(=O)Nc1ccccc1C,MVFGUOIZUNYYSO-UHFFFAOYSA-N,1,FDA,1965-11-18,1,3,SCN1A;SCN2A;SCN3A,SCN1A;SCN2A;SCN3A,
2266,primaquine,COc1cc(NC(C)CCCN)c2ncccc2c1,INDBQLZJXZLFIT-UHFFFAOYSA-N,1,FDA,1952-01-23,1,11,AHR;CYP1A2;G6PD;HBA1;HSP90AA1;KCNH2;MAOA;MAOB;NQO2;SHMT2;SLC6A4,,
2267,primidone,CCC1(c2ccccc2)C(=O)NCNC1=O,DQMZLTXERSFNPB-UHFFFAOYSA-N,1,FDA,1954-03-08,1,4,GABRA1;GABRB2;GABRG2;TRPM3,GABRA1;GABRB2;GABRG2,
2268,probenecid,CCCN(CCC)S(=O)(=O)c1ccc(C(=O)O)cc1,DBABZHXKTCFAPX-UHFFFAOYSA-N,1,FDA,1951-04-26,1,8,CA12;CA2;CA9;SLC22A11;SLC22A12;SLC22A6;SLC22A8;UGT1A7,SLC22A11;SLC22A6;SLC22A8,
2269,probucol,CC(C)(Sc1cc(C(C)(C)C)c(O)c(C(C)(C)C)c1)Sc1cc(C(C)(C)C)c(O)c(C(C)(C)C)c1,FYPMFJGVHOHGLL-UHFFFAOYSA-N,1,FDA,1977-02-01,1,4,ABCA1;ALOX15;HPN;KCNH2,ABCA1,
2270,procainamide,CCN(CC)CCNC(=O)c1ccc(N)cc1,REQCZEXYDRLIBE-UHFFFAOYSA-N,1,FDA,1950-06-02,1,16,ACHE;CHRM2;DNMT1;DNMT3A;DNMT3B;KCNH2;SCN10A;SCN11A;SCN1A;SCN2A;SCN3A;SCN4A;SCN5A;SCN7A;SCN8A;SCN9A,SCN10A;SCN11A;SCN1A;SCN2A;SCN3A;SCN4A;SCN5A;SCN7A;SCN8A;SCN9A,
2271,procaine,CCN(CC)CCOC(=O)c1ccc(N)cc1,MFDFERRIHVXMIY-UHFFFAOYSA-N,1,FDA,1954-07-01,1,7,CHRNA1;CHRNB1;CHRND;GRIN3A;HTR3A;RYR1;SCN10A,SCN10A,
2272,procarbazine,CNNCc1ccc(C(=O)NC(C)C)cc1,CPTBDICYNRMXFX-UHFFFAOYSA-N,1,FDA,1969-07-22,1,0,,,
2273,procaterol,CC[C@@H](NC(C)C)[C@@H](O)c1ccc(O)c2[nH]c(=O)ccc12,FKNXQNWAXFXVNW-WBMJQRKESA-N,0,,,0,2,ADRB2;DRD2,ADRB2,
2274,prochlorperazine,CN1CCN(CCCN2c3ccccc3Sc3ccc(Cl)cc32)CC1,WIKYUJGCLQQFNW-UHFFFAOYSA-N,1,FDA,1956-10-23,1,29,ADRA1A;ADRA1D;ADRA2A;ADRA2B;ADRA2C;CHRM1;CHRM2;CHRM3;CHRM4;CHRM5;CYP1A2;CYP2D6;DRD1;DRD2;DRD3;DRD4;FYN;HRH1;HTR1A;HTR2A;HTR2B;HTR2C;HTR6;KCNH2;SIGMAR1;SLC22A1;SLC6A2;SLC6A3;SLC6A4,DRD2;DRD3,
2275,procodazole,O=C(O)CCc1nc2ccccc2[nH]1,XYWJNTOURDMTPI-UHFFFAOYSA-N,0,,,0,0,,,
2276,procyclidine,OC(CCN1CCCC1)(c1ccccc1)C1CCCCC1,WYDUSKDSKCASEF-UHFFFAOYSA-N,1,FDA,1955-07-27,1,12,CHRM1;CHRM2;CHRM3;CHRM4;CHRM5;GRIN1;GRIN2A;GRIN2B;GRIN2C;GRIN2D;GRIN3A;GRIN3B,CHRM1,
2277,proflavine,Nc1ccc2cc3ccc(N)cc3nc2c1,WDVSHHCDHLJJJR-UHFFFAOYSA-N,1,FDA,,0,0,,,
2278,progabide,NC(=O)CCCN=C(c1ccc(Cl)cc1)c1cc(F)ccc1O,IBALRBWGSVJPAP-UHFFFAOYSA-N,1,YEAR INTRODUCED,1985-01-01,0,16,GABRA1;GABRA2;GABRA3;GABRA4;GABRA5;GABRA6;GABRB1;GABRB2;GABRB3;GABRD;GABRE;GABRG1;GABRG2;GABRG3;GABRP;GABRQ,,
2279,progesterone,CC(=O)[C@H]1CC[C@H]2[C@@H]3CCC4=CC(=O)CC[C@]4(C)[C@H]3CC[C@]12C,RJKFOVLPORLFTN-LEKSSAKUSA-N,1,FDA,1976-02-04,1,18,ABCB1;AR;CATSPER1;CATSPER2;CATSPER3;CATSPER4;ESR1;FABP2;NR3C1;NR3C2;P2RX3;PGR;SERPINA6;SHBG;SIGMAR1;SLC28A1;SOAT1;TRPC5,PGR,
2280,proglumetacin,CCCN(CCC)C(=O)C(CCC(=O)OCCCN1CCN(CCOC(=O)Cc2c(C)n(C(=O)c3ccc(Cl)cc3)c3ccc(OC)cc23)CC1)NC(=O)c1ccccc1,PTXGHCGBYMQQIG-UHFFFAOYSA-N,0,,,0,0,,,
2281,proglumide,CCCN(CCC)C(=O)C(CCC(=O)O)NC(=O)c1ccccc1,DGMKFQYCZXERLX-UHFFFAOYSA-N,0,,,1,1,CCKBR,CCKBR,
2282,proguanil,CC(C)NC(=N)NC(=N)Nc1ccc(Cl)cc1,SSOLNOMRVKKSON-UHFFFAOYSA-N,1,FDA,2000-07-14,1,0,,,
2283,prolintane,CCCC(Cc1ccccc1)N1CCCC1,OJCPSBCUMRIPFL-UHFFFAOYSA-N,0,,,0,0,,,
2284,promazine,CN(C)CCCN1c2ccccc2Sc2ccccc21,ZGUGWUXLJSTTMA-UHFFFAOYSA-N,1,FDA,1956-04-13,1,31,ADRA1A;ADRA1D;ADRA2A;ADRA2B;ADRA2C;AOX1;CHRM1;CHRM2;CHRM3;CHRM4;CHRM5;CYP2D6;DRD1;DRD2;DRD3;GFER;HRH1;HRH2;HTR1A;HTR2A;HTR2B;HTR2C;HTR6;PRNP;SCN1A;SCN2A;SCN3A;SIGMAR1;SLC22A1;SLC6A2;SLC6A4,DRD2;HTR2A,
2285,promegestone,CCC(=O)[C@@]1(C)CC[C@H]2[C@@H]3CCC4=CC(=O)CCC4=C3CC[C@@]21C,QFFCYTLOTYIJMR-XMGTWHOFSA-N,0,,,0,1,PGR,,
2286,promethazine,CC(CN1c2ccccc2Sc2ccccc21)N(C)C,PWWVAXIEGOYWEE-UHFFFAOYSA-N,1,FDA,1951-03-29,1,34,ADRA1A;ADRA1D;ADRA2A;ADRA2B;ADRA2C;AOX1;BCHE;CALM1;CHRM1;CHRM2;CHRM3;CHRM4;CHRM5;CYP2D6;DRD1;DRD2;DRD3;GFER;HRH1;HRH2;HRH4;HTR1A;HTR2A;HTR2B;HTR2C;HTR6;PRNP;SCN1A;SCN2A;SCN3A;SIGMAR1;SLC22A1;SLC6A2;SLC6A4,HRH1,
2287,methestrol dipropionate,CCC(=O)Oc1ccc(C(CC)C(CC)c2ccc(OC(=O)CC)c(C)c2)cc1C,ORHVFDBDWJTZIN-UHFFFAOYSA-N,0,,,0,0,,,
2288,promoxolane,CC(C)C1(C(C)C)OCC(CO)O1,HHFOOWPWAXNJNY-UHFFFAOYSA-N,0,,,0,0,,,
2289,pronetalol,CC(C)NCC(O)c1ccc2ccccc2c1,HRSANNODOVBCST-UHFFFAOYSA-N,0,,,1,0,,,
2290,propacetamol,CCN(CC)CC(=O)Oc1ccc(NC(C)=O)cc1,QTGAJCQTLIRCFL-UHFFFAOYSA-N,0,,,0,0,,,
2291,propafenone,CCCNCC(O)COc1ccccc1C(=O)CCc1ccccc1,JWHAUXFOSRPERK-UHFFFAOYSA-N,1,FDA,1989-11-27,1,30,ABCB1;ABCC9;ADRA1D;ADRB1;ADRB2;ADRB3;AOX1;CYP1A2;CYP2D6;HCN4;HTR1A;HTR2A;HTR2B;HTR2C;HTR6;KCNA5;KCNH2;KCNJ11;KCNK2;KCNK3;SCN1B;SCN2B;SCN3B;SCN4B;SCN5A;SIGMAR1;SLC22A1;SLC22A2;SLC6A2;SLC6A3,ADRB1;SCN5A,
2293,propantheline,CC(C)[N+](C)(CCOC(=O)C1c2ccccc2Oc2ccccc21)C(C)C,VVWYOYDLCMFIEM-UHFFFAOYSA-N,1,FDA,1953-04-02,1,4,CHRM1;CHRM2;CHRM3;CHRM4,CHRM1;CHRM2;CHRM3,charged_parent
2294,proparacaine,CCCOc1ccc(C(=O)OCCN(CC)CC)cc1N,KCLANYCVBBTKTO-UHFFFAOYSA-N,1,FDA,1953-07-01,1,6,MAOA;SCN10A;SCN1A;SCN2A;SCN3A;SIGMAR1,SCN10A;SCN1A;SCN2A;SCN3A,
2295,propatylnitrate,CCC(CO[N+](=O)[O-])(CO[N+](=O)[O-])CO[N+](=O)[O-],YZZCJYJBCUJISI-UHFFFAOYSA-N,0,,,0,0,,,
2296,propentofylline,CCCn1cnc2c1c(=O)n(CCCCC(C)=O)c(=O)n2C,RBQOQRRFDPXAGN-UHFFFAOYSA-N,0,,,0,1,ACHE,,
2297,propicillin,CCC(Oc1ccccc1)C(=O)N[C@@H]1C(=O)N2[C@@H]1SC(C)(C)[C@@H]2C(=O)O,HOCWPKXKMNXINF-XQERAMJGSA-N,0,,,0,0,,,
2298,propiomazine,CCC(=O)c1ccc2c(c1)N(CC(C)N(C)C)c1ccccc1S2,UVOIBTBFPOZKGP-UHFFFAOYSA-N,1,FDA,1960-12-05,1,12,ADRA1B;CHRM1;CHRM2;CHRM3;CHRM4;CHRM5;DRD1;DRD2;DRD4;HRH1;HTR2A;HTR2C,HRH1,
2299,propiram,CCC(=O)N(c1ccccn1)C(C)CN1CCCCC1,ZBAFFZBKCMWUHM-UHFFFAOYSA-N,1,YEAR INTRODUCED,1980-01-01,0,1,OPRM1,OPRM1,
2300,propiverine,CCCOC(C(=O)OC1CCN(C)CC1)(c1ccccc1)c1ccccc1,QPCVHQBVMYCJOM-UHFFFAOYSA-N,0,,,1,0,,,
2301,propizepine,CC(CN1C(=O)c2cccnc2Nc2ccccc21)N(C)C,YFLBETLXDPBWTD-UHFFFAOYSA-N,0,,,0,0,,,
2302,propofol,CC(C)c1cccc(C(C)C)c1O,OLBCVFGFOZPWHH-UHFFFAOYSA-N,1,FDA,1989-10-02,1,13,CA1;CA2;CYP2C9;FAAH;GABRA1;GABRA2;GABRB2;GABRB3;GABRG2;HTR2B;HTR2C;PTGS1;SLC6A2,GABRA1;GABRA2;GABRB2;GABRB3;GABRG2,
2303,propranolol,CC(C)NCC(O)COc1cccc2ccccc12,AQHHHDLHHXJYJD-UHFFFAOYSA-N,1,FDA,1967-11-13,1,19,ABCB1;ADRB1;ADRB2;ADRB3;CACNA1C;CYP1A2;CYP2D6;HCN4;HRH1;HTR1A;HTR1B;HTR1D;HTR2A;HTR2B;HTR2C;HTR6;SIGMAR1;SLC22A1;SLC6A4,ADRB1;ADRB2,
2305,propylhexedrine,CNC(C)CC1CCCCC1,JCRIVQIOJSSCQD-UHFFFAOYSA-N,1,FDA,,1,0,,,
2306,propyliodone,CCCOC(=O)Cn1cc(I)c(=O)c(I)c1,ROSXARVHJNYYDO-UHFFFAOYSA-N,1,FDA,,1,0,,,
2307,propylparaben,CCCOC(=O)c1ccc(O)cc1,QELSKZZBTMNZEB-UHFFFAOYSA-N,0,,,0,0,,,
2308,propylthiouracil,CCCc1cc(=O)[nH]c(=S)[nH]1,KNAHARQHSZJURB-UHFFFAOYSA-N,1,FDA,1947-07-28,1,4,DIO1;MPO;TAS2R38;TPO,DIO1;TPO,
2309,propyphenazone,Cc1c(C(C)C)c(=O)n(-c2ccccc2)n1C,PXWLVJLKJGVOKE-UHFFFAOYSA-N,0,,,1,1,TRPA1,TRPA1,
2310,propyromazine,CC(C(=O)N1c2ccccc2Sc2ccccc21)[N+]1(C)CCCC1,YKNNBQKAAWCISH-UHFFFAOYSA-N,0,,,0,0,,,charged_parent
2311,proquazone,Cc1ccc2c(-c3ccccc3)nc(=O)n(C(C)C)c2c1,JTIGKVIOEQASGT-UHFFFAOYSA-N,0,,,0,2,PTGS1;PTGS2,,
2312,mitopodozide,CCNNC(=O)[C@@H]1[C@H](c2cc(OC)c(OC)c(OC)c2)c2cc3c(cc2[C@H](O)[C@H]1CO)OCO3,CPTIBDHUFVHUJK-NZYDNVMFSA-N,0,,,0,0,,,
2313,proscillaridin,C[C@@H]1O[C@@H](O[C@@H]2C=C3CC[C@@H]4[C@H](CC[C@]5(C)[C@@H](c6ccc(=O)oc6)CC[C@]45O)[C@@]3(C)CC2)[C@H](O)[C@H](O)[C@H]1O,MYEJFUXQJGHEQK-ALRJYLEOSA-N,1,YEAR INTRODUCED,1967-01-01,0,1,ATP1A1,,
2314,protionamide,CCCc1cc(C(N)=S)ccn1,VRDIULHPQTYCLN-UHFFFAOYSA-N,0,,,0,0,,,
2315,prothipendyl,CN(C)CCCN1c2ccccc2Sc2cccnc21,JTTAUPUMOLRVRA-UHFFFAOYSA-N,0,,,1,0,,,
2316,protirelin,NC(=O)[C@@H]1CCCN1C(=O)[C@H](Cc1c[nH]cn1)NC(=O)[C@@H]1CCC(=O)N1,XNSAINXGIQZQOO-SRVKXCTJSA-N,1,FDA,1976-11-05,1,1,TRHR,TRHR,
2317,protizinic acid,COc1ccc2c(c1)Sc1ccc(C(C)C(=O)O)cc1N2C,VSQMKHNDXWGCDB-UHFFFAOYSA-N,0,,,0,0,,,
2318,protokylol,CC(Cc1ccc2c(c1)OCO2)NCC(O)c1ccc(O)c(O)c1,LUMAEVHDZXIGEP-UHFFFAOYSA-N,1,FDA,,1,1,ADRB2,ADRB2,
2319,protoverine,C[C@H]1CC[C@@H]2N(C1)C[C@@H]1[C@H]([C@@H](O)[C@H](O)[C@]3(O)[C@H]1C[C@@]14O[C@@]5(O)[C@@H]([C@@H](O)[C@@H](O)[C@@H]31)[C@]4(C)CC[C@@H]5O)[C@]2(C)O,CKJAABZFXLMMCS-MKKPLVDTSA-N,0,,,0,0,,,
2320,protriptyline,CNCCCC1c2ccccc2C=Cc2ccccc21,BWPIARFWQZKAIA-UHFFFAOYSA-N,1,FDA,1967-09-27,1,14,ADORA3;CHRM1;CHRM2;CHRM3;CHRM4;CHRM5;HRH1;HTR2A;HTR2B;HTR2C;KCNH2;SLC6A2;SLC6A3;SLC6A4,SLC6A2;SLC6A4,
2321,proxazole,CCC(c1ccccc1)c1noc(CCN(CC)CC)n1,OLTAWOVKGWWERU-UHFFFAOYSA-N,0,,,0,0,,,
2322,proxibarbal,C=CCC1(CC(C)O)C(=O)NC(=O)NC1=O,VNLMRPAWAMPLNZ-UHFFFAOYSA-N,0,,,1,0,,,
2323,proxyphylline,CC(O)Cn1cnc2c1c(=O)n(C)c(=O)n2C,KYHQZNGJUGFTGR-UHFFFAOYSA-N,0,,,0,0,,,
2324,prozapine,c1ccc(C(CCN2CCCCCC2)c2ccccc2)cc1,QSEKJQWRMSJZDE-UHFFFAOYSA-N,0,,,0,0,,,
2325,prulifloxacin,Cc1oc(=O)oc1CN1CCN(c2cc3c(cc2F)c(=O)c(C(=O)O)c2n3C(C)S2)CC1,PWNMXPDKBYZCOO-UHFFFAOYSA-N,0,,,0,0,,,
2326,pseudoephedrine,CN[C@@H](C)[C@@H](O)c1ccccc1,KWGRBVOPPLSCSI-WCBMZHEXSA-N,1,FDA,1963-10-18,1,4,ADRA1A;ADRA2A;ADRB2;SLC6A2,SLC6A2,
2327,parathiazine,c1ccc2c(c1)Sc1ccccc1N2CCN1CCCC1,KJKJUXGEMYCCJN-UHFFFAOYSA-N,0,,,0,0,,,
2328,pyrazinamide,NC(=O)c1cnccn1,IPEHBUMCGVEMRF-UHFFFAOYSA-N,1,FDA,1971-06-03,1,3,CA2;CYP3A4;CYP3A5,,
2329,pyricarbate,CNC(=O)OCc1cccc(COC(=O)NC)n1,YEKQSSHBERGOJK-UHFFFAOYSA-N,0,,,0,0,,,
2330,pyridostigmine,CN(C)C(=O)Oc1ccc[n+](C)c1,RVOLLAQWKVFTGE-UHFFFAOYSA-N,1,FDA,1955-04-06,1,2,ACHE;BCHE,ACHE,charged_parent
2331,mepyramine,COc1ccc(CN(CCN(C)C)c2ccccn2)cc1,YECBIJXISLIIDS-UHFFFAOYSA-N,1,FDA,1973-08-07,1,11,ADORA3;ADRA2A;CYP2D6;HRH1;HTR2A;HTR2B;HTR2C;KCNH2;SIGMAR1;SLC6A3;SLC6A4,HRH1,
2332,pyrimethamine,CCc1nc(N)nc(N)c1-c1ccc(Cl)cc1,WKSAUQYGYAYLPV-UHFFFAOYSA-N,1,FDA,1953-01-23,1,7,CHRM1;CYP2C9;DHFR;HEXA;HEXB;SLC22A1;SLC47A1,,
2333,pyritinol,Cc1ncc(CSSCc2cnc(C)c(O)c2CO)c(CO)c1O,SIXLXDIJGIWWFU-UHFFFAOYSA-N,0,,,1,0,,,
2334,pyrrobutamine,Clc1ccc(CC(=CCN2CCCC2)c2ccccc2)cc1,WDYYVNNRTDZKAZ-UHFFFAOYSA-N,0,,,0,0,,,
2335,pyrvinium,Cc1cc(/C=C/c2ccc3cc(N(C)C)ccc3[n+]2C)c(C)n1-c1ccccc1,QMHSXPLYMTVAMK-UHFFFAOYSA-N,1,FDA,,1,3,SHMT2;SYNJ1;SYNJ2,,charged_parent
2336,quazepam,Fc1ccccc1C1=NCC(=S)N(CC(F)(F)F)c2ccc(Cl)cc21,IKMPWMZBZSAONZ-UHFFFAOYSA-N,1,FDA,1985-12-27,1,5,GABRA1;GABRA2;GABRA3;GABRB1;GABRG2,GABRA1;GABRA2;GABRA3;GABRB1;GABRG2,
2337,quetiapine,OCCOCCN1CCN(C2=Nc3ccccc3Sc3ccccc32)CC1,URKOMYMAXPYINW-UHFFFAOYSA-N,1,FDA,1997-09-26,1,35,ADRA1A;ADRA1B;ADRA1D;ADRA2A;ADRA2B;ADRA2C;ADRB1;ADRB2;AOX1;CHRM1;CHRM2;CHRM3;CHRM4;CHRM5;DRD1;DRD2;DRD3;DRD4;DRD5;H1F0;HRH1;HTR1A;HTR1B;HTR1D;HTR1E;HTR1F;HTR2A;HTR2B;HTR2C;HTR5A;HTR6;HTR7;KCNH2;SIGMAR1;SLC6A2,DRD2;HTR2A,
2338,mepacrine,CCN(CC)CCCC(C)Nc1c2ccc(Cl)cc2nc2ccc(OC)cc12,GPKJTRJOBQGKQK-UHFFFAOYSA-N,1,YEAR INTRODUCED,1933-01-01,1,19,ACHE;ADRA1D;ADRA2A;ADRA2B;ADRA2C;AOX1;CHRM1;CHRM2;CHRM3;CHRM4;CHRM5;DRD3;HRH2;HTR2A;PRNP;SCN1A;SCN2A;SCN3A;SLC6A2,,
2339,quinagolide,CCCN1C[C@@H](NS(=O)(=O)N(CC)CC)C[C@@H]2Cc3c(O)cccc3C[C@H]21,GDFGTRDCCWFXTG-ZIFCJYIRSA-N,0,,,1,0,,,
2340,quinapril,CCOC(=O)[C@H](CCc1ccccc1)N[C@@H](C)C(=O)N1Cc2ccccc2C[C@H]1C(=O)O,JSDRRTOADPPCHY-HSQYWUDLSA-N,1,FDA,1991-11-19,1,1,ACE,ACE,
2341,quinestradol,C[C@]12CC[C@@H]3c4ccc(OC5CCCC5)cc4CC[C@H]3[C@@H]1C[C@@H](O)[C@@H]2O,ODYKCPYPRCJXLY-PZORDLPLSA-N,0,,,0,0,,,
2342,quinestrol,C#C[C@]1(O)CC[C@H]2[C@@H]3CCc4cc(OC5CCCC5)ccc4[C@H]3CC[C@@]21C,PWZUUYSISTUNDW-VAFBSOEGSA-N,1,FDA,,1,1,ESR1,ESR1,
2343,quinethazone,CCC1NC(=O)c2cc(S(N)(=O)=O)c(Cl)cc2N1,AGMMTXLNIQSRCG-UHFFFAOYSA-N,1,FDA,1963-04-10,1,1,SLC12A3,SLC12A3,
2344,quinfamide,O=C(Oc1ccc2c(c1)CCCN2C(=O)C(Cl)Cl)c1ccco1,SBJGFIXQRZOVTO-UHFFFAOYSA-N,0,,,0,0,,,
2345,quingestanol acetate,C#C[C@]1(OC(C)=O)CC[C@H]2[C@@H]3CC=C4C=C(OC5CCCC5)CC[C@@H]4[C@H]3CC[C@@]21C,FLGJKPPXEKYCBY-AKCFYGDASA-N,0,,,0,1,PGR,PGR,
2346,quinidine,C=C[C@H]1C[N@@]2CC[C@H]1C[C@@H]2[C@@H](O)c1ccnc2ccc(OC)cc12,LOUPRKONTZGTKE-LHHVKLHASA-N,1,FDA,1950-07-12,1,20,ABCB1;BCHE;CHRM2;CYP2D6;HCN4;KCNA5;KCNA7;KCNH1;KCNH2;SCN1A;SCN1B;SCN2A;SCN2B;SCN3A;SCN3B;SCN4B;SCN5A;SLC22A2;SLC29A4;SLC47A1,CYP2D6;SCN1A;SCN2A;SCN3A;SCN5A,
2348,quinupramine,c1ccc2c(c1)CCc1ccccc1N2C1CN2CCC1CC2,JCBQCKFFSPGEDY-UHFFFAOYSA-N,0,,,0,0,,,
2349,quinupristin,CC[C@H]1NC(=O)[C@@H](NC(=O)c2ncccc2O)[C@@H](C)OC(=O)[C@H](c2ccccc2)NC(=O)[C@@H]2CC(=O)[C@H](CS[C@@H]3CN4CCC3CC4)CN2C(=O)[C@H](Cc2ccc(N(C)C)cc2)N(C)C(=O)[C@@H]2CCCN2C1=O,WTHRRGMBUAHGNI-LCYNINFDSA-N,1,FDA,1999-09-21,1,0,,,
2350,rabeprazole,COCCCOc1ccnc(CS(=O)c2nc3ccccc3[nH]2)c1C,YREYEVIYCVEVJK-UHFFFAOYSA-N,1,FDA,1999-08-19,1,12,ADORA3;ADRA2B;ATP1A1;ATP4A;ATP4B;DDAH1;DRD3;ENGASE;FASN;HTR1D;IDE;SARM1,ATP4A;ATP4B,
2351,raloxifene,O=C(c1ccc(OCCN2CCCCC2)cc1)c1c(-c2ccc(O)cc2)sc2cc(O)ccc12,GZUITABIAKMVPG-UHFFFAOYSA-N,1,FDA,1997-12-09,1,36,ACHE;ADORA2A;ADRA1D;ADRA2A;ADRA2B;ADRA2C;AOX1;C5;CYP2C9;DRD1;DRD2;DRD3;EBP;ESR1;ESR2;FYN;GPER1;HLA-A;HTR1D;HTR2A;HTR2B;HTR2C;HTR6;IL6;NR1H4;NR1I2;OPRD1;OPRK1;OPRM1;PLD1;PLD2;SIGMAR1;SLC6A2;SLC6A3;SLC6A4;TACR2,ESR1;ESR2,
2352,raltegravir,Cc1nnc(C(=O)NC(C)(C)c2nc(C(=O)NCc3ccc(F)cc3)c(O)c(=O)n2C)o1,CZFFBEXEKNGXKS-UHFFFAOYSA-N,1,EMA;FDA,2007-10-12,1,1,CCR1,,
2353,raltitrexed,Cc1nc2ccc(CN(C)c3ccc(C(=O)N[C@@H](CCC(=O)O)C(=O)O)s3)cc2c(=O)[nH]1,IVTVGDXNLFLDRM-HNNXBMFYSA-N,1,YEAR INTRODUCED,1996-01-01,1,6,DHFR;FOLR1;FOLR2;SLC19A1;SLC46A1;TYMS,,
2354,ramatroban,O=C(O)CCn1c2c(c3ccccc31)C[C@H](NS(=O)(=O)c1ccc(F)cc1)CC2,LDXDSHIEDAPSSA-OAHLLOKOSA-N,0,,,1,3,PTGDR;PTGDR2;TBXA2R,TBXA2R,
2355,ramelteon,CCC(=O)NCC[C@@H]1CCc2ccc3c(c21)CCO3,YLXDSYKOBKBWJQ-LBPRGKRZSA-N,1,FDA,2005-07-22,1,2,MTNR1A;MTNR1B,MTNR1A;MTNR1B,
2356,ramipril,CCOC(=O)[C@H](CCc1ccccc1)N[C@@H](C)C(=O)N1[C@H](C(=O)O)C[C@@H]2CCC[C@@H]21,HDACQVRGBOVJII-JBDAPHQKSA-N,1,FDA,1991-01-28,1,1,ACE,ACE,
2357,ramosetron,Cn1cc(C(=O)[C@@H]2CCc3nc[nH]c3C2)c2ccccc21,NTHPAPBPFQJABD-LLVKDONJSA-N,1,PMDA,1996-07-10,1,1,HTR3A,HTR3A,
2358,ranitidine,CNC(=C[N+](=O)[O-])NCCSCc1ccc(CN(C)C)o1,VMXUWOKSQNHOCA-UHFFFAOYSA-N,1,FDA,1977-08-29,1,3,ACHE;HRH2;SLC47A1,HRH2,
2359,ranolazine,COc1ccccc1OCC(O)CN1CCN(CC(=O)Nc2c(C)cccc2C)CC1,XKLMZUWKNUAPSZ-UHFFFAOYSA-N,1,FDA,2006-01-27,1,3,ABCB1;KCNH2;SCN5A,SCN5A,
2360,rebamipide,O=C(NC(Cc1cc(=O)[nH]c2ccccc12)C(=O)O)c1ccc(Cl)cc1,ALLWOAVDORUJLA-UHFFFAOYSA-N,1,PMDA,2011-09-26,0,0,,,
2361,reboxetine,CCOc1ccccc1O[C@H](c1ccccc1)[C@H]1CNCCO1,CBQGYUDMJHNJBX-RTBURBONSA-N,1,YEAR INTRODUCED,1997-01-01,1,8,HTR2C;HTR6;KCNJ3;KCNJ5;KCNJ6;SLC6A2;SLC6A3;SLC6A4,,
2362,regadenoson,CNC(=O)c1cnn(-c2nc(N)c3ncn([C@@H]4O[C@H](CO)[C@@H](O)[C@H]4O)c3n2)c1,LZPZPHGJDAGEJZ-AKAIJSEGSA-N,1,FDA,2008-04-10,1,4,ADORA1;ADORA2A;ADORA2B;ADORA3,ADORA2A,
2363,remifentanil,CCC(=O)N(c1ccccc1)C1(C(=O)OC)CCN(CCC(=O)OC)CC1,ZTVQQQVZCWLTDF-UHFFFAOYSA-N,1,FDA,1996-07-12,1,1,OPRM1,OPRM1,
2365,remoxipride,CCN1CCC[C@H]1CNC(=O)c1c(OC)ccc(Br)c1OC,GUJRSXAPGDDABA-NSHDSACASA-N,1,YEAR INTRODUCED,1990-01-01,1,6,DRD2;DRD3;DRD4;HTR1A;HTR2A;SIGMAR1,DRD2,
2366,repaglinide,CCOc1cc(CC(=O)N[C@@H](CC(C)C)c2ccccc2N2CCCCC2)ccc1C(=O)O,FAEKWTJYAYMJKF-QHCPKHFHSA-N,1,FDA,1997-12-22,1,5,ABCC8;ABCC9;KCNJ11;SLC22A1;SLCO1B1,ABCC8;KCNJ11,
2367,repirinast,Cc1ccc2c([nH]c(=O)c3c(=O)cc(C(=O)OCCC(C)C)oc32)c1C,NFQIAEMCQGTTIR-UHFFFAOYSA-N,0,,,0,0,,,
2368,reproterol,Cn1c(=O)c2c(ncn2CCCNCC(O)c2cc(O)cc(O)c2)n(C)c1=O,WVLAAKXASPCBGT-UHFFFAOYSA-N,0,,,0,1,ADRB2,ADRB2,
2369,rescinnamine,COC(=O)[C@H]1[C@H]2C[C@@H]3c4[nH]c5cc(OC)ccc5c4CCN3C[C@H]2C[C@@H](OC(=O)/C=C/c2cc(OC)c(OC)c(OC)c2)[C@@H]1OC,SZLZWPPUNLXJEA-QEGASFHISA-N,1,FDA,1956-10-31,1,1,SLC18A2,SLC18A2,
2370,reserpine,COC(=O)[C@H]1[C@H]2C[C@@H]3c4[nH]c5cc(OC)ccc5c4CCN3C[C@H]2C[C@@H](OC(=O)c2cc(OC)c(OC)c(OC)c2)[C@@H]1OC,QEVHRUUCFGRFIF-MDEJGZGSSA-N,1,FDA,1955-10-12,1,13,ABCB1;ABCG2;DRD1;DRD2;DRD3;HTR1A;OPRM1;SCN1A;SCN2A;SCN3A;SLC18A1;SLC18A2;SLC6A4,SLC18A2,
2371,retapamulin,C=C[C@]1(C)C[C@@H](OC(=O)CS[C@@H]2C[C@H]3CC[C@@H](C2)N3C)[C@]2(C)[C@H](C)CC[C@]3(CCC(=O)[C@H]32)[C@@H](C)[C@@H]1O,STZYTFJPGGDRJD-NHUWBDDWSA-N,1,EMA;FDA,2007-04-12,1,0,,,
2372,retinol acetate,CC(=O)OC/C=C(C)/C=C/C=C(C)/C=C/C1=C(C)CCCC1(C)C,QGNJRVVDBSJHIZ-QHLGVNSISA-N,1,FDA,,0,1,RBP4,,
2373,ribavirin,NC(=O)c1ncn([C@@H]2O[C@H](CO)[C@@H](O)[C@H]2O)n1,IWUCXVSUMQZMFG-AFCXAGJDSA-N,1,FDA,1985-12-31,1,7,ADK;ADORA1;ENPP1;IMPDH1;IMPDH2;NT5C2;TOP1,IMPDH1,
2374,riboflavin phosphate,Cc1cc2nc3c(=O)[nH]c(=O)nc-3n(C[C@H](O)[C@H](O)[C@H](O)COP(=O)(O)O)c2cc1C,FVTCRASFADXXNN-SCRDCRAPSA-N,1,FDA,1953-02-20,1,0,,,
2376,rifabutin,CO[C@H]1/C=C/O[C@@]2(C)Oc3c(C)c(O)c4c(c3C2=O)C2=NC3(CCN(CC(C)C)CC3)NC2=C(NC(=O)/C(C)=C\C=C\[C@H](C)[C@H](O)[C@@H](C)[C@@H](O)[C@@H](C)[C@H](OC(C)=O)[C@@H]1C)C4=O,ATEBXHFBFRCZMA-VXTBVIBXSA-N,1,FDA,1992-12-23,1,0,,,
2377,rifampicin,CO[C@H]1/C=C/O[C@@]2(C)Oc3c(C)c(O)c4c(O)c(c(C=NN5CCN(C)CC5)c(O)c4c3C2=O)NC(=O)/C(C)=C\C=C\[C@H](C)[C@H](O)[C@@H](C)[C@@H](O)[C@@H](C)[C@H](OC(C)=O)[C@@H]1C,JQXXHWHPUNPDRT-ZNQWNCHJSA-N,1,FDA,1971-05-21,1,8,ABCB11;CASP1;CYP51A1;GSTO1;NR1I2;SLCO1A2;SLCO1B1;SLCO1B3,,
2378,rifapentine,CO[C@H]1/C=C/O[C@@]2(C)Oc3c(C)c(O)c4c(O)c(c(C=NN5CCN(C6CCCC6)CC5)c(O)c4c3C2=O)NC(=O)/C(C)=C\C=C\[C@H](C)[C@H](O)[C@@H](C)[C@@H](O)[C@@H](C)[C@H](OC(C)=O)[C@@H]1C,WDZCUPBHRAEYDL-LYDPARFQSA-N,1,FDA,1998-06-22,1,0,,,
2379,rifaximin,CO[C@H]1/C=C/O[C@@]2(C)Oc3c(C)c(O)c4c(O)c(c5c(nc6cc(C)ccn65)c4c3C2=O)NC(=O)/C(C)=C\C=C\[C@H](C)[C@H](O)[C@@H](C)[C@@H](O)[C@@H](C)[C@H](OC(C)=O)[C@@H]1C,NZCRJKRKKOLAOJ-XRCRFVBUSA-N,1,FDA,2004-05-25,1,1,NR1I2,,
2380,rilmazafone,CN(C)C(=O)c1nc(CNC(=O)CN)n(-c2ccc(Cl)cc2C(=O)c2ccccc2Cl)n1,KYHFRCPLIGODFH-UHFFFAOYSA-N,0,,,0,0,,,
2381,rilmenidine,C1COC(NC(C2CC2)C2CC2)=N1,CQXADFVORZEARL-UHFFFAOYSA-N,0,,,1,5,ADRA1A;ADRA2A;ADRA2B;ADRA2C;NISCH,,
2382,riluzole,Nc1nc2ccc(OC(F)(F)F)cc2s1,FTALBRSUTCGOEG-UHFFFAOYSA-N,1,FDA,1995-12-12,1,8,GRIN3A;KCNH2;KCNN1;KCNN3;KCNN4;SCN5A;SLC6A2;TRPC5,SCN5A,
2383,rimantadine,CC(N)C12CC3CC(CC(C3)C1)C2,UBCHPRBFMUDMNC-UHFFFAOYSA-N,1,FDA,1993-09-17,1,2,SLC22A2;SLC47A1,,
2384,rimexolone,CCC(=O)[C@@]1(C)[C@H](C)C[C@H]2[C@@H]3CCC4=CC(=O)C=C[C@]4(C)[C@H]3[C@@H](O)C[C@@]21C,QTTRZHGPGKRAFB-OOKHYKNYSA-N,1,FDA,1994-12-30,1,1,NR3C1,NR3C1,
2385,rimiterol,Oc1ccc(C(O)C2CCCCN2)cc1O,IYMMESGOJVNCKV-UHFFFAOYSA-N,0,,,0,0,,,
2386,ripazepam,CCn1nc(C)c2c1C(c1ccccc1)=NCC(=O)N2,YFHYNLHGFKXAIQ-UHFFFAOYSA-N,0,,,0,0,,,
2387,risedronic acid,O=P(O)(O)C(O)(Cc1cccnc1)P(=O)(O)O,IIDJRNMFWXDHID-UHFFFAOYSA-N,1,FDA,1998-03-27,1,1,FDPS,FDPS,
2388,levisoprenaline,CC(C)NC[C@H](O)c1ccc(O)c(O)c1,JWZZKOKVBUJMES-NSHDSACASA-N,0,,,1,3,ADRB1;ADRB2;ADRB3,,
2389,risperidone,Cc1nc2n(c(=O)c1CCN1CCC(c3noc4cc(F)ccc34)CC1)CCCC2,RAPZEAPATHNIPO-UHFFFAOYSA-N,1,FDA,1993-12-29,1,38,ADRA1A;ADRA1B;ADRA1D;ADRA2A;ADRA2B;ADRA2C;ADRB1;ADRB2;CHRM1;CHRM2;CHRM3;CHRM4;CYP2D6;DRD1;DRD2;DRD3;DRD4;DRD5;GLRA1;H1F0;HRH1;HRH2;HTR1A;HTR1B;HTR1D;HTR1E;HTR1F;HTR2A;HTR2B;HTR2C;HTR5A;HTR6;HTR7;KCNH2;SIGMAR1;SLC22A2;SLC47A1;SLC6A4,DRD2;HTR2A,
2390,ritodrine,C[C@@H](NCCc1ccc(O)cc1)[C@@H](O)c1ccc(O)cc1,IOVGROKTTNBUGK-SJKOYZFVSA-N,1,FDA,1991-01-22,1,2,ADRB2;ADRB3,ADRB2,
2391,ritonavir,CC(C)c1nc(CN(C)C(=O)N[C@H](C(=O)N[C@@H](Cc2ccccc2)C[C@H](O)[C@H](Cc2ccccc2)NC(=O)OCc2cncs2)C(C)C)cs1,NCDNCNXCDXHOMX-XGKFQTDJSA-N,1,FDA,1996-03-01,1,16,ABCB1;AVPR1A;CYP2C9;CYP2D6;CYP3A4;CYP3A5;NR1I2;OPRK1;OPRM1;SLC22A1;SLC22A2;SLC47A1;SLC47A2;TACR2;TBXAS1;UGT1A1,,
2392,rivastigmine,CCN(C)C(=O)Oc1cccc([C@H](C)N(C)C)c1,XSVMFMHYUFZWBK-NSHDSACASA-N,1,EMA;FDA,1998-05-12,1,2,ACHE;BCHE,ACHE;BCHE,
2393,rizatriptan,CN(C)CCc1c[nH]c2ccc(Cn3cncn3)cc12,ULFRLSNUDGIQQP-UHFFFAOYSA-N,1,FDA,1998-06-29,1,8,CYP2D6;HTR1A;HTR1B;HTR1D;HTR1E;HTR1F;HTR2A;HTR2C,HTR1B;HTR1D,
2395,rociverine,CCN(CC)CC(C)OC(=O)[C@H]1CCCC[C@]1(O)C1CCCCC1,XPYLKZZOBVLVHB-QDKIRNHSSA-N,0,,,0,0,,,
2396,rocuronium,C=CC[N+]1([C@H]2C[C@H]3[C@@H]4CC[C@H]5C[C@H](O)[C@@H](N6CCOCC6)C[C@]5(C)[C@H]4CC[C@]3(C)[C@H]2OC(C)=O)CCCC1,YXRDKMPIGHSVRX-OOJCLDBCSA-N,1,FDA,1994-03-17,1,4,CHRNA1;CHRNB1;CHRND;CHRNG,CHRNA1;CHRNB1;CHRND,charged_parent
2397,rofecoxib,CS(=O)(=O)c1ccc(C2=C(c3ccccc3)C(=O)OC2)cc1,RZJQGNCSTQAWON-UHFFFAOYSA-N,1,FDA,1999-05-20,1,4,MT-CO2;PTGER2;PTGS1;PTGS2,PTGS2,
2398,rokitamycin,CCCC(=O)O[C@H]1[C@H](C)O[C@@H](O[C@H]2[C@H](N(C)C)[C@@H](O)[C@H](O[C@H]3[C@@H](CC=O)C[C@@H](C)[C@@H](O)/C=C/C=C/C[C@@H](C)OC(=O)C[C@@H](O)[C@@H]3OC)O[C@@H]2C)C[C@@]1(C)OC(=O)CC,VYWWNRMSAPEJLS-MDWYKHENSA-N,0,,,0,0,,,
2399,rolitetracycline,CN(C)[C@@H]1C(O)=C(C(=O)NCN2CCCC2)C(=O)[C@@]2(O)C(O)=C3C(=O)c4c(O)cccc4[C@@](C)(O)[C@H]3C[C@@H]12,HMEYVGGHISAPJR-IAHYZSEUSA-N,0,,,0,2,IDE;RAD52,,
2400,romurtide,CCCCCCCCCCCCCCCCCC(=O)NCCCC[C@H](NC(=O)CC[C@@H](NC(=O)[C@H](C)NC(=O)[C@@H](C)O[C@H]1[C@H](O)[C@@H](CO)OC(O)[C@@H]1NC(C)=O)C(N)=O)C(=O)O,FKHUGQZRBPETJR-FZKCHLSLSA-N,0,,,0,0,,,
2401,ronifibrate,CC(C)(Oc1ccc(Cl)cc1)C(=O)OCCCOC(=O)c1cccnc1,AYJVGKWCGIYEAK-UHFFFAOYSA-N,0,,,0,0,,,
2402,ropinirole,CCCN(CCC)CCc1cccc2c1CC(=O)N2,UHSKFQJFRQCDBE-UHFFFAOYSA-N,1,FDA;PMDA,1997-09-19,1,13,ADRA2A;ADRA2B;ADRA2C;DRD1;DRD2;DRD3;DRD4;DRD5;HTR1A;HTR1D;HTR2A;HTR2B;HTR7,DRD2,
2403,ropivacaine,CCCN1CCCC[C@H]1C(=O)Nc1c(C)cccc1C,ZKMNUMMKYBVTFN-HNNXBMFYSA-N,1,FDA,1996-09-24,1,9,KCNK3;SCN10A;SCN1A;SCN2A;SCN3A;SCN4A;SCN5A;SCN8A;SCN9A,SCN10A;SCN1A;SCN2A;SCN3A;SCN4A;SCN5A;SCN8A;SCN9A,
2404,rosaprostol,CCCCCC[C@H]1CCC(O)[C@@H]1CCCCCCC(=O)O,NMAOJFAMEOVURT-RTKIROINSA-N,0,,,0,0,,,
2405,rosiglitazone,CN(CCOc1ccc(CC2SC(=O)NC2=O)cc1)c1ccccn1,YASAKCUCGLMORW-UHFFFAOYSA-N,1,FDA,1999-05-25,1,16,ABCB11;CA2;CISD1;CISD2;FFAR1;KCNH2;MAOA;MAOB;PPARA;PPARD;PPARG;RARG;RXRA;SLC10A1;TBXAS1;TRPC5,PPARG,
2406,rosuvastatin,CC(C)c1nc(N(C)S(C)(=O)=O)nc(-c2ccc(F)cc2)c1/C=C/[C@@H](O)C[C@@H](O)CC(=O)O,BPRHUIZQVSMCRT-VEUZHWNKSA-N,1,FDA,2003-08-12,1,2,HMGCR;PDE6D,HMGCR,
2407,rotigotine,CCCN(CCc1cccs1)[C@H]1CCc2c(O)cccc2C1,KFQYTPMOWPVWEJ-INIZCTEOSA-N,1,FDA,2007-05-09,1,5,DRD1;DRD2;DRD3;DRD4;DRD5,DRD2,
2408,roxatidine acetate,CC(=O)OCC(=O)NCCCOc1cccc(CN2CCCCC2)c1,SMTZFNFIKUPEJC-UHFFFAOYSA-N,1,YEAR INTRODUCED,1986-01-01,0,1,HRH2,HRH2,
2410,roxithromycin,CC[C@H]1OC(=O)[C@H](C)[C@@H](O[C@H]2C[C@@](C)(OC)[C@@H](O)[C@H](C)O2)[C@H](C)[C@@H](O[C@@H]2O[C@H](C)C[C@H](N(C)C)[C@H]2O)[C@](C)(O)C[C@@H](C)/C(=N\OCOCCOC)[C@H](C)[C@@H](O)[C@]1(C)O,RXZBMPWDPOLZGW-XMRMVWPWSA-N,1,YEAR INTRODUCED,1987-01-01,0,1,MLNR,,
2411,rubitecan,CC[C@@]1(O)C(=O)OCc2c1cc1n(c2=O)Cc2cc3c([N+](=O)[O-])cccc3nc2-1,VHXNKPBCCMUMSW-FQEVSTJZSA-N,0,,,0,0,,,
2412,rufloxacin,CN1CCN(c2c(F)cc3c(=O)c(C(=O)O)cn4c3c2SCC4)CC1,NJCJBUHJQLFDSW-UHFFFAOYSA-N,0,,,0,0,,,
2413,rupatadine,Cc1cncc(CN2CCC(=C3c4ccc(Cl)cc4CCc4cccnc43)CC2)c1,WUZYKBABMWJHDL-UHFFFAOYSA-N,1,PMDA,2017-09-27,1,2,HRH1;PTAFR,HRH1,
2414,ademetionine,C[S+](CC[C@H](N)C(=O)[O-])C[C@H]1O[C@@H](n2cnc3c(N)ncnc32)[C@H](O)[C@@H]1O,MEFKEPWMEQBLKI-AIRLBKTGSA-N,0,,,0,3,PCMT1;PNMT;PRMT1,,
2415,salicylamide,NC(=O)c1ccccc1O,SKZKKFZAGNVIMN-UHFFFAOYSA-N,1,FDA,,0,0,,,
2416,salicylic acid,O=C(O)c1ccccc1O,YGSDEFSMJLZEOE-UHFFFAOYSA-N,1,YEAR INTRODUCED,1898-01-01,1,10,CA1;CA12;CA14;CA2;CA4;CA6;CA7;CA9;HMGB1;NAPRT,,
2418,salinazid,O=C(N/N=C/c1ccccc1O)c1ccncc1,VBIZUNYMJSPHBH-OQLLNIDSSA-N,0,,,0,0,,,
2419,salmeterol,OCc1cc(C(O)CNCCCCCCOCCCCc2ccccc2)ccc1O,GIIZNNXWQWCKIB-UHFFFAOYSA-N,1,EMA;FDA,1994-02-04,1,6,ADRB1;ADRB2;ADRB3;AOX1;DRD2;DRD3,ADRB2,
2420,salsalate,O=C(Oc1ccccc1C(=O)O)c1ccccc1O,WVYADZUPLLSGPU-UHFFFAOYSA-N,1,FDA,,0,0,,,
2422,saquinavir,CC(C)(C)NC(=O)[C@@H]1C[C@@H]2CCCC[C@@H]2CN1C[C@@H](O)[C@H](Cc1ccccc1)NC(=O)[C@H](CC(N)=O)NC(=O)c1ccc2ccccc2n1,QWAXKHKRTORLEM-UGJKXSETSA-N,1,FDA,1995-12-06,1,13,ABCB1;ABCC1;ABCC2;AVPR1A;CYP3A4;DRD3;HTR1A;OPRD1;OPRK1;OPRM1;SLC6A3;TACR2;TBXAS1,,
2423,sarpogrelate,COc1cccc(CCc2ccccc2OCC(CN(C)C)OC(=O)CCC(=O)O)c1,FFYNAVGJSYHHFO-UHFFFAOYSA-N,0,,,0,3,HTR2A;HTR2B;HTR2C,,
2424,scopolamine,CN1[C@@H]2C[C@H](OC(=O)[C@H](CO)c3ccccc3)C[C@H]1[C@@H]1O[C@@H]12,STECJAGHUSJQJN-VJQRDGCPSA-N,1,FDA,1979-12-31,1,5,CHRM1;CHRM2;CHRM3;CHRM4;CHRM5,CHRM1,
2426,secalciferol,C=C1CC[C@H](O)C/C1=C/C=C1\CCC[C@]2(C)[C@@H]([C@H](C)CC[C@@H](O)C(C)(C)O)CC[C@@H]12,FCKJYANJHNLEEP-XRWYNYHCSA-N,0,,,0,0,,,
2427,secnidazole,Cc1ncc([N+](=O)[O-])n1CC(C)O,KPQZUUQMTUIKBP-UHFFFAOYSA-N,1,FDA,2017-09-15,1,0,,,
2428,secobarbital,C=CCC1(C(C)CCC)C(=O)NC(=O)NC1=O,KQPKPCNLIDLUMF-UHFFFAOYSA-N,1,FDA,1950-07-19,1,4,GABRA1;GABRB2;GABRG2;MMP9,GABRA1;GABRB2;GABRG2,
2429,selegiline,C#CCN(C)[C@H](C)Cc1ccccc1,MEZLKOACVSPNER-GFCCVEGCSA-N,1,FDA,1989-06-05,1,4,ADRA2A;ADRA2B;MAOA;MAOB,MAOB,
2432,seratrodast,CC1=C(C)C(=O)C(C(CCCCCC(=O)O)c2ccccc2)=C(C)C1=O,ZBVKEHDGYSLCCC-UHFFFAOYSA-N,0,,,1,1,TBXA2R,,
2433,sermorelin,CC[C@H](C)[C@H](NC(=O)[C@H](C)NC(=O)[C@H](CC(=O)O)NC(=O)[C@H](C)NC(=O)[C@@H](N)Cc1ccc(O)cc1)C(=O)N[C@@H](Cc1ccccc1)C(=O)N[C@H](C(=O)N[C@@H](CC(N)=O)C(=O)N[C@@H](CO)C(=O)N[C@@H](Cc1ccc(O)cc1)C(=O)N[C@@H](CCCNC(=N)N)C(=O)N[C@@H](CCCCN)C(=O)N[C@H](C(=O)N[C@@H](CC(C)C)C(=O)NCC(=O)N[C@@H](CCC(N)=O)C(=O)N[C@@H](CC(C)C)C(=O)N[C@@H](CO)C(=O)N[C@@H](C)C(=O)N[C@@H](CCCNC(=N)N)C(=O)N[C@@H](CCCCN)C(=O)N[C@@H](CC(C)C)C(=O)N[C@@H](CC(C)C)C(=O)N[C@@H](CCC(N)=O)C(=O)N[C@@H](CC(=O)O)C(=O)N[C@H](C(=O)N[C@@H](CCSC)C(=O)N[C@@H](CO)C(=O)N[C@@H](CCCNC(=N)N)C(N)=O)[C@@H](C)CC)C(C)C)[C@@H](C)O,WGWPRVFKDLAUQJ-MITYVQBRSA-N,1,FDA,1990-12-28,0,1,GHRHR,GHRHR,
2434,sertaconazole,Clc1ccc(C(Cn2ccnc2)OCc2csc3c(Cl)cccc23)c(Cl)c1,JLGKQTAYUIMGRK-UHFFFAOYSA-N,1,FDA,2003-12-10,1,1,IDO1,,
2435,sertindole,O=C1NCCN1CCN1CCC(c2cn(-c3ccc(F)cc3)c3ccc(Cl)cc23)CC1,GZKLJWGUPQBVJQ-UHFFFAOYSA-N,1,UK Medicines and Healthcare Products Regulatory Agency (MHRA),1996-05-23,1,23,ABCB1;ADRA1A;ADRA2A;ADRA2B;ADRA2C;ADRB1;ADRB2;CHRM3;DRD1;DRD2;DRD3;DRD4;HRH1;HTR1A;HTR1B;HTR1D;HTR1E;HTR1F;HTR2A;HTR2C;HTR6;HTR7;KCNH2,DRD2;HTR2A;HTR2C,
2436,sertraline,CN[C@H]1CC[C@@H](c2ccc(Cl)c(Cl)c2)c2ccccc21,VGKDLMBJGBXTGI-SJCJKPOMSA-N,1,FDA,1991-12-30,1,19,ADRA1A;ADRA2A;ADRA2B;ADRA2C;CHRM1;CHRM2;CHRM3;CHRM4;CHRM5;CYP2C19;HTR2A;HTR2B;HTR2C;KCNH2;MC5R;SIGMAR1;SLC6A2;SLC6A3;SLC6A4,SLC6A4,
2437,setastine,CC(OCCN1CCCCCC1)(c1ccccc1)c1ccc(Cl)cc1,VBSPHZOBAOWFCL-UHFFFAOYSA-N,0,,,0,1,HRH1,HRH1,
2438,setiptiline,CN1CCC2=C(C1)c1ccccc1Cc1ccccc12,GVPIXRLYKVFFMK-UHFFFAOYSA-N,0,,,0,0,,,
2439,sevoflurane,FCOC(C(F)(F)F)C(F)(F)F,DFEYYRMXOJXZRJ-UHFFFAOYSA-N,1,FDA,1995-06-07,1,22,GABRA1;GABRA2;GABRA3;GABRA4;GABRA5;GABRA6;GABRB1;GABRB2;GABRB3;GABRD;GABRE;GABRG1;GABRG2;GABRG3;GABRP;GABRQ;GLRA1;KCNK10;KCNK18;KCNK2;KCNK3;KCNK9,GABRA1;GABRA2;GABRA3;GABRA4;GABRA5;GABRA6;GABRB1;GABRB2;GABRB3;GABRD;GABRE;GABRG1;GABRG2;GABRG3;GABRP;GABRQ;GLRA1;KCNK10;KCNK18;KCNK2;KCNK3;KCNK9,
2440,sibutramine,CC(C)CC(N(C)C)C1(c2ccc(Cl)cc2)CCC1,UNAANXDKBXWMLN-UHFFFAOYSA-N,1,FDA,1997-11-22,1,8,ADRA2B;ADRA2C;CYP2B6;KCND3;SLC22A2;SLC6A2;SLC6A3;SLC6A4,SLC6A2;SLC6A3;SLC6A4,
2441,sildenafil,CCCc1nn(C)c2c(=O)[nH]c(-c3cc(S(=O)(=O)N4CCN(C)CC4)ccc3OCC)nc12,BNRNXUUZRGQAQC-UHFFFAOYSA-N,1,FDA,1998-03-27,1,23,ABCC5;ADORA1;ADORA2A;KCNH2;PDE10A;PDE11A;PDE1A;PDE1B;PDE1C;PDE2A;PDE3A;PDE3B;PDE4A;PDE4B;PDE4C;PDE4D;PDE5A;PDE6A;PDE6C;PDE7A;PDE8A;PDE9A;SLCO1B3,PDE5A,
2444,simfibrate,CC(C)(Oc1ccc(Cl)cc1)C(=O)OCCCOC(=O)C(C)(C)Oc1ccc(Cl)cc1,JLRNKCZRCMIVKA-UHFFFAOYSA-N,0,,,0,0,,,
2445,simvastatin,CCC(C)(C)C(=O)O[C@H]1C[C@@H](C)C=C2C=C[C@H](C)[C@H](CC[C@@H]3C[C@@H](O)CC(=O)O3)[C@H]21,RYMZZMVNJRMUDD-HGQWONQESA-N,1,FDA,1991-12-23,1,2,HMGCR;NR1I3,HMGCR,
2446,sirolimus,CO[C@H]1C[C@@H]2CC[C@@H](C)[C@@](O)(O2)C(=O)C(=O)N2CCCC[C@H]2C(=O)O[C@H]([C@H](C)C[C@@H]2CC[C@@H](O)[C@H](OC)C2)CC(=O)[C@H](C)/C=C(\C)[C@@H](O)[C@@H](OC)C(=O)[C@H](C)C[C@H](C)/C=C/C=C/C=C/1C,QFJCIRLUMZQUOT-HPLJOQBZSA-N,1,FDA,1999-09-15,1,12,ABCB1;CYP2C19;CYP2C9;CYP3A4;EIF4E;FKBP1A;FKBP1B;FKBP3;FKBP5;MTOR;PDCD4;SLC28A1,FKBP1A,
2447,sisomicin,CN[C@@H]1[C@@H](O)[C@@H](O[C@@H]2[C@@H](O)[C@H](O[C@H]3OC(CN)=CC[C@H]3N)[C@@H](N)C[C@H]2N)OC[C@]1(C)O,URWAJWIAIPFPJE-YFMIWBNJSA-N,1,YEAR INTRODUCED,1977-01-01,0,0,,,
2448,sitagliptin,N[C@@H](CC(=O)N1CCn2c(nnc2C(F)(F)F)C1)Cc1cc(F)c(F)cc1F,MFFMDFFZMYYVKS-SECBINFHSA-N,1,EMA;FDA,2006-10-16,1,6,ACE;DPP4;DPP7;DPP8;DPP9;FAP,DPP4,
2449,sitafloxacin,N[C@@H]1CN(c2c(F)cc3c(=O)c(C(=O)O)cn([C@@H]4C[C@@H]4F)c3c2Cl)CC12CC2,PNUZDKCDAWUEGK-CYZMBNFOSA-N,1,PMDA,2008-01-25,0,0,,,
2451,sitosterol,CC[C@H](CC[C@@H](C)[C@H]1CC[C@H]2[C@@H]3CC=C4C[C@@H](O)CC[C@]4(C)[C@H]3CC[C@]12C)C(C)C,KZJWDPNRJALLNS-VJSFXXLFSA-N,1,FDA,,0,6,DPP4;F2;MAOA;MAOB;NFKB1;POLB,,
2452,sivelestat,CC(C)(C)C(=O)Oc1ccc(S(=O)(=O)Nc2ccccc2C(=O)NCC(=O)O)cc1,BTGNGJJLZOIYID-UHFFFAOYSA-N,1,PMDA,,0,2,ELANE;PRTN3,ELANE,
2454,sobrerol,CC1=CCC(C(C)(C)O)CC1O,OMDMTHRBGUBUCO-UHFFFAOYSA-N,0,,,0,0,,,
2455,sobuzoxane,CC(C)COC(=O)OCN1C(=O)CN(CCN2CC(=O)N(COC(=O)OCC(C)C)C(=O)C2)CC1=O,OCOKWVBYZHBHLU-UHFFFAOYSA-N,0,,,0,0,,,
2456,sofalcone,CC(C)=CCOc1ccc(C=CC(=O)c2ccc(OCC=C(C)C)cc2OCC(=O)O)cc1,GFWRVVCDTLRWPK-UHFFFAOYSA-N,0,,,0,0,,,
2457,solifenacin,O=C(O[C@H]1CN2CCC1CC2)N1CCc2ccccc2[C@@H]1c1ccccc1,FBOUYBDGKBSUES-VXKWHMMOSA-N,1,FDA,2004-11-19,1,5,CHRM1;CHRM2;CHRM3;CHRM4;CHRM5,CHRM2;CHRM3,
2459,sorafenib,CNC(=O)c1cc(Oc2ccc(NC(=O)Nc3ccc(Cl)c(C(F)(F)F)c3)cc2)ccn1,MLDQJTXFUGDVEO-UHFFFAOYSA-N,1,FDA,2005-12-20,1,122,ABL1;ABL2;ARAF;AURKA;AURKB;AURKC;AXL;BRAF;CA7;CDK14;CDK15;CDK17;CDK19;CDK2;CDK3;CDK5;CDK7;CDK8;CDKL2;CDKL3;CIT;CLK1;CSF1R;CSK;CSNK1A1;DDR1;DDR2;EGFR;EPHA1;EPHA2;EPHA3;EPHA4;EPHA5;EPHA6;EPHA7;EPHA8;EPHB1;EPHB2;EPHB4;EPHB6;EPHX2;FGFR1;FGFR2;FGFR3;FGR;FLT1;FLT3;FLT4;FRK;FYN;HCK;HIPK1;HIPK2;HIPK3;HIPK4;HTR1A;HTR2A;HTR2B;HTR2C;HTR5A;HTR6;HTR7;INSR;JAK3;KDR;KIT;LCK;LIMK1;LIMK2;LYN;MAP2K5;MAP3K19;MAP3K7;MAP4K1;MAP4K4;MAP4K5;MAPK1;MAPK11;MAPK12;MAPK13;MAPK14;MAPK15;MAPK3;MAPK9;MERTK;MET;MKNK1;MKNK2;MUSK;MYLK2;MYLK3;MYO3B;NLK;NTRK1;NTRK2;NTRK3;PDGFRA;PDGFRB;PLK4;RAF1;RET;RIPK1;RIPK2;RIPK3;RPS6KA6;SLK;SRC;SRMS;STK10;STK33;STK36;TAOK1;TAOK2;TAOK3;TEK;TGFBR2;TIE1;TNIK;TNK1;TNNI3K;TTK;ZAK,BRAF;FLT1;FLT3;FLT4;KDR;KIT;PDGFRB;RAF1;RET,
2460,sorbinicate,O=C(OC[C@H](OC(=O)c1cccnc1)[C@@H](OC(=O)c1cccnc1)[C@H](OC(=O)c1cccnc1)[C@@H](COC(=O)c1cccnc1)OC(=O)c1cccnc1)c1cccnc1,IMRLNFKFNFLWQF-IYKITFJXSA-N,0,,,0,0,,,
2462,sorbitol,OC[C@@H](O)[C@@H](O)[C@H](O)[C@@H](O)CO,FBPFZTCFMRRESA-JGWLITMVSA-N,1,FDA,1971-08-20,1,0,,,
2463,sorivudine,O=c1[nH]c(=O)n([C@@H]2O[C@H](CO)[C@@H](O)[C@@H]2O)cc1/C=C/Br,GCQYYIHYQMVWLT-HQNLTJAPSA-N,0,,,1,1,TK2,,
2464,sotalol,CC(C)NCC(O)c1ccc(NS(C)(=O)=O)cc1,ZBMZVLHSJCTVON-UHFFFAOYSA-N,1,FDA,1992-10-30,1,3,ADRB1;ADRB2;KCNH2,ADRB1;ADRB2;KCNH2,
2465,sodium myristyl sulfate,CCCCCCCCCCCCCCOS(=O)(=O)O,URLJMZWTXZTZRR-UHFFFAOYSA-N,0,,,0,0,,,
2466,sparfloxacin,C[C@@H]1CN(c2c(F)c(N)c3c(=O)c(C(=O)O)cn(C4CC4)c3c2F)C[C@H](C)N1,DZZWHBIBMUVIIW-DTORHVGOSA-N,1,FDA,1996-12-19,1,1,KCNH2,,
2467,sparteine,C1CCN2C[C@@H]3C[C@@H](CN4CCCC[C@@H]34)[C@H]2C1,SLRCCWJSBJZJBV-ZQDZILKHSA-N,0,,,1,0,,,
2468,spectinomycin,CN[C@@H]1[C@H](O)[C@H](NC)[C@H]2O[C@@]3(O)C(=O)C[C@@H](C)O[C@H]3O[C@@H]2[C@H]1O,UNFWWIHTNXNPBV-WXKVUWSESA-N,1,FDA,1971-06-30,1,0,,,
2469,spiclomazine,O=C1CSC2(CCN(CCCN3c4ccccc4Sc4ccc(Cl)cc43)CC2)N1,CFOYBMUYCBSDAL-UHFFFAOYSA-N,0,,,0,1,BACE1,,
2470,spiperone,O=C(CCCN1CCC2(CC1)C(=O)NCN2c1ccccc1)c1ccc(F)cc1,DKGZKTPJOSAWFA-UHFFFAOYSA-N,1,YEAR INTRODUCED,1969-01-01,0,24,ADRA1A;ADRA1B;ADRA1D;DRD1;DRD2;DRD3;DRD4;DRD5;HLA-A;HRH1;HTR1A;HTR1D;HTR1E;HTR1F;HTR2A;HTR2B;HTR2C;HTR5A;HTR6;HTR7;SCN1A;SCN2A;SCN3A;SIGMAR1,DRD2;HTR2A,
2471,Spiramycin I,CO[C@@H]1[C@@H](O[C@@H]2O[C@H](C)[C@@H](O[C@H]3C[C@@](C)(O)[C@@H](O)[C@H](C)O3)[C@H](N(C)C)[C@H]2O)[C@@H](CC=O)C[C@@H](C)[C@@H](O[C@H]2CC[C@H](N(C)C)[C@@H](C)O2)/C=C/C=C/C[C@@H](C)OC(=O)C[C@H]1O,ACTOXUHEUCPTEW-CEUOBAOPSA-N,0,,,0,0,,,
2472,Spiramycin II,CO[C@@H]1[C@@H](O[C@@H]2O[C@H](C)[C@@H](O[C@H]3C[C@@](C)(O)[C@@H](O)[C@H](C)O3)[C@H](N(C)C)[C@H]2O)[C@@H](CC=O)C[C@@H](C)[C@@H](O[C@H]2CC[C@H](N(C)C)[C@@H](C)O2)/C=C/C=C/C[C@@H](C)OC(=O)C[C@H]1OC(C)=O,ZPCCSZFPOXBNDL-ZSTSFXQOSA-N,0,,,0,0,,,
2473,Spiramycin III,CCC(=O)O[C@@H]1CC(=O)O[C@H](C)C/C=C/C=C/[C@H](O[C@H]2CC[C@H](N(C)C)[C@@H](C)O2)[C@H](C)C[C@H](CC=O)[C@H](O[C@@H]2O[C@H](C)[C@@H](O[C@H]3C[C@@](C)(O)[C@@H](O)[C@H](C)O3)[C@H](N(C)C)[C@H]2O)[C@H]1OC,HSZLKTCKAYXVBX-LYIMTGTFSA-N,0,,,0,0,,,
2474,spirapril,CCOC(=O)[C@H](CCc1ccccc1)N[C@@H](C)C(=O)N1CC2(C[C@H]1C(=O)O)SCCS2,HRWCVUIFMSZDJS-SZMVWBNQSA-N,1,FDA,1994-12-29,1,1,ACE,ACE,
2475,spironolactone,CC(=O)S[C@@H]1CC2=CC(=O)CC[C@]2(C)[C@H]2CC[C@@]3(C)[C@@H](CC[C@@]34CCC(=O)O4)[C@H]12,LXMSZDCAJNLERA-ZHYRCANASA-N,1,FDA,1960-01-21,1,8,AR;CYP2C19;ESR2;NR1I2;NR3C1;NR3C2;PGR;SLC47A1,NR3C2,
2476,spizofurone,CC(=O)c1ccc2c(c1)C(=O)C1(CC1)O2,SETMGIIITGNLAS-UHFFFAOYSA-N,0,,,0,0,,,
2477,stanozolol,C[C@]12Cc3cn[nH]c3C[C@@H]1CC[C@@H]1[C@@H]2CC[C@@]2(C)[C@H]1CC[C@]2(C)O,LKAJKIOFIWVMDJ-IYRCEVNGSA-N,1,FDA,1962-01-09,1,6,ADORA3;AR;CYP2C19;CYP2C9;CYP2D6;ESR1,AR,
2478,stavudine,Cc1cn([C@H]2C=C[C@@H](CO)O2)c(=O)[nH]c1=O,XNKLLVCARDGLGL-JGVFFNPUSA-N,1,FDA,1994-06-24,1,0,,,
2479,stepronin,CC(SC(=O)c1cccs1)C(=O)NCC(=O)O,JNYSEDHQJCOWQU-UHFFFAOYSA-N,0,,,0,0,,,
2480,stiripentol,CC(C)(C)C(O)C=Cc1ccc2c(c1)OCO2,IBLNKMRFIPWSOY-UHFFFAOYSA-N,1,EMA;FDA,2007-01-04,1,4,CYP1A2;CYP2C19;CYP3A4;SLC6A1,,
2481,streptomycin,CN[C@@H]1[C@H](O[C@H]2[C@H](O[C@H]3[C@H](O)[C@@H](O)[C@H](NC(=N)N)[C@@H](O)[C@@H]3NC(=N)N)O[C@@H](C)[C@]2(O)C=O)O[C@@H](CO)[C@H](O)[C@H]1O,UCSJYZPVAKXKNQ-HZYVHMACSA-N,1,FDA,1946-02-18,1,0,,,
2482,Streptomycin B,CN[C@@H]1[C@H](O[C@H]2[C@H](O[C@H]3[C@H](O)[C@@H](O)[C@H](NC(=N)N)[C@@H](O)[C@@H]3NC(=N)N)O[C@@H](C)[C@]2(O)C=O)O[C@@H](CO)[C@H](O[C@H]2O[C@@H](CO)[C@@H](O)[C@H](O)[C@@H]2O)[C@H]1O,HQXKELRFXWJXNP-ABOIPUQESA-N,0,,,0,0,,,
2483,streptozocin,CN(N=O)C(=O)N[C@H]1C(O)O[C@H](CO)[C@@H](O)[C@@H]1O,ZSJLQEPLLKMAKR-YDEIVXIUSA-N,1,FDA,1982-05-07,0,0,,,
2484,strychnine,O=C1C[C@@H]2OCC=C3CN4CC[C@]56c7ccccc7N1[C@H]5[C@H]2[C@H]3C[C@H]46,QMGVPVSNSZLJIA-FVWCLLPLSA-N,0,,,0,10,CHRM1;CHRM2;CHRM3;CHRM4;GLRA1;SCN1A;SCN2A;SCN3A;TAS2R10;TAS2R46,,
2485,styramate,NC(=O)OCC(O)c1ccccc1,OCSOHUROTFFTFO-UHFFFAOYSA-N,0,,,0,0,,,
2486,succimer,O=C(O)[C@@H](S)[C@@H](S)C(=O)O,ACTRVOBWPAIOHC-XIXRPRMCSA-N,1,FDA,1991-01-30,1,0,,,
2487,succinic acid,O=C(O)CCC(=O)O,KDYFGRWQOYBRFD-UHFFFAOYSA-N,0,,,1,2,EGLN1;SUCNR1,,
2489,suxamethonium,C[N+](C)(C)CCOC(=O)CCC(=O)OCC[N+](C)(C)C,AXOIZCJOOAYSMI-UHFFFAOYSA-N,1,FDA,1952-08-20,1,5,CHRNA1;CHRNB1;CHRND;CHRNE;CHRNG,CHRNA1;CHRNB1;CHRND;CHRNE;CHRNG,charged_parent
2490,succinylsulfathiazole,O=C(O)CCC(=O)Nc1ccc(S(=O)(=O)Nc2nccs2)cc1,SKVLYVHULOWXTD-UHFFFAOYSA-N,0,,,0,0,,,
2491,sufentanil,CCC(=O)N(c1ccccc1)C1(COC)CCN(CCc2cccs2)CC1,GGCSSNBKKAUURC-UHFFFAOYSA-N,1,FDA,1984-05-04,1,4,OPRD1;OPRK1;OPRM1;SLC22A1,OPRM1,
2492,sulbactam,CC1(C)[C@H](C(=O)O)N2C(=O)C[C@H]2S1(=O)=O,FKENQMMABCRJMK-RITPCOANSA-N,1,FDA,1986-12-31,1,1,LACTB,,
2493,sulbactam pivoxyl,CC(C)(C)C(=O)OCOC(=O)[C@@H]1N2C(=O)C[C@H]2S(=O)(=O)C1(C)C,OHPVYKXTRACOSQ-ZJUUUORDSA-N,0,,,0,0,,,
2494,sulbutiamine,C/C(=C(\CCOC(=O)C(C)C)SS/C(CCOC(=O)C(C)C)=C(/C)N(C=O)Cc1cnc(C)nc1N)N(C=O)Cc1cnc(C)nc1N,CKHJPWQVLKHBIH-ZDSKVHJSSA-N,0,,,0,0,,,
2495,sulconazole,Clc1ccc(CS[C@@H](Cn2ccnc2)c2ccc(Cl)cc2Cl)cc1,AFNXATANNDIXLG-SFHVURJKSA-N,1,FDA,1985-08-30,1,27,ADORA3;ADRA2A;ADRA2B;ADRA2C;ALPL;CHRM1;CHRM3;CHRM4;CHRM5;CYP1A2;CYP2C19;CYP2C9;CYP2D6;CYP3A4;DRD3;FYN;HTR2A;HTR2B;HTR2C;IDO1;MDH1;NR1H4;SLC6A2;SLC6A3;SLC6A4;TACR2;TBXAS1,,
2496,sulfacarbamide,NC(=O)NS(=O)(=O)c1ccc(N)cc1,WVAKABMNNSMCDK-UHFFFAOYSA-N,0,,,1,0,,,
2497,sulfacetamide,CC(=O)NS(=O)(=O)c1ccc(N)cc1,SKIVFJLNDNKQPD-UHFFFAOYSA-N,1,FDA,1945-09-12,1,1,DHFR,,
2498,sulfachlorpyridazine,Nc1ccc(S(=O)(=O)Nc2ccc(Cl)nn2)cc1,XOXHILFPRYWFOD-UHFFFAOYSA-N,0,,,0,0,,,
2499,sulfacytine,CCn1ccc(NS(=O)(=O)c2ccc(N)cc2)nc1=O,SIBQAECNSSQUOD-UHFFFAOYSA-N,1,FDA,1975-09-12,1,0,,,
2500,sulfadiazine,Nc1ccc(S(=O)(=O)Nc2ncccn2)cc1,SEEPANYCNGTZFQ-UHFFFAOYSA-N,1,FDA,1941-08-11,1,4,AURKA;HTR2A;HTR2B;SLC5A7,,
2501,sulfadimethoxine,COc1cc(NS(=O)(=O)c2ccc(N)cc2)nc(OC)n1,ZZORFUFYDOWNEF-UHFFFAOYSA-N,0,,,1,1,HTR6,,
2502,sulfadimidine,Cc1cc(C)nc(NS(=O)(=O)c2ccc(N)cc2)n1,ASWVTGNCAZCNNR-UHFFFAOYSA-N,1,FDA,1949-08-16,1,1,GLO1,,
2503,sulfadoxine,COc1ncnc(NS(=O)(=O)c2ccc(N)cc2)c1OC,PJSFRIWCGOHTNF-UHFFFAOYSA-N,1,FDA,1981-10-28,1,0,,,
2504,sulfaethidole,CCc1nnc(NS(=O)(=O)c2ccc(N)cc2)s1,SVYBEBLNQGDRHF-UHFFFAOYSA-N,0,,,0,1,AKT1,,
2505,sulfaguanidine,N=C(N)NS(=O)(=O)c1ccc(N)cc1,BRBKOPJOKNSWSG-UHFFFAOYSA-N,0,,,1,4,F2;PRSS1;PRSS2;PRSS3,,
2506,sulfaguanole,Cc1nc(NC(=N)NS(=O)(=O)c2ccc(N)cc2)oc1C,IJZUQDQOAFUFJY-UHFFFAOYSA-N,0,,,0,0,,,
2508,sulfaloxic acid,O=C(NCO)NS(=O)(=O)c1ccc(NC(=O)c2ccccc2C(=O)O)cc1,UPCBSVILVWKHIG-UHFFFAOYSA-N,0,,,0,0,,,
2509,sulfamazone,COc1ccc(NS(=O)(=O)c2ccc(NC(c3c(C)n(C)n(-c4ccccc4)c3=O)S(=O)(=O)O)cc2)nn1,BGLHAKAJGYLSOX-UHFFFAOYSA-N,0,,,0,0,,,
2510,sulfamerazine,Cc1ccnc(NS(=O)(=O)c2ccc(N)cc2)n1,QPPBRPIAZZHUNT-UHFFFAOYSA-N,1,FDA,1949-08-16,1,0,,,
2511,sulfameter,COc1cnc(NS(=O)(=O)c2ccc(N)cc2)nc1,GPTONYMQFTZPKC-UHFFFAOYSA-N,1,FDA,1966-07-01,1,0,,,
2512,sulfamethizole,Cc1nnc(NS(=O)(=O)c2ccc(N)cc2)s1,VACCAVUAMIDAGB-UHFFFAOYSA-N,1,FDA,1953-10-28,1,0,,,
2513,sulfametomidine,COc1cc(NS(=O)(=O)c2ccc(N)cc2)nc(C)n1,QKLSCPPJEVXONT-UHFFFAOYSA-N,0,,,0,0,,,
2514,sulfamethoxazole,Cc1cc(NS(=O)(=O)c2ccc(N)cc2)no1,JLKIGFTWXXRPMT-UHFFFAOYSA-N,1,FDA,1973-07-30,1,0,,,
2515,sulfamethoxypyridazine,COc1ccc(NS(=O)(=O)c2ccc(N)cc2)nn1,VLYWMPOKSSWJAL-UHFFFAOYSA-N,1,YEAR INTRODUCED,1960-01-01,1,0,,,
2516,sulfamethylthiazole,Cc1csc(NS(=O)(=O)c2ccc(N)cc2)n1,KJVQYDYPDFFJMP-UHFFFAOYSA-N,0,,,0,0,,,
2517,sulfalene,COc1nccnc1NS(=O)(=O)c1ccc(N)cc1,KXRZBTAEDBELFD-UHFFFAOYSA-N,0,,,1,0,,,
2518,sulfametrole,COc1nsnc1NS(=O)(=O)c1ccc(N)cc1,IZOYMGQQVNAMHS-UHFFFAOYSA-N,0,,,0,0,,,
2519,sulfamonomethoxine,COc1cc(NS(=O)(=O)c2ccc(N)cc2)ncn1,WMPXPUYPYQKQCX-UHFFFAOYSA-N,0,,,0,0,,,
2520,sulfamoxole,Cc1nc(NS(=O)(=O)c2ccc(N)cc2)oc1C,CYFLXLSBHQBMFT-UHFFFAOYSA-N,0,,,0,0,,,
2521,sulfanilamide,Nc1ccc(S(N)(=O)=O)cc1,FDDDEECHVMSUSB-UHFFFAOYSA-N,1,FDA,1965-06-05,1,12,CA1;CA12;CA13;CA14;CA2;CA3;CA4;CA5A;CA5B;CA6;CA7;CA9,,
2522,sulfaperin,Cc1cnc(NS(=O)(=O)c2ccc(N)cc2)nc1,DZQVFHSCSRACSX-UHFFFAOYSA-N,0,,,0,0,,,
2523,sulfaphenazole,Nc1ccc(S(=O)(=O)Nc2ccnn2-c2ccccc2)cc1,QWCJHSGMANYXCW-UHFFFAOYSA-N,1,FDA,1974-04-02,1,1,CYP2C9,,
2524,sulfapyridine,Nc1ccc(S(=O)(=O)Nc2ccccn2)cc1,GECHUMIMRBOMGK-UHFFFAOYSA-N,1,FDA,1939-03-09,1,0,,,
2525,sulfasalazine,O=C(O)c1cc(/N=N/c2ccc(S(=O)(=O)Nc3ccccn3)cc2)ccc1O,NCEXYHBECQHGNR-QZQOTICOSA-N,1,FDA,1950-06-20,1,13,ACAT1;ALOX5;CA1;CA2;CASP1;MAPK1;MMP1;PTGS1;PTGS2;SLC10A1;SLC46A1;SLC7A11;TBXAS1,ALOX5;PTGS1;PTGS2,
2526,sulfisomidine,Cc1cc(NS(=O)(=O)c2ccc(N)cc2)nc(C)n1,YZMCKZRAOLZXAZ-UHFFFAOYSA-N,0,,,1,0,,,
2527,sulfathiazole,Nc1ccc(S(=O)(=O)Nc2nccs2)cc1,JNMRHUJNCSQMMB-UHFFFAOYSA-N,1,FDA,1945-09-12,1,1,EDNRA,,
2528,sulfinpyrazone,O=C1C(CCS(=O)c2ccccc2)C(=O)N(c2ccccc2)N1c1ccccc1,MBGGBVCUIVRRBF-UHFFFAOYSA-N,1,FDA,1959-05-13,1,4,ABCC1;FPR1;NAPRT;SLC22A12,SLC22A12,
2529,sulfafurazole,Cc1noc(NS(=O)(=O)c2ccc(N)cc2)c1C,NHUHCSRWZMLRLA-UHFFFAOYSA-N,1,FDA,1971-06-07,1,3,EDNRA;EDNRB;HRH4,,
2531,sulfobromophthalein,O=C1OC(c2ccc(O)c(S(=O)(=O)O)c2)(c2ccc(O)c(S(=O)(=O)O)c2)c2c(Br)c(Br)c(Br)c(Br)c21,OHTXTCNTQJFRIG-UHFFFAOYSA-N,0,,,0,1,HPGDS,,
2532,sulforidazine,CN1CCCCC1CCN1c2ccccc2Sc2ccc(S(C)(=O)=O)cc21,FLGCRGJDQJIJAW-UHFFFAOYSA-N,0,,,0,2,DRD2;DRD3,,
2533,aldesulfone,O=S(O)CNc1ccc(S(=O)(=O)c2ccc(NCS(=O)O)cc2)cc1,NEDPPCHNEOMTJV-UHFFFAOYSA-N,1,FDA,1974-05-24,1,1,G6PD,,
2534,sulindac,CC1=C(CC(=O)O)c2cc(F)ccc2/C1=C\c1ccc(S(C)=O)cc1,MLKXDPUZXIRXEP-MFOYZWKCSA-N,1,FDA,1978-09-27,1,9,AKR1B1;C5;GLO1;GLRA1;MMP2;PTGES;PTGS1;PTGS2;RXRA,PTGS2,
2535,sulisatin,Cc1cccc2c1NC(=O)C2(c1ccc(OS(=O)(=O)O)cc1)c1ccc(OS(=O)(=O)O)cc1,URNFTLVCQLRCMN-UHFFFAOYSA-N,0,,,0,0,,,
2536,suloctidil,CCCCCCCCNC(C)C(O)c1ccc(SC(C)C)cc1,BFCDFTHTSVTWOG-UHFFFAOYSA-N,0,,,1,20,ADORA3;ADRA2A;ADRA2C;ADRB3;CHRM1;CHRM3;CHRM4;CHRM5;DRD3;EGFR;FYN;HRH1;HRH2;HTR1A;HTR2B;SIGMAR1;SLC6A2;SLC6A3;SLC6A4;TACR2,,
2537,sulpiride,CCN1CCCC1CNC(=O)c1cc(S(N)(=O)=O)ccc1OC,BGRJTUBHPOOWDU-UHFFFAOYSA-N,1,YEAR INTRODUCED,1972-01-01,1,13,ADRA2A;CA1;CA12;CA2;CA3;CA5A;CA5B;CA6;CA7;CA9;DRD2;DRD3;DRD4,DRD2,
2538,sulprostone,CS(=O)(=O)NC(=O)CCC/C=C\C[C@H]1C(=O)C[C@@H](O)[C@@H]1/C=C/[C@@H](O)COc1ccccc1,UQZVCDCIMBLVNR-TWYODKAFSA-N,0,,,0,4,PTGER1;PTGER3;PTGER4;PTGFR,,
2539,sultamicillin,CC1(C)S[C@@H]2[C@H](NC(=O)[C@H](N)c3ccccc3)C(=O)N2[C@H]1C(=O)OCOC(=O)[C@@H]1N2C(=O)C[C@H]2S(=O)(=O)C1(C)C,OPYGFNJSCUDTBT-PMLPCWDUSA-N,0,,,0,0,,,
2540,sultiame,NS(=O)(=O)c1ccc(N2CCCCS2(=O)=O)cc1,HMHVCUVYZFYAJI-UHFFFAOYSA-N,0,,,1,4,CA1;CA2;CA6;CA9,,
2541,sultopride,CCN1CCCC1CNC(=O)c1cc(S(=O)(=O)CC)ccc1OC,UNRHXEPDKXPRTM-UHFFFAOYSA-N,0,,,0,2,DRD2;DRD3,,
2542,sultosilic acid,Cc1ccc(S(=O)(=O)Oc2ccc(O)c(S(=O)(=O)O)c2)cc1,SVXZTCUBEFUKRQ-UHFFFAOYSA-N,0,,,0,0,,,
2543,sumatriptan,CNS(=O)(=O)Cc1ccc2[nH]cc(CCN(C)C)c2c1,KQKPFRSPSRPDEB-UHFFFAOYSA-N,1,FDA,1992-12-28,1,12,HTR1A;HTR1B;HTR1D;HTR1E;HTR1F;HTR2A;HTR2C;HTR3A;HTR5A;HTR6;HTR7;SLC47A1,HTR1B;HTR1D,
2544,sunitinib,CCN(CC)CCNC(=O)c1c(C)[nH]c(/C=C2\C(=O)Nc3ccc(F)cc32)c1C,WINHZLLDWRZWRT-ATVHPVEESA-N,1,EMA;FDA,2006-01-26,1,266,AAK1;ABL1;ABL2;ACHE;AKT2;ALK;ANKK1;AURKA;AURKB;AURKC;AXL;BLK;BMP2K;BMPR1B;BMPR2;BRD9;BRSK1;BRSK2;BTK;CAMK1;CAMK1D;CAMK1G;CAMK2A;CAMK2B;CAMK2D;CAMK2G;CAMK4;CAMKK1;CAMKK2;CDK14;CDK16;CDK17;CDK18;CDK4;CDK5;CDK7;CDKL2;CHEK1;CHEK2;CHUK;CIT;CLK1;CLK2;CLK4;CSF1R;CSNK1A1;CSNK1A1L;CSNK1D;CSNK1E;CSNK1G1;CSNK1G2;CSNK1G3;CSNK2A1;CSNK2A2;DAPK1;DAPK2;DAPK3;DCLK1;DCLK2;DCLK3;DDR1;DDR2;DLK1;DSTYK;DYRK1A;DYRK1B;DYRK2;EGFR;EIF2AK2;EIF2AK4;EPHA3;EPHA5;EPHA6;EPHA7;EPHB1;EPHB4;EPHB6;ERN1;FER;FES;FGFR1;FGFR2;FGFR3;FGFR4;FGR;FLT1;FLT3;FLT4;FRK;FYN;GAK;GRK1;GRK4;GRK7;HCK;HIPK1;HIPK2;HIPK3;HIPK4;HUNK;ICK;IGF1R;IKBKE;INSR;INSRR;IRAK1;IRAK3;IRAK4;ITK;JAK1;JAK2;JAK3;KCNH2;KDR;KIT;LATS1;LATS2;LCK;LRRK2;LTK;LYN;MAP2K1;MAP2K2;MAP2K3;MAP2K4;MAP2K5;MAP2K6;MAP3K11;MAP3K12;MAP3K13;MAP3K15;MAP3K19;MAP3K2;MAP3K3;MAP3K4;MAP3K7;MAP3K9;MAP4K1;MAP4K2;MAP4K3;MAP4K4;MAP4K5;MAPK10;MAPK7;MAPK9;MARK1;MARK2;MARK3;MARK4;MAST1;MATK;MELK;MERTK;MET;MINK1;MKNK1;MKNK2;MUSK;MYLK;MYLK2;MYLK3;MYLK4;MYO3A;MYO3B;NEK2;NEK7;NIM1K;NTRK1;NTRK2;NTRK3;NUAK1;NUAK2;OXSR1;PAK3;PAK4;PAK5;PAK6;PDGFRA;PDGFRB;PDPK1;PHKG1;PHKG2;PIK3CA;PIK3CD;PIK3CG;PIM2;PIM3;PIP4K2B;PIP5K1A;PKN1;PKN2;PLK2;PLK4;PRKAA1;PRKAA2;PRKCA;PRKCQ;PRKD1;PRKD2;PRKD3;PRPF4;PRPF4B;PTK2;PTK2B;PTK6;RET;RIOK1;RIOK2;RIOK3;RIPK1;RIPK4;ROCK1;ROCK2;RPS6KA1;RPS6KA2;RPS6KA3;RPS6KA4;RPS6KA5;RPS6KA6;RPS6KB1;SBK1;SBK3;SGK3;SIK1;SIK2;SLC22A1;SLK;SNRK;SRC;SRPK1;SRPK2;SRPK3;STK10;STK11;STK16;STK17A;STK17B;STK24;STK25;STK26;STK3;STK33;STK35;STK38;STK38L;STK39;STK4;TAOK1;TAOK3;TBK1;TIE1;TLK1;TLK2;TNIK;TNK1;TNK2;TNKS2;TSSK1B;TTK;TYK2;TYRO3;ULK1;ULK2;ULK3;WEE1;YES1,CSF1R;FLT1;FLT3;FLT4;KDR;KIT;PDGFRA;PDGFRB;RET,
2545,suplatast,CCOCC(O)COc1ccc(NC(=O)CC[S+](C)C)cc1,DYZJXZOQQRXDLE-UHFFFAOYSA-O,0,,,0,0,,,charged_parent
2546,suprofen,CC(C(=O)O)c1ccc(C(=O)c2cccs2)cc1,MDKGKXOCJGEUJW-UHFFFAOYSA-N,1,FDA,1988-12-23,1,3,CYP2C9;PTGS1;PTGS2,PTGS1;PTGS2,
2547,suxibuzone,CCCCC1(COC(=O)CCC(=O)O)C(=O)N(c2ccccc2)N(c2ccccc2)C1=O,ONWXNHPOAGOMTG-UHFFFAOYSA-N,0,,,1,0,,,
2548,secretin human,CC(C)C[C@H](NC(=O)CNC(=O)[C@H](CCC(N)=O)NC(=O)[C@H](CC(C)C)NC(=O)[C@H](CC(C)C)NC(=O)[C@H](CCCNC(=N)N)NC(=O)[C@H](CCC(N)=O)NC(=O)[C@H](CC(C)C)NC(=O)[C@H](CCCNC(=N)N)NC(=O)[C@H](C)NC(=O)CNC(=O)[C@H](CCC(=O)O)NC(=O)[C@H](CCCNC(=N)N)NC(=O)[C@H](CC(C)C)NC(=O)[C@H](CCCNC(=N)N)NC(=O)[C@H](CO)NC(=O)[C@H](CC(C)C)NC(=O)[C@H](CCC(=O)O)NC(=O)[C@H](CO)NC(=O)[C@@H](NC(=O)[C@H](Cc1ccccc1)NC(=O)[C@@H](NC(=O)CNC(=O)[C@H](CC(=O)O)NC(=O)[C@H](CO)NC(=O)[C@@H](N)Cc1c[nH]cn1)[C@@H](C)O)[C@@H](C)O)C(=O)N[C@H](C(N)=O)C(C)C,OWMZNFCDEHGFEP-NFBCVYDUSA-N,1,FDA,2002-04-04,0,1,SCTR,SCTR,
2550,syrosingopine,CCOC(=O)Oc1c(OC)cc(C(=O)O[C@@H]2C[C@@H]3CN4CCc5c([nH]c6cc(OC)ccc56)[C@H]4C[C@@H]3[C@H](C(=O)OC)[C@H]2OC)cc1OC,ZCDNRPPFBQDQHR-SSYATKPKSA-N,0,,,0,0,,,
2551,tacrine,Nc1c2c(nc3ccccc13)CCCC2,YLJREFDVOIBQDA-UHFFFAOYSA-N,1,FDA,1993-09-09,1,12,ACHE;ADRA1D;AOX1;APP;BCHE;CHRNE;CYP2D6;GRIN1;GRIN2A;GRIN2B;SLC22A1;SLC6A2,ACHE;BCHE,
2552,tacrolimus,C=CC[C@@H]1/C=C(\C)C[C@H](C)C[C@H](OC)[C@H]2O[C@@](O)(C(=O)C(=O)N3CCCC[C@H]3C(=O)O[C@H](/C(C)=C/[C@@H]3CC[C@@H](O)[C@H](OC)C3)[C@@H](C)[C@@H](O)CC1=O)[C@H](C)C[C@@H]2OC,QJJXYPPXXYFBGM-ZIUDIOLZSA-N,1,FDA,1994-04-08,1,13,CYP3A4;FKBP10;FKBP1A;FKBP1B;FKBP5;IFNG;IL2;IL5;KCNH2;MTOR;PPP3CA;PPP3CC;SF3B3,FKBP1A,
2553,tadalafil,CN1CC(=O)N2[C@H](c3ccc4c(c3)OCO4)c3[nH]c4ccccc4c3C[C@@H]2C1=O,WOXKDUGGOYFFRN-IIBYNOLFSA-N,1,FDA,2003-11-21,1,9,KCNH2;PDE11A;PDE5A;PDE6A;PDE6B;PDE6C;PDE6D;PDE6G;PDE6H,PDE5A,
2554,talampicillin,CC1(C)S[C@@H]2[C@H](NC(=O)[C@H](N)c3ccccc3)C(=O)N2[C@H]1C(=O)OC1OC(=O)c2ccccc21,SOROUYSPFADXSN-SUWVAFIASA-N,0,,,0,0,,,
2555,talaporfin,C=Cc1c(C)c2cc3nc(c(CC(=O)N[C@@H](CC(=O)O)C(=O)O)c4[nH]c(cc5nc(cc1[nH]2)C(C)=C5CC)c(C)c4C(=O)O)[C@@H](CCC(=O)O)[C@@H]3C,VSEIDZLLWQQJGK-BRXYURPTSA-N,1,PMDA,2003-10-26,1,0,,,
2556,talbutal,C=CCC1(C(C)CC)C(=O)NC(=O)NC1=O,BJVVMKUXKQHWJK-UHFFFAOYSA-N,1,FDA,,1,16,GABRA1;GABRA2;GABRA3;GABRA4;GABRA5;GABRA6;GABRB1;GABRB2;GABRB3;GABRD;GABRE;GABRG1;GABRG2;GABRG3;GABRP;GABRQ,GABRA1;GABRA2;GABRA3;GABRA4;GABRA5;GABRA6;GABRB1;GABRB2;GABRB3;GABRD;GABRE;GABRG1;GABRG2;GABRG3;GABRP;GABRQ,
2557,talinolol,CC(C)(C)NCC(O)COc1ccc(NC(=O)NC2CCCCC2)cc1,MXFWWQICDIZSOA-UHFFFAOYSA-N,0,,,0,4,ABCB1;ADRB1;ADRB2;EPHX2,,
2558,talipexole,C=CCN1CCc2nc(N)sc2CC1,DHSSDEDRBUKTQY-UHFFFAOYSA-N,1,PMDA,,0,10,ADRA1B;ADRA1D;ADRA2A;ADRA2B;ADRA2C;DRD2;DRD3;DRD4;DRD5;HTR1A,,
2559,talniflumate,O=C1OC(OC(=O)c2cccnc2Nc2cccc(C(F)(F)F)c2)c2ccccc21,ANMLJLFWUCQGKZ-UHFFFAOYSA-N,0,,,0,0,,,
2560,taltirelin,CN1C(=O)C[C@@H](C(=O)N[C@@H](Cc2cnc[nH]2)C(=O)N2CCCC2C(N)=O)NC1=O,LQZAIAZUDWIVPM-NDQFZYFBSA-N,0,,,0,1,TRHR,TRHR,
2561,tamoxifen,CC/C(=C(\c1ccccc1)c1ccc(OCCN(C)C)cc1)c1ccccc1,NKANXQFJJICGDU-QPLCGJKRSA-N,1,FDA,1977-12-30,1,58,ABCB1;ADORA1;ADORA2A;ADORA3;ADRA1D;ADRA2A;ADRA2B;ADRB1;ADRB3;AOX1;BDKRB2;CHRM1;CHRM2;CHRM3;CHRM4;CHRM5;DHCR7;DRD1;DRD2;DRD3;DRD4;EBP;EBPL;EGFR;ERBB2;ESR1;ESR2;ESRRA;ESRRG;FYN;GPER1;HRH2;HTR1A;HTR2A;HTR2B;HTR2C;HTR6;KCNH2;LCK;MC3R;MC4R;MC5R;NR1I2;OPRD1;OPRK1;OPRM1;PGR;PPP3CA;PTGS1;PTGS2;SIGMAR1;SLC22A2;SLC6A2;SLC6A3;SLC6A4;TACR1;TACR2;TBXAS1,ESR1,
2562,tamsulosin,CCOc1ccccc1OCCN[C@H](C)Cc1ccc(OC)c(S(N)(=O)=O)c1,DRHKJLXJIQTDTD-OAHLLOKOSA-N,1,FDA,1997-04-15,1,9,ADRA1A;ADRA1B;ADRA1D;ADRA2A;ADRA2C;DRD2;DRD3;HTR1A;HTR7,,
2563,tandospirone,O=C1[C@@H]2[C@H]3CC[C@H](C3)[C@@H]2C(=O)N1CCCCN1CCN(c2ncccn2)CC1,CEIJFEGBUDEYSX-FZDBZEDMSA-N,0,,,0,3,DRD2;DRD4;HTR1A,,
2566,tartaric acid,O=C(O)[C@H](O)[C@@H](O)C(=O)O,FEWJPZIEWOKRBE-JCYAYHJZSA-N,1,FDA,1985-08-07,1,0,,,
2567,tartrazine,O=C(O)c1nn(-c2ccc(S(=O)(=O)O)cc2)c(O)c1/N=N/c1ccc(S(=O)(=O)O)cc1,KPIQXPLWZCDIHI-ISLYRVAYSA-N,0,,,0,0,,,
2568,taurolidine,O=S1(=O)CCN(CN2CCS(=O)(=O)NC2)CN1,AJKIRUJIDFJUKJ-UHFFFAOYSA-N,0,,,1,0,,,
2569,taurosteine,O=C(NCCS(=O)(=O)O)c1cccs1,JJXDGYJCYKWEAI-UHFFFAOYSA-N,0,,,0,0,,,
2570,tazanolast,CCCCOC(=O)C(=O)Nc1cccc(-c2nnn[nH]2)c1,XQTARQNQIVVBRX-UHFFFAOYSA-N,0,,,0,0,,,
2571,tazarotene,CCOC(=O)c1ccc(C#Cc2ccc3c(c2)C(C)(C)CCS3)nc1,OGQICQVSFDPSEI-UHFFFAOYSA-N,1,FDA,1997-06-13,1,3,RARA;RARB;RARG,RARA;RARB;RARG,
2572,tazobactam,C[C@]1(Cn2ccnn2)[C@H](C(=O)O)N2C(=O)C[C@H]2S1(=O)=O,LPQZKKCYTLCDGQ-WEDXCCLWSA-N,1,FDA,1993-10-22,1,0,,,
2574,tebipenem pivoxil,C[C@@H](O)[C@H]1C(=O)N2C(C(=O)OCOC(=O)C(C)(C)C)=C(SC3CN(C4=NCCS4)C3)[C@H](C)[C@H]12,SNUDIPVBUUXCDG-QHSBEEBCSA-N,0,,,0,0,,,
2575,teclothiazide,NS(=O)(=O)c1cc2c(cc1Cl)NC(C(Cl)(Cl)Cl)NS2(=O)=O,GUTZRTRUIMWMJZ-UHFFFAOYSA-N,0,,,0,0,,,
2576,teclozan,CCOCCN(Cc1ccc(CN(CCOCC)C(=O)C(Cl)Cl)cc1)C(=O)C(Cl)Cl,MSJLJWCAEPENBL-UHFFFAOYSA-N,0,,,0,0,,,
2579,tegaserod,CCCCCNC(=N)NN=Cc1c[nH]c2ccc(OC)cc12,IKBKZGMPCYNSLU-UHFFFAOYSA-N,1,FDA,2002-07-24,1,5,HTR1A;HTR1D;HTR2B;HTR3A;HTR4,HTR4,
2580,teicoplanin aglycone,N[C@H]1C(=O)N[C@@H]2Cc3ccc(c(Cl)c3)Oc3cc4cc(c3O)Oc3ccc(cc3Cl)[C@@H](O)[C@@H]3NC(=O)[C@H](NC(=O)[C@@H]4NC(=O)[C@@H](NC2=O)c2cc(O)cc(c2)Oc2cc1ccc2O)c1ccc(O)c(c1)-c1c(O)cc(O)cc1[C@@H](C(=O)O)NC3=O,DKVBOUDTNWVDEP-NJCHZNEYSA-N,1,YEAR INTRODUCED,1988-01-01,0,1,CTSL,CTSL,
2581,telithromycin,CC[C@H]1OC(=O)[C@H](C)C(=O)[C@H](C)[C@@H](O[C@@H]2O[C@H](C)C[C@H](N(C)C)[C@H]2O)[C@](C)(OC)C[C@@H](C)C(=O)[C@H](C)[C@H]2N(CCCCn3cnc(-c4cccnc4)c3)C(=O)O[C@]12C,LJVAJPDWBABPEJ-PNUFFHFMSA-N,1,FDA,2004-04-01,1,1,KCNH2,,
2582,telmesteine,CCOC(=O)N1CSC[C@H]1C(=O)O,XBJWOGLKABXFJE-YFKPBYRVSA-N,0,,,0,0,,,
2583,telmisartan,CCCc1nc2c(C)cc(-c3nc4ccccc4n3C)cc2n1Cc1ccc(-c2ccccc2C(=O)O)cc1,RMMXLENWKUUMAY-UHFFFAOYSA-N,1,FDA,1998-11-10,1,6,ACE;AGTR1;AGTR2;GLRA1;PPARG;SLC47A1,AGTR1,
2584,temafloxacin,CC1CN(c2cc3c(cc2F)c(=O)c(C(=O)O)cn3-c2ccc(F)cc2F)CCN1,QKDHBVNJCZBTMR-UHFFFAOYSA-N,0,,,1,0,,,
2585,temazepam,CN1C(=O)C(O)N=C(c2ccccc2)c2cc(Cl)ccc21,SEQDDYPDSLOBDC-UHFFFAOYSA-N,1,FDA,1981-02-27,1,4,GABRA1;GABRB2;GABRG2;NR1I3,GABRA1;GABRB2;GABRG2,
2586,temocapril,CCOC(=O)[C@H](CCc1ccccc1)N[C@H]1CS[C@H](c2cccs2)CN(CC(=O)O)C1=O,FIQOFIRCTOWDOW-BJLQDIEVSA-N,1,YEAR INTRODUCED,1994-01-01,0,1,ACE,ACE,
2587,temocillin,CO[C@@]1(NC(=O)C(C(=O)O)c2ccsc2)C(=O)N2[C@@H](C(=O)O)C(C)(C)S[C@@H]21,BVCKFLJARNKCSS-DWPRYXJFSA-N,1,YEAR INTRODUCED,1984-01-01,0,0,,,
2588,temoporfin,Oc1cccc(-c2c3nc(c(-c4cccc(O)c4)c4ccc([nH]4)c(-c4cccc(O)c4)c4nc(c(-c5cccc(O)c5)c5ccc2[nH]5)CC4)C=C3)c1,LYPFDBRUNKHDGX-UHFFFAOYSA-N,1,EMA,2001-10-24,1,0,,,
2589,temozolomide,Cn1nnc2c(C(N)=O)ncn2c1=O,BPEGJWRSRHCHSN-UHFFFAOYSA-N,1,FDA,1999-08-11,1,0,,,
2590,teniposide,COc1cc([C@@H]2c3cc4c(cc3[C@@H](O[C@@H]3O[C@@H]5CO[C@@H](c6cccs6)O[C@H]5[C@H](O)[C@H]3O)[C@H]3COC(=O)[C@H]23)OCO4)cc(OC)c1O,NRUKOCRGYNPUPR-QBPJDGROSA-N,1,FDA,1992-07-14,1,5,ABCB1;ABCC3;ABCC6;ABCG2;TOP2A,TOP2A,
2591,tenitramine,O=[N+]([O-])OCCN(CCO[N+](=O)[O-])CCN(CCO[N+](=O)[O-])CCO[N+](=O)[O-],DLDKCSIJFIPYRK-UHFFFAOYSA-N,0,,,0,0,,,
2592,tenofovir,C[C@H](Cn1cnc2c(N)ncnc21)OCP(=O)(O)O,SGOIRFVFHAKUTI-ZCFIWIBFSA-N,1,FDA,2009-11-05,0,0,,,
2593,tenofovir disoproxil,CC(C)OC(=O)OCOP(=O)(CO[C@H](C)Cn1cnc2c(N)ncnc21)OCOC(=O)OC(C)C,JFVZFKDSXNQEJW-CQSZACIVSA-N,1,FDA,2001-10-26,1,0,,,
2594,tenonitrozole,O=C(Nc1ncc([N+](=O)[O-])s1)c1cccs1,ZLOXYEZYWCTXHU-UHFFFAOYSA-N,0,,,0,0,,,
2595,tenoxicam,CN1C(C(=O)Nc2ccccn2)=C(O)c2sccc2S1(=O)=O,LZNWYQJJBLGYLT-UHFFFAOYSA-N,1,YEAR INTRODUCED,1987-01-01,0,2,PTGS1;PTGS2,,
2596,teprenone,CC(=O)CCC=C(C)CC/C=C(\C)CC/C=C(\C)CCC=C(C)C,HUCXKZBETONXFO-AJDZVAQLSA-N,0,,,0,0,,,
2597,terbinafine,CN(C/C=C/C#CC(C)(C)C)Cc1cccc2ccccc12,DOMXUEMWDBAQBQ-WEVVVXLNSA-N,1,FDA,1992-12-30,1,5,ADRA2A;CYP2D6;SIGMAR1;SLC6A2;SQLE,,
2598,terbutaline,CC(C)(C)NCC(O)c1cc(O)cc(O)c1,XWTYSIMOBUGWOL-UHFFFAOYSA-N,1,FDA,1974-03-25,1,1,ADRB2,ADRB2,
2599,terconazole,CC(C)N1CCN(c2ccc(OCC3COC(Cn4cncn4)(c4ccc(Cl)cc4Cl)O3)cc2)CC1,BLSQLHNBWJLIBQ-UHFFFAOYSA-N,1,FDA,1987-12-31,1,21,ACHE;ADRA1D;ADRA2A;ADRA2B;ADRA2C;CHRM1;CHRM2;CHRM3;CHRM4;CHRM5;CYP51A1;DRD1;DRD3;FYN;HTR2A;HTR2C;SIGMAR1;SLC28A1;SLC6A2;SLC6A3;SLC6A4,,
2600,terfenadine,CC(C)(C)c1ccc(C(O)CCCN2CCC(C(O)(c3ccccc3)c3ccccc3)CC2)cc1,GUGOEEXESWIERI-UHFFFAOYSA-N,1,FDA,,1,24,ABCB1;ADRA1A;ADRA1B;ADRA1D;ADRA2C;CCR5;CHRM1;CYP2J2;DRD1;DRD2;DRD3;EGFR;FYN;HRH1;HSP90AA1;HTR2A;HTR2B;HTR2C;HTR6;KCNH1;KCNH2;SLC6A2;SLC6A3;TACR2,HRH1,
2601,terguride,CCN(CC)C(=O)N[C@H]1C[C@@H]2c3cccc4[nH]cc(c34)C[C@H]2N(C)C1,JOAHPSVPXZTVEP-YXJHDRRASA-N,1,PMDA,,0,19,ADRA1A;ADRA1B;ADRA1D;ADRA2A;ADRA2B;ADRA2C;ADRB1;ADRB2;DRD1;DRD2;DRD3;DRD4;DRD5;HTR1A;HTR1B;HTR1D;HTR2A;HTR2B;HTR2C,HTR2A;HTR2B,
2602,terizidone,O=C1NOCC1/N=C/c1ccc(/C=N/C2CONC2=O)cc1,ODKYYBOHSVLGNU-IAGONARPSA-N,0,,,0,0,,,
2603,terodiline,CC(CC(c1ccccc1)c1ccccc1)NC(C)(C)C,UISARWKNNNHPGI-UHFFFAOYSA-N,0,,,1,1,KCNH2,,
2604,terpin,CC(C)(O)[C@H]1CC[C@@](C)(O)CC1,RBNWAMSGVWEHFP-WAAGHKOSSA-N,0,,,0,0,,,
2605,tertatolol,CC(C)(C)NCC(O)COc1cccc2c1SCCC2,HTWFXPCUFWKXOP-UHFFFAOYSA-N,0,,,1,2,ADRB3;HTR1A,,
2606,testolactone,C[C@]12C=CC(=O)C=C1CC[C@@H]1[C@@H]2CC[C@]2(C)OC(=O)CC[C@@H]12,BPEWUONYVDABNZ-DZBHQSCQSA-N,1,FDA,1969-06-03,1,1,CYP19A1,CYP19A1,
2607,testosterone,C[C@]12CC[C@H]3[C@@H](CCC4=CC(=O)CC[C@@]43C)[C@@H]1CC[C@@H]2O,MUMGGOZAMZWBJJ-DYKIIFRCSA-N,1,FDA,1972-07-13,1,7,AR;CYP19A1;CYP51A1;NR3C1;SERPINA6;SHBG;SIGMAR1,AR,
2608,testosterone undecanoate,CCCCCCCCCCC(=O)O[C@H]1CC[C@H]2[C@@H]3CCC4=CC(=O)CC[C@]4(C)[C@H]3CC[C@]12C,UDSFVOAUHKGBEK-CNQKSJKFSA-N,1,FDA,2014-03-05,1,1,AR,AR,
2609,tetrabenazine,COc1cc2c(cc1OC)[C@@H]1CC(=O)[C@@H](CC(C)C)CN1CC2,MKJIEFSOBYUXJB-HOCLYGCPSA-N,1,FDA,2008-08-15,1,8,ADRA2A;ADRA2C;DRD2;SCN1A;SCN2A;SCN3A;SLC18A1;SLC18A2,SLC18A2,
2610,tetracaine,CCCCNc1ccc(C(=O)OCCN(C)C)cc1,GKCBAIGFKIBETG-UHFFFAOYSA-N,1,FDA,2005-06-23,1,10,HTR2A;HTR2C;MAOA;SCN1A;SCN2A;SCN3A;SCN5A;SCN8A;SCN9A;SIGMAR1,SCN1A;SCN2A;SCN3A;SCN5A;SCN9A,
2611,tetracycline,CN(C)[C@@H]1C(O)=C(C(N)=O)C(=O)[C@@]2(O)C(O)=C3C(=O)c4c(O)cccc4[C@@](C)(O)[C@H]3C[C@@H]12,OFVLGDICTFRJMM-WESIUVDSSA-N,1,FDA,1953-11-19,1,0,,,
2612,sapropterin,C[C@H](O)[C@H](O)[C@H]1CNc2nc(N)[nH]c(=O)c2N1,FNKQXYHWGSIFBK-RPDRRWSUSA-N,1,EMA;FDA,2007-12-13,1,2,NOS1;PAH,PAH,
2614,tetrazepam,CN1C(=O)CN=C(C2=CCCCC2)c2cc(Cl)ccc21,IQWYAQCHYZHJOS-UHFFFAOYSA-N,0,,,1,0,,,
2615,tetroxoprim,COCCOc1c(OC)cc(Cc2cnc(N)nc2N)cc1OC,WSWJIZXMAUYHOE-UHFFFAOYSA-N,0,,,0,0,,,
2616,thalidomide,O=C1CCC(N2C(=O)c3ccccc3C2=O)C(=O)N1,UEJJHQNACJXSKW-UHFFFAOYSA-N,1,FDA,1998-07-16,1,4,CRBN;PTGS1;PTGS2;TNF,CRBN,
2617,thenalidine,CN1CCC(N(Cc2cccs2)c2ccccc2)CC1,KLOHYVOVXOUKQI-UHFFFAOYSA-N,0,,,1,0,,,
2618,theobromine,Cn1cnc2c1c(=O)[nH]c(=O)n2C,YAPQBXQYLJRXSA-UHFFFAOYSA-N,0,,,0,0,,,
2619,theodrenaline,Cn1c(=O)c2c(ncn2CCNCC(O)c2ccc(O)c(O)c2)n(C)c1=O,WMCMJIGLYZDKRN-UHFFFAOYSA-N,0,,,0,0,,,
2620,theophylline,Cn1c(=O)c2nc[nH]c2n(C)c1=O,ZFXYFBGIUFBOJW-UHFFFAOYSA-N,1,FDA,1940-04-19,1,9,ADORA1;ADORA2A;ADORA2B;ADORA3;ALPL;PDE3A;PDE4A;PIK3CD;TMIGD3,ADORA1;ADORA2A;ADORA2B;PDE3A;PDE4A,
2621,thiabendazole,c1ccc2[nH]c(-c3cscn3)nc2c1,WJCNZQLZVWNLKY-UHFFFAOYSA-N,1,FDA,1967-04-07,1,4,CYP1A2;FKBP1A;METAP1;METAP2,,
2624,thiamphenicol,CS(=O)(=O)c1ccc([C@@H](O)[C@@H](CO)NC(=O)C(Cl)Cl)cc1,OTVAEFIXJLOWRX-NXEZZACHSA-N,0,,,0,1,CYP2C19,,
2625,thiamphenicol glycinate,CS(=O)(=O)c1ccc([C@@H](O)[C@@H](COC(=O)CN)NC(=O)C(Cl)Cl)cc1,AMGKHLVPQHMHGQ-ZYHUDNBSSA-N,0,,,0,0,,,
2626,thiamylal,C=CCC1(C(C)CCC)C(=O)NC(=S)NC1=O,XLOMZPUITCYLMJ-UHFFFAOYSA-N,1,FDA,,1,16,GABRA1;GABRA2;GABRA3;GABRA4;GABRA5;GABRA6;GABRB1;GABRB2;GABRB3;GABRD;GABRE;GABRG1;GABRG2;GABRG3;GABRP;GABRQ,GABRA1;GABRA2;GABRA3;GABRA4;GABRA5;GABRA6;GABRB1;GABRB2;GABRB3;GABRD;GABRE;GABRG1;GABRG2;GABRG3;GABRP;GABRQ,
2627,tiazesim,CN(C)CCN1C(=O)CC(c2ccccc2)Sc2ccccc21,QJJXOEFWXSQISU-UHFFFAOYSA-N,0,,,0,0,,,
2628,thiazinam,CC(CN1c2ccccc2Sc2ccccc21)[N+](C)(C)C,CDXCCYNINPIWGE-UHFFFAOYSA-N,0,,,0,0,,,charged_parent
2630,thiethylperazine,CCSc1ccc2c(c1)N(CCCN1CCN(C)CC1)c1ccccc1S2,XCTYLCDETUVOIP-UHFFFAOYSA-N,1,FDA,1961-07-18,1,16,ADRA1A;CHRM1;CHRM2;CHRM3;CHRM4;CHRM5;DRD1;DRD2;DRD3;GFER;HRH1;HTR1A;HTR2A;HTR2B;HTR2C;SIGMAR1,DRD2,
2631,thioacetazone,CC(=O)Nc1ccc(C=NNC(N)=S)cc1,SRVJKTDHMYAMHA-UHFFFAOYSA-N,0,,,0,0,,,
2632,thioguanine,Nc1nc2nc[nH]c2c(=S)[nH]1,WYWHKKSPHMUBEB-UHFFFAOYSA-N,1,FDA,1966-01-18,1,9,ABCC4;ABCC5;ADORA3;HPRT1;IMPDH1;IMPDH2;MAPK3;PTGS1;XDH,IMPDH1;IMPDH2,
2633,thiopental,CCCC(C)C1(CC)C(=O)NC(=S)NC1=O,IUJDSEJGGMCXSG-UHFFFAOYSA-N,1,FDA,,1,3,GABRA1;GABRB2;GABRG2,GABRA1;GABRB2;GABRG2,
2634,thiopropazate,CC(=O)OCCN1CCN(CCCN2c3ccccc3Sc3ccc(Cl)cc32)CC1,AIUHRQHVWSUTGJ-UHFFFAOYSA-N,0,,,0,0,,,
2635,thioproperazine,CN1CCN(CCCN2c3ccccc3Sc3ccc(S(=O)(=O)N(C)C)cc32)CC1,VZYCZNZBPPHOFY-UHFFFAOYSA-N,0,,,0,2,DRD2;DRD3,,
2637,thioridazine,CSc1ccc2c(c1)N(CCC1CCCCN1C)c1ccccc1S2,KLBQZWRITKRQQV-UHFFFAOYSA-N,1,FDA,1962-03-15,1,46,ADRA1A;ADRA1B;ADRA1D;ADRA2A;ADRA2B;ADRA2C;AOX1;CHRM1;CHRM2;CHRM3;CHRM4;CHRM5;CYP1A2;CYP2C19;CYP2D6;DRD1;DRD2;DRD3;DRD4;DRD5;EGFR;FYN;HRH1;HRH2;HRH4;HTR1A;HTR1B;HTR1D;HTR1E;HTR2A;HTR2B;HTR2C;HTR5A;HTR6;HTR7;KCNH2;NR1I3;OPRK1;PIM1;SCN1A;SCN2A;SCN3A;SIGMAR1;SLC6A2;SLC6A3;SLC6A4,DRD2,
2638,thiotepa,S=P(N1CC1)(N1CC1)N1CC1,FOCVUCIESVLUNU-UHFFFAOYSA-N,1,EMA;FDA;PMDA,1959-03-09,1,1,CYP2B6,,
2639,thiothixene,CN1CCN(CC/C=C2/c3ccccc3Sc3ccc(S(=O)(=O)N(C)C)cc32)CC1,GFBKORZTTCHDGY-UWVJOHFNSA-N,1,FDA,1967-07-24,1,27,ADRA1A;ADRA1B;ADRA2A;ADRA2B;ADRA2C;CHRM1;CHRM2;CHRM3;CHRM4;CHRM5;DRD1;DRD2;DRD3;DRD4;DRD5;HRH1;HRH2;HTR1A;HTR1B;HTR1D;HTR2A;HTR2C;HTR3A;HTR5A;HTR6;HTR7;SLC6A4,DRD2,
2640,thiouracil,O=c1cc[nH]c(=S)[nH]1,ZEMGGZBWXRYJHK-UHFFFAOYSA-N,0,,,0,0,,,
2641,tifenamil,CCN(CC)CCSC(=O)C(c1ccccc1)c1ccccc1,WHLUQAYNVOGZST-UHFFFAOYSA-N,0,,,0,0,,,
2642,thonzylamine,COc1ccc(CN(CCN(C)C)c2ncccn2)cc1,GULNIHOSWFYMRN-UHFFFAOYSA-N,0,,,0,0,,,
2643,thymalfasin,CC[C@H](C)[C@H](NC(=O)[C@H](CCC(=O)O)NC(=O)[C@H](CO)NC(=O)[C@H](CO)NC(=O)[C@@H](NC(=O)[C@H](CC(=O)O)NC(=O)[C@@H](NC(=O)[C@H](C)NC(=O)[C@H](C)NC(=O)[C@H](CC(=O)O)NC(=O)[C@H](CO)NC(C)=O)C(C)C)[C@@H](C)O)C(=O)N[C@H](C(=O)N[C@H](C(=O)N[C@@H](CCCCN)C(=O)N[C@@H](CC(=O)O)C(=O)N[C@@H](CC(C)C)C(=O)N[C@@H](CCCCN)C(=O)N[C@@H](CCC(=O)O)C(=O)N[C@@H](CCCCN)C(=O)N[C@@H](CCCCN)C(=O)N[C@@H](CCC(=O)O)C(=O)N[C@H](C(=O)N[C@H](C(=O)N[C@@H](CCC(=O)O)C(=O)N[C@@H](CCC(=O)O)C(=O)N[C@@H](C)C(=O)N[C@@H](CCC(=O)O)C(=O)N[C@@H](CC(N)=O)C(=O)O)C(C)C)C(C)C)[C@@H](C)O)[C@@H](C)O,NZVYCXVTEHPMHE-ZSUJOUNUSA-N,0,,,0,0,,,
2645,thymopentin,CC(C)[C@H](NC(=O)[C@H](CC(=O)O)NC(=O)[C@H](CCCCN)NC(=O)[C@@H](N)CCCNC(=N)N)C(=O)N[C@@H](Cc1ccc(O)cc1)C(=O)O,PSWFFKRAVBDQEG-YGQNSOCVSA-N,0,,,0,0,,,
2646,levothyroxine,N[C@@H](Cc1cc(I)c(Oc2cc(I)c(O)c(I)c2)c(I)c1)C(=O)O,XUIIKFGFIJCVMT-LBPRGKRZSA-N,1,FDA;PMDA,2000-08-21,1,7,MDH2;MIF;NR1H4;THAP1;THRA;THRB;TTR,THRA;THRB,
2647,tiadenol,OCCSCCCCCCCCCCSCCO,WRCITXQNXAIKLR-UHFFFAOYSA-N,0,,,0,0,,,
2648,tiagabine,Cc1ccsc1C(=CCCN1CCC[C@@H](C(=O)O)C1)c1sccc1C,PBJUNZJWGZTSKL-MRXNPFEDSA-N,1,FDA,1997-09-30,1,1,SLC6A1,SLC6A1,
2649,tiamenidine,Cc1csc(Cl)c1N=C1NCCN1,CVWILQHZFWRYPB-UHFFFAOYSA-N,0,,,0,0,,,
2650,tianeptine,CN1c2ccccc2C(NCCCCCCC(=O)O)c2ccc(Cl)cc2S1(=O)=O,JICJBGPOMZQUBB-UHFFFAOYSA-N,0,,,0,1,OPRM1,,
2651,tiapride,CCN(CC)CCNC(=O)c1cc(S(C)(=O)=O)ccc1OC,JTVPZMFULRWINT-UHFFFAOYSA-N,0,,,0,4,ADRA2A;DRD2;DRD3;DRD4,,
2652,tiaprofenic acid,CC(C(=O)O)c1ccc(C(=O)c2ccccc2)s1,GUHPRPJDBZHYCJ-UHFFFAOYSA-N,0,,,1,2,PTGS1;PTGS2,PTGS1;PTGS2,
2653,tiaramide,O=C(Cn1c(=O)sc2ccc(Cl)cc21)N1CCN(CCO)CC1,HTJXMOGUGMSZOG-UHFFFAOYSA-N,0,,,0,0,,,
2654,tibezonium,CC[N+](C)(CC)CCSC1=Nc2ccccc2N=C(c2ccc(Sc3ccccc3)cc2)C1,MAJFXTGRPADJLU-UHFFFAOYSA-N,0,,,0,0,,,charged_parent
2655,tibolone,C#C[C@]1(O)CC[C@H]2[C@@H]3[C@H](C)CC4=C(CCC(=O)C4)[C@H]3CC[C@@]21C,WZDGZWOAQTVYBX-XOINTXKNSA-N,1,YEAR INTRODUCED,1988-01-01,1,6,AR;CYP2C19;ESR1;PGR;SLC6A4;STS,,
2656,ticarcillin,CC1(C)S[C@@H]2[C@H](NC(=O)[C@H](C(=O)O)c3ccsc3)C(=O)N2[C@H]1C(=O)O,OHKOGUYZJXTSFX-KZFFXBSXSA-N,1,FDA,1976-11-09,1,0,,,
2657,ticlopidine,Clc1ccccc1CN1CCc2sccc2C1,PHWBOXQYWZNQIN-UHFFFAOYSA-N,1,FDA,1991-10-31,1,12,ABCB11;ADRA2A;ADRA2B;ADRA2C;CYP2A6;CYP2B6;CYP2C19;CYP2D6;P2RY12;PTGS1;PTGS2;SIGMAR1,P2RY12,
2658,tienilic acid,O=C(O)COc1ccc(C(=O)c2cccs2)c(Cl)c1Cl,AGHANLSBXUWXTB-UHFFFAOYSA-N,1,FDA,1979-05-02,1,0,,,
2659,tidiacic,O=C(O)C1CSC(C(=O)O)N1,DAXBISKSIDBYEU-UHFFFAOYSA-N,0,,,0,0,,,
2660,tiemonium,C[N+]1(CCC(O)(c2ccccc2)c2cccs2)CCOCC1,HJDYAOBDPZQHOD-UHFFFAOYSA-N,0,,,0,0,,,charged_parent
2661,tigecycline,CN(C)c1cc(NC(=O)CNC(C)(C)C)c(O)c2c1C[C@H]1C[C@H]3[C@H](N(C)C)C(O)=C(C(N)=O)C(=O)[C@@]3(O)C(O)=C1C2=O,FPZLLRFZJZRHSY-HJYUBDRYSA-N,1,FDA,2005-06-15,1,0,,,
2662,tilbroquinol,Cc1cc(Br)c(O)c2ncccc12,JMOVFFLYGIQXMM-UHFFFAOYSA-N,0,,,1,0,,,
2663,tilidine,CCOC(=O)C1(c2ccccc2)CCC=CC1N(C)C,WDEFBBTXULIOBB-UHFFFAOYSA-N,1,YEAR INTRODUCED,1970-01-01,0,1,OPRM1,OPRM1,
2664,tiliquinol,Cc1ccc(O)c2ncccc12,RPVGLMKJGQMQSN-UHFFFAOYSA-N,0,,,0,0,,,
2665,tilisolol,Cn1cc(OCC(O)CNC(C)(C)C)c2ccccc2c1=O,TWVUMMQUXMYOOH-UHFFFAOYSA-N,0,,,0,0,,,
2666,tiludronic acid,O=P(O)(O)C(Sc1ccc(Cl)cc1)P(=O)(O)O,DKJJVAGXPKPDRL-UHFFFAOYSA-N,1,FDA,1997-03-07,1,5,MMP14;MMP2;MMP8;PTPN1;TCIRG1,,
2667,timepidium,COC1CC(=C(c2cccs2)c2cccs2)C[N+](C)(C)C1,PDYOTUCJOLELJU-UHFFFAOYSA-N,0,,,0,0,,,charged_parent
2668,timiperone,O=C(CCCN1CCC(n2c(=S)[nH]c3ccccc32)CC1)c1ccc(F)cc1,YDLQKLWVKKFPII-UHFFFAOYSA-N,0,,,0,0,,,
2670,timonacic,O=C(O)C1CSCN1,DZLNHFMRPBPULJ-UHFFFAOYSA-N,0,,,0,0,,,
2671,tinidazole,CCS(=O)(=O)CCn1c([N+](=O)[O-])cnc1C,HJLSLZFTEKNLFI-UHFFFAOYSA-N,1,FDA,2004-05-17,1,0,,,
2672,tinoridine,CCOC(=O)c1c(N)sc2c1CCN(Cc1ccccc1)C2,PFENFDGYVLAFBR-UHFFFAOYSA-N,0,,,0,1,ADORA1,,
2673,tiocarlide,CC(C)CCOc1ccc(NC(=S)Nc2ccc(OCCC(C)C)cc2)cc1,BWBONKHPVHMQHE-UHFFFAOYSA-N,0,,,0,0,,,
2674,tioclomarol,O=c1oc2ccccc2c(O)c1C(CC(O)c1ccc(Cl)cc1)c1ccc(Cl)s1,WRGOVNKNTPWHLZ-UHFFFAOYSA-N,0,,,0,0,,,
2675,tioconazole,Clc1ccc(C(Cn2ccnc2)OCc2ccsc2Cl)c(Cl)c1,QXHHHPZILQDDPS-UHFFFAOYSA-N,1,FDA,1983-02-18,1,1,CYP17A1,,
2676,tiopronin,CC(S)C(=O)NCC(=O)O,YTGJWQPHMWSCST-UHFFFAOYSA-N,1,FDA,1988-08-11,1,0,,,
2677,tiotropium bromide,C[N+]1(C)[C@@H]2C[C@H](OC(=O)C(O)(c3cccs3)c3cccs3)C[C@H]1[C@@H]1O[C@@H]12,LERNTVKEWCAPOY-VOGVJGKGSA-N,1,FDA,2004-01-30,1,5,CHRM1;CHRM2;CHRM3;CHRM4;CHRM5,CHRM3,charged_parent
2678,tiquizium,C[N@+]12CCCC[C@@H]1CCC(=C(c1cccs1)c1cccs1)C2,ZGSDGGRVFIYKKE-OXQOHEQNSA-N,0,,,0,0,,,charged_parent
2679,tiracizine,CCOC(=O)Nc1ccc2c(c1)N(C(=O)CN(C)C)c1ccccc1CC2,KJAMZCVTJDTESW-UHFFFAOYSA-N,0,,,0,1,NR1I3,,
2680,tirofiban,CCCCS(=O)(=O)N[C@@H](Cc1ccc(OCCCCC2CCNCC2)cc1)C(=O)O,COKMIXFXJJXBQG-NRFANRHFSA-N,1,FDA,1998-05-14,1,2,ITGA2B;ITGB3,ITGA2B;ITGB3,
2681,tiropramide,CCCN(CCC)C(=O)C(Cc1ccc(OCCN(CC)CC)cc1)NC(=O)c1ccccc1,FDBWMYOFXWMGEY-UHFFFAOYSA-N,0,,,0,0,,,
2682,tisopurine,S=c1nc[nH]c2[nH]ncc12,PYAOPMWCFSVFOT-UHFFFAOYSA-N,0,,,1,0,,,
2683,tizanidine,Clc1ccc2nsnc2c1NC1=NCCN1,XFYDIVBRZNQMJC-UHFFFAOYSA-N,1,FDA,1996-11-27,1,4,ADRA2A;ADRA2B;ADRA2C;NISCH,ADRA2A;ADRA2B;ADRA2C,
2684,tobramycin,NC[C@H]1O[C@H](O[C@H]2[C@H](O)[C@@H](O[C@H]3O[C@H](CO)[C@@H](O)[C@H](N)[C@H]3O)[C@H](N)C[C@@H]2N)[C@H](N)C[C@@H]1O,NLVFBUXFDBBNBW-PBSUHMDJSA-N,1,EMA;FDA,1975-06-11,1,0,,,
2685,tobuterol,Cc1ccc(C(=O)Oc2cc(OC(=O)c3ccc(C)cc3)cc(C(O)CNC(C)(C)C)c2)cc1,GYJSIOWQEUTITA-UHFFFAOYSA-N,0,,,0,0,,,
2686,tocainide,Cc1cccc(C)c1NC(=O)C(C)N,BUJAGSGYPOAWEI-UHFFFAOYSA-N,1,FDA,1984-11-09,1,10,SCN10A;SCN11A;SCN1A;SCN2A;SCN3A;SCN4A;SCN5A;SCN7A;SCN8A;SCN9A,SCN10A;SCN11A;SCN1A;SCN2A;SCN3A;SCN4A;SCN5A;SCN7A;SCN8A;SCN9A,
2688,tocofibrate,Cc1c(C)c2c(c(C)c1OC(=O)C(C)(C)Oc1ccc(Cl)cc1)CC[C@@](C)(CCC[C@H](C)CCC[C@H](C)CCCC(C)C)O2,VPRFDABTJNLKKR-XHZSPPMBSA-N,0,,,0,0,,,
2689,tocopheryl nicotinate,Cc1c(C)c2c(c(C)c1OC(=O)c1cccnc1)CC[C@@](C)(CCC[C@H](C)CCC[C@H](C)CCCC(C)C)O2,MSCCTZZBYHQMQJ-AZAGJHQNSA-N,0,,,0,0,,,
2690,tocopherol succinate,Cc1c(C)c2c(c(C)c1OC(=O)CCC(=O)O)CC[C@@](C)(CCC[C@H](C)CCC[C@H](C)CCCC(C)C)O2,IELOKBJPULMYRW-NJQVLOCASA-N,1,FDA,,0,0,,,
2691,todralazine,CCOC(=O)NNc1nncc2ccccc12,WGZDBVOTUVNQFP-UHFFFAOYSA-N,0,,,0,0,,,
2692,tofenacin,CNCCOC(c1ccccc1)c1ccccc1C,PNYKGCPSFKLFKA-UHFFFAOYSA-N,1,UK Medicines and Healthcare Products Regulatory Agency (MHRA),,0,0,,,
2693,tofisopam,CCC1C(C)=NN=C(c2ccc(OC)c(OC)c2)c2cc(OC)c(OC)cc21,RUJBDQSFYCKFAA-UHFFFAOYSA-N,1,PMDA,,0,1,PDE4D,,
2694,tolazamide,Cc1ccc(S(=O)(=O)NC(=O)NN2CCCCCC2)cc1,OUDSBRTVNLOZBN-UHFFFAOYSA-N,1,FDA,1966-07-18,1,2,ABCC8;KCNJ11,ABCC8;KCNJ11,
2695,tolazoline,c1ccc(CC2=NCCN2)cc1,JIVZKJJQOZQXQB-UHFFFAOYSA-N,1,FDA,1948-03-17,1,5,ADRA1A;ADRA2A;ADRA2B;ADRA2C;TAAR1,ADRA1A;ADRA2A;ADRA2B;ADRA2C,
2696,tolbutamide,CCCCNC(=O)NS(=O)(=O)c1ccc(C)cc1,JLRGJRBPOGGCBT-UHFFFAOYSA-N,1,FDA,1961-06-22,1,2,ABCC8;KCNJ11,ABCC8;KCNJ11,
2697,tolcapone,Cc1ccc(C(=O)c2cc(O)c(O)c([N+](=O)[O-])c2)cc1,MIQPIUSUKVNLNT-UHFFFAOYSA-N,1,FDA,1998-01-29,1,4,COMT;GPR35;KLF10;TTR,COMT,
2698,tolfenamic acid,Cc1c(Cl)cccc1Nc1ccccc1C(=O)O,YEZNLOUZAIOMLT-UHFFFAOYSA-N,1,YEAR INTRODUCED,1976-01-01,0,5,AKR1C3;AR;PTGS1;PTGS2;TTR,,
2699,tolmetin,Cc1ccc(C(=O)c2ccc(CC(=O)O)n2C)cc1,UPSPUYADGBWSHF-UHFFFAOYSA-N,1,FDA,1976-03-24,1,5,AKR1B1;CXCL8;GLO1;PTGS1;PTGS2,PTGS1;PTGS2,
2700,tolonidine,Cc1ccc(NC2=NCCN2)c(Cl)c1,KWBTZIFLQYYPTH-UHFFFAOYSA-N,0,,,0,0,,,
2701,tolonium,Cc1cc2nc3ccc(N(C)C)cc3[s+]c2cc1N,RQNADZJRELIICT-UHFFFAOYSA-N,0,,,0,1,MAPT,,charged_parent
2702,toloxatone,Cc1cccc(N2CC(CO)OC2=O)c1,MXUNKHLAEDCYJL-UHFFFAOYSA-N,0,,,1,2,MAOA;MAOB,MAOA,
2703,tolperisone,Cc1ccc(C(=O)C(C)CN2CCCCC2)cc1,FSKFPVLPFLJRQB-UHFFFAOYSA-N,0,,,0,2,ADRA2B;SIGMAR1,,
2704,tolrestat,COc1ccc2c(C(=S)N(C)CC(=O)O)cccc2c1C(F)(F)F,LUBHDINQXIHVLS-UHFFFAOYSA-N,1,YEAR INTRODUCED,1989-01-01,1,3,AKR1A1;AKR1B1;AKR1B10,AKR1B1,
2705,tolterodine,Cc1ccc(O)c([C@H](CCN(C(C)C)C(C)C)c2ccccc2)c1,OOGJQPCLVADCPB-HXUWFJFHSA-N,1,FDA,1998-03-25,1,6,CHRM1;CHRM2;CHRM3;CHRM4;CHRM5;KCNH2,CHRM2;CHRM3,
2706,topiramate,CC1(C)O[C@@H]2[C@@H](CO[C@@]3(COS(N)(=O)=O)OC(C)(C)O[C@@H]23)O1,KJADKKWYZYXHBB-XBWDGYHZSA-N,1,FDA;PMDA,1996-12-24,1,26,CA1;CA12;CA13;CA14;CA2;CA4;CA5A;CA5B;CA6;CA7;CA9;GABRA1;GABRB2;GABRG2;GRIA1;GRIA2;GRIA3;GRIA4;GRIK1;GRIK2;GRIK3;GRIK4;GRIK5;NR1I2;SCN1A;SCN5A,CA2;CA4;GABRA1;GABRB2;GABRG2;GRIA1;GRIA2;GRIA3;GRIA4;GRIK1;GRIK2;GRIK3;GRIK4;GRIK5;SCN1A;SCN5A,
2707,topotecan,CC[C@@]1(O)C(=O)OCc2c1cc1n(c2=O)Cc2cc3c(CN(C)C)c(O)ccc3nc2-1,UCFGDBYHRUNTLO-QHCPKHFHSA-N,1,FDA,1996-05-28,1,12,ABCB1;ABCC2;ABCC4;ABCG2;CYP3A4;HIF1A;NR1I2;SLC22A2;SLC47A1;SLC47A2;TOP1;TOP1MT,TOP1MT,
2708,torsemide,Cc1cccc(Nc2ccncc2S(=O)(=O)NC(=O)NC(C)C)c1,NGBFQHCMQULJNZ-UHFFFAOYSA-N,1,FDA,1993-08-23,1,1,SLC12A1,SLC12A1,
2709,toremifene,CN(C)CCOc1ccc(/C(=C(/CCCl)c2ccccc2)c2ccccc2)cc1,XFCLJVABOIYOMF-QPLCGJKRSA-N,1,FDA,1997-05-29,1,3,ESR1;ESRRG;HTR6,ESR1,
2710,tosufloxacin,NC1CCN(c2nc3c(cc2F)c(=O)c(C(=O)O)cn3-c2ccc(F)cc2F)C1,WUWFMDMBOJLQIV-UHFFFAOYSA-N,0,,,0,0,,,
2711,tramadol,COc1cccc([C@@]2(O)CCCC[C@@H]2CN(C)C)c1,TVYLLZQTGLZFBW-ZBFHGGJFSA-N,1,FDA,1995-03-03,1,6,OPRD1;OPRK1;OPRM1;SLC22A1;SLC6A2;SLC6A4,OPRM1,
2712,trandolapril,CCOC(=O)[C@H](CCc1ccccc1)N[C@@H](C)C(=O)N1[C@H](C(=O)O)C[C@H]2CCCC[C@@H]21,VXFJYXUZANRPDJ-WTNASJBWSA-N,1,FDA,1996-04-26,1,1,ACE,ACE,
2713,tranexamic acid,NC[C@H]1CC[C@H](C(=O)O)CC1,GYDJEQRTZSCIOI-LJGSYFOKSA-N,1,FDA,1986-12-30,1,1,PLG,PLG,
2714,tranilast,COc1ccc(/C=C/C(=O)Nc2ccccc2C(=O)O)cc1OC,NZHGWWWHIYHZNX-CSKARUKUSA-N,0,,,0,1,HPGDS,,
2715,tranylcypromine,N[C@@H]1C[C@H]1c1ccccc1,AELCINSCMGFISI-DTWKUNHWSA-N,1,FDA,1961-02-21,1,11,CYP2A6;CYP2B6;CYP2C19;CYP8B1;HTR1A;KDM1A;KDM1B;MAOA;MAOB;SLC6A2;SLC6A3,MAOB,
2716,travoprost,CC(C)OC(=O)CCC/C=C\C[C@@H]1[C@@H](/C=C/[C@@H](O)COc2cccc(C(F)(F)F)c2)[C@H](O)C[C@@H]1O,MKPLKVHSHYCHOC-AHTXBMBWSA-N,1,EMA;FDA,2001-03-16,1,2,PTGER3;PTGFR,PTGFR,
2717,trazodone,O=c1n(CCCN2CCN(c3cccc(Cl)c3)CC2)nc2ccccn12,PHLBKPHSAVXXEF-UHFFFAOYSA-N,1,FDA,1981-12-24,1,23,ADRA1A;ADRA1D;ADRA2A;ADRA2B;ADRA2C;DRD1;DRD2;DRD3;DRD4;HLA-A;HRH1;HRH2;HTR1A;HTR1D;HTR2A;HTR2B;HTR2C;HTR7;KCNH2;SIGMAR1;SLC6A2;SLC6A3;SLC6A4,HTR2A;HTR2C;SLC6A4,
2718,treosulfan,CS(=O)(=O)OC[C@H](O)[C@@H](O)COS(C)(=O)=O,YCPOZVAOBBQLRI-WDSKDSINSA-N,1,EMA,2019-06-20,1,0,,,
2719,trepibutone,CCOc1cc(OCC)c(C(=O)CCC(=O)O)cc1OCC,YPTFHLJNWSJXKG-UHFFFAOYSA-N,0,,,0,0,,,
2720,treprostinil,CCCCC[C@H](O)CC[C@@H]1[C@H]2Cc3cccc(OCC(=O)O)c3C[C@H]2C[C@H]1O,PAJMKGZZBBTTOY-ZFORQUDYSA-N,1,EMA;FDA,2002-05-21,1,6,PTGDR;PTGER1;PTGER2;PTGER3;PTGER4;PTGIR,PTGIR,
2721,tretinoin tocoferil,CC1=C(/C=C/C(C)=C/C=C/C(C)=C/C(=O)Oc2c(C)c(C)c3c(c2C)CCC(C)(CCCC(C)CCCC(C)CCCC(C)C)O3)C(C)(C)CCC1,RIQIJXOWVAHQES-BUXFCOQUSA-N,0,,,0,0,,,
2722,tretinoin,CC1=C(/C=C/C(C)=C/C=C/C(C)=C/C(=O)O)C(C)(C)CCC1,SHGAZHPCJJPHSC-YCNIQYBTSA-N,1,FDA,1971-10-20,1,17,ADORA3;HTR2B;MAPK1;NR2C2;NR2E1;PIN1;PPARD;RARA;RARB;RARG;RDH5;RORA;RORB;RORC;RXRA;RXRB;RXRG,RARA;RARB;RARG,
2723,tretoquinol,COc1cc(C[C@@H]2NCCc3cc(O)c(O)cc32)cc(OC)c1OC,RGVPOXRFEPSFGH-AWEZNQCLSA-N,0,,,0,4,ADRB1;ADRB2;ADRB3;TBXA2R,,
2725,triamcinolone,C[C@]12C=CC(=O)C=C1CC[C@H]1[C@@H]3C[C@@H](O)[C@](O)(C(=O)CO)[C@@]3(C)C[C@H](O)[C@@]12F,GFNANZIMVAIWHM-OBYCQNJPSA-N,1,FDA,1957-12-03,1,3,ANXA1;NR3C1;PGR,NR3C1,
2726,triamcinolone acetonide,CC1(C)O[C@@H]2C[C@H]3[C@@H]4CCC5=CC(=O)C=C[C@]5(C)[C@@]4(F)[C@@H](O)C[C@]3(C)[C@]2(C(=O)CO)O1,YNDXUCZADRHECN-JNQJZLCISA-N,1,FDA,1960-01-04,1,2,ANXA1;NR3C1,NR3C1,
2727,triamcinolone diacetate,CC(=O)OCC(=O)[C@@]1(O)[C@H](OC(C)=O)C[C@H]2[C@@H]3CCC4=CC(=O)C=C[C@]4(C)[C@@]3(F)[C@@H](O)C[C@@]21C,XGMPVBXKDAHORN-RBWIMXSLSA-N,1,FDA,1959-03-12,1,1,NR3C1,NR3C1,
2728,triamterene,Nc1nc(N)c2nc(-c3ccccc3)c(N)nc2n1,FNYLWPVRPXGIIP-UHFFFAOYSA-N,1,FDA,1964-08-10,1,7,CASP1;CTSG;CYP2D6;SCNN1A;SCNN1B;SCNN1G;SLC12A1,SCNN1A;SCNN1B;SCNN1G,
2729,triazolam,Cc1nnc2n1-c1ccc(Cl)cc1C(c1ccccc1Cl)=NC2,JOFWLTCLBGQGBO-UHFFFAOYSA-N,1,FDA,1982-11-15,1,15,CYP3A4;GABRA1;GABRA2;GABRA3;GABRA4;GABRA5;GABRA6;GABRB1;GABRB2;GABRB3;GABRD;GABRG1;GABRG2;GABRG3;PTAFR,GABRA1;GABRA2;GABRA3;GABRA4;GABRA5;GABRA6;GABRB1;GABRB2;GABRB3;GABRD;GABRG1;GABRG2;GABRG3,
2730,tribenoside,CCOC1O[C@H]([C@@H](COCc2ccccc2)OCc2ccccc2)[C@H](OCc2ccccc2)[C@H]1O,ULLNJSBQMBKOJH-VIVFLBMVSA-N,0,,,0,0,,,
2731,tribromoethanol,OCC(Br)(Br)Br,YFDSDPIBEUFTMI-UHFFFAOYSA-N,0,,,0,0,,,
2732,tribuzone,CC(C)(C)C(=O)CCC1C(=O)N(c2ccccc2)N(c2ccccc2)C1=O,OFVFGKQCUDMLLP-UHFFFAOYSA-N,0,,,0,0,,,
2733,trichlormethiazide,NS(=O)(=O)c1cc2c(cc1Cl)NC(C(Cl)Cl)NS2(=O)=O,LMJSLTNSBFUCMU-UHFFFAOYSA-N,1,FDA,1960-03-09,1,11,CA1;CA12;CA14;CA2;CA4;CA5A;CA5B;CA6;CA7;CA9;SLC12A3,SLC12A3,
2734,triclabendazole,CSc1nc2cc(Oc3cccc(Cl)c3Cl)c(Cl)cc2[nH]1,NQPDXQQQCQDHHW-UHFFFAOYSA-N,1,FDA;YEAR INTRODUCED,1990-01-01,1,0,,,
2735,triclofos,O=P(O)(O)OCC(Cl)(Cl)Cl,YYQRGCZGSFRBAM-UHFFFAOYSA-N,1,FDA,,1,16,GABRA1;GABRA2;GABRA3;GABRA4;GABRA5;GABRA6;GABRB1;GABRB2;GABRB3;GABRD;GABRE;GABRG1;GABRG2;GABRG3;GABRP;GABRQ,GABRA1;GABRA2;GABRA3;GABRA4;GABRA5;GABRA6;GABRB1;GABRB2;GABRB3;GABRD;GABRE;GABRG1;GABRG2;GABRG3;GABRP;GABRQ,
2736,tricyclamol chloride,C[N+]1(CCC(O)(c2ccccc2)C2CCCCC2)CCCC1,FRBBPWXCRBHYJQ-UHFFFAOYSA-N,0,,,0,0,,,charged_parent
2737,tridihexethyl,CC[N+](CC)(CC)CCC(O)(c1ccccc1)C1CCCCC1,NPRHVSBSZMAEIN-UHFFFAOYSA-N,1,FDA,1954-09-15,1,2,CHRM1;CHRM3,CHRM1;CHRM3,charged_parent
2738,trientine,NCCNCCNCCN,VILCJCGEZXAXTO-UHFFFAOYSA-N,1,EMA;FDA,1985-11-08,1,11,CA1;CA12;CA14;CA2;CA3;CA4;CA5A;CA5B;CA6;CA7;CA9,,
2739,tretamine,C1CN1c1nc(N2CC2)nc(N2CC2)n1,IUCJMVBFZDHPDX-UHFFFAOYSA-N,0,,,0,0,,,
2740,trifluoperazine,CN1CCN(CCCN2c3ccccc3Sc3ccc(C(F)(F)F)cc32)CC1,ZEWQUBUPAILYHI-UHFFFAOYSA-N,1,FDA,1959-04-16,1,26,ABCB1;ADRA1A;ADRA2A;ADRA2B;ADRA2C;CALM1;CALM2;CALM3;CHRM3;DRD2;DRD3;DRD4;EBP;EBPL;HRH1;HTR1A;HTR2A;HTR2C;HTR6;HTR7;KCNH2;PRKDC;SCN1A;SCN2A;SCN3A;SIGMAR1,DRD2,
2741,trifluperidol,O=C(CCCN1CCC(O)(c2cccc(C(F)(F)F)c2)CC1)c1ccc(F)cc1,GPMXUUPHFNMNDH-UHFFFAOYSA-N,0,,,1,5,DRD2;DRD3;DRD4;EBP;SIGMAR1,,
2742,triflupromazine,CN(C)CCCN1c2ccccc2Sc2ccc(C(F)(F)F)cc21,XSCGXQMFQXDFCW-UHFFFAOYSA-N,1,FDA,1957-09-16,1,3,ABCB1;DRD2;HTR2A,DRD2,
2743,trifluridine,O=c1[nH]c(=O)n([C@H]2C[C@H](O)[C@@H](CO)O2)cc1C(F)(F)F,VSQQQLOSPVPRAZ-RRKCRQDMSA-N,1,FDA,1980-04-10,1,0,,,
2744,triflusal,CC(=O)Oc1cc(C(F)(F)F)ccc1C(=O)O,RMWVZGDJPAKBDE-UHFFFAOYSA-N,0,,,0,0,,,
2745,trihexyphenidyl,OC(CCN1CCCCC1)(c1ccccc1)C1CCCCC1,HWHLPVGTWGOCJO-UHFFFAOYSA-N,1,FDA,1949-05-13,1,7,CHRM1;CHRM2;CHRM3;CHRM4;CHRM5;CYP2D6;SIGMAR1,CHRM1,
2746,trilostane,C[C@]12CC[C@H]3[C@@H](CC[C@@]45O[C@@H]4C(O)=C(C#N)C[C@]35C)[C@@H]1CC[C@@H]2O,KVJXBPDAXMEYOA-CXANFOAXSA-N,1,FDA,,1,1,HSD3B2,HSD3B2,
2747,trimazosin,COc1cc2c(N)nc(N3CCN(C(=O)OCC(C)(C)O)CC3)nc2c(OC)c1OC,YNZXWQJZEDLQEG-UHFFFAOYSA-N,0,,,0,0,,,
2748,trimebutine,CCC(COC(=O)c1cc(OC)c(OC)c(OC)c1)(c1ccccc1)N(C)C,LORDFXWUHHSAQU-UHFFFAOYSA-N,0,,,0,0,,,
2749,alimemazine,CC(CN(C)C)CN1c2ccccc2Sc2ccccc21,ZZHLYYDVIOPZBE-UHFFFAOYSA-N,1,FDA,,1,2,GFER;HRH1,HRH1,
2750,trimetazidine,COc1ccc(CN2CCNCC2)c(OC)c1OC,UHWVSEOVJBQKBE-UHFFFAOYSA-N,1,YEAR INTRODUCED,1978-01-01,1,0,,,
2751,trimethadione,CN1C(=O)OC(C)(C)C1=O,IRYJRGCIQBGHIV-UHFFFAOYSA-N,1,FDA,1946-01-25,1,1,CACNA1G,CACNA1G,
2752,trimetaphan,O=C1N(Cc2ccccc2)C2C[S+]3CCCC3C2N1Cc1ccccc1,CHQOEHPMXSHGCL-UHFFFAOYSA-N,1,FDA,,1,4,CHRNA10;CHRNA3;CHRNA7;CHRNB4,CHRNA3;CHRNB4,charged_parent
2754,trimethobenzamide,COc1cc(C(=O)NCc2ccc(OCCN(C)C)cc2)cc(OC)c1OC,FEZBIKUBAYAZIU-UHFFFAOYSA-N,1,FDA,1974-07-12,1,0,,,
2755,trimethoprim,COc1cc(Cc2cnc(N)nc2N)cc(OC)c1OC,IEDVJHCEMCRBQM-UHFFFAOYSA-N,1,FDA,1973-07-30,1,2,DHFR;SLC22A1,,
2756,trimetozine,COc1cc(C(=O)N2CCOCC2)cc(OC)c1OC,XWVOEFLBOSSYGM-UHFFFAOYSA-N,0,,,0,0,,,
2757,trimetrexate,COc1cc(NCc2ccc3nc(N)nc(N)c3c2C)cc(OC)c1OC,NOYPYLRCIDNJJB-UHFFFAOYSA-N,1,FDA,1993-12-17,1,2,DHFR;FPGS,,
2758,trimipramine,CC(CN(C)C)CN1c2ccccc2CCc2ccccc21,ZSCDBOWYZJWBIY-UHFFFAOYSA-N,1,FDA,1979-06-12,1,5,HRH1;SLC22A1;SLC6A2;SLC6A3;SLC6A4,SLC6A2;SLC6A3;SLC6A4,
2759,trioxsalen,Cc1cc2cc3c(C)cc(=O)oc3c(C)c2o1,FMHHVULEAZTJMA-UHFFFAOYSA-N,1,FDA,1964-07-24,1,3,ADORA2A;HTR2C;MAOA,,
2760,tripamide,NS(=O)(=O)c1cc(C(=O)NN2C[C@@H]3[C@@H]4CC[C@@H](C4)[C@@H]3C2)ccc1Cl,UHLOVGKIEARANS-NIFPGPBJSA-N,1,PMDA,,0,0,,,
2761,triparanol,CCN(CC)CCOc1ccc(C(O)(Cc2ccc(Cl)cc2)c2ccc(C)cc2)cc1,SYHDSBBKRLVLFF-UHFFFAOYSA-N,0,,,1,2,EBP;SIGMAR1,,
2762,tripelennamine,CN(C)CCN(Cc1ccccc1)c1ccccn1,UFLGIAIHIAPJJC-UHFFFAOYSA-N,1,FDA,1948-02-19,1,1,HRH1,HRH1,
2763,triprolidine,Cc1ccc(/C(=C\CN2CCCC2)c2ccccn2)cc1,CBEQULMOCCWAQT-WOJGMQOQSA-N,1,FDA,1983-05-17,1,1,HRH1,HRH1,
2764,tritiozine,COc1cc(C(=S)N2CCOCC2)cc(OC)c1OC,MVOUIYUWRXPNKD-UHFFFAOYSA-N,0,,,0,0,,,
2765,tritoqualine,CCOc1c(N)c2c(c(OCC)c1OCC)C(C1c3c(cc4c(c3OC)OCO4)CCN1C)OC2=O,IRGJVQIJENCTQF-UHFFFAOYSA-N,0,,,1,0,,,
2766,trofosfamide,O=P1(N(CCCl)CCCl)OCCCN1CCCl,UMKFEPPTGMDVMI-UHFFFAOYSA-N,0,,,0,0,,,
2767,troglitazone,Cc1c(C)c2c(c(C)c1O)CCC(C)(COc1ccc(CC3SC(=O)NC3=O)cc1)O2,GXPHKUHSUJUWKP-UHFFFAOYSA-N,1,FDA,1997-01-29,1,15,ABCB11;ADORA3;AKR1B1;CA2;CYP2C9;CYP3A4;GYS2;HTR2B;MAOA;MAOB;MAPK1;PPARG;PTPN1;TBXAS1;UGT1A6,PPARG,
2768,trolamine,OCCN(CCO)CCO,GSEJCLTVZPLZKY-UHFFFAOYSA-N,1,FDA,,0,0,,,
2769,troleandomycin,CO[C@H]1C[C@H](O[C@H]2[C@H](C)[C@@H](O[C@@H]3O[C@H](C)C[C@H](N(C)C)[C@H]3OC(C)=O)[C@@H](C)C[C@@]3(CO3)C(=O)[C@H](C)[C@@H](OC(C)=O)[C@@H](C)[C@@H](C)OC(=O)[C@@H]2C)O[C@@H](C)[C@@H]1OC(C)=O,LQCLVBQBTUVCEQ-QTFUVMRISA-N,1,FDA,1969-05-27,1,1,CYP3A4,,
2770,trolnitrate,O=[N+]([O-])OCCN(CCO[N+](=O)[O-])CCO[N+](=O)[O-],HWKQNAWCHQMZHK-UHFFFAOYSA-N,0,,,0,0,,,
2771,trometamol,NC(CO)(CO)CO,LENZDBCJOHFCAS-UHFFFAOYSA-N,1,FDA,1965-12-16,1,0,,,
2772,tropatepine,CN1C2CCC1CC(=C1c3ccccc3CSc3ccccc31)C2,JOQKFRLFXDPXHX-UHFFFAOYSA-N,0,,,0,0,,,
2773,tropesin,COc1ccc2c(c1)c(CC(=O)OCC(C(=O)O)c1ccccc1)c(C)n2C(=O)c1ccc(Cl)cc1,UCCJWNPWWPJKGL-UHFFFAOYSA-N,0,,,0,0,,,
2774,tropicamide,CCN(Cc1ccncc1)C(=O)C(CO)c1ccccc1,BGDKAVGWHJFAGW-UHFFFAOYSA-N,1,FDA,1960-02-23,1,7,CHRM1;CHRM2;CHRM3;CHRM4;CHRM5;CYP2C19;CYP2C9,CHRM3,
2775,tropisetron,CN1[C@@H]2CC[C@H]1C[C@@H](OC(=O)c1c[nH]c3ccccc13)C2,ZNRGQMMCGHDTEI-ITGUQSILSA-N,1,YEAR INTRODUCED,1992-01-01,1,17,CHRM5;CHRNA1;CHRNA3;CHRNA4;CHRNA7;CHRNB1;CHRNB2;CHRND;CHRNG;GLRA1;GLRA2;GLRB;HTR1A;HTR3A;HTR3B;HTR4;SLC6A4,HTR3A,
2776,trospium,O=C(O[C@H]1C[C@H]2CC[C@@H](C1)[N+]21CCCC1)C(O)(c1ccccc1)c1ccccc1,OYYDSUSKLWTMMQ-JKHIJQBDSA-N,1,FDA,2004-05-28,1,4,CHRM1;CHRM2;CHRM3;CHRM5,CHRM2;CHRM3,charged_parent
2777,trovafloxacin,N[C@@H]1[C@H]2CN(c3nc4c(cc3F)c(=O)c(C(=O)O)cn4-c3ccc(F)cc3F)C[C@@H]12,WVPSKSLAZQPAKQ-CDMJZVDBSA-N,1,FDA,1997-12-18,1,2,SLC6A3;TBXAS1,,
2778,troxerutin,C[C@@H]1O[C@@H](OC[C@H]2O[C@@H](Oc3c(-c4ccc(OCCO)c(OCCO)c4)oc4cc(OCCO)cc(O)c4c3=O)[C@H](O)[C@@H](O)[C@@H]2O)[C@H](O)[C@H](O)[C@H]1O,IYVFNTXFRYQLRP-VVSTWUKXSA-N,0,,,1,0,,,
2779,troxipide,COc1cc(C(=O)NC2CCCNC2)cc(OC)c1OC,YSIITVVESCNIPR-UHFFFAOYSA-N,0,,,0,0,,,
2780,tryptophan,N[C@@H](Cc1c[nH]c2ccccc12)C(=O)O,QIVBCDIJIAJPQS-VIFPVBQESA-N,1,FDA,,1,3,CASR;GPR139;MPO,,
2781,tubocurarine,COc1cc2c3cc1Oc1cc(ccc1O)C[C@@H]1c4c(cc(OC)c(O)c4Oc4ccc(cc4)C[C@@H]3N(C)CC2)CC[N+]1(C)C,JFJZZMVDLULRGK-URLMMPGGSA-O,1,FDA,1945-02-20,1,36,CHRM2;CHRNA1;CHRNA2;CHRNA3;CHRNA4;CHRNA7;CHRNB1;CHRNB2;CHRNB4;CHRND;CHRNG;GABRA1;GABRA2;GABRA3;GABRA4;GABRA5;GABRA6;GABRB1;GABRB2;GABRB3;GABRD;GABRE;GABRG1;GABRG2;GABRG3;GABRP;GABRQ;HTR3A;HTR3B;KCNN1;KCNN2;KCNN3;SLC22A2;SLC47A1;SLC47A2;ZACN,CHRNA1;CHRNB1;CHRND,charged_parent
2782,tulobuterol,CC(C)(C)NCC(O)c1ccccc1Cl,YREYLAVBNPACJM-UHFFFAOYSA-N,0,,,0,1,ADRB2,ADRB2,
2783,tybamate,CCCCNC(=O)OCC(C)(CCC)COC(N)=O,PRBORDFJHHAISJ-UHFFFAOYSA-N,0,,,0,0,,,
2784,tyramine,NCCc1ccc(O)cc1,DZGWFCGJZKJUFP-UHFFFAOYSA-N,0,,,0,3,BACE1;HTR3A;TAAR1,TAAR1,
2785,tyropanoate,CCCC(=O)Nc1c(I)cc(I)c(CC(CC)C(=O)O)c1I,YMOXVLQZFAUUKI-UHFFFAOYSA-N,1,FDA,1969-10-24,1,0,,,
2786,tyrosine,N[C@@H](Cc1ccc(O)cc1)C(=O)O,OUYCCCASQSFEME-QMMMGPOBSA-N,1,FDA,,1,1,SLC7A5,,
2787,ubenimex,CC(C)C[C@H](NC(=O)[C@@H](O)[C@H](N)Cc1ccccc1)C(=O)O,VGGGPCQERPFHOB-RDBSUJKOSA-N,0,,,0,6,ANPEP;ERAP1;LAP3;LTA4H;MMP2;NPEPPS,,
2788,ufenamate,CCCCOC(=O)c1ccccc1Nc1cccc(C(F)(F)F)c1,JDLSRXWHEBFHNC-UHFFFAOYSA-N,0,,,0,0,,,
2792,unithiol,O=S(=O)(O)CC(S)CS,JLVSRWOIZZXQAD-UHFFFAOYSA-N,0,,,0,0,,,
2794,unoprostone isopropyl,CCCCCCCC(=O)CC[C@@H]1[C@@H](C/C=C\CCCC(=O)OC(C)C)[C@@H](O)C[C@H]1O,XXUPXHKCPIKWLR-JHUOEJJVSA-N,1,FDA,2000-08-03,1,0,,,
2795,uracil mustard,O=c1[nH]cc(N(CCCl)CCCl)c(=O)[nH]1,IDPUKCWIGUEADI-UHFFFAOYSA-N,1,FDA,1962-09-13,1,0,,,
2796,urapidil,COc1ccccc1N1CCN(CCCNc2cc(=O)n(C)c(=O)n2C)CC1,ICMGLRUYEQNHPF-UHFFFAOYSA-N,1,YEAR INTRODUCED,1981-01-01,0,4,ADRA1A;ADRA1B;ADRA1D;HTR1A,ADRA1A;ADRA1B;ADRA1D,
2797,ursodiol,C[C@H](CCC(=O)O)[C@H]1CC[C@H]2[C@@H]3[C@@H](O)C[C@@H]4C[C@H](O)CC[C@]4(C)[C@H]3CC[C@]12C,RUDATBOHQWOJDD-UZVSRGJWSA-N,1,FDA,1987-12-31,1,4,AKR1C2;CISD1;GPBAR1;NR1H4,NR1H4,
2798,valaciclovir,CC(C)[C@H](N)C(=O)OCCOCn1cnc2c(=O)[nH]c(N)nc21,HDOVUKNUBWVHOX-QMMMGPOBSA-N,1,FDA,1995-06-23,1,0,,,
2799,valdecoxib,Cc1onc(-c2ccccc2)c1-c1ccc(S(N)(=O)=O)cc1,LNPDTQAFDNKSHK-UHFFFAOYSA-N,1,FDA,2001-11-16,1,17,CA1;CA12;CA13;CA14;CA2;CA3;CA4;CA5A;CA5B;CA6;CA7;CA9;HTR2B;MT-CO2;PTGS1;PTGS2;SLC6A2,PTGS2,
2800,valethamate,CCC(C)C(C(=O)OCC[N+](C)(CC)CC)c1ccccc1,UPPMZCXMQRVMME-UHFFFAOYSA-N,0,,,0,7,CHRM1;CHRM2;CHRM3;CHRM4;CHRM5;CYP2D6;SIGMAR1,,charged_parent
2801,valganciclovir,CC(C)[C@H](N)C(=O)OCC(CO)OCn1cnc2c(=O)[nH]c(N)nc21,WPVFJKSGQUFQAP-GKAPJAKFSA-N,1,FDA,2001-03-29,1,0,,,
2802,valnoctamide,CCC(C)C(CC)C(N)=O,QRCJOCOSPZMDJY-UHFFFAOYSA-N,0,,,0,0,,,
2803,valproic acid,CCCC(CCC)C(=O)O,NIJJYAXOARWZEE-UHFFFAOYSA-N,1,FDA,1978-02-28,1,5,AKR1A1;ALDH5A1;HDAC1;HDAC2;UGT1A5,ALDH5A1,
2804,valpromide,CCCC(CCC)C(N)=O,OMOMUFTZPTXCHP-UHFFFAOYSA-N,0,,,0,0,,,
2805,valrubicin,CCCCC(=O)OCC(=O)[C@]1(O)Cc2c(O)c3c(c(O)c2[C@@H](O[C@H]2C[C@H](NC(=O)C(F)(F)F)[C@H](O)[C@H](C)O2)C1)C(=O)c1c(OC)cccc1C3=O,ZOCKGBMQLCSHFP-KQRAQHLDSA-N,1,FDA,1998-09-25,1,1,TOP2A,TOP2A,
2806,valsartan,CCCCC(=O)N(Cc1ccc(-c2ccccc2-c2nnn[nH]2)cc1)[C@H](C(=O)O)C(C)C,ACWBQPMHZXGDFX-QFIPXVFZSA-N,1,FDA,1996-12-23,1,1,AGTR1,AGTR1,
2807,vancomycin,CN[C@H](CC(C)C)C(=O)N[C@H]1C(=O)N[C@@H](CC(N)=O)C(=O)N[C@H]2C(=O)N[C@H]3C(=O)N[C@H](C(=O)N[C@H](C(=O)O)c4cc(O)cc(O)c4-c4cc3ccc4O)[C@H](O)c3ccc(c(Cl)c3)Oc3cc2cc(c3O[C@@H]2O[C@H](CO)[C@@H](O)[C@H](O)[C@H]2O[C@H]2C[C@](C)(N)[C@H](O)[C@H](C)O2)Oc2ccc(cc2Cl)[C@H]1O,MYPYJXKWCTUITO-LYRMYLQWSA-N,1,FDA,1964-11-06,1,1,ADRA2A,,
2808,varenicline,c1cnc2cc3c(cc2n1)[C@@H]1CNC[C@H]3C1,JQSHBVHOMNKWFT-DTORHVGOSA-N,1,FDA,2006-05-10,1,9,CHRNA1;CHRNA3;CHRNA4;CHRNA7;CHRNB1;CHRNB2;CHRNB4;CHRND;CHRNG,CHRNA4;CHRNB2,
2809,vardenafil,CCCc1nc(C)c2c(=O)[nH]c(-c3cc(S(=O)(=O)N4CCN(CC)CC4)ccc3OCC)nn12,SECKRCOLJRRGGV-UHFFFAOYSA-N,1,FDA,2003-08-19,1,13,PDE10A;PDE11A;PDE1A;PDE2A;PDE3A;PDE3B;PDE4A;PDE4B;PDE4C;PDE4D;PDE5A;PDE6A;PDE9A,PDE5A,
2810,vasopressin,N=C(N)NCCC[C@H](NC(=O)[C@@H]1CCCN1C(=O)[C@@H]1CSSC[C@H](N)C(=O)N[C@@H](Cc2ccc(O)cc2)C(=O)N[C@@H](Cc2ccccc2)C(=O)N[C@@H](CCC(N)=O)C(=O)N[C@@H](CC(N)=O)C(=O)N1)C(=O)NCC(N)=O,KBZOIRJILGZLEJ-LGYYRGKSSA-N,1,FDA,,1,4,AVPR1A;AVPR1B;AVPR2;OXTR,AVPR1A;AVPR1B;AVPR2,
2811,vecuronium,CC(=O)O[C@H]1C[C@@H]2CC[C@@H]3[C@H](CC[C@@]4(C)[C@H]3C[C@H]([N+]3(C)CCCCC3)[C@@H]4OC(C)=O)[C@@]2(C)C[C@@H]1N1CCCCC1,BGSZAXLLHYERSY-XQIGCQGXSA-N,1,FDA,1984-04-30,1,11,CHRNA1;CHRNA2;CHRNA4;CHRNB1;CHRNB2;CHRNB4;CHRND;CHRNG;SLC22A2;SLC47A1;SLC47A2,CHRNA1;CHRNB1;CHRND,charged_parent
2812,vedaprofen,CC(C(=O)O)c1ccc(C2CCCCC2)c2ccccc12,VZUGVMQFWFVFBX-UHFFFAOYSA-N,0,,,0,0,,,
2813,venlafaxine,COc1ccc(C(CN(C)C)C2(O)CCCCC2)cc1,PNVNVHUZROJLTJ-UHFFFAOYSA-N,1,FDA,1993-12-28,1,6,HTR2A;HTR2C;HTR6;SLC6A2;SLC6A3;SLC6A4,SLC6A2;SLC6A4,
2814,veralipride,C=CCN1CCCC1CNC(=O)c1cc(S(N)(=O)=O)cc(OC)c1OC,RYJXBGGBZJGVQF-UHFFFAOYSA-N,0,,,1,0,,,
2815,verapamil,COc1ccc(CCN(C)CCCC(C#N)(c2ccc(OC)c(OC)c2)C(C)C)cc1OC,SGTNSNPWRIOYBX-UHFFFAOYSA-N,1,FDA,1981-08-12,1,34,ABCB1;ABCC1;ABCG2;ADRA1D;ADRA2A;AOX1;CA1;CACNA1C;CACNA1H;CACNA1S;CYP3A4;DRD3;HCN4;HRH2;HTR1A;HTR2A;HTR2B;HTR2C;KCNA10;KCNA3;KCNA7;KCNC2;KCNH2;KCNJ6;SCN1A;SCN2A;SCN3A;SCN5A;SLC22A1;SLC22A2;SLC29A4;SLC6A4;TPCN1;TPCN2,CACNA1C;CACNA1S,
2817,vesnarinone,COc1ccc(C(=O)N2CCN(c3ccc4c(c3)CCC(=O)N4)CC2)cc1OC,ZVNYJIZDIRKMBF-UHFFFAOYSA-N,0,,,0,4,KCNH2;PDE3A;PDE3B;VCP,,
2818,vidarabine,Nc1ncnc2c1ncn2[C@@H]1O[C@H](CO)[C@@H](O)[C@@H]1O,OIRDTQYFTABQOQ-UHTZMRCNSA-N,1,FDA,1976-11-26,1,7,DCK;DGUOK;DPP4;POLA1;PRPS1;RRM1;RRM2,,
2819,vigabatrin,C=CC(N)CCC(=O)O,PJDFLNIOAUIZSL-UHFFFAOYSA-N,1,FDA,2009-08-21,1,1,ABAT,ABAT,
2820,viloxazine,CCOc1ccccc1OCC1CNCCO1,YWPHCCPCQOJSGZ-UHFFFAOYSA-N,1,FDA,2021-04-02,1,3,SLC6A2;SLC6A3;SLC6A4,SLC6A2,
2821,viminol,CCC(C)N(CC(O)c1cccn1Cc1ccccc1Cl)C(C)CC,ZILPIBYANAFGMS-UHFFFAOYSA-N,0,,,0,0,,,
2823,vinblastine,CC[C@]1(O)C[C@@H]2CN(CCc3c([nH]c4ccccc34)[C@@](C(=O)OC)(c3cc4c(cc3OC)N(C)[C@H]3[C@@](O)(C(=O)OC)[C@H](OC(C)=O)[C@]5(CC)C=CCN6CC[C@]43[C@@H]65)C2)C1,JXLYSJRDGCGARV-CFWMRBGOSA-N,1,FDA,1965-11-05,1,14,ABCB1;ABCC1;ABCC10;ABCC2;TBXAS1;TUBB;TUBB1;TUBB2A;TUBB2B;TUBB3;TUBB4A;TUBB4B;TUBB6;TUBB8,TUBB;TUBB1;TUBB2A;TUBB2B;TUBB3;TUBB4A;TUBB4B;TUBB6;TUBB8,
2824,vinburnine,CC[C@]12CCCN3CCc4c(n(c5ccccc45)C(=O)C1)[C@@H]32,WYJAPUKIYAZSEM-MOPGFXCFSA-N,0,,,0,4,CHRM1;CHRM2;CHRM3;CHRM4,,
2825,vincristine,CC[C@]1(O)C[C@@H]2C[N@@](CCc3c([nH]c4ccccc34)[C@@](C(=O)OC)(c3cc4c(cc3OC)N(C=O)[C@H]3[C@@](O)(C(=O)OC)[C@H](OC(C)=O)[C@]5(CC)C=CCN6CC[C@]43[C@@H]65)C2)C1,OGWKCGZFUXNPDA-CFWMRBGOSA-N,1,FDA,1963-07-10,1,13,ABCB1;ABCC1;ABCC10;ABCC2;TUBB;TUBB1;TUBB2A;TUBB2B;TUBB3;TUBB4A;TUBB4B;TUBB6;TUBB8,TUBB;TUBB1;TUBB2A;TUBB2B;TUBB3;TUBB4A;TUBB4B;TUBB6;TUBB8,
2826,vindesine,CC[C@]1(O)C[C@@H]2CN(CCc3c([nH]c4ccccc34)[C@@](C(=O)OC)(c3cc4c(cc3OC)N(C)[C@H]3[C@@](O)(C(N)=O)[C@H](O)[C@]5(CC)C=CCN6CC[C@]43[C@@H]65)C2)C1,HHJUWIANJFBDHT-ZVTSDNJWSA-N,1,YEAR INTRODUCED,1979-01-01,1,1,CYP3A4,,
2827,vinorelbine,CCC1=C[C@@H]2C[N@](C1)Cc1c([nH]c3ccccc13)[C@@](C(=O)OC)(c1cc3c(cc1OC)N(C)[C@H]1[C@@](O)(C(=O)OC)[C@H](OC(C)=O)[C@]4(CC)C=CCN5CC[C@]31[C@@H]54)C2,GBABOYUKABKIAF-IELIFDKJSA-N,1,FDA,1994-12-23,1,11,CYP3A4;TACR2;TUBB;TUBB1;TUBB2A;TUBB2B;TUBB3;TUBB4A;TUBB4B;TUBB6;TUBB8,TUBB;TUBB1;TUBB2A;TUBB2B;TUBB3;TUBB4A;TUBB4B;TUBB6;TUBB8,
2828,vinpocetine,CCOC(=O)C1=C[C@]2(CC)CCCN3CCc4c(n1c1ccccc41)[C@@H]32,DDNCQMVWWZOMLN-IRLDBZIGSA-N,0,,,1,3,KCNH2;PDE1A;PDE1C,,
2829,vinylbital,C=CC1(C(C)CCC)C(=O)NC(=O)NC1=O,KGKJZEKQJQQOTD-UHFFFAOYSA-N,0,,,0,0,,,
2830,viomycin,NCCC[C@H](N)CC(=O)N[C@H]1CNC(=O)[C@H]([C@H]2C[C@H](O)N=C(N)N2)NC(=O)/C(=C/NC(N)=O)NC(=O)[C@H](CO)NC(=O)[C@H](CO)NC1=O,GXFAIFRPOKBQRV-GHXCTMGLSA-N,1,FDA,,1,0,,,
2831,retinol,CC1=C(/C=C/C(C)=C/C=C/C(C)=C/CO)C(C)(C)CCC1,FPIPGXGPPPQFEQ-OVSJKPMPSA-N,1,FDA,1953-02-20,1,13,ALDH1A1;ALDH1A2;NR2C2;RBP1;RBP2;RBP3;RBP4;RBP5;RBP7;RDH12;RDH13;RDH5;RLBP1,,
2832,thiamine,Cc1ncc(C[n+]2csc(CCO)c2C)c(N)n1,JZRWCGZRTZMZEH-UHFFFAOYSA-N,1,FDA,1993-12-29,1,6,HSP90AA1;SLC19A2;THTPA;TKT;TKTL1;TPK1,,charged_parent
2834,riboflavin,Cc1cc2nc3c(=O)[nH]c(=O)nc-3n(C[C@H](O)[C@H](O)[C@H](O)CO)c2cc1C,AUNGANRZJHBGPY-SCRDCRAPSA-N,1,FDA,1953-02-20,1,2,BLVRB;RFK,,
2835,nicotinic acid,O=C(O)c1cccnc1,PVNIIMVLHYAWGP-UHFFFAOYSA-N,1,FDA,1957-07-24,1,6,APP;HCAR2;HCAR3;NAMPT;NNMT;QPRT,HCAR2,
2836,pyridoxine,Cc1ncc(CO)c(CO)c1O,LXNHXLLTXMVWPM-UHFFFAOYSA-N,1,FDA,1993-12-29,1,6,CBS;PDXK;PDXP;PNPO;PSAT1;SHMT1,,
2838,ergocalciferol,C=C1CC[C@H](O)C/C1=C/C=C1\CCC[C@]2(C)[C@@H]([C@H](C)/C=C/[C@H](C)C(C)C)CC[C@@H]12,MECHNRXZTMCUDQ-RKHKHRCZSA-N,1,FDA,1941-01-11,1,3,CYP27B1;CYP2R1;VDR,VDR,
2840,colecalciferol,C=C1CC[C@H](O)C/C1=C/C=C1\CCC[C@]2(C)[C@@H]([C@H](C)CCCC(C)C)CC[C@@H]12,QYSXJUFSXHHAJI-YRZJJWOYSA-N,1,FDA,2000-05-18,1,5,CYP27A1;CYP27B1;CYP2R1;GLRA1;VDR,VDR,
2841,dihydrotachysterol,CC(C)[C@@H](C)/C=C/[C@@H](C)[C@H]1CC[C@H]2/C(=C/C=C3\C[C@@H](O)CC[C@@H]3C)CCC[C@]12C,ILYCWAKSDCYMBB-OPCMSESCSA-N,0,,,1,1,VDR,,
2843,phytomenadione,CC1=C(C/C=C(\C)CCC[C@H](C)CCC[C@H](C)CCCC(C)C)C(=O)c2ccccc2C1=O,MBWXNTAXLNYFJB-NKFFZRIASA-N,1,FDA,2000-05-18,1,0,,,
2845,voglibose,OCC(CO)N[C@H]1C[C@](O)(CO)[C@@H](O)[C@H](O)[C@H]1O,FZNCGRZWXLXZSZ-CIQUZCHMSA-N,1,PMDA,1994-08-20,1,2,GAA;MGAM,GAA,
2846,voriconazole,C[C@@H](c1ncncc1F)[C@](O)(Cn1cncn1)c1ccc(F)cc1F,BCEHBSKCWLPMDN-MGPLVRAMSA-N,1,FDA,2002-05-24,1,4,CYP2C19;CYP2C9;CYP3A4;CYP46A1,,
2847,warfarin,CC(=O)CC(c1ccccc1)c1c(O)c2ccccc2oc1=O,PJVWKTKQMONHTI-UHFFFAOYSA-N,1,FDA,1954-06-08,1,5,CYP2C9;CYP3A4;PCSK7;VKORC1;VKORC1L1,VKORC1,
2848,xamoterol,O=C(NCCNCC(O)COc1ccc(O)cc1)N1CCOCC1,DXPOSRCHIDYWHW-UHFFFAOYSA-N,0,,,0,3,ADRB1;ADRB2;ADRB3,,
2850,xenytropium,C[N+]1(Cc2ccc(-c3ccccc3)cc2)[C@@H]2CC[C@H]1C[C@@H](OC(=O)C(CO)c1ccccc1)C2,QDCILXFPWMMNQY-DNYGJFJUSA-N,0,,,0,0,,,charged_parent
2851,xibornol,Cc1cc(O)c([C@@H]2C[C@H]3CC[C@]2(C)C3(C)C)cc1C,RNRHMQWZFJXKLZ-XUWXXGDYSA-N,0,,,0,0,,,
2852,ximelagatran,CCOC(=O)CN[C@@H](C(=O)N1CC[C@H]1C(=O)NCc1ccc(C(=N)NO)cc1)C1CCCCC1,ZXIBCJHYVWYIKI-PZJWPPBQSA-N,1,YEAR INTRODUCED,2004-01-01,1,8,F10;F11;F2;F7;PLAT;PLAU;PLG;PROC,F2,
2853,xipamide,Cc1cccc(C)c1NC(=O)c1cc(S(N)(=O)=O)c(Cl)cc1O,MTZBBNMLMNBNJL-UHFFFAOYSA-N,0,,,0,0,,,
2854,xylose,OC1OC[C@@H](O)[C@H](O)[C@H]1O,SRBFZHDQGSBBOR-IOVATXLUSA-N,1,FDA,1987-03-26,0,0,,,
2855,zafirlukast,COc1cc(C(=O)NS(=O)(=O)c2ccccc2C)ccc1Cc1cn(C)c2ccc(NC(=O)OC3CCCC3)cc12,YEEZWCHGZNKEEK-UHFFFAOYSA-N,1,FDA,1996-09-26,1,19,ADORA3;CYP2C9;CYP3A4;CYSLTR1;CYSLTR2;EGFR;EPHX2;LTB4R;MAPK1;MAPK14;MAPK3;PLA2G4A;PPARG;PTGES;SLC10A1;SLC22A2;SLC47A1;SLC47A2;TBXAS1,CYSLTR1,
2856,zalcitabine,Nc1ccn([C@H]2CC[C@@H](CO)O2)c(=O)n1,WREGKURFCTUGRC-POYBYMJQSA-N,1,FDA,1992-06-19,1,1,DCK,,
2857,zaleplon,CCN(C(C)=O)c1cccc(-c2ccnc3c(C#N)cnn23)c1,HUNXMJYCHXQEGX-UHFFFAOYSA-N,1,FDA,1999-08-13,1,5,GABRA1;GABRA2;GABRB2;GABRB3;GABRG2,GABRA1;GABRA2;GABRB2;GABRB3;GABRG2,
2858,zaltoprofen,CC(C(=O)O)c1ccc2c(c1)CC(=O)c1ccccc1S2,MUXFZBHBYYYLTH-UHFFFAOYSA-N,1,PMDA,,0,0,,,
2859,zanamivir,CC(=O)N[C@H]1[C@H]([C@H](O)[C@H](O)CO)OC(C(=O)O)=C[C@@H]1NC(=N)N,ARAIBEBZBOPLMB-UFGQHTETSA-N,1,EMA;FDA,1999-07-26,1,3,NEU2;NEU3;NEU4,,
2860,zeranol,C[C@H]1CCC[C@H](O)CCCCCc2cc(O)cc(O)c2C(=O)O1,DWTTZBARDOXEAM-GXTWGEPZSA-N,0,,,0,0,,,
2861,zidovudine,Cc1cn([C@H]2C[C@H](N=[N+]=[N-])[C@@H](CO)O2)c(=O)[nH]c1=O,HBOMLICNUCNMMY-XLPZGREQSA-N,1,FDA,1987-03-19,1,4,DTYMK;HTR2A;SIGMAR1;TK1,,
2862,zileuton,CC(c1cc2ccccc2s1)N(O)C(N)=O,MWLSOWXNZPKENC-UHFFFAOYSA-N,1,FDA,1996-12-09,1,8,ALOX15;ALOX5;ALOX5AP;CYSLTR2;EPHX2;LTA4H;LTB4R;PTGES,ALOX5,
2863,zimeldine,CN(C)C/C=C(/c1ccc(Br)cc1)c1cccnc1,OYPPVKRFBIWMSX-SXGWCWSVSA-N,0,,,1,3,DRD2;SLC6A2;SLC6A4,,
2864,zipeprol,COC(CN1CCN(CC(O)C(OC)c2ccccc2)CC1)c1ccccc1,VSTNNAYSCJQCQI-UHFFFAOYSA-N,0,,,1,0,,,
2865,ziprasidone,O=C1Cc2cc(CCN3CCN(c4nsc5ccccc45)CC3)c(Cl)cc2N1,MVWVFYHBGMAFLY-UHFFFAOYSA-N,1,FDA,2001-02-05,1,35,ADRA1A;ADRA1B;ADRA2A;ADRA2B;ADRA2C;ADRB1;ADRB2;CHRM1;CHRM2;CHRM3;CHRM4;CHRM5;DRD1;DRD2;DRD3;DRD4;DRD5;H1F0;HRH1;HRH2;HTR1A;HTR1B;HTR1D;HTR1E;HTR2A;HTR2B;HTR2C;HTR3A;HTR5A;HTR6;HTR7;KCNH2;SLC6A2;SLC6A3;SLC6A4,DRD2;HTR2A,
2866,zofenopril,C[C@H](CSC(=O)c1ccccc1)C(=O)N1C[C@@H](Sc2ccccc2)C[C@H]1C(=O)O,IAIDUHCBNLFXEF-MNEFBYGVSA-N,0,,,0,1,ACE,ACE,
2868,zoledronic acid,O=P(O)(O)C(O)(Cn1ccnc1)P(=O)(O)O,XRASPMIURGNCCH-UHFFFAOYSA-N,1,EMA;FDA,2001-03-20,1,11,BTN3A1;CA12;CA14;CA2;CA9;FDPS;GGPS1;MMP14;MMP2;MMP8;MMP9,FDPS,
2869,zolmitriptan,CN(C)CCc1c[nH]c2ccc(C[C@H]3COC(=O)N3)cc12,ULSDMUVEXKOYBU-ZDUSSCGKSA-N,1,FDA,1997-11-25,1,5,HTR1A;HTR1B;HTR1D;HTR1E;HTR1F,HTR1B;HTR1D,
2870,zolpidem,Cc1ccc(-c2nc3ccc(C)cn3c2CC(=O)N(C)C)cc1,ZAFYATHCZYHLPB-UHFFFAOYSA-N,1,FDA,1992-12-16,1,7,ABCB1;GABRA1;GABRA2;GABRA3;GABRB2;GABRB3;GABRG2,GABRA1;GABRA2;GABRA3;GABRB2;GABRB3;GABRG2,
2871,zomepirac,Cc1cc(CC(=O)O)n(C)c1C(=O)c1ccc(Cl)cc1,ZXVNMYWKKDOREA-UHFFFAOYSA-N,0,,,1,2,PTGS1;PTGS2,,
2872,zonisamide,NS(=O)(=O)Cc1noc2ccccc12,UBQNRHZMVUUOMG-UHFFFAOYSA-N,1,FDA,2000-03-27,1,14,CA1;CA12;CA13;CA14;CA2;CA4;CA5A;CA5B;CA6;CA7;CA9;CACNA1G;MAOB;SCN1A,SCN1A,
2873,zopiclone,CN1CCN(C(=O)OC2c3nccnc3C(=O)N2c2ccc(Cl)cn2)CC1,GBBSUAFBMRNDJC-UHFFFAOYSA-N,1,FDA,2004-12-15,1,7,GABRA1;GABRA3;GABRA5;GABRB2;GABRB3;GABRG2;GABRG3,GABRA1;GABRA3;GABRA5;GABRB2;GABRB3;GABRG2;GABRG3,
2874,zorubicin,COc1cccc2c1C(=O)c1c(O)c3c(c(O)c1C2=O)C[C@@](O)(C(C)=NNC(=O)c1ccccc1)C[C@@H]3O[C@H]1C[C@H](N)[C@H](O)[C@H](C)O1,FBTUMDXHSRTGRV-BJISBDEGSA-N,0,,,0,0,,,
2875,zotepine,CN(C)CCOC1=Cc2ccccc2Sc2ccc(Cl)cc21,HDOZVRUNCMBHFH-UHFFFAOYSA-N,0,,,0,33,ADRA1A;ADRA1B;ADRA2A;ADRA2B;ADRA2C;ADRB1;ADRB2;CHRM1;CHRM2;CHRM3;CHRM4;CHRM5;DRD1;DRD2;DRD3;DRD4;DRD5;HRH1;HRH2;HRH4;HTR1A;HTR1B;HTR1D;HTR1E;HTR2A;HTR2C;HTR3A;HTR5A;HTR6;HTR7;SLC6A2;SLC6A3;SLC6A4,,
2876,zoxazolamine,Nc1nc2cc(Cl)ccc2o1,YGCODSQDUUUKIV-UHFFFAOYSA-N,0,,,0,0,,,
2877,zuclopenthixol,OCCN1CCN(CC/C=C2/c3ccccc3Sc3ccc(Cl)cc32)CC1,WFPIAZLQTJBIFN-DVZOWYKESA-N,1,UK Medicines and Healthcare Products Regulatory Agency (MHRA),,0,5,ADRA1A;DRD1;DRD2;HTR2A;HTR6,DRD1;DRD2,
2878,ziconotide,CSCC[C@@H]1NC(=O)[C@H](CC(C)C)NC(=O)[C@H](CCCNC(=N)N)NC(=O)[C@H](CO)NC(=O)[C@@H]2CSSC[C@@H]3NC(=O)[C@H](CO)NC(=O)CNC(=O)[C@H]([C@@H](C)O)NC(=O)[C@H](CSSC[C@H](N)C(=O)N[C@@H](CCCCN)C(=O)NCC(=O)N[C@@H](CCCCN)C(=O)NCC(=O)N[C@@H](C)C(=O)N[C@@H](CCCCN)C(=O)N2)NC(=O)[C@H](CSSC[C@@H](C(N)=O)NC(=O)[C@H](CCCCN)NC(=O)CNC(=O)[C@H](CO)NC(=O)[C@H](CCCNC(=N)N)NC3=O)NC(=O)[C@H](CC(=O)O)NC(=O)[C@H](Cc2ccc(O)cc2)NC1=O,BPKIMPVREBSLAJ-QTBYCLKRSA-N,1,FDA,2004-12-28,1,1,CACNA1B,CACNA1B,
2949,zotarolimus,CO[C@H]1C[C@@H]2CC[C@@H](C)[C@@](O)(O2)C(=O)C(=O)N2CCCC[C@H]2C(=O)O[C@H]([C@H](C)C[C@@H]2CC[C@H](n3cnnn3)[C@H](OC)C2)CC(=O)[C@H](C)/C=C(\C)[C@@H](O)[C@@H](OC)C(=O)[C@H](C)C[C@H](C)/C=C/C=C/C=C/1C,CGTADGCBEXYWNE-JUKNQOCSSA-N,0,,,0,2,FKBP1A;MTOR,,
2954,depreotide,CC(C)[C@@H]1NC(=O)[C@H](CCCCN)NC(=O)[C@@H](Cc2c[nH]c3ccccc23)NC(=O)[C@H](Cc2ccc(O)cc2)NC(=O)[C@H](Cc2ccccc2)N(C)C(=O)[C@H](CCSCC(=O)NC[C@H](N)C(=O)N[C@@H](CCCCN)C(=O)N[C@@H](CS)C(=O)N[C@@H](CCCCN)C(N)=O)NC1=O,XXXSJQLZVNKRKX-YQRDHHIGSA-N,0,,,0,0,,,
2955,eledoisin,CC[C@H](C)[C@H](NC(=O)[C@H](Cc1ccccc1)NC(=O)[C@H](C)NC(=O)[C@H](CC(=O)O)NC(=O)[C@H](CCCCN)NC(=O)[C@H](CO)NC(=O)[C@@H]1CCCN1C(=O)[C@@H]1CCC(=O)N1)C(=O)NCC(=O)N[C@@H](CC(C)C)C(=O)N[C@@H](CCSC)C(N)=O,AYLPVIWBPZMVSH-FCKMLYJASA-N,0,,,0,2,TACR1;TACR3,,
2958,gonadorelin,CC(C)C[C@H](NC(=O)CNC(=O)[C@H](Cc1ccc(O)cc1)NC(=O)[C@H](CO)NC(=O)[C@H](Cc1c[nH]c2ccccc12)NC(=O)[C@H](Cc1c[nH]cn1)NC(=O)[C@@H]1CCC(=O)N1)C(=O)N[C@@H](CCCNC(=N)N)C(=O)N1CCC[C@H]1C(=O)NCC(N)=O,XLXSAKCOAKORKW-AQJXLSMYSA-N,1,FDA,1982-09-30,1,1,GNRHR,GNRHR,
2959,lypressin,NCCCC[C@H](NC(=O)[C@@H]1CCCN1C(=O)[C@@H]1CSSC[C@H](N)C(=O)N[C@@H](Cc2ccc(O)cc2)C(=O)N[C@@H](Cc2ccccc2)C(=O)N[C@@H](CCC(N)=O)C(=O)N[C@@H](CC(N)=O)C(=O)N1)C(=O)NCC(N)=O,BJFIDCADFRDPIO-DZCXQCEKSA-N,1,FDA,,1,3,AVPR1A;AVPR1B;AVPR2,AVPR1A;AVPR1B;AVPR2,
2960,mifamurtide,CCCCCCCCCCCCCCCC(=O)OC[C@H](COP(=O)(O)OCCNC(=O)[C@H](C)NC(=O)CC[C@@H](NC(=O)[C@H](C)NC(=O)[C@@H](C)O[C@H]1[C@H](O)[C@@H](CO)OC(O)[C@@H]1NC(C)=O)C(N)=O)OC(=O)CCCCCCCCCCCCCCC,JMUHBNWAORSSBD-WKYWBUFDSA-N,1,EMA,2009-03-06,1,1,NOD2,NOD2,
2965,peplomycin,Cc1c(N)nc([C@H](CC(N)=O)NC[C@H](N)C(N)=O)nc1C(=O)N[C@H](C(=O)N[C@H](C)[C@@H](O)[C@H](C)C(=O)N[C@H](C(=O)NCCc1nc(-c2nc(C(=O)NCCCN[C@@H](C)c3ccccc3)cs2)cs1)[C@@H](C)O)[C@@H](O[C@@H]1O[C@@H](CO)[C@@H](O)[C@H](O)[C@@H]1O[C@H]1O[C@H](CO)[C@@H](O)[C@H](OC(N)=O)[C@@H]1O)c1c[nH]cn1,QIMGFXOHTOXMQP-GFAGFCTOSA-N,0,,,0,0,,,
2966,suramin,Cc1ccc(C(=O)Nc2ccc(S(=O)(=O)O)c3cc(S(=O)(=O)O)cc(S(=O)(=O)O)c23)cc1NC(=O)c1cccc(NC(=O)Nc2cccc(C(=O)Nc3cc(C(=O)Nc4ccc(S(=O)(=O)O)c5cc(S(=O)(=O)O)cc(S(=O)(=O)O)c45)ccc3C)c2)c1,FIAFUQMPZJWCLV-UHFFFAOYSA-N,0,,,0,26,P2RX3;P2RX4;P2RY1;P2RY11;P2RY13;P2RY2;P2RY6;PRKCA;PRKCB;PRKCD;PRKCE;PRKCG;PRKCH;PRKCI;PRKCQ;PRKCZ;PRKD1;PRKD3;PRKDC;PRMT1;SIRT1;SIRT2;SIRT5;STAT1;STAT5A;STAT5B,,
2967,terlipressin,NCCCC[C@H](NC(=O)[C@@H]1CCCN1C(=O)[C@@H]1CSSC[C@H](NC(=O)CNC(=O)CNC(=O)CN)C(=O)N[C@@H](Cc2ccc(O)cc2)C(=O)N[C@@H](Cc2ccccc2)C(=O)N[C@@H](CCC(N)=O)C(=O)N[C@@H](CC(N)=O)C(=O)N1)C(=O)NCC(N)=O,BENFXAYNYRLAIU-QSVFAHTRSA-N,0,,,1,0,,,
2968,triptorelin,CC(C)C[C@H](NC(=O)[C@@H](Cc1c[nH]c2ccccc12)NC(=O)[C@H](Cc1ccc(O)cc1)NC(=O)[C@H](CO)NC(=O)[C@H](Cc1c[nH]c2ccccc12)NC(=O)[C@H](Cc1c[nH]cn1)NC(=O)[C@@H]1CCC(=O)N1)C(=O)N[C@@H](CCCNC(=N)N)C(=O)N1CCC[C@H]1C(=O)NCC(N)=O,VXKHXGOKWPXYNA-PGBVPBMZSA-N,1,FDA,2000-06-15,1,1,GNRHR,GNRHR,
2971,betadex,OC[C@H]1O[C@@H]2O[C@H]3[C@H](O)[C@@H](O)[C@@H](O[C@H]4[C@H](O)[C@@H](O)[C@@H](O[C@H]5[C@H](O)[C@@H](O)[C@@H](O[C@H]6[C@H](O)[C@@H](O)[C@@H](O[C@H]7[C@H](O)[C@@H](O)[C@@H](O[C@H]8[C@H](O)[C@@H](O)[C@@H](O[C@H]1[C@H](O)[C@H]2O)O[C@@H]8CO)O[C@@H]7CO)O[C@@H]6CO)O[C@@H]5CO)O[C@@H]4CO)O[C@@H]3CO,WHGYBXFWUBPSRW-FOUAGVGXSA-N,0,,,0,0,,,
2974,doxacurium,COc1cc(CC2c3c(cc(OC)c(OC)c3OC)CC[N+]2(C)CCCOC(=O)CCC(=O)OCCC[N+]2(C)CCc3cc(OC)c(OC)c(OC)c3C2Cc2cc(OC)c(OC)c(OC)c2)cc(OC)c1OC,GBLRQXKSCRCLBZ-UHFFFAOYSA-N,1,FDA,1991-03-07,1,5,CHRM2;CHRNA1;CHRNA2;CHRNB1;CHRND,CHRNA1;CHRNB1;CHRND,charged_parent
2975,histrelin,CCNC(=O)[C@@H]1CCCN1C(=O)[C@H](CCCNC(=N)N)NC(=O)[C@H](CC(C)C)NC(=O)[C@@H](Cc1cn(Cc2ccccc2)cn1)NC(=O)[C@H](Cc1ccc(O)cc1)NC(=O)[C@H](CO)NC(=O)[C@H](Cc1c[nH]c2ccccc12)NC(=O)[C@H](Cc1c[nH]cn1)NC(=O)[C@@H]1CCC(=O)N1,HHXHVIJIIXKSOE-QILQGKCVSA-N,1,FDA,1991-12-24,1,1,GNRHR,GNRHR,
2977,caspofungin,CC[C@H](C)C[C@H](C)CCCCCCCCC(=O)N[C@H]1C[C@@H](O)[C@@H](NCCN)NC(=O)[C@@H]2[C@@H](O)CCN2C(=O)[C@H]([C@H](O)CCN)NC(=O)[C@H]([C@H](O)[C@@H](O)c2ccc(O)cc2)NC(=O)[C@@H]2C[C@@H](O)CN2C(=O)[C@H]([C@@H](C)O)NC1=O,JYIKNQVWKBUSNH-WVDDFWQHSA-N,1,FDA,2001-01-26,1,0,,,
2989,calcitonin (salmon synthetic),CC(C)C[C@H](NC(=O)[C@H](CCCCN)NC(=O)CNC(=O)[C@H](CC(C)C)NC(=O)[C@@H](NC(=O)[C@@H]1CSSC[C@H](N)C(=O)N[C@@H](CO)C(=O)N[C@@H](CC(N)=O)C(=O)N[C@@H](CC(C)C)C(=O)N[C@@H](CO)C(=O)N[C@@H]([C@@H](C)O)C(=O)N1)C(C)C)C(=O)N[C@@H](CO)C(=O)N[C@@H](CCC(N)=O)C(=O)N[C@@H](CCC(=O)O)C(=O)N[C@@H](CC(C)C)C(=O)N[C@@H](Cc1c[nH]cn1)C(=O)N[C@@H](CCCCN)C(=O)N[C@@H](CC(C)C)C(=O)N[C@@H](CCC(N)=O)C(=O)N[C@H](C(=O)N[C@@H](Cc1ccc(O)cc1)C(=O)N1CCC[C@H]1C(=O)N[C@@H](CCCNC(=N)N)C(=O)N[C@H](C(=O)N[C@@H](CC(N)=O)C(=O)N[C@H](C(=O)NCC(=O)N[C@@H](CO)C(=O)NCC(=O)N[C@H](C(=O)N1CCC[C@H]1C(N)=O)[C@@H](C)O)[C@@H](C)O)[C@@H](C)O)[C@@H](C)O,BBBFJLBPOGFECG-VJVYQDLKSA-N,1,FDA,1978-04-17,1,4,CALCR;RAMP1;RAMP2;RAMP3,CALCR,
2994,glucagon,CSCC[C@H](NC(=O)[C@H](CC(C)C)NC(=O)[C@H](Cc1c[nH]c2ccccc12)NC(=O)[C@H](CCC(N)=O)NC(=O)[C@@H](NC(=O)[C@H](Cc1ccccc1)NC(=O)[C@H](CC(=O)O)NC(=O)[C@H](CCC(N)=O)NC(=O)[C@H](C)NC(=O)[C@H](CCCNC(=N)N)NC(=O)[C@H](CCCNC(=N)N)NC(=O)[C@H](CO)NC(=O)[C@H](CC(=O)O)NC(=O)[C@H](CC(C)C)NC(=O)[C@H](Cc1ccc(O)cc1)NC(=O)[C@H](CCCCN)NC(=O)[C@H](CO)NC(=O)[C@H](Cc1ccc(O)cc1)NC(=O)[C@H](CC(=O)O)NC(=O)[C@H](CO)NC(=O)[C@@H](NC(=O)[C@H](Cc1ccccc1)NC(=O)[C@@H](NC(=O)CNC(=O)[C@H](CCC(N)=O)NC(=O)[C@H](CO)NC(=O)[C@@H](N)Cc1c[nH]cn1)[C@@H](C)O)[C@@H](C)O)C(C)C)C(=O)N[C@@H](CC(N)=O)C(=O)N[C@H](C(=O)O)[C@@H](C)O,MASNOZXLGMXCHN-ZLPAWPGGSA-N,1,EMA;FDA;PMDA,1960-11-14,0,2,GCGR;GLP1R,GCGR,
2997,somatostatin,C[C@H](N)C(=O)NCC(=O)N[C@H]1CSSC[C@@H](C(=O)O)NC(=O)[C@H](CO)NC(=O)[C@H]([C@@H](C)O)NC(=O)[C@H](Cc2ccccc2)NC(=O)[C@H]([C@@H](C)O)NC(=O)[C@H](CCCCN)NC(=O)[C@H](Cc2c[nH]c3ccccc23)NC(=O)[C@H](Cc2ccccc2)NC(=O)[C@H](Cc2ccccc2)NC(=O)[C@H](CC(N)=O)NC(=O)[C@H](CCCCN)NC1=O,NHXLMOGPVYXJNR-ATOGVRKGSA-N,0,,,0,5,SSTR1;SSTR2;SSTR3;SSTR4;SSTR5,SSTR1;SSTR2;SSTR3;SSTR4;SSTR5,
2999,pyrantel,CN1CCCN=C1/C=C/c1cccs1,YSAUAVHXTIETRK-AATRIKPKSA-N,1,YEAR INTRODUCED,1974-01-01,1,0,,,
3000,acexamic acid,CC(=O)NCCCCCC(=O)O,WDSCBUNMANHPFH-UHFFFAOYSA-N,0,,,0,0,,,
3007,arsthinol,CC(=O)Nc1cc([As]2SCC(CO)S2)ccc1O,MRUDSZSRLQAPOG-UHFFFAOYSA-N,0,,,0,0,,,
3008,atosiban,CCOc1ccc(C[C@H]2NC(=O)CCSSC[C@@H](C(=O)N3CCC[C@H]3C(=O)N[C@@H](CCCN)C(=O)NCC(N)=O)NC(=O)[C@H](CC(N)=O)NC(=O)[C@H]([C@@H](C)O)NC(=O)[C@H]([C@@H](C)CC)NC2=O)cc1,VWXRQYYUEIYXCZ-OBIMUBPZSA-N,1,EMA,2000-01-20,1,4,AVPR1A;AVPR1B;AVPR2;OXTR,OXTR,
3011,azidamfenicol,[N-]=[N+]=NCC(=O)N[C@H](CO)[C@H](O)c1ccc([N+](=O)[O-])cc1,SGRUZFCHLOFYHZ-MWLCHTKSSA-N,0,,,0,0,,,
3013,bemegride,CCC1(C)CC(=O)NC(=O)C1,ORRZGUBHBVWWOP-UHFFFAOYSA-N,0,,,0,0,,,
3014,bemotrizinol,CCCCC(CC)COc1ccc(-c2nc(-c3ccc(OC)cc3)nc(-c3ccc(OCC(CC)CCCC)cc3O)n2)c(O)c1,XVAMCHGMPYWHNL-UHFFFAOYSA-N,1,FDA,,0,0,,,
3015,benexate,N=C(N)NC[C@H]1CC[C@H](C(=O)Oc2ccccc2C(=O)OCc2ccccc2)CC1,IAXUQWSLRKIRFR-SAABIXHNSA-N,0,,,0,0,,,
3016,oxybuprocaine,CCCCOc1cc(C(=O)OCCN(CC)CC)ccc1N,CMHHMUWAYWTMGS-UHFFFAOYSA-N,1,FDA,2020-03-09,1,4,SCN10A;SCN1A;SCN2A;SCN3A,SCN10A;SCN1A;SCN2A;SCN3A,
3017,benzalkonium,CCCCCCCCCCCC[N+](C)(C)Cc1ccccc1,CYDRXTMLKJDRQH-UHFFFAOYSA-N,1,FDA,,0,0,,,charged_parent
3018,benzethonium,CC(C)(C)CC(C)(C)c1ccc(OCCOCC[N+](C)(C)Cc2ccccc2)cc1,SIYLLGKDQZGJHK-UHFFFAOYSA-N,1,FDA,,0,19,ACHE;ADRA2A;ADRA2B;ADRA2C;CHRM1;CHRM2;CHRM3;CHRM4;CHRM5;ERBB2;FYN;HTR2A;HTR2C;KCNH2;KISS1R;SLC6A2;SLC6A3;SLC6A4;TACR2,,charged_parent
3019,benzoxonium chloride,CCCCCCCCCCCC[N+](CCO)(CCO)Cc1ccccc1,BTAFSOGRDASALR-UHFFFAOYSA-N,0,,,0,0,,,charged_parent
3021,bergapten,COc1c2ccoc2cc2oc(=O)ccc12,BGEBZHIAGXMEMV-UHFFFAOYSA-N,0,,,0,2,CYP1A1;MAOA,,
3022,bermoprofen,Cc1ccc2c(c1)CC(=O)c1cc(C(C)C(=O)O)ccc1O2,REHLODZXMGOGQP-UHFFFAOYSA-N,0,,,0,0,,,
3023,betoxycaine,CCCCOc1ccc(C(=O)OCCOCCN(CC)CC)cc1N,CXYOBRKOFHQONJ-UHFFFAOYSA-N,0,,,0,0,,,
3024,bevonium,C[N+]1(C)CCCCC1COC(=O)C(O)(c1ccccc1)c1ccccc1,UHUMRJKDOOEQIG-UHFFFAOYSA-N,0,,,0,0,,,charged_parent
3025,bietamiverine,CCN(CC)CCOC(=O)C(c1ccccc1)N1CCCCC1,JGTJANXYSNVLMQ-UHFFFAOYSA-N,0,,,0,3,CHRM1;CHRM2;CHRM3,,
3026,bifluranol,CCC(c1ccc(O)c(F)c1)C(C)c1ccc(O)c(F)c1,RDVXUHOSYIBGBT-UHFFFAOYSA-N,0,,,0,0,,,
3027,xenysalate,CCN(CC)CCOC(=O)c1cccc(-c2ccccc2)c1O,HLDCSYXMVXILQC-UHFFFAOYSA-N,0,,,0,0,,,
3030,bisdequalinium chloride,Cc1cc2c3ccccc3[n+]1CCCCCCCCCC[n+]1c(C)cc(c3ccccc31)NCCCCCCCCCCN2,ZFWYZPJOMMIRAM-UHFFFAOYSA-P,0,,,0,0,,,charged_parent
3031,bisoctrizole,CC(C)(C)CC(C)(C)c1cc(Cc2cc(C(C)(C)CC(C)(C)C)cc(-n3nc4ccccc4n3)c2O)c(O)c(-n2nc3ccccc3n2)c1,FQUNFJULCYSSOP-UHFFFAOYSA-N,1,FDA,,0,0,,,
3032,bithionol,Oc1c(Cl)cc(Cl)cc1Sc1cc(Cl)cc(Cl)c1O,JFIOVJDNOJYLKP-UHFFFAOYSA-N,0,,,1,27,ADORA2A;ADORA3;ADRA2A;ADRA2B;ADRA2C;DRD3;EGFR;ERBB2;ESR1;ESR2;HTR1A;HTR2B;HTR2C;LCK;MAPK1;MAPK14;NAPEPLD;OPRM1;SLC22A1;SLC22A2;SLC22A3;SLC47A1;SLC47A2;SLC6A2;SLC6A3;TACR2;TBXAS1,,
3033,bitoscanate,S=C=Nc1ccc(N=C=S)cc1,OMWQUXGVXQELIX-UHFFFAOYSA-N,0,,,0,0,,,
3034,bolandiol dipropionate,CCC(=O)O[C@@H]1C=C2CC[C@@H]3[C@H](CC[C@]4(C)[C@@H](OC(=O)CC)CC[C@@H]34)[C@H]2CC1,JFAXVZXNIGIDDA-KDWXAGHCSA-N,0,,,0,0,,,
3035,boric acid,OB(O)O,KGBXLFKZBHKPEV-UHFFFAOYSA-N,1,FDA,,0,0,,,inorganic
3037,bromindione,O=C1c2ccccc2C(=O)C1c1ccc(Br)cc1,NPUZIGSOEWMFKK-UHFFFAOYSA-N,0,,,0,0,,,
3038,bromisoval,CC(C)C(Br)C(=O)NC(N)=O,CMCCHHWTTBEZNM-UHFFFAOYSA-N,0,,,1,0,,,
3040,bromochlorosalicylanilide,O=C(Nc1ccc(Cl)cc1)c1cc(Br)ccc1O,QBSGXIBYUQJHMJ-UHFFFAOYSA-N,0,,,0,0,,,
3042,broxuridine,O=c1[nH]c(=O)n([C@H]2C[C@H](O)[C@@H](CO)O2)cc1Br,WOVKYSAHUYNSMH-RRKCRQDMSA-N,0,,,0,1,TK1,,
3043,buclosamide,CCCCNC(=O)c1ccc(Cl)cc1O,ZGJHIFYEQJEUKA-UHFFFAOYSA-N,0,,,0,0,,,
3044,bucolome,CCCCC1C(=O)NC(=O)N(C2CCCCC2)C1=O,DVEQCIBLXRSYPH-UHFFFAOYSA-N,0,,,0,0,,,
3045,bufeniode,CC(CCc1ccccc1)NC(C)C(O)c1cc(I)c(O)c(I)c1,RFIXURDMUINBMD-UHFFFAOYSA-N,0,,,0,0,,,
3046,bufetolol,CC(C)(C)NCC(O)COc1ccccc1OCC1CCCO1,AKLNLVOZXMQGSI-UHFFFAOYSA-N,0,,,0,0,,,
3047,bufexamac,CCCCOc1ccc(CC(=O)NO)cc1,MXJWRABVEGLYDG-UHFFFAOYSA-N,0,,,1,2,HDAC10;HDAC6,,
3048,bunamiodyl,CCCC(=O)Nc1c(I)cc(I)c(/C=C(\CC)C(=O)O)c1I,CWRBDUIQDIHWJZ-SOFGYWHQSA-N,0,,,1,0,,,
3049,buramate,O=C(NCc1ccccc1)OCCO,YFLRYAVDPKONNX-UHFFFAOYSA-N,0,,,0,0,,,
3050,butacaine,CCCCN(CCCC)CCCOC(=O)c1ccc(N)cc1,HQFWVSGBVLEQGA-UHFFFAOYSA-N,0,,,0,3,SCN1A;SCN2A;SCN3A,,
3051,butamben,CCCCOC(=O)c1ccc(N)cc1,IUWVALYLNVXWKX-UHFFFAOYSA-N,1,FDA,,1,0,,,
3052,butedronic acid,O=C(O)CC(C(=O)O)C(P(=O)(O)O)P(=O)(O)O,LDTZSTJLVYBEKB-UHFFFAOYSA-N,0,,,0,0,,,
3053,butethamine,CC(C)CNCCOC(=O)c1ccc(N)cc1,WDICTQVBXKADBP-UHFFFAOYSA-N,0,,,0,3,SCN1A;SCN2A;SCN3A,,
3054,buthalital,C=CCC1(CC(C)C)C(=O)NC(=S)NC1=O,QHJOIAXHOQIPJT-UHFFFAOYSA-N,0,,,0,0,,,
3055,butoxycaine,CCCCOc1ccc(C(=O)OCCN(CC)CC)cc1,QNIUOGIMJWORNZ-UHFFFAOYSA-N,0,,,0,0,,,
3056,enbucrilate,C=C(C#N)C(=O)OCCCC,JJJFUHOGVZWXNQ-UHFFFAOYSA-N,0,,,0,0,,,
3058,cacodylic acid,C[As](C)(=O)O,OGGXGZAMXPVRFZ-UHFFFAOYSA-N,0,,,0,0,,,
3059,cafaminol,CN(CCO)c1nc2c(c(=O)n(C)c(=O)n2C)n1C,ZGNRRVAPHPANFI-UHFFFAOYSA-N,0,,,0,0,,,
3061,bismuth camphocarbonate,CC1(C)[C@@H]2CC[C@@]1(C)C(=O)[C@H]2C(=O)[O][Bi]([OH])[O][Bi]([O]C(=O)[C@@H]1C(=O)[C@]2(C)CC[C@H]1C2(C)C)[O]C(=O)[C@@H]1C(=O)[C@]2(C)CC[C@H]1C2(C)C,RFUOEEHKHNHYHG-KKIOWIMLSA-J,0,,,0,0,,,
3062,canfosfamide,N[C@@H](CCC(=O)N[C@@H](CS(=O)(=O)CCOP(=O)(N(CCCl)CCCl)N(CCCl)CCCl)C(=O)N[C@@H](C(=O)O)c1ccccc1)C(=O)O,OJLHWPALWODJPQ-QNWVGRARSA-N,0,,,0,0,,,
3064,capsaicin,COc1cc(CNC(=O)CCCC/C=C/C(C)C)ccc1O,YKPUWZUDDOIDPM-SOFGYWHQSA-N,1,FDA,2009-11-16,1,6,ALOX5;CYP1A2;KCNA1;PTGS1;TRPV1;YARS,TRPV1,
3065,carbarsone,NC(=O)Nc1ccc([As](=O)(O)O)cc1,WWXBHTZSYYGCSG-UHFFFAOYSA-N,0,,,0,0,,,
3066,carbaryl,CNC(=O)Oc1cccc2ccccc12,CVXBEEMKQHEXEN-UHFFFAOYSA-N,0,,,1,0,,,
3067,carbon tetrachloride,ClC(Cl)(Cl)Cl,VZGDMQKNWNREIO-UHFFFAOYSA-N,0,,,0,1,CYP2E1,,
3068,carglumic acid,NC(=O)N[C@@H](CCC(=O)O)C(=O)O,LCQLHJZYVOQKHU-VKHMYHEASA-N,1,FDA,2010-03-18,1,1,CPS1,CPS1,
3069,cargutocin,CC[C@H](C)[C@@H]1NC(=O)[C@H](Cc2ccc(O)cc2)NC(=O)CCCCC[C@@H](C(=O)NCC(=O)N[C@@H](CC(C)C)C(=O)NCC(N)=O)NC(=O)[C@H](CC(N)=O)NC(=O)[C@H](CCC(N)=O)NC1=O,YHKWDHMRGAMOKU-DACMYBEBSA-N,0,,,0,0,,,
3070,articaine,CCCNC(C)C(=O)Nc1c(C)csc1C(=O)OC,QTGIAADRBBLJGA-UHFFFAOYSA-N,1,FDA,2000-04-03,1,3,SCN1A;SCN2A;SCN3A,SCN1A;SCN2A;SCN3A,
3071,cefazedone,Cc1nnc(SCC2=C(C(=O)O)N3C(=O)[C@@H](NC(=O)Cn4cc(Cl)c(=O)c(Cl)c4)[C@H]3SC2)s1,VTLCNEGVSVJLDN-MLGOLLRUSA-N,0,,,0,0,,,
3072,cefbuperazone,CCN1CCN(C(=O)N[C@@H](C(=O)N[C@]2(OC)C(=O)N3C(C(=O)O)=C(CSc4nnnn4C)CS[C@@H]32)[C@H](C)O)C(=O)C1=O,SMSRCGPDNDCXFR-CYWZMYCQSA-N,0,,,0,0,,,
3074,cefetamet,CO/N=C(\C(=O)N[C@@H]1C(=O)N2C(C(=O)O)=C(C)CS[C@H]12)c1csc(N)n1,MQLRYUCJDNBWMV-GHXIOONMSA-N,0,,,0,0,,,
3075,cefpimizole,O=C(O)C1=C(C[n+]2ccc(CCS(=O)(=O)[O-])cc2)CS[C@@H]2[C@H](NC(=O)[C@H](NC(=O)c3nc[nH]c3C(=O)O)c3ccccc3)C(=O)N12,LNZMRLHZGOBKAN-KAWPREARSA-N,0,,,0,0,,,
3076,cefteram,CO/N=C(\C(=O)N[C@@H]1C(=O)N2C(C(=O)O)=C(Cn3nnc(C)n3)CS[C@H]12)c1csc(N)n1,XSPUSVIQHBDITA-RKYNPMAHSA-N,0,,,0,0,,,
3077,cefuzonam,CO/N=C(\C(=O)N[C@@H]1C(=O)N2C(C(=O)O)=C(CSc3cnns3)CS[C@H]12)c1csc(N)n1,CXHKZHZLDMQGFF-ZSDSSEDPSA-N,0,,,0,0,,,
3078,cetalkonium chloride,CCCCCCCCCCCCCCCC[N+](C)(C)Cc1ccccc1,QDYLMAYUEZBUFO-UHFFFAOYSA-N,0,,,0,0,,,charged_parent
3079,cetamolol,CNC(=O)COc1ccccc1OCC(O)CNC(C)(C)C,UWCBNAVPISMFJZ-UHFFFAOYSA-N,0,,,0,0,,,
3080,cethexonium,CCCCCCCCCCCCCCCC[N+](C)(C)C1CCCCC1O,YPQVDFLBDPTGLB-UHFFFAOYSA-N,0,,,0,0,,,charged_parent
3081,cetotiamine,CCOC(=O)OCC/C(SC(=O)OCC)=C(\C)N(C=O)Cc1cnc(C)nc1N,YBROOZNJUDHTGE-QINSGFPZSA-N,0,,,0,0,,,
3082,cetrimonium,CCCCCCCCCCCCCCCC[N+](C)(C)C,RLGQACBPNDBWTB-UHFFFAOYSA-N,0,,,0,1,DNM1,,charged_parent
3083,cetylpyridinium,CCCCCCCCCCCCCCCC[n+]1ccccc1,NEUSVAOJNUQRTM-UHFFFAOYSA-N,1,FDA,,0,1,CASP2,,charged_parent
3086,chloralose,OC[C@@H](O)[C@H]1O[C@@H]2O[C@H](C(Cl)(Cl)Cl)O[C@@H]2[C@H]1O,OJYGBLRPYBAHRT-IPQSZEQASA-N,0,,,0,0,,,
3088,tosylchloramide sodium,Cc1ccc(S(=O)(=O)NCl)cc1,NXTVQNIVUKXOIL-UHFFFAOYSA-N,0,,,0,0,,,
3090,chlorbenzoxamine,Cc1ccccc1CN1CCN(CCOC(c2ccccc2)c2ccccc2Cl)CC1,VEVSKUJZSMGTMM-UHFFFAOYSA-N,0,,,0,0,,,
3091,chlormidazole,Cc1nc2ccccc2n1Cc1ccc(Cl)cc1,WNAQOLSMVPFGTE-UHFFFAOYSA-N,0,,,0,0,,,
3092,chlorobutanol,CC(C)(O)C(Cl)(Cl)Cl,OSASVXMJTNOKOY-UHFFFAOYSA-N,0,,,0,0,,,
3093,chloroprednisone,C[C@]12C=CC(=O)C=C1[C@@H](Cl)C[C@@H]1[C@@H]2C(=O)C[C@@]2(C)[C@H]1CC[C@]2(O)C(=O)CO,NPSLCOWKFFNQKK-ZPSUVKRCSA-N,0,,,0,0,,,
3094,chloroxylenol,Cc1cc(O)cc(C)c1Cl,OSDLLIBGSJNGJE-UHFFFAOYSA-N,1,FDA,,0,2,HTR2B;MAOA,,
3095,chlorquinaldol,Cc1ccc2c(Cl)cc(Cl)c(O)c2n1,GPTXWRGISTZRIO-UHFFFAOYSA-N,0,,,0,0,,,
3096,cholic acid,C[C@H](CCC(=O)O)[C@H]1CC[C@H]2[C@@H]3[C@H](O)C[C@@H]4C[C@H](O)CC[C@]4(C)[C@H]3C[C@H](O)[C@]12C,BHQCQFFYRZLCQQ-OELDTZBJSA-N,1,EMA;FDA,2013-09-12,1,2,GPBAR1;NR1H4,,
3097,choline,C[N+](C)(C)CCO,OEYIOHPDSNJKLS-UHFFFAOYSA-N,1,FDA,,1,0,,,charged_parent
3098,carbocromen,CCOC(=O)COc1ccc2c(C)c(CCN(CC)CC)c(=O)oc2c1,KLOIYEQEVSIOOO-UHFFFAOYSA-N,0,,,0,0,,,
3101,cinchophen,O=C(O)c1cc(-c2ccccc2)nc2ccccc12,YTRMTPPVNRALON-UHFFFAOYSA-N,0,,,1,1,PDE10A,,
3102,cinromide,CCNC(=O)/C=C/c1cccc(Br)c1,LDCXGZCEMNMWIL-VOTSOKGWSA-N,0,,,0,1,SLC6A19,,
3103,citrulline,NC(=O)NCCC[C@H](N)C(=O)O,RHGKLRLOHDJJDR-BYPYZUCNSA-N,1,FDA,,0,0,,,
3104,clanobutin,COc1ccc(N(CCCC(=O)O)C(=O)c2ccc(Cl)cc2)cc1,VUPBWNXFSDRWJE-UHFFFAOYSA-N,0,,,0,0,,,
3106,cloridarol,OC(c1ccc(Cl)cc1)c1cc2ccccc2o1,KBFBRIPYVVGWRS-UHFFFAOYSA-N,0,,,0,0,,,
3108,halocarban,O=C(Nc1ccc(Cl)cc1)Nc1ccc(Cl)c(C(F)(F)F)c1,ZFSXZJXLKAJIGS-UHFFFAOYSA-N,0,,,0,0,,,
3109,clofoctol,CC(C)(C)CC(C)(C)c1ccc(O)c(Cc2ccc(Cl)cc2Cl)c1,HQVZOORKDNCGCK-UHFFFAOYSA-N,0,,,0,0,,,
3110,clonitrate,O=[N+]([O-])OCC(CCl)O[N+](=O)[O-],SUAJWTBTMNHVBZ-UHFFFAOYSA-N,0,,,0,0,,,
3111,clorindione,O=C1c2ccccc2C(=O)C1c1ccc(Cl)cc1,NJDUWAXIURWWLN-UHFFFAOYSA-N,0,,,0,0,,,
3112,clostebol,C[C@]12CC[C@H]3[C@@H](CCC4=C(Cl)C(=O)CC[C@@]43C)[C@@H]1CC[C@@H]2O,KCZCIYZKSLLNNH-FBPKJDBXSA-N,0,,,0,0,,,
3113,cloxotestosterone,C[C@]12CC[C@H]3[C@@H](CCC4=CC(=O)CC[C@@]43C)[C@@H]1CC[C@@H]2OC(O)C(Cl)(Cl)Cl,DNADMXUXHNLBKR-SIGPKOBDSA-N,0,,,0,0,,,
3114,cloxiquine,Oc1ccc(Cl)c2cccnc12,CTQMJYWDVABFRZ-UHFFFAOYSA-N,0,,,0,2,METAP1;METAP2,,
3115,hydroxyestrone diacetate,CC(=O)Oc1ccc2c(c1)CC[C@@H]1[C@@H]2CC[C@]2(C)C(=O)[C@H](OC(C)=O)C[C@@H]12,QZQSENRWYLQIPC-JPVHLGFFSA-N,0,,,0,0,,,
3118,cresatin,CC(=O)Oc1cccc(C)c1,OTGAHJPFNKQGAE-UHFFFAOYSA-N,0,,,0,0,,,
3120,ciclobendazole,COC(=O)Nc1nc2cc(C(=O)C3CC3)ccc2[nH]1,OXLKOMYHDYVIDM-UHFFFAOYSA-N,0,,,0,0,,,
3121,cyclocoumarol,COC1(C)CC(c2ccccc2)c2c(c3ccccc3oc2=O)O1,ZGFASEKBKWVCGP-UHFFFAOYSA-N,0,,,0,0,,,
3122,cyclodrine,CCN(CC)CCOC(=O)C(c1ccccc1)C1(O)CCCC1,LMKPHJYTFHAGHK-UHFFFAOYSA-N,0,,,0,0,,,
3123,cyclomethycaine,CC1CCCCN1CCCOC(=O)c1ccc(OC2CCCCC2)cc1,YLRNESBGEGGQBK-UHFFFAOYSA-N,0,,,0,3,SCN1A;SCN2A;SCN3A,,
3124,cynarine,O=C(/C=C/c1ccc(O)c(O)c1)O[C@@H]1C[C@@](OC(=O)/C=C/c2ccc(O)c(O)c2)(C(=O)O)C[C@@H](O)[C@@H]1O,YDDUMTOHNYZQPO-RVXRWRFUSA-N,0,,,0,0,,,
3125,dantron,O=C1c2cccc(O)c2C(=O)c2c(O)cccc21,QBPFLULOKWLNNW-UHFFFAOYSA-N,1,UK Medicines and Healthcare Products Regulatory Agency (MHRA),1994-10-19,1,0,,,
3126,demoxytocin,CC[C@H](C)[C@@H]1NC(=O)[C@H](Cc2ccc(O)cc2)NC(=O)CCSSC[C@H](C(=O)N2CCC[C@H]2C(=O)N[C@@H](CC(C)C)C(=O)NCC(N)=O)NC(=O)[C@H](CC(N)=O)NC(=O)[C@H](CCC(N)=O)NC1=O,GTYWGUNQAMYZPF-FAJKJHJLSA-N,0,,,0,0,,,
3127,decimemide,CCCCCCCCCCOc1c(OC)cc(C(N)=O)cc1OC,REYUZOLYIOQRIG-UHFFFAOYSA-N,0,,,0,0,,,
3128,deferasirox,O=C(O)c1ccc(-n2nc(-c3ccccc3O)nc2-c2ccccc2O)cc1,BOFQWVMAQOTZIW-UHFFFAOYSA-N,1,EMA;FDA,2005-11-02,1,0,,,
3129,dihydroemetine,CCC1=C(C[C@H]2NCCc3cc(OC)c(OC)cc32)C[C@H]2c3cc(OC)c(OC)cc3CCN2C1,XXLZPUYGHQWHRN-RPBOFIJWSA-N,0,,,0,0,,,
3130,delmadinone acetate,CC(=O)O[C@]1(C(C)=O)CC[C@H]2[C@@H]3C=C(Cl)C4=CC(=O)C=C[C@]4(C)[C@H]3CC[C@@]21C,CGBCCZZJVKUAMX-DFXBJWIESA-N,0,,,0,0,,,
3131,delmopinol,CCCC(CCC)CCCC1COCCN1CCO,QSFOWAYMMZCQNF-UHFFFAOYSA-N,0,,,0,0,,,
3133,desoxymycin,CN[C@@H]1[C@H](O[C@H]2[C@H](O[C@H]3[C@H](O)[C@@H](O)[C@H](NC(=N)N)[C@@H](O)[C@@H]3NC(=N)N)O[C@@H](C)[C@@H]2CO)O[C@@H](CO)[C@H](O)[C@H]1O,RUQATQQNXCPTLL-PQMJGINDSA-N,0,,,0,0,,,
3134,desomorphine,CN1CC[C@]23c4c5ccc(O)c4O[C@H]2CCC[C@H]3[C@H]1C5,LNNWVNGFPYWNQE-GMIGKAJZSA-N,0,,,0,0,,,
3135,desonide,CC1(C)O[C@@H]2C[C@H]3[C@@H]4CCC5=CC(=O)C=C[C@]5(C)[C@H]4[C@@H](O)C[C@]3(C)[C@]2(C(=O)CO)O1,WBGKWQHBNHJJPZ-LECWWXJVSA-N,1,FDA,1972-01-04,1,1,NR3C1,NR3C1,
3136,dibromol,O=S(=O)(O)c1cc(Br)c(O)c(Br)c1,DMIMZHGXWWCGBD-UHFFFAOYSA-N,0,,,0,0,,,
3137,dibrompropamidine,N=C(N)c1ccc(OCCCOc2ccc(C(=N)N)cc2Br)c(Br)c1,GMJFVGRUYJHMCO-UHFFFAOYSA-N,0,,,0,3,F2;PLAU;ST14,,
3139,dichlorisone,CC(=O)OCC(=O)[C@@]1(O)CC[C@H]2[C@@H]3CCC4=CC(=O)C=C[C@]4(C)[C@@]3(Cl)[C@@H](Cl)C[C@@]21C,YNNURTVKPVJVEI-GSLJADNHSA-N,0,,,0,0,,,
3140,dichlorobenzyl alcohol,OCc1ccc(Cl)cc1Cl,DBHODFSFBXJZNY-UHFFFAOYSA-N,0,,,0,0,,,
3141,diflucortolone,C[C@@H]1C[C@H]2[C@@H]3C[C@H](F)C4=CC(=O)C=C[C@]4(C)[C@@]3(F)[C@@H](O)C[C@]2(C)[C@H]1C(=O)CO,OGPWIDANBSLJPC-RFPWEZLHSA-N,0,,,0,0,,,
3142,difluprednate,CCCC(=O)O[C@]1(C(=O)COC(C)=O)CC[C@H]2[C@@H]3C[C@H](F)C4=CC(=O)C=C[C@]4(C)[C@@]3(F)[C@@H](O)C[C@@]21C,WYQPLTPSGFELIB-JTQPXKBDSA-N,1,FDA,2008-06-23,1,1,NR3C1,NR3C1,
3143,digitalin,CO[C@@H]1[C@@H](O)[C@H](O[C@H]2CC[C@@]3(C)[C@H](CC[C@@H]4[C@@H]3CC[C@]3(C)[C@@H](C5=CC(=O)OC5)[C@@H](O)C[C@]43O)C2)O[C@H](C)[C@@H]1O[C@@H]1O[C@H](CO)[C@@H](O)[C@H](O)[C@H]1O,CKNOLMVLQUPVMU-YMMLYESFSA-N,0,,,0,0,,,
3144,thebacon,COc1ccc2c3c1O[C@H]1C(OC(C)=O)=CC[C@H]4[C@@H](C2)N(C)CC[C@]314,RRJQTGHQFYTZOW-ILWKUFEGSA-N,0,,,0,0,,,
3146,diiodotyrosine,N[C@@H](Cc1cc(I)c(O)c(I)c1)C(=O)O,NYPYHUZRZVSYKL-ZETCQYMHSA-N,0,,,0,0,,,
3149,dimenoxadol,CCOC(C(=O)OCCN(C)C)(c1ccccc1)c1ccccc1,RHUWRJWFHUKVED-UHFFFAOYSA-N,0,,,0,0,,,
3150,dimercaprol,OCC(S)CS,WQABCVAJNWAXTE-UHFFFAOYSA-N,1,FDA,1946-05-06,1,0,,,
3153,quinisocaine,CCCCc1cc2ccccc2c(OCCN(C)C)n1,XNMYNYSCEJBRPZ-UHFFFAOYSA-N,0,,,0,3,SCN1A;SCN2A;SCN3A,,
3154,dimethocaine,CCN(CC)CC(C)(C)COC(=O)c1ccc(N)cc1,OWQIUQKMMPDHQQ-UHFFFAOYSA-N,0,,,0,0,,,
3156,dimethylthiambutene,CC(C=C(c1cccs1)c1cccs1)N(C)C,CANBGVXYBPOLRR-UHFFFAOYSA-N,0,,,0,0,,,
3157,diosmin,COc1ccc(-c2cc(=O)c3c(O)cc(O[C@@H]4O[C@H](CO[C@@H]5O[C@@H](C)[C@H](O)[C@@H](O)[C@H]5O)[C@@H](O)[C@H](O)[C@H]4O)cc3o2)cc1O,GZSOSUNBTXMUFQ-YFAPSIMESA-N,0,,,1,1,KDM1A,,
3158,dioxadrol,c1ccc(C2(c3ccccc3)OCC(C3CCCCN3)O2)cc1,HGKAMARNFGKMLC-UHFFFAOYSA-N,0,,,0,0,,,
3159,dioxybenzone,COc1ccc(C(=O)c2ccccc2O)c(O)c1,MEZZCSHVIGVWFI-UHFFFAOYSA-N,1,FDA,,0,0,,,
3160,dipyrocetyl,CC(=O)Oc1cccc(C(=O)O)c1OC(C)=O,NYIZXMGNIUSNKL-UHFFFAOYSA-N,0,,,0,0,,,
3161,disofenin,CC(C)c1cccc(C(C)C)c1NC(=O)CN(CC(=O)O)CC(=O)O,UDUSOMRJOPCWHT-UHFFFAOYSA-N,0,,,0,0,,,
3162,disufenton,CC(C)(C)[N+]([O-])=Cc1ccc(S(=O)(=O)O)cc1S(=O)(=O)O,OVTCHWSLKGENKP-UHFFFAOYSA-N,0,,,0,0,,,
3163,dixanthogen,CCOC(=S)SSC(=S)OCC,FVIGODVHAVLZOO-UHFFFAOYSA-N,0,,,0,0,,,
3165,domitroban,O=C(O)CCC/C=C\C[C@H]1[C@@H]2CC[C@@H](C2)[C@@H]1NS(=O)(=O)c1ccccc1,PWTCIBWRMQFJBC-ZEMKZVSASA-N,0,,,0,1,TBXA2R,,
3166,drometrizole,Cc1ccc(O)c(-n2nc3ccccc3n2)c1,MCPKSFINULVDNX-UHFFFAOYSA-N,0,,,0,0,,,
3167,droprenilamine,CC(CC1CCCCC1)NCCC(c1ccccc1)c1ccccc1,HTAFVGKAHGNWQO-UHFFFAOYSA-N,0,,,0,0,,,
3168,drotebanol,COc1ccc2c(c1OC)[C@]13CCN(C)[C@H](C2)[C@]1(O)CC[C@@H](O)C3,LCAHPIFLPICNRW-SVYNMNNPSA-N,0,,,0,0,,,
3169,dimantine,CCCCCCCCCCCCCCCCCCN(C)C,NAPSCFZYZVSQHF-UHFFFAOYSA-N,0,,,0,0,,,
3170,eburnamonine,CC[C@@]12CCCN3CCc4c(n(c5ccccc45)C(=O)C1)[C@H]32,WYJAPUKIYAZSEM-RBUKOAKNSA-N,0,,,0,4,CHRM1;CHRM2;CHRM3;CHRM4,,
3171,ecamsule,CC1(C)C2CCC1(CS(=O)(=O)O)C(=O)C2=Cc1ccc(C=C2C(=O)C3(CS(=O)(=O)O)CCC2C3(C)C)cc1,HEAHZSUCFKFERC-UHFFFAOYSA-N,1,FDA,2006-07-21,1,0,,,
3173,edoxudine,CCc1cn([C@H]2C[C@H](O)[C@@H](CO)O2)c(=O)[nH]c1=O,XACKNLSZYYIACO-DJLDLDEBSA-N,0,,,0,0,,,
3174,eicosapentaenoic acid,CC/C=C\C/C=C\C/C=C\C/C=C\C/C=C\CCCC(=O)O,JAZBEHYOTPTENJ-JLNKQSITSA-N,1,FDA,,0,7,CYP19A1;F3;OXER1;PPARA;PPARD;PPARG;RXRA,,
3175,elcometrine,C=C1C[C@H]2[C@@H]3CCC4=CC(=O)CC[C@@H]4[C@H]3CC[C@]2(C)[C@@]1(OC(C)=O)C(C)=O,CKFBRGLGTWAVLG-GOMYTPFNSA-N,0,,,1,0,,,
3176,enfenamic acid,O=C(O)c1ccccc1NCCc1ccccc1,HLNLBEFKHHCAMV-UHFFFAOYSA-N,0,,,0,0,,,
3177,enilconazole,C=CCOC(Cn1ccnc1)c1ccc(Cl)cc1Cl,PZBPKYOVPCNPJY-UHFFFAOYSA-N,0,,,0,1,IDO1,,
3178,enoxolone,CC1(C)[C@@H](O)CC[C@]2(C)[C@H]3C(=O)C=C4[C@@H]5C[C@@](C)(C(=O)O)CC[C@]5(C)CC[C@@]4(C)[C@]3(C)CC[C@@H]12,MPDGHEJMBKOTSU-YKLVYJNSSA-N,0,,,0,11,AKR1B10;ALOX5;CES1;CES2;HMGB1;HSD11B1;HSD11B2;PRKCH;PTPN1;PTPN11;PTPN6,,
3179,ensulizole,O=S(=O)(O)c1ccc2[nH]c(-c3ccccc3)nc2c1,UVCJGUGAGLDPAA-UHFFFAOYSA-N,1,FDA,,0,0,,,
3180,enviomycin,NCC[C@@H](O)[C@H](N)CC(=O)N[C@H]1CNC(=O)[C@H]([C@H]2CCNC(N)=N2)NC(=O)C(=CNC(N)=O)NC(=O)[C@H](CO)NC(=O)[C@H](CO)NC1=O,HPWIIERXAFODPP-MYIPQGGFSA-N,0,,,0,0,,,
3181,epitiostanol,C[C@]12C[C@H]3S[C@H]3C[C@@H]1CC[C@@H]1[C@@H]2CC[C@]2(C)[C@@H](O)CC[C@@H]12,OBMLHUPNRURLOK-XGRAFVIBSA-N,0,,,0,0,,,
3183,beta-Ergocryptine,CC[C@H](C)[C@H]1C(=O)N2CCC[C@H]2[C@]2(O)O[C@](NC(=O)[C@@H]3C=C4c5cccc6[nH]cc(c56)C[C@H]4N(C)C3)(C(C)C)C(=O)N12,YYWXOXLDOMRDHW-SDMXVIBFSA-N,0,,,0,0,,,
3184,dihydroergocornine,CC(C)[C@H]1C(=O)N2CCC[C@H]2[C@]2(O)O[C@](NC(=O)[C@@H]3C[C@@H]4c5cccc6[nH]cc(c56)C[C@H]4N(C)C3)(C(C)C)C(=O)N12,SEALOBQTUQIVGU-QNIJNHAOSA-N,1,FDA,,0,0,,,
3186,eseridine,CNC(=O)Oc1ccc2c(c1)[C@]1(C)CCN(C)O[C@@H]1N2C,CNBHDDBNEKKMJH-ZFWWWQNUSA-N,0,,,0,2,ACHE;BCHE,,
3187,estriol,C[C@]12CC[C@@H]3c4ccc(O)cc4CC[C@H]3[C@@H]1C[C@@H](O)[C@@H]2O,PROQIPRRNZUXQM-ZXXIGWHRSA-N,0,,,1,7,ESR1;ESR2;NR3C1;OR51E2;SERPINA6;SHBG;SLC6A4,ESR1,
3188,estrone,C[C@]12CC[C@@H]3c4ccc(O)cc4CC[C@H]3[C@@H]1CCC2=O,DNXHEGUUPJUMQT-CBZIJGRNSA-N,1,FDA,1979-02-21,1,9,CYP19A1;ESR1;ESR2;HSD17B1;HTR2B;SERPINA6;SHBG;SLC6A4;STS,ESR1,
3189,etafedrine,CCN(C)C(C)C(O)c1ccccc1,IRVLBORJKFZWMI-UHFFFAOYSA-N,0,,,0,0,,,
3190,etamiphylline,CCN(CC)CCn1cnc2c1c(=O)n(C)c(=O)n2C,AWKLBIOQCIORSB-UHFFFAOYSA-N,0,,,0,0,,,
3192,etaqualone,CCc1ccccc1-n1c(C)nc2ccccc2c1=O,UVTJKLLUVOTSOB-UHFFFAOYSA-N,0,,,0,0,,,
3193,eterobarb,CCC1(c2ccccc2)C(=O)N(COC)C(=O)N(COC)C1=O,DACOQFZGGLCXMA-UHFFFAOYSA-N,0,,,0,0,,,
3194,ethacridine,CCOc1ccc2nc3cc(N)ccc3c(N)c2c1,CIKWKGFPFXJVGW-UHFFFAOYSA-N,0,,,0,1,TERT,,
3196,ethyl chloride,CCCl,HRYZWHHZPQKTII-UHFFFAOYSA-N,0,,,1,0,,,
3197,ethyl dibunate,CCOS(=O)(=O)c1cc(C(C)(C)C)cc2cc(C(C)(C)C)ccc12,ZAMACTJOCIFTPJ-UHFFFAOYSA-N,0,,,0,0,,,
3200,iopronic acid,CCC(COCCOc1c(I)cc(I)c(NC(C)=O)c1I)C(=O)O,YMFIJXDFAPHJIN-UHFFFAOYSA-N,0,,,0,0,,,
3201,kainic acid,C=C(C)[C@H]1CN[C@H](C(=O)O)[C@H]1CC(=O)O,VLSMHEGGTFMBBZ-OOZYFLPDSA-N,0,,,0,10,ADORA3;GRIA1;GRIA2;GRIA3;GRIA4;GRIK1;GRIK2;GRIK3;GRIK4;GRIK5,,
3202,ketoxal,CCOC(C)C(=O)C(O)O,YRCRRHNVYVFNTM-UHFFFAOYSA-N,0,,,0,0,,,
3203,nordefrin,CC(N)C(O)c1ccc(O)c(O)c1,GEFQWZLICWMTKF-UHFFFAOYSA-N,0,,,1,0,,,
3204,norgesterone,C=C[C@]1(O)CC[C@H]2[C@@H]3CCC4=C(CCC(=O)C4)[C@H]3CC[C@@]21C,YPVUHOBTCWJYNQ-SLHNCBLASA-N,0,,,0,0,,,
3205,norgestrienone,C#C[C@]1(O)CC[C@H]2[C@@H]3CCC4=CC(=O)CCC4=C3C=C[C@@]21C,GVDMJXQHPUYPHP-FYQPLNBISA-N,0,,,0,0,,,
3206,ethylmethylthiambutene,CCN(C)C(C)C=C(c1cccs1)c1cccs1,MORSAEFGQPDBKM-UHFFFAOYSA-N,0,,,0,0,,,
3207,ethylmorphine,CCOc1ccc2c3c1O[C@H]1[C@@H](O)C=C[C@H]4[C@@H](C2)N(C)CC[C@@]341,OGDVEMNWJVYAJL-LEPYJNQMSA-N,0,,,0,0,,,
3208,ethylnorepinephrine,CCC(N)C(O)c1ccc(O)c(O)c1,LENNRXOJHWNHSD-UHFFFAOYSA-N,0,,,0,0,,,
3209,etiprednol dicloacetate,CCOC(=O)[C@@]1(OC(=O)C(Cl)Cl)CC[C@H]2[C@@H]3CCC4=CC(=O)C=C[C@]4(C)[C@H]3[C@@H](O)C[C@@]21C,QAIOVDNCIZSSSF-RFAJLIJZSA-N,0,,,0,0,,,
3210,etiroxate,CCOC(=O)C(C)(N)Cc1cc(I)c(Oc2cc(I)c(O)c(I)c2)c(I)c1,LWZCMKGGFONJPB-UHFFFAOYSA-N,0,,,0,0,,,
3211,etofenamate,O=C(OCCOCCO)c1ccccc1Nc1cccc(C(F)(F)F)c1,XILVEPYQJIOVNB-UHFFFAOYSA-N,0,,,0,0,,,
3212,etofylline nicotinate,Cn1c(=O)c2c(ncn2CCOC(=O)c2cccnc2)n(C)c1=O,ZWIAODBBEZGVPY-UHFFFAOYSA-N,0,,,0,0,,,
3213,etoglucid,C(COCCOCC1CO1)OCCOCC1CO1,UMILHIMHKXVDGH-UHFFFAOYSA-N,0,,,0,0,,,
3214,etomidoline,CCN1C(=O)c2ccccc2C1Nc1ccc(OCCN2CCCCC2)cc1,ITIONVBQFUNVJV-UHFFFAOYSA-N,0,,,0,0,,,
3215,etoxadrol,CC[C@]1(c2ccccc2)OC[C@H]([C@@H]2CCCCN2)O1,INOYCBNLWYEPSB-XHSDSOJGSA-N,0,,,0,0,,,
3216,eucatropine,CC1CC(OC(=O)C(O)c2ccccc2)CC(C)(C)N1C,QSAVEGSLJISCDF-UHFFFAOYSA-N,0,,,0,0,,,
3217,evans blue,Cc1cc(-c2ccc(/N=N/c3ccc4c(S(=O)(=O)O)cc(S(=O)(=O)O)c(N)c4c3O)c(C)c2)ccc1/N=N/c1ccc2c(S(=O)(=O)O)cc(S(=O)(=O)O)c(N)c2c1O,COXVTLYNGOIATD-HVMBLDELSA-N,1,FDA,,1,2,ENPP2;PTPN1,,
3219,exisulind,CC1=C(CC(=O)O)c2cc(F)ccc2/C1=C\c1ccc(S(C)(=O)=O)cc1,MVGSNCBCUWPVDA-MFOYZWKCSA-N,0,,,0,2,EDNRA;MAPK1,,
3220,femoxetine,COc1ccc(OC[C@H]2CN(C)CC[C@@H]2c2ccccc2)cc1,OJSFTALXCYKKFQ-YLJYHZDGSA-N,0,,,0,11,CHRM1;CHRM2;CHRM3;CHRM4;CHRM5;DRD2;HRH1;HTR1A;SLC6A2;SLC6A3;SLC6A4,,
3221,fenbenicillin,CC1(C)S[C@@H]2[C@H](NC(=O)C(Oc3ccccc3)c3ccccc3)C(=O)N2[C@H]1C(=O)O,VZPPEUOYDWPUKO-MQWDNKACSA-N,0,,,0,0,,,
3222,fenbutrazate,CCC(C(=O)OCCN1CCOC(c2ccccc2)C1C)c1ccccc1,BAQKJENAVQLANS-UHFFFAOYSA-N,0,,,0,0,,,
3224,fendosal,O=C(O)c1cc(-n2c(-c3ccccc3)cc3c2CCc2ccccc2-3)ccc1O,HAWWPSYXSLJRBO-UHFFFAOYSA-N,0,,,0,1,SERPINE1,,
3225,fenoxazoline,CC(C)c1ccccc1OCC1=NCCN1,GFYSWQDCHLWRMQ-UHFFFAOYSA-N,0,,,0,1,NISCH,,
3226,fenoxedil,CCCCOc1ccc(OCC(=O)N(CCN(CC)CC)c2cc(OCC)ccc2OCC)cc1,OBQUKWIVMOIRGG-UHFFFAOYSA-N,0,,,0,0,,,
3227,fenticlor,Oc1ccc(Cl)cc1Sc1cc(Cl)ccc1O,ANUSOIHIIPAHJV-UHFFFAOYSA-N,0,,,0,0,,,
3229,fumaric acid,O=C(O)/C=C/C(=O)O,VZCYOOQTPOCHFL-OWOJBTEDSA-N,0,,,0,1,EGLN1,,
3230,fluacizine,CCN(CC)CCC(=O)N1c2ccccc2Sc2ccc(C(F)(F)F)cc21,VHEOUJNDDFHPGJ-UHFFFAOYSA-N,0,,,0,0,,,
3231,fluazacort,CC(=O)OCC(=O)[C@@]12N=C(C)O[C@@H]1C[C@H]1[C@@H]3CCC4=CC(=O)C=C[C@]4(C)[C@@]3(F)[C@@H](O)C[C@@]12C,BYZCJOHDXLROEC-RBWIMXSLSA-N,0,,,0,0,,,
3232,fluclorolone acetonide,CC1(C)O[C@@H]2C[C@H]3[C@@H]4C[C@H](F)C5=CC(=O)C=C[C@]5(C)[C@@]4(Cl)[C@@H](Cl)C[C@]3(C)[C@]2(C(=O)CO)O1,NJNWEGFJCGYWQT-VSXGLTOVSA-N,0,,,0,0,,,
3234,fluocortin butyl,CCCCOC(=O)C(=O)[C@H]1[C@H](C)C[C@H]2[C@@H]3C[C@H](F)C4=CC(=O)C=C[C@]4(C)[C@H]3[C@@H](O)C[C@@]21C,XWTIDFOGTCVGQB-FHIVUSPVSA-N,0,,,0,0,,,
3235,fluoresone,CCS(=O)(=O)c1ccc(F)cc1,PRNNIHPVNFPWAH-UHFFFAOYSA-N,0,,,0,0,,,
3236,flusalan,O=C(Nc1cccc(C(F)(F)F)c1)c1cc(Br)cc(Br)c1O,VYKKDKFTDMVOBU-UHFFFAOYSA-N,0,,,0,1,OPRK1,,
3237,fluperolone,CC(=O)O[C@@H](C)C(=O)[C@@]1(O)CC[C@H]2[C@@H]3CCC4=CC(=O)C=C[C@]4(C)[C@@]3(F)[C@@H](O)C[C@@]21C,HHPZZKDXAFJLOH-QZIXMDIESA-N,0,,,0,0,,,
3238,fluprednidene acetate,C=C1C[C@H]2[C@@H]3CCC4=CC(=O)C=C[C@]4(C)[C@@]3(F)[C@@H](O)C[C@]2(C)[C@@]1(O)C(=O)COC(C)=O,DEFOZIFYUBUHHU-IYQKUMFPSA-N,0,,,0,0,,,
3241,flurotyl,FC(F)(F)COCC(F)(F)F,KGPPDNUWZNWPSI-UHFFFAOYSA-N,0,,,0,0,,,
3242,fluroxene,C=COCC(F)(F)F,DLEGDLSLRSOURQ-UHFFFAOYSA-N,0,,,0,0,,,
3243,fomocaine,c1ccc(OCc2ccc(CCCN3CCOCC3)cc2)cc1,CVHGCWVMTZWGAY-UHFFFAOYSA-N,0,,,0,0,,,
3244,formaldehyde,C=O,WSFSSNUMVMOOMR-UHFFFAOYSA-N,1,FDA,,0,0,,,
3245,formocortal,CC(=O)OCC(=O)[C@@]12OC(C)(C)O[C@@H]1C[C@H]1[C@@H]3CC(C=O)=C4C=C(OCCCl)CC[C@]4(C)[C@@]3(F)[C@@H](O)C[C@@]12C,QNXUUBBKHBYRFW-QWAPGEGQSA-N,0,,,0,0,,,
3247,formylsulfamethin,Cc1cc(NS(=O)(=O)c2ccc(NC=O)cc2)nc(C)n1,LACNPVKUGFOYFW-UHFFFAOYSA-N,0,,,0,0,,,
3248,fosfestrol,CC/C(=C(/CC)c1ccc(OP(=O)(O)O)cc1)c1ccc(OP(=O)(O)O)cc1,NLORYLAYLIXTID-ISLYRVAYSA-N,1,FDA,,1,2,ESR1;ESR2,ESR1;ESR2,
3249,fospropofol,CC(C)c1cccc(C(C)C)c1OCOP(=O)(O)O,QVNNONOFASOXQV-UHFFFAOYSA-N,1,FDA,2008-12-12,1,13,GABRA1;GABRA2;GABRA3;GABRA4;GABRA5;GABRA6;GABRB1;GABRB2;GABRB3;GABRD;GABRG1;GABRG2;GABRG3,GABRA1;GABRA2;GABRA3;GABRA4;GABRA5;GABRA6;GABRB1;GABRB2;GABRB3;GABRD;GABRG1;GABRG2;GABRG3,
3253,fumagillin,CO[C@@H]1[C@H](OC(=O)/C=C/C=C/C=C/C=C/C(=O)O)CC[C@]2(CO2)[C@H]1[C@@]1(C)O[C@@H]1CC=C(C)C,NGGMYCMLYOUNGM-CSDLUJIJSA-N,0,,,0,1,METAP2,,
3254,pentamycin,CCCCC[C@@H](O)[C@H]1C(=O)O[C@H](C)[C@@H](O)/C=C/C=C/C=C/C=C/C=C(\C)[C@@H](O)[C@H](O)[C@H](O)C[C@H](O)C[C@H](O)C[C@H](O)C[C@H](O)C[C@@H]1O,AGJUUQSLGVCRQA-SWOUQTJZSA-N,0,,,0,0,,,
3255,furonazide,C/C(=N\NC(=O)c1ccncc1)c1ccco1,GNDPAVKYAUIVEB-NTEUORMPSA-N,0,,,0,0,,,
3256,furtrethonium,C[N+](C)(C)Cc1ccco1,HEDXEAAVEOJUCR-UHFFFAOYSA-N,0,,,0,4,CHRM1;CHRM2;CHRM3;CHRM4,,charged_parent
3257,gabexate,CCOC(=O)c1ccc(OC(=O)CCCCCNC(=N)N)cc1,YKGYIDJEEQRWQH-UHFFFAOYSA-N,0,,,0,11,F10;F2;HPN;KLKB1;PLAT;PLAU;PLG;SLC22A2;SLC47A1;SLC47A2;TPSAB1,,
3260,gentisic acid,O=C(O)c1cc(O)ccc1O,WXTMDXOMEHJXQO-UHFFFAOYSA-N,0,,,0,7,ALOX5;CA1;CA12;CA14;CA2;CA7;CA9,,
3261,gestonorone caproate,CCCCCC(=O)O[C@]1(C(C)=O)CC[C@H]2[C@@H]3CCC4=CC(=O)CC[C@@H]4[C@H]3CC[C@@]21C,XURCMZMFZXXQDJ-UKNJCJGYSA-N,0,,,0,0,,,
3262,gitoxin,C[C@H]1O[C@@H](O[C@H]2[C@@H](O)C[C@H](O[C@H]3[C@@H](O)C[C@H](O[C@H]4CC[C@@]5(C)[C@H](CC[C@@H]6[C@@H]5CC[C@]5(C)[C@@H](C7=CC(=O)OC7)[C@@H](O)C[C@]65O)C4)O[C@@H]3C)O[C@@H]2C)C[C@H](O)[C@@H]1O,LKRDZKPBAOKJBT-CNPIRKNPSA-N,0,,,0,0,,,
3264,gluconic acid,O=C(O)[C@H](O)[C@@H](O)[C@H](O)[C@H](O)CO,RGHNJXZEOKUKBD-SQOUGZDYSA-N,0,,,1,0,,,
3265,glucose-1-phosphate,O=P(O)(O)O[C@H]1O[C@H](CO)[C@@H](O)[C@H](O)[C@H]1O,HXXFSFRBOHSIMQ-VFUOTHLCSA-N,0,,,0,0,,,
3266,glucurolactone,O=C[C@H](O)[C@H]1OC(=O)[C@@H](O)[C@H]1O,UYUXSRADSPPKRZ-SKNVOMKLSA-N,0,,,0,0,,,
3267,glutaral,O=CCCCC=O,SXRSQZLOMIGNAQ-UHFFFAOYSA-N,0,,,0,0,,,
3268,glybuthiazol,CC(C)(C)c1nnc(NS(=O)(=O)c2ccc(N)cc2)s1,DVQVBLBKEXITIK-UHFFFAOYSA-N,0,,,0,0,,,
3269,glycol salicylate,O=C(OCCO)c1ccccc1O,LVYLCBNXHHHPSB-UHFFFAOYSA-N,1,FDA,,0,0,,,
3270,glyconiazide,O=C(N/N=C/[C@H](O)[C@H]1OC(=O)[C@@H](O)[C@H]1O)c1ccncc1,ZBRCAASZBMWIDA-QFPUCQTMSA-N,0,,,0,0,,,
3271,glyhexamide,O=C(NC1CCCCC1)NS(=O)(=O)c1ccc2c(c1)CCC2,NFRPNQDSKJJQGV-UHFFFAOYSA-N,0,,,0,0,,,
3272,guaiazulen,Cc1ccc(C(C)C)cc2c(C)ccc1-2,FWKQNCXZGNBPFD-UHFFFAOYSA-N,0,,,0,0,,,
3273,guamecycline,CN(C)[C@@H]1C(O)=C(C(=O)NCN2CCN(C(=N)NC(=N)N)CC2)C(=O)[C@@]2(O)C(O)=C3C(=O)c4c(O)cccc4[C@@](C)(O)[C@H]3C[C@@H]12,DIRJDIBCAHCCFL-AQFAATAFSA-N,0,,,0,0,,,
3274,hematoporphyrin,CC1=C(CCC(=O)O)c2cc3[nH]c(cc4nc(cc5[nH]c(cc1n2)c(C)c5C(C)O)C(C)=C4C(C)O)c(C)c3CCC(=O)O,UJKPHYRXOLRVJJ-UHFFFAOYSA-N,0,,,0,0,,,
3275,hexamidine,N=C(N)c1ccc(OCCCCCCOc2ccc(C(=N)N)cc2)cc1,OQLKNTOKMBVBKV-UHFFFAOYSA-N,0,,,1,5,F2;PLAU;PRMT1;PRSS1;ST14,,
3276,diethylaminoethoxyhexestrol,CCC(c1ccc(OCCN(CC)CC)cc1)C(CC)c1ccc(OCCN(CC)CC)cc1,UBDWKOZBPSKHMO-UHFFFAOYSA-N,0,,,0,0,,,
3277,hexetidine,CCCCC(CC)CN1CN(CC(CC)CCCC)CC(C)(N)C1,DTOUUUZOYKYHEP-UHFFFAOYSA-N,0,,,1,0,,,
3278,hexyldecanoic acid,CCCCCCCCC(CCCCCC)C(=O)O,JMOLZNNXZPAGBH-UHFFFAOYSA-N,0,,,0,0,,,
3279,homosalate,CC1CC(OC(=O)c2ccccc2O)CC(C)(C)C1,WSSJONWNBBTCMG-UHFFFAOYSA-N,1,FDA,,0,0,,,
3280,hopantenic acid,CC(C)(CO)[C@@H](O)C(=O)NCCCC(=O)O,SBBDHANTMHIRGW-QMMMGPOBSA-N,0,,,0,0,,,
3281,hydrogen peroxide,OO,MHAJPDPJQMAIIY-UHFFFAOYSA-N,1,FDA,,1,0,,,inorganic
3282,hydroquinone,Oc1ccc(O)cc1,QIGBRXMKCJKVMJ-UHFFFAOYSA-N,1,FDA,2002-01-18,1,9,CA1;CA12;CA14;CA2;CA3;CA4;CA5A;CA5B;CA9,,
3286,oxilofrine,CN[C@@H](C)[C@H](O)c1ccc(O)cc1,OXFGTKPPFSCSMA-XVKPBYJWSA-N,0,,,0,0,,,
3287,loretin,O=S(=O)(O)c1cc(I)c(O)c2ncccc12,ZBJWWKFMHOAPNS-UHFFFAOYSA-N,0,,,0,0,,,
3288,hydroxypethidine,CCOC(=O)C1(c2cccc(O)c2)CCN(C)CC1,WTJBNMUWRKPFRS-UHFFFAOYSA-N,0,,,0,0,,,
3290,oxyquinoline,Oc1cccc2cccnc12,MCJGNVYPOGVAJF-UHFFFAOYSA-N,1,FDA,,0,4,COMT;METAP1;METAP2;MMP2,,
3291,hydroxytetracaine,CCCCNc1ccc(C(=O)OCCN(C)C)c(O)c1,DHCUQNSUUYMFGX-UHFFFAOYSA-N,0,,,0,0,,,
3292,altropane,COC(=O)[C@H]1[C@@H](c2ccc(F)cc2)C[C@@H]2CC[C@H]1N2C/C=C/I,GTQLIPQFXVKRKJ-UNSMHXHVSA-N,0,,,0,0,,,
3293,ibufenac,CC(C)Cc1ccc(CC(=O)O)cc1,CYWFCPPBTWOZSF-UHFFFAOYSA-N,0,,,1,0,,,
3294,iloperidone,COc1cc(C(C)=O)ccc1OCCCN1CCC(c2noc3cc(F)ccc23)CC1,XMXHEBAFVSFQEX-UHFFFAOYSA-N,1,FDA,2009-05-06,1,24,ADRA1A;ADRA2A;ADRA2B;ADRA2C;CCKBR;CHRM1;CHRM2;CHRM4;DRD1;DRD2;DRD3;DRD4;DRD5;HRH1;HTR1A;HTR1B;HTR1D;HTR2A;HTR2C;HTR6;HTR7;SIGMAR1;SLC6A2;SLC6A3,DRD2;HTR2A,
3295,imipramine oxide,C[N+](C)([O-])CCCN1c2ccccc2CCc2ccccc21,QZIQORUGXBPDSU-UHFFFAOYSA-N,0,,,0,0,,,
3296,improsulfan,CS(=O)(=O)OCCCNCCCOS(C)(=O)=O,DBIGHPPNXATHOF-UHFFFAOYSA-N,0,,,0,0,,,
3297,inaperisone,CCc1ccc(C(=O)C(C)CN2CCCC2)cc1,VNFAARJCGSAROU-UHFFFAOYSA-N,0,,,0,0,,,
3298,indanazoline,c1cc2c(c(NC3=NCCN3)c1)CCC2,KUCWWEPJRBANHL-UHFFFAOYSA-N,0,,,0,0,,,
3300,indocyanine green,CC1(C)C(=CC=CC=CC=CC2=[N+](CCCCS(=O)(=O)O)c3ccc4ccccc4c3C2(C)C)N(CCCCS(=O)(=O)O)c2ccc3ccccc3c21,BDBMLMBYCXNVMC-UHFFFAOYSA-O,1,FDA,1959-02-09,1,0,,,charged_parent
3301,inosine,O=c1[nH]cnc2c1ncn2[C@@H]1O[C@H](CO)[C@@H](O)[C@H]1O,UGQMRVRMYYASKQ-KQYNXXCUSA-N,1,FDA,,0,0,,,
3302,iodixanol,CC(=O)N(CC(O)CN(C(C)=O)c1c(I)c(C(=O)NCC(O)CO)c(I)c(C(=O)NCC(O)CO)c1I)c1c(I)c(C(=O)NCC(O)CO)c(I)c(C(=O)NCC(O)CO)c1I,NBQNWMBBSKPBAY-UHFFFAOYSA-N,1,FDA,1996-03-22,1,0,,,
3303,pheniodol sodium,O=C(O)C(Cc1cc(I)c(O)c(I)c1)c1ccccc1,IKYIXZSIKOYSLD-UHFFFAOYSA-N,0,,,0,0,,,
3305,iodol,Ic1[nH]c(I)c(I)c1I,VJOVAKSZILJDBB-UHFFFAOYSA-N,0,,,0,0,,,
3306,ioglycamic acid,O=C(COCC(=O)Nc1c(I)cc(I)c(C(=O)O)c1I)Nc1c(I)cc(I)c(C(=O)O)c1I,FZDZULUFHNDEDJ-UHFFFAOYSA-N,0,,,0,0,,,
3307,iomeglamic acid,CN(C(=O)CCCC(=O)O)c1c(I)cc(I)c(N)c1I,QIFJTEYRIMDFPK-UHFFFAOYSA-N,0,,,0,0,,,
3308,iophenoic acid,CCC(Cc1c(I)cc(I)c(O)c1I)C(=O)O,GOIQOQCNFWYSTQ-UHFFFAOYSA-N,0,,,0,0,,,
3309,isoconazole,Clc1ccc([C@H](Cn2ccnc2)OCc2c(Cl)cccc2Cl)c(Cl)c1,MPIPASJGOJYODL-SFHVURJKSA-N,0,,,1,2,CYP17A1;IDO1,,
3310,isoxepac,O=C(O)Cc1ccc2c(c1)C(=O)c1ccccc1CO2,QFGMXJOBTNZHEL-UHFFFAOYSA-N,0,,,0,0,,,
3312,ivabradine,COc1cc2c(cc1OC)CC(=O)N(CCCN(C)C[C@H]1Cc3cc(OC)c(OC)cc31)CC2,ACRHBAYQBXXRTO-OAQYLSRUSA-N,1,EMA;FDA;PMDA,2005-10-25,1,4,HCN1;HCN2;HCN3;HCN4,HCN1;HCN2;HCN3,
3313,khellin,COc1c2occc2c(OC)c2c(=O)cc(C)oc12,HSMPDPBYAYSOBC-UHFFFAOYSA-N,0,,,0,1,CYP1A1,,
3314,lapyrium chloride,CCCCCCCCCCCC(=O)OCCNC(=O)C[n+]1ccccc1,UGJWZYARKOFRDB-UHFFFAOYSA-O,1,FDA,,1,0,,,charged_parent
3315,lauroguadine,CCCCCCCCCCCCOc1ccc(NC(=N)N)cc1NC(=N)N,QMMMGQKKOKYDMN-UHFFFAOYSA-N,0,,,0,0,,,
3316,lefetamine,CN(C)[C@H](Cc1ccccc1)c1ccccc1,YEJZJVJJPVZXGX-MRXNPFEDSA-N,0,,,0,0,,,
3317,lenalidomide,Nc1cccc2c1CN(C1CCC(=O)NC1=O)C2=O,GOTYRUGSSMKFNF-UHFFFAOYSA-N,1,EMA;FDA,2005-12-27,1,2,CRBN;TNF,CRBN,
3318,leteprinim,O=C(CCn1cnc2c(=O)[nH]cnc21)Nc1ccc(C(=O)O)cc1,JMPOIZCOJJMTHI-UHFFFAOYSA-N,0,,,0,0,,,
3319,levofacetoperane,CC(=O)O[C@H](c1ccccc1)[C@H]1CCCCN1,BKPLVPRTTWIDNL-ZIAGYGMSSA-N,0,,,0,0,,,
3322,lidofenin,Cc1cccc(C)c1NC(=O)CN(CC(=O)O)CC(=O)O,DJQJFMSHHYAZJD-UHFFFAOYSA-N,0,,,0,0,,,
3323,linoleic acid,CCCCC/C=C\C/C=C\CCCCCCCC(=O)O,OYHQOLUKZRVURQ-HZJYTTRNSA-N,0,,,0,11,CYP19A1;F3;FABP3;FABP4;FFAR1;FFAR4;KCNB1;PPARA;PPARD;PPARG;PTGS1,,
3325,lodoxamide,N#Cc1cc(NC(=O)C(=O)O)c(Cl)c(NC(=O)C(=O)O)c1,RVGLGHVJXCETIO-UHFFFAOYSA-N,1,FDA,1993-09-23,1,1,GPR35,,
3326,loflucarban,Fc1ccc(NC(=S)Nc2cc(Cl)cc(Cl)c2)cc1,ZHNUMLOCJMCLIT-UHFFFAOYSA-N,0,,,0,0,,,
3328,lubeluzole,CN(c1nc2ccccc2s1)C1CCN(C[C@H](O)COc2ccc(F)c(F)c2)CC1,OZFSWVOEXHGDES-INIZCTEOSA-N,0,,,0,0,,,
3329,lucimycin,CCCCC1C/C=C/C=C/C=C/C=C/C(O[C@@H]2O[C@H](C)[C@@H](O)[C@H](N)[C@@H]2O)CC2OC(O)(CC(O)CC3OC3/C=C/C(=O)O1)CC(O)C2C(=O)O,MUAOHYJGHYFDSA-RFUYTIRJSA-N,0,,,0,0,,,
3330,mannite hexanitrate,O=[N+]([O-])OC[C@@H](O[N+](=O)[O-])[C@@H](O[N+](=O)[O-])[C@H](O[N+](=O)[O-])[C@@H](CO[N+](=O)[O-])O[N+](=O)[O-],DGMJZELBSFOPHH-KVTDHHQDSA-N,0,,,0,0,,,
3331,mazipredone,CN1CCN(CC(=O)[C@@]2(O)CC[C@H]3[C@@H]4CCC5=CC(=O)C=C[C@]5(C)[C@H]4[C@@H](O)C[C@@]32C)CC1,CZBOZZDZNVIXFC-VRRJBYJJSA-N,0,,,0,0,,,
3332,mebrofenin,Cc1cc(C)c(NC(=O)CN(CC(=O)O)CC(=O)O)c(C)c1Br,MHPZZZZLAQGTHT-UHFFFAOYSA-N,1,FDA,,0,0,,,
3333,meclocycline,C=C1c2c(Cl)ccc(O)c2C(=O)C2=C(O)[C@]3(O)C(=O)C(C(N)=O)=C(O)[C@@H](N(C)C)[C@@H]3[C@@H](O)[C@H]12,GGQJXCQBBONZFX-IWVLMIASSA-N,1,FDA,,1,0,,,
3334,mecloqualone,Cc1nc2ccccc2c(=O)n1-c1ccccc1Cl,SFITWQDBYUMAPS-UHFFFAOYSA-N,0,,,0,0,,,
3336,melarsoprol,Nc1nc(N)nc(Nc2ccc([As]3SCC(CO)S3)cc2)n1,JCYZMTMYPZHVBF-UHFFFAOYSA-N,0,,,0,0,,,
3337,menadoxime,CC1=C/C(=N\OCC(=O)O)c2ccccc2C1=O,JBOOHWBSLUXBQW-SDNWHVSQSA-N,0,,,0,0,,,
3338,menbutone,COc1ccc(C(=O)CCC(=O)O)c2ccccc12,FHGJSJFIQNQBCK-UHFFFAOYSA-N,0,,,0,0,,,
3340,meobentine,CN=C(NC)NCc1ccc(OC)cc1,SPLVKBMIQSSFFN-UHFFFAOYSA-N,0,,,0,0,,,
3341,mestanolone,C[C@]12CCC(=O)C[C@@H]1CC[C@@H]1[C@@H]2CC[C@@]2(C)[C@H]1CC[C@]2(C)O,WYZDXEKUWRCKOB-YDSAWKJFSA-N,0,,,0,2,AR;SHBG,AR,
3342,mesterolone,C[C@H]1CC(=O)C[C@@H]2CC[C@H]3[C@@H]4CC[C@H](O)[C@@]4(C)CC[C@@H]3[C@]21C,UXYRZJKIQKRJCF-TZPFWLJSSA-N,0,,,1,1,SHBG,,
3343,mesulfen,Cc1ccc2c(c1)Sc1ccc(C)cc1S2,AHXDSVSZEZHDLV-UHFFFAOYSA-N,0,,,0,0,,,
3344,methenamine,C1N2CN3CN1CN(C2)C3,VKYKSIONXSXAKP-UHFFFAOYSA-N,1,FDA,1967-07-05,1,0,,,
3345,methestrol,CCC(c1ccc(O)c(C)c1)C(CC)c1ccc(O)c(C)c1,PYWBJEDBESDHNP-UHFFFAOYSA-N,0,,,0,0,,,
3346,methiodal,O=S(=O)(O)CI,RDFJFVXMRYVOAC-UHFFFAOYSA-N,0,,,1,0,,,
3347,methionine,CSCC[C@H](N)C(=O)O,FFEARJCKVFRZRR-BYPYZUCNSA-N,1,FDA,,0,0,,,
3348,methitural,CCCC(C)C1(CCSC)C(=O)NC(=S)NC1=O,KEMCRVSPPRNENL-UHFFFAOYSA-N,0,,,0,0,,,
3351,methylephedrine,C[C@@H]([C@H](O)c1ccccc1)N(C)C,FMCGSUUBYTWNDP-ONGXEEELSA-N,0,,,0,0,,,
3353,methylhexaneamine,CCC(C)CC(C)N,YAHRDLICUYEDAU-UHFFFAOYSA-N,0,,,0,0,,,
3354,methiosulfonium chloride,C[S+](C)CC[C@H](N)C(=O)O,YDBYJHTYSHBBAU-YFKPBYRVSA-O,0,,,0,0,,,charged_parent
3355,methyl nicotinate,COC(=O)c1cccnc1,YNBADRVTZLEFNH-UHFFFAOYSA-N,1,FDA,,0,0,,,
3356,methyltestosterone,C[C@]12CCC(=O)C=C1CC[C@@H]1[C@@H]2CC[C@@]2(C)[C@H]1CC[C@]2(C)O,GCKMFJBGXUYNAG-HLXURNFRSA-N,1,FDA,1973-12-03,1,3,AR;NR3C1;SHBG,AR,
3357,metofenazate,COc1cc(C(=O)OCCN2CCN(CCCN3c4ccccc4Sc4ccc(Cl)cc43)CC2)cc(OC)c1OC,BAQLUVXNKOTTHU-UHFFFAOYSA-N,0,,,0,0,,,
3358,metralindole,COc1ccc2c(c1)c1c3n2CCN(C)C3=NCC1,GVXBHSBKKJRBMS-UHFFFAOYSA-N,0,,,0,0,,,
3359,mexenone,COc1ccc(C(=O)c2ccc(C)cc2)c(O)c1,MJVGBKJNTFCUJM-UHFFFAOYSA-N,0,,,0,0,,,
3360,miloxacin,COn1cc(C(=O)O)c(=O)c2cc3c(cc21)OCO3,ABQYZRZVRIPTPI-UHFFFAOYSA-N,0,,,0,0,,,
3362,mitoguazone,CC(/C=N/NC(=N)N)=N\NC(=N)N,MXWHMTNPTTVWDM-NXOFHUPFSA-N,0,,,0,0,,,
3363,mizoribine,NC(=O)c1ncn([C@@H]2O[C@H](CO)[C@@H](O)[C@H]2O)c1O,HZQDCMWJEBCWBR-UUOKFMHZSA-N,0,,,0,0,,,
3364,monoctanoin,CCCCCCCC(=O)OCC(O)CO,GHBFNMLVSPCDGN-UHFFFAOYSA-N,1,FDA,1985-10-29,0,0,,,
3366,moxestrol,C#C[C@]1(O)CC[C@H]2[C@@H]3CCc4cc(O)ccc4[C@H]3[C@@H](OC)C[C@@]21C,MTMZZIPTQITGCY-OLGWUGKESA-N,0,,,0,2,ESR1;ESR2,,
3368,myrophine,CCCCCCCCCCCCCC(=O)O[C@H]1C=C[C@H]2[C@H]3Cc4ccc(OCc5ccccc5)c5c4[C@@]2(CCN3C)[C@H]1O5,GODGZZGKTZQSAL-VXFFQEMOSA-N,0,,,0,0,,,
3369,naphazoline,c1ccc2c(CC3=NCCN3)cccc2c1,CNIIGCLFLJGOGP-UHFFFAOYSA-N,1,FDA,1971-06-07,1,4,ADRA2A;ADRA2B;ADRA2C;NISCH,ADRA2A;ADRA2B;ADRA2C,
3370,betanaphthol,Oc1ccc2ccccc2c1,JWAZRIHNYRIHIV-UHFFFAOYSA-N,0,,,0,0,,,
3376,nefiracetam,Cc1cccc(C)c1NC(=O)CN1CCCC1=O,NGHTXZCKLWZPGK-UHFFFAOYSA-N,0,,,0,0,,,
3377,neridronic acid,NCCCCCC(O)(P(=O)(O)O)P(=O)(O)O,PUUSSSIBPPTKTP-UHFFFAOYSA-N,0,,,0,1,FDPS,,
3379,benzyl nicotinate,O=C(OCc1ccccc1)c1cccnc1,KVYGGMBOZFWZBQ-UHFFFAOYSA-N,0,,,0,0,,,
3380,nifenalol,CC(C)NCC(O)c1ccc([N+](=O)[O-])cc1,UAORFCGRZIGNCI-UHFFFAOYSA-N,0,,,0,0,,,
3381,nifuroxime,O=[N+]([O-])c1ccc(C=NO)o1,PTBKFATYSVLSSD-UHFFFAOYSA-N,0,,,0,0,,,
3382,nifurpirinol,O=[N+]([O-])c1ccc(/C=C/c2cccc(CO)n2)o1,JQKHJQJVKRFMCO-SNAWJCMRSA-N,0,,,0,0,,,
3383,nikethamide,CCN(CC)C(=O)c1cccnc1,NCYVXEGFNDZQCU-UHFFFAOYSA-N,0,,,0,0,,,
3384,nimustine,Cc1ncc(CNC(=O)N(CCCl)N=O)c(N)n1,VFEDRRNHLBGPNN-UHFFFAOYSA-N,0,,,0,0,,,
3386,nitracrine,CN(C)CCCNc1c2ccccc2nc2cccc([N+](=O)[O-])c12,YMVWGSQGCWCDGW-UHFFFAOYSA-N,0,,,0,0,,,
3387,pronilide,CCCOc1ccc([N+](=O)[O-])cc1NC(C)=O,OPTZOXDYEFIPJZ-UHFFFAOYSA-N,0,,,0,0,,,
3389,cathine,C[C@H](N)[C@@H](O)c1ccccc1,DLNKOYKMWOXYQA-IONNQARKSA-N,0,,,1,0,,,
3390,norvinisterone,C=C[C@]1(O)CC[C@H]2[C@@H]3CCC4=CC(=O)CC[C@@H]4[C@H]3CC[C@@]21C,VOJYZDFYEHKHAP-XGXHKTLJSA-N,0,,,0,0,,,
3391,noxytiolin,CNC(=S)NCO,JLMHZVYLAQPMOZ-UHFFFAOYSA-N,0,,,1,0,,,
3392,octabenzone,CCCCCCCCOc1ccc(C(=O)c2ccccc2)c(O)c1,QUAMTGJKVDWJEQ-UHFFFAOYSA-N,0,,,0,0,,,
3393,octacaine,CCN(CC)C(C)CC(=O)Nc1ccccc1,HKOURKRGAFKVFP-UHFFFAOYSA-N,0,,,0,0,,,
3394,octenidine,CCCCCCCCN=c1ccn(CCCCCCCCCCn2ccc(=NCCCCCCCC)cc2)cc1,ZVXNYZWXUADSRV-UHFFFAOYSA-N,0,,,0,0,,,
3395,octocrylene,CCCCC(CC)COC(=O)C(C#N)=C(c1ccccc1)c1ccccc1,FMJSMJQBSVNSBF-UHFFFAOYSA-N,1,FDA,2006-07-21,1,0,,,
3396,octopamine,NCC(O)c1ccc(O)cc1,QHGUCRYDKWKLMG-UHFFFAOYSA-N,0,,,0,2,HTR3A;TAAR1,,
3399,oleandrin,CO[C@H]1C[C@H](O[C@H]2CC[C@@]3(C)[C@H](CC[C@@H]4[C@@H]3CC[C@]3(C)[C@@H](C5=CC(=O)OC5)[C@@H](OC(C)=O)C[C@]43O)C2)O[C@@H](C)[C@@H]1O,JLPDBLFIVFSOCC-XYXFTTADSA-N,0,,,0,0,,,
3400,oleic acid,CCCCCCCC/C=C\CCCCCCCC(=O)O,ZQPPMHVWECSIRJ-KTKRTIGZSA-N,1,FDA,,1,13,CYP19A1;F3;FAAH;FABP1;FABP4;FABP5;FFAR1;FFAR4;PPARA;PPARD;PPARG;TERT;TOP1,,
3401,ornithine,NCCC[C@H](N)C(=O)O,AHLPHDHHMVZTML-BYPYZUCNSA-N,0,,,0,1,GPRC6A,,
3402,orotic acid,O=C(O)c1cc(=O)[nH]c(=O)[nH]1,PXQPEWDEAKTCGB-UHFFFAOYSA-N,0,,,0,0,,,
3403,orthocaine,COC(=O)c1ccc(O)c(N)c1,VNQABZCSYCTZMS-UHFFFAOYSA-N,0,,,0,0,,,
3404,oxamarin,CCN(CC)CCOc1cc2oc(=O)cc(C)c2cc1OCCN(CC)CC,KDZPIXVLPYVHDO-UHFFFAOYSA-N,0,,,0,0,,,
3405,oxapropanium,C[N+](C)(C)CC1COCO1,HJPHIJVSRJVAGC-UHFFFAOYSA-N,0,,,0,0,,,charged_parent
3406,oxendolone,CC[C@H]1C[C@H]2[C@@H]3CCC4=CC(=O)CC[C@@H]4[C@H]3CC[C@]2(C)[C@H]1O,FCKLFGKATYPJPG-SSTBVEFVSA-N,0,,,0,0,,,
3407,oxetacaine,CN(C(=O)CN(CCO)CC(=O)N(C)C(C)(C)Cc1ccccc1)C(C)(C)Cc1ccccc1,FTLDJPRFCGDUFH-UHFFFAOYSA-N,0,,,0,3,SCN1A;SCN2A;SCN3A,,
3408,oxiconazole,Clc1ccc(CO/N=C(\Cn2ccnc2)c2ccc(Cl)cc2Cl)c(Cl)c1,QRJJEGAJXVEBNE-HKOYGPOVSA-N,1,FDA,1988-12-30,1,24,ACHE;ADORA3;ADRA2A;ADRA2B;ADRA2C;ADRB3;CHRM1;CHRM3;CYP2C19;CYP2C9;CYP2D6;CYP3A4;DRD1;DRD3;HTR1A;HTR2A;HTR2B;IDO1;OPRD1;SLC6A2;SLC6A3;SLC6A4;TACR2;TBXAS1,,
3409,oxidronic acid,O=P(O)(O)C(O)P(=O)(O)O,HJZKOAYDRQLPME-UHFFFAOYSA-N,1,FDA,,0,0,,,
3410,oxiniacic acid,O=C(O)c1ccc[n+]([O-])c1,FJCFFCXMEXZEIM-UHFFFAOYSA-N,0,,,0,0,,,
3411,oxophenarsine,Nc1cc([As]=O)ccc1O,KVGGQNNGLOIZSK-UHFFFAOYSA-N,0,,,0,0,,,
3412,oxybenzone,COc1ccc(C(=O)c2ccccc2)c(O)c1,DXGLGDHPHMLXJC-UHFFFAOYSA-N,1,FDA,1992-12-07,1,0,,,
3413,oxycinchophen,O=C(O)c1c(O)c(-c2ccccc2)nc2ccccc12,XAPRFLSJBSXESP-UHFFFAOYSA-N,0,,,0,2,DHODH;PDE10A,,
3414,oxymethurea,O=C(NCO)NCO,QUBQYFYWUJJAAK-UHFFFAOYSA-N,0,,,0,0,,,
3415,oxypendyl,OCCN1CCN(CCCN2c3ccccc3Sc3cccnc32)CC1,RUPOLIZWSDDWNJ-UHFFFAOYSA-N,0,,,0,0,,,
3416,pamaquine,CCN(CC)CCCC(C)Nc1cc(OC)cc2cccnc12,QTQWMSOQOSJFBV-UHFFFAOYSA-N,0,,,0,0,,,
3417,pantethine,CC(C)(CO)[C@@H](O)C(=O)NCCC(=O)NCCSSCCNC(=O)CCNC(=O)[C@H](O)C(C)(C)CO,DJWYOLJPSHDSAL-ROUUACIJSA-N,1,FDA,,0,0,,,
3418,parsalmide,C#CCOc1ccc(N)cc1C(=O)NCCCC,DXHYQIJBUNRPJT-UHFFFAOYSA-N,0,,,0,0,,,
3419,pecilocin,CCCC[C@@H](O)/C=C(C)/C=C/C=C/C(=O)N1CCCC1=O,ZYPGADGCNXOUJP-CXVPHVKISA-N,0,,,0,0,,,
3421,adicillin,CC1(C)S[C@@H]2[C@H](NC(=O)CCC[C@@H](N)C(=O)O)C(=O)N2[C@H]1C(=O)O,MIFYHUACUWQUKT-GPUHXXMPSA-N,0,,,0,0,,,
3422,almecillin,C=CCSCC(=O)N[C@@H]1C(=O)N2[C@@H]1SC(C)(C)[C@@H]2C(=O)O,QULKGELYPOJSLP-WCABBAIRSA-N,0,,,0,0,,,
3423,pentagestrone,CC(=O)[C@@]1(O)CC[C@H]2[C@@H]3CC=C4C=C(OC5CCCC5)CC[C@]4(C)[C@H]3CC[C@@]21C,RBFQPFFCDLXWQK-UXUCURBISA-N,0,,,0,0,,,
3424,pentazocine,CC(C)=CCN1CCC2(C)c3cc(O)ccc3CC1C2C,VOKSWYLNZZRQPF-UHFFFAOYSA-N,1,FDA,1967-07-24,1,4,OPRD1;OPRK1;OPRM1;SIGMAR1,SIGMAR1,
3426,pentorex,CC(c1ccccc1)C(C)(C)N,UMWAUEZOGHNSCH-UHFFFAOYSA-N,0,,,0,0,,,
3427,pentrinitrol,O=[N+]([O-])OCC(CO)(CO[N+](=O)[O-])CO[N+](=O)[O-],BRBAEHHXGZRCBK-UHFFFAOYSA-N,0,,,0,0,,,
3428,pentetrazol,C1CCc2nnnn2CC1,CWRVKFFCRWGWCS-UHFFFAOYSA-N,0,,,0,0,,,
3429,perflexane,FC(F)(F)C(F)(F)C(F)(F)C(F)(F)C(F)(F)C(F)(F)F,ZJIJAJXFLBMLCK-UHFFFAOYSA-N,1,FDA,2002-05-31,1,0,,,
3430,perfosfamide,O=[P@]1(N(CCCl)CCCl)N[C@H](OO)CCO1,VPAWVRUHMJVRHU-VGDKGRGNSA-N,0,,,0,0,,,
3431,perimetazine,COc1ccc2c(c1)N(CC(C)CN1CCC(O)CC1)c1ccccc1S2,WYRWAVVTDKZRIJ-UHFFFAOYSA-N,0,,,0,0,,,
3433,phanquinone,O=C1C(=O)c2ncccc2-c2cccnc21,VLPADTBFADIFKG-UHFFFAOYSA-N,0,,,0,0,,,
3434,phenacaine,CCOc1ccc(N=C(C)Nc2ccc(OCC)cc2)cc1,QXDAEKSDNVPFJG-UHFFFAOYSA-N,0,,,0,3,SCN1A;SCN2A;SCN3A,,
3435,phenadoxone,CCC(=O)C(CC(C)N1CCOCC1)(c1ccccc1)c1ccccc1,LOXCOAXRHYDLOW-UHFFFAOYSA-N,0,,,0,0,,,
3436,phetharbital,CCC1(CC)C(=O)NC(=O)N(c2ccccc2)C1=O,ILORKHQGIMGDFN-UHFFFAOYSA-N,0,,,0,0,,,
3437,phenamine,CCOc1ccc(NC(=O)CN)cc1,LQJARUQXWJSDFL-UHFFFAOYSA-N,0,,,0,0,,,
3438,phenolphthalol,OCc1ccccc1C(c1ccc(O)cc1)c1ccc(O)cc1,CREICILGVGNQBH-UHFFFAOYSA-N,0,,,0,0,,,
3439,phenolsulfonphthalein,O=S1(=O)OC(c2ccc(O)cc2)(c2ccc(O)cc2)c2ccccc21,BELBBZDIHDAJOR-UHFFFAOYSA-N,0,,,0,0,,,
3441,phenoperidine,CCOC(=O)C1(c2ccccc2)CCN(CCC(O)c2ccccc2)CC1,IPOPQVVNCFQFRK-UHFFFAOYSA-N,0,,,0,0,,,
3442,phenoxyethanol,OCCOc1ccccc1,QCDWFXQBSFUVSP-UHFFFAOYSA-N,1,FDA,,0,0,,,
3443,phenyl acetylsalicylate,CC(=O)Oc1ccccc1C(=O)Oc1ccccc1,PSBAIJVSCTZDDB-UHFFFAOYSA-N,0,,,0,0,,,
3445,tymazoline,Cc1ccc(C(C)C)c(OCC2=NCCN2)c1,QRORCRWSRPKEHR-UHFFFAOYSA-N,0,,,0,0,,,
3446,undecylenic acid,C=CCCCCCCCCC(=O)O,FRPZMMHWLSIFAZ-UHFFFAOYSA-N,1,FDA,,0,0,,,
3447,disulfamide,Cc1cc(Cl)c(S(N)(=O)=O)cc1S(N)(=O)=O,RCFKEIREOSXLET-UHFFFAOYSA-N,0,,,0,0,,,
3448,enallylpropymal,C=CCC1(C(C)C)C(=O)NC(=O)N(C)C1=O,AXJXURWWUFZZKN-UHFFFAOYSA-N,0,,,0,0,,,
3449,glypinamide,O=C(NN1CCCCCC1)NS(=O)(=O)c1ccc(Cl)cc1,RHQSNARBXHRBNP-UHFFFAOYSA-N,0,,,0,0,,,
3450,guaiacol benzoate,COc1ccccc1OC(=O)c1ccccc1,IZYQCDNLUPLXOO-UHFFFAOYSA-N,0,,,0,0,,,
3451,guaiacol carbonate,COc1ccccc1OC(=O)Oc1ccccc1OC,ORUJFMPWKPVXLZ-UHFFFAOYSA-N,0,,,0,0,,,
3452,guaiacol phosphate,COc1ccccc1OP(=O)(Oc1ccccc1OC)Oc1ccccc1OC,ADBFDJQRBQZXAB-UHFFFAOYSA-N,0,,,0,0,,,
3453,guaiapate,COc1ccccc1OCCOCCOCCN1CCCCC1,PPVFOZYARYOARE-UHFFFAOYSA-N,0,,,0,0,,,
3454,guanacline,CC1=CCN(CCNC(=N)N)CC1,WQVAYGCXSJMPRT-UHFFFAOYSA-N,0,,,0,0,,,
3455,guanazodine,N=C(N)NCC1CCCCCCN1,ZCVAIGPGEINFCX-UHFFFAOYSA-N,0,,,0,0,,,
3456,haletazole,CCN(CC)CCOc1ccc(-c2nc3cc(Cl)ccc3s2)cc1,TXOKWXJQVFUUDD-UHFFFAOYSA-N,0,,,0,0,,,
3457,halopropane,FC(F)C(F)(F)CBr,YVWGMAFXEJHFRO-UHFFFAOYSA-N,0,,,0,0,,,
3458,hexcarbacholine,C[N+](C)(C)CCOC(=O)NCCCCCCNC(=O)OCC[N+](C)(C)C,MBWXZXUOKTXXBU-UHFFFAOYSA-P,0,,,0,0,,,charged_parent
3459,sodium hexacyclonate,O=C(O)CC1(CO)CCCCC1,WMJPAYUKEVEBCN-UHFFFAOYSA-N,0,,,0,0,,,
3460,phenylethanolamine,NCC(O)c1ccccc1,ULSIYEODSMZIPX-UHFFFAOYSA-N,0,,,0,0,,,
3461,phenpromethamine,CNCC(C)c1ccccc1,AUFSOOYCQYDGES-UHFFFAOYSA-N,0,,,0,0,,,
3462,phenyl salicylate,O=C(Oc1ccccc1)c1ccccc1O,ZQBAKBUEJOMQEX-UHFFFAOYSA-N,1,FDA,,0,0,,,
3463,pholedrine,CNC(C)Cc1ccc(O)cc1,SBUQZKJEOOQSBV-UHFFFAOYSA-N,0,,,0,0,,,
3464,phosphocreatine,CN(CC(=O)O)C(=N)NP(=O)(O)O,DRBBFCLWYRJSJZ-UHFFFAOYSA-N,0,,,0,0,,,
3465,fytic acid,O=P(O)(O)O[C@H]1[C@H](OP(=O)(O)O)[C@@H](OP(=O)(O)O)[C@H](OP(=O)(O)O)[C@@H](OP(=O)(O)O)[C@H]1OP(=O)(O)O,IMQLKJBTEOYOSI-GPIVLXJGSA-N,0,,,0,0,,,
3466,piberaline,O=C(c1ccccn1)N1CCN(Cc2ccccc2)CC1,TZFUBYYADABEAV-UHFFFAOYSA-N,0,,,0,0,,,
3467,picloxydine,N=C(NC(=N)N1CCN(C(=N)NC(=N)Nc2ccc(Cl)cc2)CC1)Nc1ccc(Cl)cc1,YNCLPFSAZFGQCD-UHFFFAOYSA-N,0,,,0,0,,,
3468,picoperine,c1ccc(N(CCN2CCCCC2)Cc2ccccn2)cc1,MVMXJBMAGBRAHD-UHFFFAOYSA-N,0,,,0,0,,,
3470,pifarnine,CC(C)=CCCC(C)=CCCC(C)=CCN1CCN(Cc2ccc3c(c2)OCO3)CC1,DVJCPEWCHQLAEH-UHFFFAOYSA-N,0,,,0,0,,,
3471,pildralazine,CC(O)CN(C)c1ccc(NN)nn1,KYIAWOXNPBANEW-UHFFFAOYSA-N,0,,,0,0,,,
3472,pimefylline,Cn1c(=O)c2c(ncn2CCNCc2cccnc2)n(C)c1=O,CDHVRXOLGDSJGX-UHFFFAOYSA-N,0,,,0,0,,,
3473,pipebuzone,CCCCC1(CN2CCN(C)CC2)C(=O)N(c2ccccc2)N(c2ccccc2)C1=O,XGNKHIPCARGLGS-UHFFFAOYSA-N,0,,,0,0,,,
3474,adipic acid,O=C(O)CCCCC(=O)O,WNLRTRBMVRJNCN-UHFFFAOYSA-N,0,,,0,0,,,
3475,piposulfan,CS(=O)(=O)OCCC(=O)N1CCN(C(=O)CCOS(C)(=O)=O)CC1,NUKCGLDCWQXYOQ-UHFFFAOYSA-N,0,,,0,0,,,
3476,pirenoxine,O=C(O)c1cc(O)c2c3nc4ccccc4oc-3cc(=O)c2n1,OKPNYGAWTYOBFZ-UHFFFAOYSA-N,0,,,0,0,,,
3477,piridocaine,Nc1ccccc1C(=O)OCCC1CCCCN1,BMIJYAZXNZEMLI-UHFFFAOYSA-N,0,,,0,0,,,
3478,piritramide,N#CC(CCN1CCC(C(N)=O)(N2CCCCC2)CC1)(c1ccccc1)c1ccccc1,IHEHEFLXQFOQJO-UHFFFAOYSA-N,0,,,0,0,,,
3479,piroctone,Cc1cc(CC(C)CC(C)(C)C)n(O)c(=O)c1,OIQJEQLSYJSNDS-UHFFFAOYSA-N,0,,,0,0,,,
3480,rhodoquine,CCN(CC)CCCNc1cc(OC)cc2cccnc12,WIPRQKODGRKUEW-UHFFFAOYSA-N,0,,,0,0,,,
3481,podophyllotoxin,COc1cc([C@@H]2c3cc4c(cc3[C@H](O)[C@H]3COC(=O)[C@H]23)OCO4)cc(OC)c1OC,YJGVMLPVUAXIQN-XVVDYKMHSA-N,1,FDA,1990-12-13,1,19,CYP2C19;CYP2C9;CYP3A4;NR3C1;TUBA1A;TUBA1B;TUBA1C;TUBA3C;TUBA3E;TUBA4A;TUBB;TUBB1;TUBB2A;TUBB2B;TUBB3;TUBB4A;TUBB4B;TUBB6;TUBB8,,
3483,posaconazole,CC[C@@H]([C@H](C)O)n1ncn(-c2ccc(N3CCN(c4ccc(OC[C@@H]5CO[C@@](Cn6cncn6)(c6ccc(F)cc6F)C5)cc4)CC3)cc2)c1=O,RAGOYPUPXAKGKH-XAKZXMRKSA-N,1,EMA;FDA;PMDA,2006-09-15,1,2,CYP3A4;CYP8B1,,
3484,posatirelin,CC(C)C[C@H](NC(=O)[C@@H]1CCCC(=O)N1)C(=O)N1CCC[C@H]1C(N)=O,DPNGIIPSQYKWQA-AVGNSLFASA-N,0,,,0,0,,,
3486,practolol,CC(=O)Nc1ccc(OCC(O)CNC(C)C)cc1,DURULFYMVIFBIR-UHFFFAOYSA-N,0,,,1,1,ADRB1,ADRB1,
3487,pramocaine,CCCCOc1ccc(OCCCN2CCOCC2)cc1,DQKXQSGTHWVTAD-UHFFFAOYSA-N,1,FDA,1976-08-13,1,4,SCN1A;SCN2A;SCN3A;SIGMAR1,,
3488,prednival,CCCCC(=O)O[C@]1(C(=O)CO)CC[C@H]2[C@@H]3CCC4=CC(=O)C=C[C@]4(C)[C@H]3[C@@H](O)C[C@@]21C,BOFKYYWJAOZDPB-FZNHGJLXSA-N,0,,,0,0,,,
3490,procymate,CCC(OC(N)=O)C1CCCCC1,IGISNRIWPJVXDB-UHFFFAOYSA-N,0,,,0,0,,,
3492,propallylonal,C=C(Br)CC1(C(C)C)C(=O)NC(=O)NC1=O,KTGWBBOJAGDSHN-UHFFFAOYSA-N,0,,,0,0,,,
3493,propamidine,N=C(N)c1ccc(OCCCOc2ccc(C(=N)N)cc2)cc1,WTFXJFJYEJZMFO-UHFFFAOYSA-N,0,,,0,1,PRSS1,,
3494,propanidid,CCCOC(=O)Cc1ccc(OCC(=O)N(CC)CC)c(OC)c1,KEJXLQUPYHWCNM-UHFFFAOYSA-N,0,,,1,0,,,
3495,propiolactone,O=C1CCO1,VEZXCJBBBCKRPI-UHFFFAOYSA-N,1,FDA,,1,0,,,
3496,propoxycaine,CCCOc1cc(N)ccc1C(=O)OCCN(CC)CC,CAJIGINSTLKQMM-UHFFFAOYSA-N,1,FDA,,1,3,SCN1A;SCN2A;SCN3A,SCN1A;SCN2A;SCN3A,
3497,protheobromine,CC(O)Cn1c(=O)c2c(ncn2C)n(C)c1=O,MXRGZXBFSKSZPH-UHFFFAOYSA-N,0,,,0,0,,,
3498,protiofate,CCCOC(=O)c1sc(C(=O)OCCC)c(O)c1O,GUFHWUFYAOUKTI-UHFFFAOYSA-N,0,,,0,0,,,
3500,protoporphyrin,C=CC1=C(C)c2cc3[nH]c(cc4nc(cc5[nH]c(cc1n2)c(C)c5CCC(=O)O)C(CCC(=O)O)=C4C)c(C)c3C=C,KSFOVUSSGSKXFI-UHFFFAOYSA-N,0,,,0,0,,,
3502,prucalopride,COCCCN1CCC(NC(=O)c2cc(Cl)c(N)c3c2OCC3)CC1,ZPMNHBXQOOVQJL-UHFFFAOYSA-N,1,EMA;FDA,2009-10-15,1,3,DRD4;HTR3A;HTR4,HTR4,
3505,homonicotinic acid,O=C(O)Cc1cccnc1,WGNUNYPERJMVRM-UHFFFAOYSA-N,0,,,0,1,HCAR2,,
3506,pyridoxal phosphate,Cc1ncc(COP(=O)(O)O)c(C=O)c1O,NGVDGCNFYWLIFO-UHFFFAOYSA-N,1,FDA,,0,1,P2RX1,,
3507,pyrinoline,OC(C1=CC(=C(c2ccccn2)c2ccccn2)C=C1)(c1ccccn1)c1ccccn1,NCZXKYCNHGRFHE-UHFFFAOYSA-N,0,,,0,0,,,
3508,pyrithione,[O-][n+]1ccccc1S,FGVVTMRZYROCTH-UHFFFAOYSA-N,0,,,1,15,CA12;CA13;CA14;CA3;CA4;CA5A;CA5B;CA6;CA7;CA9;GFER;LOX;LOXL2;LOXL3;LOXL4,,
3509,pyrithyldione,CCC1(CC)C(=O)C=CNC1=O,NZASCBIBXNPDMH-UHFFFAOYSA-N,0,,,0,0,,,
3511,pyrovalerone,CCCC(C(=O)c1ccc(C)cc1)N1CCCC1,SWUVZKWCOBGPTH-UHFFFAOYSA-N,0,,,1,3,SLC6A2;SLC6A3;SLC6A4,,
3512,pyrrocaine,Cc1cccc(C)c1NC(=O)CN1CCCC1,OYCGKECKIVYHTN-UHFFFAOYSA-N,0,,,0,0,,,
3513,pyrrolnitrin,O=[N+]([O-])c1c(Cl)cccc1-c1c[nH]cc1Cl,QJBZDBLBQWFTPZ-UHFFFAOYSA-N,0,,,0,0,,,
3514,quercetin,O=c1c(O)c(-c2ccc(O)c(O)c2)oc2cc(O)cc(O)c12,REFJWTPEDVJJIY-UHFFFAOYSA-N,0,,,0,110,ABCB1;ABCC1;ABCG2;ACHE;ADORA3;AKR1B1;AKT1;ALK;ALOX12;ALOX15;ALOX5;AMY1A;APP;AURKB;AVPR2;AXL;BACE1;BCHE;BRAF;CA1;CA12;CA14;CA2;CA3;CA4;CA5A;CA5B;CA6;CA7;CA9;CALM1;CALM2;CALM3;CAMK2B;CCNB1;CCNB2;CCNB3;CCND1;CCR4;CD38;CDK1;CDK2;CDK4;CDK5;CDK5R1;CDK6;CSNK2A1;CTRB1;CTRC;CXCR1;CYP19A1;CYP1A1;CYP1B1;CYP2C8;DAPK1;DPP4;DRD4;EGFR;ELANE;ELAVL1;ELAVL3;EPHX2;F2;FLT3;GLO1;GPR35;GSK3A;GSK3B;HIF1AN;HSD17B2;IGF1R;IP6K2;IPMK;KARS;KDM1A;KDR;LCK;MAOA;MAOB;MET;MMP12;MMP13;MMP2;MMP3;MMP9;MPO;NEK2;NEK6;NOX4;NUAK1;PIK3CG;PIK3R1;PIM1;PKN1;PLA2G1B;PLAU;PLK1;PREP;PSMB5;PTGS2;PTK2;PTPN1;PYGL;RET;SLC2A2;SORD;SRC;SYK;TRPC5;XDH,,
3517,ramifenazone,Cc1c(NC(C)C)c(=O)n(-c2ccccc2)n1C,XOZLRRYPUKAKMU-UHFFFAOYSA-N,0,,,0,0,,,
3519,ranimustine,CO[C@H]1O[C@H](CNC(=O)N(CCCl)N=O)[C@@H](O)[C@H](O)[C@H]1O,AHHFEZNOXOZZQA-ZEBDFXRSSA-N,0,,,0,0,,,
3520,rapacuronium,C=CC[N+]1([C@H]2C[C@H]3[C@@H]4CC[C@H]5C[C@H](OC(C)=O)[C@@H](N6CCCCC6)C[C@]5(C)[C@H]4CC[C@]3(C)[C@H]2OC(=O)CC)CCCCC1,HTIKWNNIPGXLGM-YLINKJIISA-N,1,FDA,1999-08-18,1,5,CHRNA1;CHRNB1;CHRND;CHRNE;CHRNG,CHRNA1;CHRNB1;CHRND;CHRNE;CHRNG,charged_parent
3521,rasagiline,C#CCN[C@@H]1CCc2ccccc21,RUOKEQAAGRXIBM-GFCCVEGCSA-N,1,FDA;PMDA,2006-05-16,1,4,ACHE;BCHE;MAOA;MAOB,MAOB,
3522,reserpiline,COC(=O)C1=CO[C@@H](C)[C@@H]2CN3CCc4c([nH]c5cc(OC)c(OC)cc45)[C@H]3C[C@H]12,FGWJRZQNNZVCHR-BCRCDCHUSA-N,0,,,0,0,,,
3523,bufogenin,C[C@]12CC[C@H](O)C[C@H]1CC[C@@H]1[C@@H]2CC[C@]2(C)[C@@H](c3ccc(=O)oc3)C[C@H]3O[C@]132,ATLJNLYIJOCWJE-CWMZOUAVSA-N,0,,,0,0,,,
3524,resorcinol,Oc1cccc(O)c1,GHMLBKRAJCXXBS-UHFFFAOYSA-N,1,FDA,,0,6,CA12;CA14;CA2;CA5A;CA5B;CA9,,
3525,revaprazan,Cc1nc(Nc2ccc(F)cc2)nc(N2CCc3ccccc3C2C)c1C,LECZXZOBEZITCL-UHFFFAOYSA-N,1,Korean Food and Drug Administration (KFDA),2005-09-15,0,2,ATP4A;ATP4B,ATP4A;ATP4B,
3526,ribostamycin,NC[C@H]1O[C@H](O[C@H]2[C@H](O[C@@H]3O[C@H](CO)[C@@H](O)[C@H]3O)[C@@H](O)[C@H](N)C[C@@H]2N)[C@H](N)[C@@H](O)[C@@H]1O,NSKGQURZWSPSBC-VVPCINPTSA-N,0,,,0,0,,,
3527,ricinoleic acid,CCCCCC[C@@H](O)C/C=C\CCCCCCCC(=O)O,WBHHMMIMDMUBKC-QJWNTBNXSA-N,0,,,0,0,,,
3529,rioprostil,CCCCC(C)(O)C/C=C/[C@H]1[C@H](O)CC(=O)[C@@H]1CCCCCCCO,SPOAFZKFCYREMW-FWYLUGOYSA-N,0,,,0,1,PTGER2,PTGER2,
3531,roflumilast,O=C(Nc1c(Cl)cncc1Cl)c1ccc(OC(F)F)c(OCC2CC2)c1,MNDBXUUTURYVHR-UHFFFAOYSA-N,1,EMA;FDA,2011-02-28,1,4,PDE4A;PDE4B;PDE4C;PDE4D,PDE4A;PDE4B;PDE4C;PDE4D,
3532,roquinimex,CN(C(=O)c1c(O)c2ccccc2n(C)c1=O)c1ccccc1,SGOOQMRIPALTEL-UHFFFAOYSA-N,0,,,0,0,,,
3533,ruboxistaurin,CN(C)C[C@@H]1CCn2cc(c3ccccc32)C2=C(C(=O)NC2=O)c2cn(c3ccccc23)CCO1,ZCBUQCWBWNUWSU-SFHVURJKSA-N,0,,,0,118,AAK1;AKT2;AKT3;AURKC;BMP2K;CAMK1D;CAMK2A;CAMK2B;CAMK2D;CAMK2G;CAMKK1;CAMKK2;CDK16;CDK4;CDK7;CDKL5;CHEK1;CHEK2;CIT;CLK1;CLK2;CLK4;CSNK2A1;CSNK2A2;DAPK1;DAPK2;DAPK3;DMPK;DYRK1A;DYRK1B;EGFR;FGFR1;FLT3;GAK;GRK1;GRK4;GRK7;GSK3B;HCK;HIPK1;HIPK2;HIPK3;ICK;JAK3;KIT;LATS1;LATS2;LCK;LRRK2;MAP2K4;MAP2K5;MAP2K6;MAP3K19;MAP3K2;MAP3K3;MAP3K9;MAP4K1;MAP4K2;MAP4K3;MAP4K5;MAPK15;MARK2;MINK1;MKNK1;MYLK;NUAK1;NUAK2;PDGFRB;PDPK1;PHKG1;PIM1;PIM2;PIM3;PIP4K2B;PIP5K1A;PIP5K1C;PKN1;PKN2;PLK4;PRKACA;PRKACB;PRKCA;PRKCB;PRKCD;PRKCE;PRKCG;PRKCH;PRKCI;PRKCQ;PRKD2;PRKG2;PRPF4B;RIOK1;RIOK3;ROS1;RPS6KA1;RPS6KA2;RPS6KA3;RPS6KA4;RPS6KA5;RPS6KA6;RPS6KB1;SGK3;SLK;SRPK1;SRPK2;SRPK3;STK10;STK11;STK3;STK33;STK4;TAOK1;TAOK2;TAOK3;TBK1;TLK1;TNIK,,
3534,rufinamide,NC(=O)c1cn(Cc2c(F)cccc2F)nn1,POGQSBRIGCQNEG-UHFFFAOYSA-N,1,EMA;FDA,2007-01-16,1,11,CA5A;SCN10A;SCN11A;SCN1A;SCN2A;SCN3A;SCN4A;SCN5A;SCN7A;SCN8A;SCN9A,SCN10A;SCN11A;SCN1A;SCN2A;SCN3A;SCN4A;SCN5A;SCN7A;SCN8A;SCN9A,
3535,rutoside,C[C@@H]1O[C@@H](OC[C@H]2O[C@@H](Oc3c(-c4ccc(O)c(O)c4)oc4cc(O)cc(O)c4c3=O)[C@H](O)[C@@H](O)[C@@H]2O)[C@H](O)[C@H](O)[C@H]1O,IKGXIBQEEMLURG-NVPNHPEKSA-N,0,,,0,8,ACHE;ADRA2A;ADRA2C;CHRM5;EPHX2;KDM1A;NMUR2;XDH,,
3536,sabcomeline,CO/N=C(\C#N)[C@H]1CN2CCC1CC2,IQWCBYSUUOFOMF-QTLFRQQHSA-N,0,,,0,5,CHRM1;CHRM2;CHRM3;CHRM4;CHRM5,,
3537,salazosulfadimidine,Cc1cc(C)nc(NS(=O)(=O)c2ccc(/N=N/c3ccc(O)c(C(=O)O)c3)cc2)n1,DFPJEJKMDZFZHC-GHVJWSGMSA-N,0,,,0,0,,,
3538,salamidacetic acid,NC(=O)c1ccccc1OCC(=O)O,RLISWLLILOTWGG-UHFFFAOYSA-N,0,,,0,0,,,
3539,salicylanilide,O=C(Nc1ccccc1)c1ccccc1O,WKEDVNSFRWHDNR-UHFFFAOYSA-N,0,,,0,0,,,
3541,salicylsulfuric acid,O=C(O)c1ccccc1OS(=O)(=O)O,MOODSJOROWROTO-UHFFFAOYSA-N,0,,,0,0,,,
3542,saralasin,CNCC(=O)N[C@@H](CCCNC(=N)N)C(=O)N[C@H](C(=O)N[C@@H](Cc1ccc(O)cc1)C(=O)N[C@H](C(=O)N[C@@H](Cc1c[nH]cn1)C(=O)N1CCC[C@H]1C(=O)N[C@@H](C)C(=O)O)C(C)C)C(C)C,PFGWGEPQIUAZME-NXSMLHPHSA-N,1,FDA,,1,2,AGTR1;AGTR2,AGTR1,
3543,scarlet red,Cc1ccccc1/N=N/c1ccc(/N=N/c2c(O)ccc3ccccc23)c(C)c1,RCTGMCJBQGBLKT-PAMTUDGESA-N,0,,,0,0,,,
3544,selenomethionine,C[Se]CC[C@H](N)C(=O)O,RJFAYQIBOAGBLC-BYPYZUCNSA-N,1,FDA,,1,0,,,
3546,siccanin,Cc1cc(O)c2c(c1)O[C@@]1(C)CC[C@H]3C(C)(C)CCC[C@]34CO[C@@H]2[C@H]41,UGGAILYEBCSZIV-ITJSPEIASA-N,0,,,0,0,,,
3548,sitaxentan,Cc1cc2c(cc1CC(=O)c1sccc1S(=O)(=O)Nc1onc(C)c1Cl)OCO2,PHWXUGHIIBDVKD-UHFFFAOYSA-N,1,EMA,2006-08-10,1,2,EDNRA;EDNRB,EDNRA,
3549,arsanilic acid,Nc1ccc([As](=O)(O)O)cc1,XKNKHVGWJDPIRJ-UHFFFAOYSA-N,0,,,0,0,,,
3550,sodium tetradecyl sulfate,CCCCC(CC)CCC(CC(C)C)OS(=O)(=O)O,GROJOWHVXQYQGN-UHFFFAOYSA-N,1,FDA,1946-08-13,1,0,,,
3551,solasulfone,O=S(=O)(c1ccc(NC(CC(c2ccccc2)S(=O)(=O)O)S(=O)(=O)O)cc1)c1ccc(NC(CC(c2ccccc2)S(=O)(=O)O)S(=O)(=O)O)cc1,HCCUQCPVNVAHMV-UHFFFAOYSA-N,0,,,0,0,,,
3553,stallimycin,Cn1cc(NC(=O)c2cc(NC(=O)c3cc(NC=O)cn3C)cn2C)cc1C(=O)NCCC(=N)N,UPBAOYRENQEPJO-UHFFFAOYSA-N,0,,,0,4,ESR1;ESR2;HRAS;TOP1,,
3556,succisulfone,Nc1ccc(S(=O)(=O)c2ccc(NC(=O)CCC(=O)O)cc2)cc1,QAJQUUOBVOKLOD-UHFFFAOYSA-N,0,,,0,0,,,
3557,sulbentine,S=C1SCN(Cc2ccccc2)CN1Cc1ccccc1,QFVAWNPSRQWSDU-UHFFFAOYSA-N,0,,,0,0,,,
3558,sulfabenzamide,Nc1ccc(S(=O)(=O)NC(=O)c2ccccc2)cc1,PBCZLFBEBARBBI-UHFFFAOYSA-N,1,FDA,1945-09-12,1,0,,,
3559,sulfachrysoidine,Nc1cc(N)c(/N=N/c2ccc(S(N)(=O)=O)cc2)c(C(=O)O)c1,ZELCNSAUMHNSSU-ISLYRVAYSA-N,0,,,0,0,,,
3560,sulfadicramide,CC(C)=CC(=O)NS(=O)(=O)c1ccc(N)cc1,XRVJPLDTMUSSDE-UHFFFAOYSA-N,0,,,1,0,,,
3561,sulfamidochrysoidine,Nc1ccc(/N=N/c2ccc(S(N)(=O)=O)cc2)c(N)c1,ABBQGOCHXSPKHJ-WUKNDPDISA-N,0,,,0,0,,,
3565,xyloylsulfamine,Cc1ccc(C(=O)NS(=O)(=O)c2ccc(N)cc2)cc1C,LFAXYIHYMGEIHW-UHFFFAOYSA-N,0,,,0,0,,,
3566,sulfarside,Nc1cc(S(N)(=O)=O)ccc1[As](=O)(O)O,AKHFYKDNVOFEMG-UHFFFAOYSA-N,0,,,0,0,,,
3567,sulfathiourea,NC(=S)NS(=O)(=O)c1ccc(N)cc1,UEMLYRZWLVXWRU-UHFFFAOYSA-N,0,,,0,0,,,
3568,sulfinalol,COc1ccc(CCC(C)NCC(O)c2ccc(O)c(S(C)=O)c2)cc1,PAQZZCOZHPGCFW-UHFFFAOYSA-N,0,,,0,0,,,
3569,sulfiram,CCN(CC)C(=S)SC(=S)N(CC)CC,CTPKSRZFJSJGML-UHFFFAOYSA-N,0,,,0,0,,,
3570,methylsulfonal,CCC(C)(S(=O)(=O)CC)S(=O)(=O)CC,LKACJLUUJRMGFK-UHFFFAOYSA-N,0,,,0,0,,,
3572,sulisobenzone,COc1cc(O)c(C(=O)c2ccccc2)cc1S(=O)(=O)O,CXVGEDCSTKKODG-UHFFFAOYSA-N,1,FDA,,0,0,,,
3573,sulmarin,Cc1cc(=O)oc2cc(OS(=O)(=O)O)c(OS(=O)(=O)O)cc12,SZNQDPUZKFSCNG-UHFFFAOYSA-N,0,,,0,0,,,
3574,sulmazole,COc1cc(S(C)=O)ccc1-c1nc2cccnc2[nH]1,XMFCOYRWYYXZMY-UHFFFAOYSA-N,0,,,0,3,PDE3A;PDE3B;PDE5A,,
3577,oxedrine,CNCC(O)c1ccc(O)cc1,YRCWQPVGYLYSOX-UHFFFAOYSA-N,0,,,0,2,HTR1A;NMUR2,,
3578,tafenoquine,COc1cc(C)c2c(Oc3cccc(C(F)(F)F)c3)c(OC)cc(NC(C)CCCN)c2n1,LBHLFPGPEGDCJG-UHFFFAOYSA-N,1,FDA,2018-07-20,1,0,,,
3579,talastine,CN(C)CCn1nc(Cc2ccccc2)c2ccccc2c1=O,LCAAMXMULMCKLJ-UHFFFAOYSA-N,0,,,0,1,HRH1,HRH1,
3580,tamibarotene,CC1(C)CCC(C)(C)c2cc(NC(=O)c3ccc(C(=O)O)cc3)ccc21,MUTNCGKQJGXKEM-UHFFFAOYSA-N,1,PMDA,2005-04-11,1,3,RARA;RARB;RARG,,
3582,taribavirin,N=C(N)c1ncn([C@@H]2O[C@H](CO)[C@@H](O)[C@H]2O)n1,NHKZSTHOYNWEEZ-AFCXAGJDSA-N,0,,,0,0,,,
3583,teflurane,FC(Br)C(F)(F)F,RZXZIZDRFQFCTA-UHFFFAOYSA-N,0,,,0,0,,,
3584,terazosin,COc1cc2nc(N3CCN(C(=O)C4CCCO4)CC3)nc(N)c2cc1OC,VCKUSRYTPJJLNI-UHFFFAOYSA-N,1,FDA,1987-08-07,1,10,ADRA1A;ADRA1B;ADRA1D;ADRA2A;ADRA2B;ADRA2C;HTR2A;KCNH2;NQO2;SLC22A1,ADRA1A;ADRA1B;ADRA1D,
3587,tetrachloroethylene,ClC(Cl)=C(Cl)Cl,CYTYCFOTNPOANT-UHFFFAOYSA-N,0,,,0,0,,,
3588,tetraethylphthalamide,CCN(CC)C(=O)c1ccccc1C(=O)N(CC)CC,OPTBBAGXQYOFTL-UHFFFAOYSA-N,0,,,0,0,,,
3591,tetryzoline,c1ccc2c(c1)CCCC2C1=NCCN1,BYJAVTDNIXVSPW-UHFFFAOYSA-N,1,FDA,1979-11-30,1,6,ADRA1A;ADRA1B;ADRA1D;ADRA2A;ADRA2B;ADRA2C,ADRA1A;ADRA1B;ADRA1D;ADRA2A;ADRA2B;ADRA2C,
3592,tetrofosmin,CCOCCP(CCOCC)CCP(CCOCC)CCOCC,QCWJONLQSHEGEJ-UHFFFAOYSA-N,1,FDA,,0,0,,,
3595,thialbarbital,C=CCC1(C2C=CCCC2)C(=O)NC(=S)NC1=O,PXLVRFQEBVNJOH-UHFFFAOYSA-N,0,,,0,0,,,
3596,tiamiprine,Cn1cnc([N+](=O)[O-])c1Sc1[nH]c(N)nc2ncnc1-2,YFTWHEBLORWGNI-UHFFFAOYSA-N,0,,,0,0,,,
3597,thiazosulfone,Nc1ccc(S(=O)(=O)c2cnc(N)s2)cc1,KVEZIRCKNOTGKY-UHFFFAOYSA-N,0,,,0,0,,,
3601,thiram,CN(C)C(=S)SSC(=S)N(C)C,KUAZQDVKQLNFPE-UHFFFAOYSA-N,0,,,0,9,BBOX1;EHMT1;EHMT2;FAAH;LOX;LOXL2;LOXL3;LOXL4;MGLL,,
3602,thurfyl nicotinate,O=C(OCC1CCCO1)c1cccnc1,RQAITHJHUFFEIV-UHFFFAOYSA-N,0,,,0,0,,,
3604,thyropropic acid,O=C(O)CCc1cc(I)c(Oc2ccc(O)c(I)c2)c(I)c1,VRORTNGXAKZJML-UHFFFAOYSA-N,0,,,0,3,PCNA;THRA;THRB,,
3605,tiazofurine,NC(=O)c1csc([C@@H]2O[C@H](CO)[C@@H](O)[C@H]2O)n1,FVRDYQYEVDDKCR-DBRKOABJSA-N,0,,,0,0,,,
3606,tigloidine,C/C=C(\C)C(=O)O[C@@H]1C[C@H]2CC[C@@H](C1)N2C,UVHGSMZRSVGWDJ-WJKWMCMVSA-N,0,,,0,0,,,
3607,tioxolone,O=c1oc2cc(O)ccc2s1,SLYPOVJCSQHITR-UHFFFAOYSA-N,0,,,0,3,CA2;MAOA;MAOB,,
3609,tipranavir,CCC[C@@]1(CCc2ccccc2)CC(O)=C([C@H](CC)c2cccc(NS(=O)(=O)c3ccc(C(F)(F)F)cn3)c2)C(=O)O1,SUJUHGSWHZTSEU-FYBSXPHGSA-N,1,FDA,2005-06-22,1,4,ABCB1;CTSD;CTSE;PGA5,,
3611,tiratricol,O=C(O)Cc1cc(I)c(Oc2ccc(O)c(I)c2)c(I)c1,UOWZUVNAGUAEQC-UHFFFAOYSA-N,0,,,0,5,AR;PCNA;SLC10A1;THRA;THRB,,
3614,tolciclate,Cc1cccc(N(C)C(=S)Oc2ccc3c(c2)C2CCC3C2)c1,CANCCLAKQQHLNK-UHFFFAOYSA-N,0,,,0,0,,,
3615,tolindate,Cc1cccc(N(C)C(=S)Oc2ccc3c(c2)CCC3)c1,ANJNOJFLVNXCHT-UHFFFAOYSA-N,0,,,0,0,,,
3616,toliprolol,Cc1cccc(OCC(O)CNC(C)C)c1,NXQMNKUGGYNLBY-UHFFFAOYSA-N,0,,,0,2,ADRB1;ADRB2,,
3617,tolnaftate,Cc1cccc(N(C)C(=S)Oc2ccc3ccccc3c2)c1,FUSNMLFNXJSCDI-UHFFFAOYSA-N,1,FDA,,0,3,CYP2C19;CYP51A1;HTR2B,,
3618,tolpropamine,Cc1ccc(C(CCN(C)C)c2ccccc2)cc1,CINROOONPHQHPO-UHFFFAOYSA-N,0,,,0,0,,,
3619,tolycaine,CCN(CC)CC(=O)Nc1c(C)cccc1C(=O)OC,UDKICLZCJWQTLS-UHFFFAOYSA-N,0,,,0,0,,,
3620,tramazoline,c1cc2c(c(NC3=NCCN3)c1)CCCC2,QQJLHRRUATVHED-UHFFFAOYSA-N,0,,,0,3,ADRA2A;ADRA2B;ADRA2C,,
3621,trapidil,CCN(CC)c1cc(C)nc2ncnn12,GSNOZLZNQMLSKJ-UHFFFAOYSA-N,0,,,0,0,,,
3622,traxanox,O=c1c2cccnc2oc2c(Cl)cc(-c3nnn[nH]3)cc12,MLCGWPUVZKTVLO-UHFFFAOYSA-N,0,,,0,0,,,
3623,trengestone,CC(=O)[C@H]1CC[C@H]2[C@@H]3C=C(Cl)C4=CC(=O)C=C[C@@]4(C)[C@@H]3CC[C@]12C,USXVMPAWZOOYDE-OAYGGAORSA-N,0,,,0,0,,,
3624,triacetin,CC(=O)OCC(COC(C)=O)OC(C)=O,URAYPUMNDPQOKB-UHFFFAOYSA-N,0,,,0,0,,,
3625,tribromometacresol,Cc1c(Br)cc(Br)c(O)c1Br,QKHROXOPRBWBDD-UHFFFAOYSA-N,0,,,0,0,,,
3627,trichloroacetic acid,O=C(O)C(Cl)(Cl)Cl,YNJBWRMUSHSURL-UHFFFAOYSA-N,1,FDA,,0,0,,,
3628,trichloroethylene,ClC=C(Cl)Cl,XSTXAVWGXDQKEL-UHFFFAOYSA-N,0,,,0,0,,,
3629,symclosene,O=c1n(Cl)c(=O)n(Cl)c(=O)n1Cl,YRIZYWQGELRKNT-UHFFFAOYSA-N,0,,,0,0,,,
3630,triclocarban,O=C(Nc1ccc(Cl)cc1)Nc1ccc(Cl)c(Cl)c1,ICUTUKXCWQYESQ-UHFFFAOYSA-N,1,FDA,,0,2,EPHX1;EPHX2,,
3631,triclosan,Oc1cc(Cl)ccc1Oc1ccc(Cl)cc1Cl,XEFQLINVKFYRCS-UHFFFAOYSA-N,1,FDA,1997-07-11,1,2,CBR1;HSPA5,,
3632,methylchromone,Cc1coc2ccccc2c1=O,ABJKIHHNDMEBNA-UHFFFAOYSA-N,0,,,0,0,,,
3633,trimecaine,CCN(CC)CC(=O)Nc1c(C)cc(C)cc1C,GOZBHBFUQHMKQB-UHFFFAOYSA-N,0,,,0,0,,,
3634,tromantadine,CN(C)CCOCC(=O)NC12CC3CC(CC(C3)C1)C2,UXQDWARBDDDTKG-UHFFFAOYSA-N,0,,,0,0,,,
3635,troxacitabine,Nc1ccn([C@@H]2CO[C@H](CO)O2)c(=O)n1,RXRGZNYSEHTMHC-BQBZGAKWSA-N,0,,,0,0,,,
3636,tryparsamide,NC(=O)CNc1ccc([As](=O)(O)O)cc1,UULSDCUWMKTMND-UHFFFAOYSA-N,0,,,0,0,,,
3637,tuaminoheptane,CCCCCC(C)N,VSRBKQFNFZQRBM-UHFFFAOYSA-N,0,,,0,0,,,
3638,uredepa,CCOC(=O)NP(=O)(N1CC1)N1CC1,SPDZFJLQFWSJGA-UHFFFAOYSA-N,0,,,0,0,,,
3639,uridine triphosphate,O=c1ccn([C@@H]2O[C@H](COP(=O)(O)OP(=O)(O)OP(=O)(O)O)[C@@H](O)[C@H]2O)c(=O)[nH]1,PGAVKCOVUIYSFO-XVFCMESISA-N,0,,,0,5,P2RX3;P2RY11;P2RY2;P2RY4;P2RY6,,
3640,valdetamide,C=CCC(CC)(CC)C(N)=O,LOMDVEFCNVDZMZ-UHFFFAOYSA-N,0,,,0,0,,,
3642,vildagliptin,N#C[C@@H]1CCCN1C(=O)CNC12CC3CC(CC(O)(C3)C1)C2,SYOKIDBDQMKNDQ-XWTIBIIYSA-N,1,EMA,2007-09-26,1,4,DPP4;DPP8;DPP9;FAP,DPP4,
3643,vincamine,CC[C@]12CCCN3CCc4c(n(c5ccccc45)[C@@](O)(C(=O)OC)C1)[C@@H]32,RXPRRQLKFXBCSJ-GIVPXCGWSA-N,0,,,1,4,CHRM1;CHRM2;CHRM3;CHRM4,,
3644,vinflunine,CC[C@]12C=CCN3CC[C@@]4(c5cc([C@@]6(C(=O)OC)C[C@@H]7C[C@@H](C(C)(F)F)C[N@](Cc8c6[nH]c6ccccc86)C7)c(OC)cc5N(C)[C@H]4[C@@](O)(C(=O)OC)[C@@H]1OC(C)=O)[C@@H]32,NMDYYWFGPIMTKO-KLCPSUAYSA-N,0,,,1,9,TUBB;TUBB1;TUBB2A;TUBB2B;TUBB3;TUBB4A;TUBB4B;TUBB6;TUBB8,TUBB;TUBB1;TUBB2A;TUBB2B;TUBB3;TUBB4A;TUBB4B;TUBB6;TUBB8,
3645,vinyl ether,C=COC=C,QYKIQEUNHZKYBP-UHFFFAOYSA-N,0,,,0,0,,,
3646,viquidil,C=C[C@H]1CNCC[C@H]1CCC(=O)c1ccnc2ccc(OC)cc12,DKRSEIPLAZTSFD-LSDHHAIUSA-N,0,,,0,0,,,
3649,visnadine,CC[C@@H](C)C(=O)O[C@@H]1[C@H](OC(C)=O)c2c(ccc3ccc(=O)oc23)OC1(C)C,GVBNSPFBYXGREE-CXWAGAITSA-N,0,,,0,0,,,
3651,vorozole,Cn1nnc2ccc([C@H](c3ccc(Cl)cc3)n3cncn3)cc21,XLMPPFTZALNBFS-INIZCTEOSA-N,0,,,0,1,CYP19A1,CYP19A1,
3652,xanomeline,CCCCCCOc1nsnc1C1=CCCN(C)C1,JOLJIIDDOBNFHW-UHFFFAOYSA-N,0,,,1,18,ADRA1B;CHRM1;CHRM2;CHRM3;CHRM4;CHRM5;DRD2;DRD3;HTR1A;HTR1B;HTR1D;HTR1E;HTR1F;HTR2A;HTR2B;HTR2C;HTR6;HTR7,,
3656,xenbucin,CCC(C(=O)O)c1ccc(-c2ccccc2)cc1,IYEPZNKOJZOGJG-UHFFFAOYSA-N,0,,,0,0,,,
3657,xibenolol,Cc1cccc(OCC(O)CNC(C)(C)C)c1C,RKUQLAPSGZJLGP-UHFFFAOYSA-N,0,,,0,0,,,
3658,xylometazoline,Cc1cc(C(C)(C)C)cc(C)c1CC1=NCCN1,HUCJFAOMUPXHDK-UHFFFAOYSA-N,1,FDA,,1,6,ADRA1A;ADRA2A;ADRA2B;ADRA2C;HTR1B;HTR1D,ADRA2B,
3659,yohimbine,COC(=O)[C@@H]1[C@H]2C[C@H]3c4[nH]c5ccccc5c4CCN3C[C@@H]2CC[C@@H]1O,BLGXFZZNTVWLAY-SCYLSFHTSA-N,0,,,0,24,ADORA3;ADRA1A;ADRA1B;ADRA1D;ADRA2A;ADRA2B;ADRA2C;CDC25A;CYP2D6;DRD2;DRD3;HTR1A;HTR1B;HTR1D;HTR1E;HTR1F;HTR2B;HTR5A;HTR6;HTR7;SCN1A;SCN2A;SCN3A;TOP1,ADRA2A;ADRA2B;ADRA2C,
3661,zolimidine,CS(=O)(=O)c1ccc(-c2cn3ccccc3n2)cc1,VSLIUWLPFRVCDL-UHFFFAOYSA-N,0,,,0,0,,,
3662,acedapsone,CC(=O)Nc1ccc(S(=O)(=O)c2ccc(NC(C)=O)cc2)cc1,AMTPYFGPPVFBBI-UHFFFAOYSA-N,0,,,0,0,,,
3664,actinoquinol,CCOc1ccc(S(=O)(=O)O)c2cccnc12,YAMVZYRZAMBCED-UHFFFAOYSA-N,0,,,0,0,,,
3666,allomethadione,C=CCN1C(=O)OC(C)C1=O,XWZXRENCCHMZNF-UHFFFAOYSA-N,0,,,0,0,,,
3667,amanozine,Nc1ncnc(Nc2ccccc2)n1,YMFGJWGABDOFID-UHFFFAOYSA-N,0,,,0,0,,,
3668,ambuside,C=CCNS(=O)(=O)c1cc(S(N)(=O)=O)c(Cl)cc1N=CC=C(C)O,SGYBHNVEILSSGC-UHFFFAOYSA-N,0,,,0,0,,,
3670,aminopropylone,Cc1c(NC(=O)C(C)N(C)C)c(=O)n(-c2ccccc2)n1C,UQNCVOXEVRELFR-UHFFFAOYSA-N,0,,,0,0,,,
3671,amisometradine,C=C(C)Cn1c(N)cc(=O)n(C)c1=O,FXNYSZHYMGWWEZ-UHFFFAOYSA-N,0,,,0,0,,,
3672,amixetrine,CC(C)CCOC(CN1CCCC1)c1ccccc1,ISRODTBNJUAWEJ-UHFFFAOYSA-N,0,,,0,0,,,
3673,aminoxytriphene,COc1ccc(C(CN(C)C)=C(c2ccc(OC)cc2)c2ccc(OC)cc2)cc1,FRQGJOFRWIILCX-UHFFFAOYSA-N,0,,,0,0,,,
3674,amphotalide,Nc1ccc(OCCCCCN2C(=O)c3ccccc3C2=O)cc1,GIIGAFADHXYOPM-UHFFFAOYSA-N,0,,,0,0,,,
3675,amprotropine,CCN(CC)CC(C)(C)COC(=O)C(CO)c1ccccc1,ORXLOAFNULMXBG-UHFFFAOYSA-N,0,,,0,0,,,
3677,antrafenine,O=C(OCCN1CCN(c2cccc(C(F)(F)F)c2)CC1)c1ccccc1Nc1ccnc2cc(C(F)(F)F)ccc12,NWGGKKGAFZIVBJ-UHFFFAOYSA-N,0,,,1,0,,,
3678,apronal,C=CCC(C(=O)NC(N)=O)C(C)C,KSUUMAWCGDNLFK-UHFFFAOYSA-N,0,,,0,0,,,
3679,atrolactamide,CC(O)(C(N)=O)c1ccccc1,FWTXWYXPXGKVJG-UHFFFAOYSA-N,0,,,0,0,,,
3680,azacyclonol,OC(c1ccccc1)(c1ccccc1)C1CCNCC1,ZMISODWVFHHWNR-UHFFFAOYSA-N,0,,,0,4,HRH1;SCN1A;SCN2A;SCN3A,,
3681,benmoxin,CC(NNC(=O)c1ccccc1)c1ccccc1,BEWNZPMDJIGBED-UHFFFAOYSA-N,0,,,0,0,,,
3682,benzalamide,CC(=Cc1ccccc1)CC(N)=O,KAJZGRFYZKWYDX-UHFFFAOYSA-N,0,,,0,0,,,
3685,benzpiperylone,CN1CCC(n2[nH]c(-c3ccccc3)c(Cc3ccccc3)c2=O)CC1,KMGARVOVYXNAOF-UHFFFAOYSA-N,0,,,0,0,,,
3686,benzylsulfamide,NS(=O)(=O)c1ccc(NCc2ccccc2)cc1,HLIBJQGJVDHCNB-UHFFFAOYSA-N,0,,,0,4,CA1;CA12;CA2;CA9,,
3687,bietaserpine,CCN(CC)CCn1c2c(c3ccc(OC)cc31)CCN1C[C@H]3C[C@@H](OC(=O)c4cc(OC)c(OC)c(OC)c4)[C@H](OC)[C@@H](C(=O)OC)[C@H]3C[C@H]21,WFTSRDISOMSAQC-ZNFOTRSXSA-N,0,,,0,0,,,
3689,bropirimine,Nc1nc(-c2ccccc2)c(Br)c(=O)[nH]1,CIUUIPMOFZIWIZ-UHFFFAOYSA-N,0,,,0,1,XDH,,
3690,butacetin,CC(=O)Nc1ccc(OC(C)(C)C)cc1,QTNZYVAMNRDUAD-UHFFFAOYSA-N,0,,,0,0,,,
3691,butanilicaine,CCCCNCC(=O)Nc1c(C)cccc1Cl,VWYQKFLLGRBICZ-UHFFFAOYSA-N,0,,,0,0,,,
3692,butaverine,CCCCOC(=O)CC(c1ccccc1)N1CCCCC1,WQDZHQZKJMNOAY-UHFFFAOYSA-N,0,,,0,0,,,
3693,butazolamide,CCCC(=O)Nc1nnc(S(N)(=O)=O)s1,HZIYHIRJHYIRQO-UHFFFAOYSA-N,0,,,0,0,,,
3694,butidrine,CCC(C)NCC(O)c1ccc2c(c1)CCCC2,GVNYSERWAKVROD-UHFFFAOYSA-N,0,,,0,0,,,
3695,butobendine,CC[C@@H](COC(=O)c1cc(OC)c(OC)c(OC)c1)N(C)CCN(C)[C@@H](CC)COC(=O)c1cc(OC)c(OC)c(OC)c1,ZKSIPEYIAHUPNM-ZEQRLZLVSA-N,0,,,0,0,,,
3700,carbifene,CCOC(C(=O)N(C)CCN(C)CCc1ccccc1)(c1ccccc1)c1ccccc1,NQIZDFMZAXUZCZ-UHFFFAOYSA-N,0,,,0,0,,,
3701,carbocloral,CCOC(=O)NC(O)C(Cl)(Cl)Cl,ITMSAWKLJVGBIT-UHFFFAOYSA-N,0,,,0,0,,,
3702,carbubarb,CCCCC1(CCOC(N)=O)C(=O)NC(=O)NC1=O,ZWGPHQZXAPWKOV-UHFFFAOYSA-N,0,,,0,0,,,
3703,carfimate,C#CC(OC(N)=O)c1ccccc1,MTTYXGPMZKRTCI-UHFFFAOYSA-N,0,,,0,0,,,
3704,caroxazone,NC(=O)CN1Cc2ccccc2OC1=O,KYCBWEZLKCTALM-UHFFFAOYSA-N,0,,,0,0,,,
3705,carsalam,O=c1[nH]c(=O)c2ccccc2o1,OAYRYNVEFFWSHK-UHFFFAOYSA-N,0,,,0,0,,,
3706,cetoxime,N/C(CN(Cc1ccccc1)c1ccccc1)=N\O,GOAZMLKQUGCOPO-UHFFFAOYSA-N,1,YEAR INTRODUCED,1961-04-22,0,0,,,
3707,chlorthenoxazine,O=C1NC(CCCl)Oc2ccccc21,YEKMWXFHPZBZLR-UHFFFAOYSA-N,0,,,0,1,PARP1,,
3709,ciclosidomine,O=C([N-]c1c[n+](N2CCOCC2)no1)C1CCCCC1,AJPLPOWGYORUIF-UHFFFAOYSA-N,0,,,0,0,,,
3710,cicrotoic acid,CC(=CC(=O)O)C1CCCCC1,WVRIPRILKKOIQL-UHFFFAOYSA-N,0,,,0,0,,,
3711,cinmetacin,COc1ccc2c(c1)c(CC(=O)O)c(C)n2C(=O)/C=C/c1ccccc1,NKPPORKKCMYYTO-DHZHZOJOSA-N,0,,,0,0,,,
3712,cioteronel,CCC(CCCCC1CCC2CC(=O)CC12)OC,KDULJHFMZBRAHO-UHFFFAOYSA-N,0,,,0,0,,,
3713,ciramadol,CN(C)[C@@H](c1cccc(O)c1)[C@H]1CCCC[C@H]1O,UVTLONZTPXCUPU-ZNMIVQPWSA-N,0,,,0,1,OPRM1,OPRM1,
3714,clobenzepam,CN(C)CCN1C(=O)c2ccccc2Nc2cc(Cl)ccc21,IDWVKNARDDZONS-UHFFFAOYSA-N,0,,,0,0,,,
3715,clobenztropine,CN1[C@@H]2CC[C@H]1CC(OC(c1ccccc1)c1ccc(Cl)cc1)C2,OCAXFDULERPAJM-WHSGIHJSSA-N,0,,,0,0,,,
3716,clobuzarit,CC(C)(OCc1ccc(-c2ccc(Cl)cc2)cc1)C(=O)O,UGOFYAXVVVXMQT-UHFFFAOYSA-N,0,,,0,0,,,
3717,clomacran,CN(C)CCCC1c2ccccc2Nc2ccc(Cl)cc21,JFRLWWDJCFYFSU-UHFFFAOYSA-N,0,,,1,0,,,
3718,clopirac,Cc1cc(CC(=O)O)c(C)n1-c1ccc(Cl)cc1,SJCRQMUYEQHNTC-UHFFFAOYSA-N,0,,,0,0,,,
3721,coumetarol,COCC(c1c(O)c2ccccc2oc1=O)c1c(O)c2ccccc2oc1=O,BUCJFFQZPGTGPX-UHFFFAOYSA-N,0,,,0,0,,,
3722,cyclarbamate,O=C(Nc1ccccc1)OCC1(COC(=O)Nc2ccccc2)CCCC1,IRZVVDMCEZNNCW-UHFFFAOYSA-N,0,,,0,0,,,
3723,cyclopentobarbital,C=CCC1(C2C=CCC2)C(=O)NC(=O)NC1=O,XOVJAYNMQDTIJD-UHFFFAOYSA-N,0,,,0,0,,,
3724,diacetazotol,CC(=O)N(C(C)=O)c1ccc(/N=N/c2ccccc2C)cc1C,YIEDSISPYKQADU-FMQUCBEESA-N,0,,,0,0,,,
3725,dimazole,CCN(CC)CCOc1ccc2nc(N(C)C)sc2c1,WGMYEOIMVYADRJ-UHFFFAOYSA-N,0,,,1,0,,,
3726,diathymosulfone,Cc1cc(O)c(C(C)C)cc1N=Nc1ccc(S(=O)(=O)c2ccc(N=Nc3cc(C(C)C)c(O)cc3C)cc2)cc1,KHFUQWURHSKTPO-UHFFFAOYSA-N,0,,,0,0,,,
3728,dichlorophenarsine,Nc1cc([As](Cl)Cl)ccc1O,GCFPPDBNEBHYGT-UHFFFAOYSA-N,0,,,0,0,,,
3729,diethadione,CCC1(CC)COC(=O)NC1=O,ORTYMGHCFWKXHO-UHFFFAOYSA-N,0,,,0,0,,,
3730,dimepheptanol,CCC(O)C(CC(C)N(C)C)(c1ccccc1)c1ccccc1,QIRAYNIFEOXSPW-UHFFFAOYSA-N,0,,,0,0,,,
3731,dimethazan,CN(C)CCn1cnc2c1c(=O)n(C)c(=O)n2C,CMKUGKVVUUGBHJ-UHFFFAOYSA-N,0,,,0,0,,,
3732,dimorpholamine,CCCCN(CCN(CCCC)C(=O)N1CCOCC1)C(=O)N1CCOCC1,HZTMGWSBSDLALI-UHFFFAOYSA-N,1,PMDA,,0,0,,,
3733,dioxaphetyl butyrate,CCOC(=O)C(CCN1CCOCC1)(c1ccccc1)c1ccccc1,LQGIXNQCOXNCRP-UHFFFAOYSA-N,0,,,0,0,,,
3734,diperodon,O=C(Nc1ccccc1)OCC(CN1CCCCC1)OC(=O)Nc1ccccc1,YUGZHQHSNYIFLG-UHFFFAOYSA-N,0,,,0,3,SCN1A;SCN2A;SCN3A,,
3735,difemetorex,OCCN1CCCCC1C(c1ccccc1)c1ccccc1,UHZJPVXMMCFPNR-UHFFFAOYSA-N,0,,,0,0,,,
3736,diphenan,NC(=O)Oc1ccc(Cc2ccccc2)cc1,ZBJBRUSGEJORQL-UHFFFAOYSA-N,0,,,0,0,,,
3737,dipiproverine,O=C(OCCN1CCCCC1)C(c1ccccc1)N1CCCCC1,CGYQGGSMYNXXIV-UHFFFAOYSA-N,0,,,0,0,,,
3739,etoxazene,CCOc1ccc(N=Nc2ccc(N)cc2N)cc1,GAWOVNGQYQVFLI-UHFFFAOYSA-N,1,FDA,,0,0,,,
3740,ethylhydrocupreine,CCOc1ccc2nccc([C@@H](O)[C@@H]3C[C@@H]4CC[N@]3C[C@@H]4CC)c2c1,SUWZHLCNFQWNPE-LATRNWQMSA-N,0,,,0,0,,,
3741,etifelmine,CCC(CN)=C(c1ccccc1)c1ccccc1,WNKCJOWTKXGERE-UHFFFAOYSA-N,0,,,0,0,,,
3742,etymemazine,CCc1ccc2c(c1)N(CC(C)CN(C)C)c1ccccc1S2,USKHCLAXJXCWMO-UHFFFAOYSA-N,0,,,0,0,,,
3743,exiproben,CCCCCCOCC(O)COc1ccccc1C(=O)O,YTPJKQPMTSNTGI-UHFFFAOYSA-N,0,,,0,0,,,
3744,feclemine,CCN(CC)CC(CN(CC)CC)C(c1ccccc1)C1CCCCC1,QDMORDTWFMWOFA-UHFFFAOYSA-N,0,,,0,0,,,
3745,fenadiazole,Oc1ccccc1-c1nnco1,OINXXHYENYVYPB-UHFFFAOYSA-N,0,,,0,0,,,
3746,fencibutirol,CCC(C(=O)O)C1(O)CCC(c2ccccc2)CC1,HPLFQKUIHGZHPH-UHFFFAOYSA-N,0,,,0,0,,,
3747,fenethazine,CN(C)CCN1c2ccccc2Sc2ccccc21,PFAXACNYGZVKMX-UHFFFAOYSA-N,0,,,0,0,,,
3748,floredil,CCOc1cc(OCC)cc(OCCN2CCOCC2)c1,MXVLJFCCQMXEEE-UHFFFAOYSA-N,0,,,0,0,,,
3749,flumedroxone acetate,CC(=O)O[C@]1(C(C)=O)CC[C@H]2[C@@H]3C[C@H](C(F)(F)F)C4=CC(=O)CC[C@]4(C)[C@H]3CC[C@@]21C,MXZYUFNILISKBC-WXLIAARGSA-N,0,,,0,0,,,
3750,folescutol,O=c1cc(CN2CCOCC2)c2cc(O)c(O)cc2o1,FZRNEERXGKQYPH-UHFFFAOYSA-N,0,,,0,0,,,
3752,furfenorex,CC(Cc1ccccc1)N(C)Cc1ccco1,DLGIIZAHQPTVCJ-UHFFFAOYSA-N,0,,,0,0,,,
3755,homocamfin,CC1=CC(=O)CC(C(C)C)C1,XHJJEWBMBSQVCJ-UHFFFAOYSA-N,0,,,0,0,,,
3756,meladrazine,CCN(CC)c1nc(NN)nc(N(CC)CC)n1,IRQOBYXMACIFKD-UHFFFAOYSA-N,0,,,0,0,,,
3758,imiclopazine,CN1CCN(CCN2CCN(CCCN3c4ccccc4Sc4ccc(Cl)cc43)CC2)C1=O,OCDYNPAUUKDNOR-UHFFFAOYSA-N,0,,,0,0,,,
3759,iobenzamic acid,Nc1c(I)cc(I)c(C(=O)N(CCC(=O)O)c2ccccc2)c1I,FJYJNLIEGUTPIJ-UHFFFAOYSA-N,0,,,0,0,,,
3761,isopromethazine,CC(CN(C)C)N1c2ccccc2Sc2ccccc21,CGNHCKZJGQDWBG-UHFFFAOYSA-N,0,,,0,0,,,
3762,isovaleryl diethylamide,CCN(CC)C(=O)CC(C)C,QZMQDHNCNUGQSO-UHFFFAOYSA-N,0,,,0,0,,,
3765,leiopyrrole,CCN(CC)CCOc1ccccc1-n1c(C)ccc1-c1ccccc1,DQIUUHJEYNMMLD-UHFFFAOYSA-N,0,,,0,0,,,
3766,leucinocaine,CCN(CC)C(COC(=O)c1ccc(N)cc1)CC(C)C,MLHBDHJHNDJBLI-UHFFFAOYSA-N,0,,,0,0,,,
3767,mecloralurea,CNC(=O)NC(O)C(Cl)(Cl)Cl,BULMIDNYAWYAMZ-UHFFFAOYSA-N,0,,,0,0,,,
3768,medibazine,c1ccc(C(c2ccccc2)N2CCN(Cc3ccc4c(c3)OCO4)CC2)cc1,ORAUEDBBTFLQSK-UHFFFAOYSA-N,0,,,0,0,,,
3769,mefexamide,CCN(CC)CCNC(=O)COc1ccc(OC)cc1,HUNIPYLVUPMFCZ-UHFFFAOYSA-N,0,,,0,0,,,
3770,meprylcaine,CCCNC(C)(C)COC(=O)c1ccccc1,VXJABHHJLXLNMP-UHFFFAOYSA-N,0,,,0,3,SCN1A;SCN2A;SCN3A,,
3771,metabutoxycaine,CCCCOc1c(N)cccc1C(=O)OCCN(CC)CC,LJQWYEFHNLTPBZ-UHFFFAOYSA-N,0,,,0,0,,,
3772,metamfepramone,CC(C(=O)c1ccccc1)N(C)C,KBHMHROOFHVLBA-UHFFFAOYSA-N,0,,,0,0,,,
3773,methallatal,C=C(C)CC1(CC)C(=O)NC(=S)NC1=O,XMQICEWOKPEQRG-UHFFFAOYSA-N,0,,,0,0,,,
3775,furamicid,COCc1ccc([N+](=O)[O-])o1,JXUMCVDPMJWGSI-UHFFFAOYSA-N,0,,,0,0,,,
3778,bagrosin,CC1(c2ccc3ccc4ccccc4c3c2)NC(=O)NC1=O,ALBRKUHVWDVWRO-UHFFFAOYSA-N,0,,,0,0,,,
3781,diseptal B,CNS(=O)(=O)c1ccc(NS(=O)(=O)c2ccc(N)cc2)cc1,VJUSDOIKMJHJPN-UHFFFAOYSA-N,0,,,0,0,,,
3782,penmesterol,C[C@]12CCC(OC3CCCC3)=CC1=CC[C@@H]1[C@@H]2CC[C@@]2(C)[C@H]1CC[C@]2(C)O,ZUBDXGHKAAMAAA-RFXJPFPRSA-N,0,,,0,0,,,
3783,iproheptine,CC(C)CCCC(C)NC(C)C,NKGYBXHAQAKSSG-UHFFFAOYSA-N,0,,,0,0,,,
3784,meturedepa,CCOC(=O)NP(=O)(N1CC1(C)C)N1CC1(C)C,QTFKTBRIGWJQQL-UHFFFAOYSA-N,0,,,0,0,,,
3785,moquizone,O=C1c2ccccc2N(C(=O)CN2CCOCC2)CN1c1ccccc1,VCRQLDNIOXNDMT-UHFFFAOYSA-N,0,,,0,0,,,
3787,myrtecaine,CCN(CC)CCOCCC1=CC[C@H]2C[C@@H]1C2(C)C,BZRYYBWNOUALTQ-HOTGVXAUSA-N,0,,,0,1,KCNH2,,
3789,naepaine,CCCCCNCCOC(=O)c1ccc(N)cc1,UYXHCVFXDBNRQW-UHFFFAOYSA-N,0,,,0,0,,,
3790,nafiverine,CC(C(=O)OCCN1CCN(CCOC(=O)C(C)c2cccc3ccccc23)CC1)c1cccc2ccccc12,ZLFQARCCMWUSQE-UHFFFAOYSA-N,0,,,0,0,,,
3791,narcobarbital,C=C(Br)CC1(C(C)C)C(=O)NC(=O)N(C)C1=O,WGMASVSHOSNKMF-UHFFFAOYSA-N,0,,,0,0,,,
3792,nealbarbital,C=CCC1(CC(C)(C)C)C(=O)NC(=O)NC1=O,YHKPTICJRUESOY-UHFFFAOYSA-N,0,,,0,0,,,
3793,nicametate,CCN(CC)CCOC(=O)c1cccnc1,JVWOCHRRAWHKLT-UHFFFAOYSA-N,0,,,0,0,,,
3794,nidroxyzone,NC(=O)N(CCO)/N=C/c1ccc([N+](=O)[O-])o1,FJVAAURIDNIYAE-BJMVGYQFSA-N,0,,,0,0,,,
3795,nifuradene,O=C1NCCN1/N=C/c1ccc([N+](=O)[O-])o1,VSVAVMVWTLLTCH-BJMVGYQFSA-N,0,,,0,0,,,
3796,nifurprazine,Nc1ccc(/C=C/c2ccc([N+](=O)[O-])o2)nn1,XDWLRMBWIWKFNC-HNQUOIGGSA-N,0,,,0,0,,,
3798,norpipanone,CCC(=O)C(CCN1CCCCC1)(c1ccccc1)c1ccccc1,WCDSHELZWCOTMI-UHFFFAOYSA-N,0,,,0,0,,,
3800,octamoxin,CCCCCCC(C)NN,FODQIVGFADUBKE-UHFFFAOYSA-N,0,,,0,0,,,
3801,octamylamine,CC(C)CCCC(C)NCCC(C)C,RRWTWWBIHKIYTH-UHFFFAOYSA-N,0,,,0,0,,,
3802,oxabolone,C[C@]12CC[C@H]3[C@@H](CCC4=C(O)C(=O)CC[C@@H]43)[C@@H]1CC[C@@H]2O,GXHBCWCMYVTJOW-YGRHGMIBSA-N,0,,,0,0,,,
3803,oxaflumazine,FC(F)(F)c1ccc2c(c1)N(CCCN1CCN(CCC3OCCCO3)CC1)c1ccccc1S2,GXCXYCOOYDMQOK-UHFFFAOYSA-N,0,,,0,0,,,
3805,parethoxycaine,CCOc1ccc(C(=O)OCCN(CC)CC)cc1,OWWVHQUOYSPNNE-UHFFFAOYSA-N,0,,,0,3,SCN1A;SCN2A;SCN3A,,
3806,pentacynium chloride,C[N+](C)(CCCCC(C#N)(c1ccccc1)c1ccccc1)CC[N+]1(C)CCOCC1,GKPFBMQXTRZTOW-UHFFFAOYSA-N,0,,,0,0,,,charged_parent
3807,loprodiol,OCC(CO)(CCl)CCl,YFESJHPTNWYOCO-UHFFFAOYSA-N,0,,,0,0,,,
3808,pentamethonium bromide,C[N+](C)(C)CCCCC[N+](C)(C)C,XUSPWDAHGXSTHS-UHFFFAOYSA-N,0,,,0,0,,,charged_parent
3809,peruvoside,CO[C@H]1[C@H](O)[C@H](O[C@H]2CC[C@@]3(C=O)[C@H](CC[C@@H]4[C@@H]3CC[C@]3(C)[C@@H](C5=CC(=O)OC5)CC[C@]43O)C2)O[C@@H](C)[C@@H]1O,PMTSPAGBAFCORP-HBUONDEYSA-N,0,,,0,0,,,
3810,phenallymal,C=CCC1(c2ccccc2)C(=O)NC(=O)NC1=O,WOIGZSBYKGQJGL-UHFFFAOYSA-N,0,,,0,0,,,
3811,phenbutamide,CCCCNC(=O)NS(=O)(=O)c1ccccc1,AFOGBLYPWJJVAL-UHFFFAOYSA-N,0,,,0,0,,,
3812,phenobutiodil,CCC(Oc1c(I)cc(I)cc1I)C(=O)O,VYAGDYWTCWDKIS-UHFFFAOYSA-N,0,,,0,0,,,
3813,phenosulfazole,O=S(=O)(Nc1nccs1)c1ccc(O)cc1,JBACAGZMXLDQCR-UHFFFAOYSA-N,0,,,0,0,,,
3814,fenoxypropazine,CC(COc1ccccc1)NN,QNEXFJFTGQBXBJ-UHFFFAOYSA-N,0,,,1,0,,,
3815,heptobarbital,CC1(c2ccccc2)C(=O)NC(=O)NC1=O,LSAOZCAKUIANSQ-UHFFFAOYSA-N,0,,,0,0,,,
3816,phethenylate,O=C1NC(=O)C(c2ccccc2)(c2cccs2)N1,DCPACFSINCUFEC-UHFFFAOYSA-N,0,,,0,0,,,
3817,picilorex,CC1NC(C2CC2)CC1c1ccc(Cl)cc1,PZJBWSQQDMRZHY-UHFFFAOYSA-N,0,,,0,0,,,
3818,pimeclone,O=C1CCCCC1CN1CCCCC1,PRFPQYGTPKDLHJ-UHFFFAOYSA-N,0,,,0,0,,,
3819,pivhydrazine,CC(C)(C)C(=O)NNCc1ccccc1,FWWDFDMCZLOXQI-UHFFFAOYSA-N,0,,,0,0,,,
3820,prednisolamate,CCN(CC)CC(=O)OCC(=O)[C@@]1(O)CC[C@H]2[C@@H]3CCC4=CC(=O)C=C[C@]4(C)[C@H]3[C@@H](O)C[C@@]21C,ILZSJEITWDWIRX-FOMYWIRZSA-N,0,,,0,0,,,
3821,oxyclipine,CN1CCC[C@@H](OC(=O)C(O)(c2ccccc2)C2CCCCC2)C1,LCFBCKSQWVQIBY-QSVWIEALSA-N,0,,,0,0,,,
3822,propipocaine,CCCOc1ccc(C(=O)CCN2CCCCC2)cc1,STHAHFPLLHRRRO-UHFFFAOYSA-N,0,,,0,0,,,
3823,quinbolone,C[C@]12CC[C@H]3[C@@H](CCC4=CC(=O)C=C[C@@]43C)[C@@H]1CC[C@@H]2OC1=CCCC1,IUVKMZGDUIUOCP-BTNSXGMBSA-N,0,,,0,0,,,
3824,reposal,CCC1(C2=CC3CCC(C2)C3)C(=O)NC(=O)NC1=O,MKELYWOVSPVORM-UHFFFAOYSA-N,0,,,0,0,,,
3825,rescimetol,COC(=O)[C@H]1[C@H]2C[C@@H]3c4[nH]c5cc(OC)ccc5c4CCN3C[C@H]2C[C@@H](OC(=O)/C=C/c2ccc(O)c(OC)c2)[C@@H]1OC,MMUMZMIKZXSFSD-ADSVITMPSA-N,0,,,0,0,,,
3826,rotraxate,NC[C@H]1CC[C@H](C(=O)c2ccc(CCC(=O)O)cc2)CC1,NVBZUCIQNYPGCI-CTYIDZIISA-N,0,,,0,0,,,
3827,salacetamide,CC(=O)NC(=O)c1ccccc1O,JZWFDVDETGFGFC-UHFFFAOYSA-N,0,,,0,0,,,
3828,sancycline,CN(C)[C@@H]1C(O)=C(C(N)=O)C(=O)[C@@]2(O)C(O)=C3C(=O)c4c(O)cccc4C[C@H]3C[C@@H]12,XDVCLKFLRAWGIT-ADOAZJKMSA-N,0,,,0,0,,,
3830,sozoiodolic acid,O=S(=O)(O)c1cc(I)c(O)c(I)c1,WUFWNWSUSBGBSH-UHFFFAOYSA-N,0,,,0,0,,,
3832,subathizone,CCS(=O)(=O)c1ccc(/C=N/NC(N)=S)cc1,VUSKMERTTCJJPM-KPKJPENVSA-N,0,,,0,0,,,
3833,suclofenide,NS(=O)(=O)c1ccc(N2C(=O)CC(c3ccccc3)C2=O)c(Cl)c1,JUIHCCIFJCSFON-UHFFFAOYSA-N,0,,,0,0,,,
3835,sulfasomizole,Cc1cc(NS(=O)(=O)c2ccc(N)cc2)sn1,JVYKJZPZFIUYAB-UHFFFAOYSA-N,0,,,0,0,,,
3836,sulfasymazine,CCc1nc(CC)nc(NS(=O)(=O)c2ccc(N)cc2)n1,ZQMQGBHQZZQTJE-UHFFFAOYSA-N,0,,,0,0,,,
3839,tasosartan,Cc1nc(C)c2c(n1)N(Cc1ccc(-c3ccccc3-c3nnn[nH]3)cc1)C(=O)CC2,ADXGNEYLLLSOAR-UHFFFAOYSA-N,0,,,0,1,AGTR1,AGTR1,
3840,tetrabarbital,CCCC(CC)C1(CC)C(=O)NC(=O)NC1=O,ZLUNGGZJSQDFPH-UHFFFAOYSA-N,0,,,0,0,,,
3841,tevenel,NS(=O)(=O)c1ccc([C@@H](O)[C@@H](CO)NC(=O)C(Cl)Cl)cc1,HODRFAVLXIFVTR-RKDXNWHRSA-N,0,,,0,0,,,
3842,tigemonam,CC1(C)[C@H](NC(=O)/C(=N\OCC(=O)O)c2csc(N)n2)C(=O)N1OS(=O)(=O)O,VAMSVIZLXJOLHZ-QWFSEIHXSA-N,0,,,0,0,,,
3843,tinofedrine,C[C@H](NCC=C(c1ccsc1)c1ccsc1)[C@H](O)c1ccccc1,JQSHEDRVRBSFCZ-YWZLYKJASA-N,0,,,0,0,,,
3844,tiomesterone,CC(=O)S[C@H]1CC(=O)C=C2C[C@@H](SC(C)=O)[C@@H]3[C@H](CC[C@@]4(C)[C@H]3CC[C@]4(C)O)[C@]21C,YUOZKOLALXNELS-SQVYRKCQSA-N,0,,,0,0,,,
3845,trimethidinium,CC12CCC(C[N+](C)(CCC[N+](C)(C)C)C1)C2(C)C,GPUGLFZXYGTLBI-UHFFFAOYSA-N,0,,,0,0,,,charged_parent
3846,trospectomycin,CCCC[C@@H]1CC(=O)[C@]2(O)O[C@@H]3[C@@H](NC)[C@@H](O)[C@@H](NC)[C@H](O)[C@H]3O[C@@H]2O1,KHAUBYTYGDOYRU-IRXASZMISA-N,0,,,0,0,,,
3847,vanitiolide,COc1cc(C(=S)N2CCOCC2)ccc1O,WQYRHRAZNNRDIA-UHFFFAOYSA-N,0,,,0,0,,,
3848,velnacrine,Nc1c2c(nc3ccccc13)CCCC2O,HLVVITIHAZBPKB-UHFFFAOYSA-N,0,,,0,1,ACHE,,
3849,vinbarbital,CCC=C(C)C1(CC)C(=O)NC(=O)NC1=O,RAFOHKSPUDGZPR-UHFFFAOYSA-N,0,,,1,0,,,
3851,dexibuprofen,CC(C)Cc1ccc([C@H](C)C(=O)O)cc1,HEFNNWSXXWATRW-JTQLQIEISA-N,0,,,1,4,AKR1C2;AKR1C3;PTGS1;PTGS2,,
3855,docosanoic acid,CCCCCCCCCCCCCCCCCCCCCC(=O)O,UKMSUNONTOPOIO-UHFFFAOYSA-N,0,,,0,3,PPARA;PPARD;PPARG,,
3862,alitretinoin,CC1=C(/C=C/C(C)=C\C=C\C(C)=C\C(=O)O)C(C)(C)CCC1,SHGAZHPCJJPHSC-ZVCIMWCZSA-N,1,FDA,1999-02-02,1,10,NR1H2;NR1H3;NR4A1;RARA;RARB;RARG;RORC;RXRA;RXRB;RXRG,RARA;RARB;RARG;RXRA;RXRB;RXRG,
3871,artemisinin,C[C@@H]1CC[C@H]2[C@@H](C)C(=O)O[C@@H]3O[C@@]4(C)CC[C@@H]1[C@]32OO4,BLUAFEHZUWYNDE-NNWCWBAJSA-N,0,,,0,1,CYP1A2,,
3874,sodium gualenate,Cc1cc(S(=O)(=O)O)c2c(C)ccc(C(C)C)cc1-2,VIZXMHCBZLGUET-UHFFFAOYSA-N,1,YEAR INTRODUCED,1986-01-01,0,0,,,
3880,benidipine,COC(=O)C1=C(C)NC(C)=C(C(=O)O[C@@H]2CCCN(Cc3ccccc3)C2)C1c1cccc([N+](=O)[O-])c1,QZVNQOLPLYWLHQ-GEPVFLLWSA-N,1,YEAR INTRODUCED,1991-01-01,0,3,CACNA1C;CACNA1D;CACNA1H,CACNA1C;CACNA1D,
3881,benzydamine,CN(C)CCCOc1nn(Cc2ccccc2)c2ccccc12,CNBGNNVCVSKAQZ-UHFFFAOYSA-N,0,,,1,4,GUCY1A2;GUCY1A3;GUCY1B2;GUCY1B3,,
3883,biriperone,O=C(CCCN1CCN2Cc3[nH]c4ccccc4c3CC2C1)c1ccc(F)cc1,YCNCIZWAGQTWBI-UHFFFAOYSA-N,0,,,0,1,DRD3,,
3884,bucricaine,CCCCNc1c2c(nc3ccccc13)CCCC2,ZFPNOTAGQWNERF-UHFFFAOYSA-N,0,,,0,0,,,
3892,carbocysteine-lysine,NCCCC[C@H](NC(=O)[C@@H](N)CSCC(=O)O)C(=O)O,ZXFWVUHYOBPQHY-YUMQZZPRSA-N,0,,,0,0,,,
3906,glycerylphosphorylcholine,C[N+](C)(C)CCOP(=O)([O-])OCC(O)CO,SUHOQUVVVLNYQR-UHFFFAOYSA-N,0,,,0,0,,,
3908,ciclonicate,C[C@@H]1C[C@@H](OC(=O)c2cccnc2)CC(C)(C)C1,GQSGZTBDVNUIQS-DGCLKSJQSA-N,0,,,0,0,,,
3909,clindamycin phosphate,CCC[C@@H]1C[C@@H](C(=O)N[C@@H]([C@H]2O[C@H](SC)[C@H](OP(=O)(O)O)[C@@H](O)[C@H]2O)[C@H](C)Cl)N(C)C1,UFUVLHLTWXBHGZ-MGZQPHGTSA-N,1,FDA,1972-10-02,1,0,,,
3911,clobetasone butyrate,CCCC(=O)O[C@]1(C(=O)CCl)[C@@H](C)C[C@H]2[C@@H]3CCC4=CC(=O)C=C[C@]4(C)[C@@]3(F)C(=O)C[C@@]21C,FBRAWBYQGRLCEK-AVVSTMBFSA-N,1,PMDA,,1,1,NR3C1,NR3C1,
3912,clorotepine,CN1CCN(C2Cc3ccccc3Sc3ccc(Cl)cc32)CC1,XRYLGRGAWQSVQW-UHFFFAOYSA-N,0,,,0,8,DRD2;DRD3;DRD4;HRH1;HTR2C;HTR6;KCNK9;TAAR1,,
3920,dexamethasone phosphate,C[C@@H]1C[C@H]2[C@@H]3CCC4=CC(=O)C=C[C@]4(C)[C@@]3(F)[C@@H](O)C[C@]2(C)[C@@]1(O)C(=O)COP(=O)(O)O,VQODGRNSFPNSQE-CXSFZGCWSA-N,1,FDA,1959-09-02,1,4,AR;NR3C1;NR3C2;PGR,NR3C1,
3927,androstanolone,C[C@]12CCC(=O)C[C@@H]1CC[C@@H]1[C@@H]2CC[C@]2(C)[C@@H](O)CC[C@@H]12,NVKAWKQGWWIWPM-ABEVXSGRSA-N,0,,,0,7,AR;CYP19A1;NR3C1;NR3C2;PGR;SERPINA6;SHBG,,
3931,dolasetron,O=C(O[C@H]1C[C@H]2CC3C[C@@H](C1)N2CC3=O)c1c[nH]c2ccccc12,UKTAZPQNNNJVKR-MMUVGSQPSA-N,1,FDA,1997-09-11,1,2,HTR3A;KCNH2,HTR3A,
3940,davercin,CC[C@H]1OC(=O)[C@H](C)[C@@H](O[C@H]2C[C@@](C)(OC)[C@@H](O)[C@H](C)O2)[C@H](C)[C@@H](O[C@@H]2O[C@H](C)C[C@H](N(C)C)[C@H]2O)[C@](C)(O)C[C@@H](C)C(=O)[C@H](C)[C@H]2OC(=O)O[C@@]21C,NKLGIWNNVDPGCA-ZDYKNUMJSA-N,0,,,0,0,,,
3943,ethinylestradiol sulfonate,C#C[C@]1(O)CC[C@H]2[C@@H]3CCc4cc(OS(=O)(=O)C(C)C)ccc4[C@H]3CC[C@@]21C,KPEUDULLQDHKAZ-VROINQGHSA-N,0,,,0,0,,,
3944,etoposide phosphate,COc1cc([C@@H]2c3cc4c(cc3[C@@H](O[C@@H]3O[C@@H]5CO[C@@H](C)O[C@H]5[C@H](O)[C@H]3O)[C@H]3COC(=O)[C@H]23)OCO4)cc(OC)c1OP(=O)(O)O,LIQODXNTTZAGID-OCBXBXKTSA-N,1,FDA,1996-05-17,1,1,TOP2A,TOP2A,
3952,guanabenz,N=C(N)N/N=C/c1c(Cl)cccc1Cl,WDZVGELJXXEGPV-YIXHJXPBSA-N,1,FDA,1982-09-07,1,12,ADRA1D;ADRA2A;ADRA2B;ADRA2C;HTR1A;HTR2A;HTR2B;HTR2C;MAOA;NISCH;SLC22A1;TAAR1,ADRA2A;ADRA2B;ADRA2C,
3956,hidrosmin,COc1ccc(-c2cc(=O)c3c(OCCO)cc(O[C@@H]4O[C@H](CO[C@@H]5O[C@@H](C)[C@H](O)[C@@H](O)[C@H]5O)[C@@H](O)[C@H](O)[C@H]4O)cc3o2)cc1O,XYFLWVOTXWXNAM-WTNNCJBMSA-N,0,,,0,0,,,
3959,hydrocortisone butyrate,CCCC(=O)O[C@]1(C(=O)CO)CC[C@H]2[C@@H]3CCC4=CC(=O)CC[C@]4(C)[C@H]3[C@@H](O)C[C@@]21C,BMCQMVFGOVHVNG-TUFAYURCSA-N,1,FDA,1982-03-31,1,1,NR3C1,NR3C1,
3961,ilaprazole,COc1ccnc(CS(=O)c2nc3cc(-n4cccc4)ccc3[nH]2)c1C,HRRXCXABAPSOCP-UHFFFAOYSA-N,1,Korean Food and Drug Administration (KFDA),2008-10-28,0,2,ATP4A;ATP4B,ATP4A;ATP4B,
3966,iodoxamic acid,O=C(CCOCCOCCOCCOCCC(=O)Nc1c(I)cc(I)c(C(=O)O)c1I)Nc1c(I)cc(I)c(C(=O)O)c1I,WWVAPFRKZMUPHZ-UHFFFAOYSA-N,1,FDA,1981-08-14,1,0,,,
3975,keracyanin,C[C@@H]1O[C@@H](OC[C@H]2O[C@@H](Oc3cc4c(O)cc(O)cc4[o+]c3-c3ccc(O)c(O)c3)[C@H](O)[C@@H](O)[C@@H]2O)[C@H](O)[C@H](O)[C@H]1O,USNPULRDBDVJAO-FXCAAIILSA-O,0,,,0,0,,,charged_parent
3976,kinetin,c1coc(CNc2[nH]cnc3ncnc2-3)c1,QANMHLXAZMSUEX-UHFFFAOYSA-N,1,FDA,,0,0,,,
3977,kojic acid,O=c1cc(CO)occ1O,BEJNERDRQOWKJM-UHFFFAOYSA-N,0,,,0,2,DAO;TYR,,
3979,lanoconazole,N#C/C(=C1/SCC(c2ccccc2Cl)S1)n1ccnc1,ZRTQSJFIDWNVJW-WYMLVPIESA-N,0,,,0,0,,,
3981,levomoprolol,COc1ccccc1OC[C@@H](O)CNC(C)C,LFTFGCDECFPSQD-NSHDSACASA-N,0,,,0,0,,,
3983,lomifylline,CC(=O)CCCCn1cnc2c1c(=O)n(C)c(=O)n2C,XBEDAMVJWVPVDS-UHFFFAOYSA-N,0,,,0,0,,,
3986,mabuprofen,CC(C)Cc1ccc(C(C)C(=O)NCCO)cc1,JVGUNCHERKJFCM-UHFFFAOYSA-N,0,,,0,0,,,
3991,iotroxic acid,O=C(COCCOCCOCC(=O)Nc1c(I)cc(I)c(C(=O)O)c1I)Nc1c(I)cc(I)c(C(=O)O)c1I,JXMIBUGMYLQZGO-UHFFFAOYSA-N,0,,,0,0,,,
3995,meldonium,C[N+](C)(C)NCCC(=O)[O-],PVBQYTCFVWZSJK-UHFFFAOYSA-N,0,,,0,1,BBOX1,,
3996,milverine,c1ccc(C(CCNc2ccncc2)c2ccccc2)cc1,KMZHYAUKFHLFNY-UHFFFAOYSA-N,0,,,0,0,,,
3998,octanoic acid,CCCCCCCC(=O)O,WWZKQHOCKIZLMA-UHFFFAOYSA-N,0,,,0,1,GPR84,,
3999,perflubutane,FC(F)(F)C(F)(F)C(F)(F)C(F)(F)F,KAVGMUDTWQVPDF-UHFFFAOYSA-N,0,,,0,0,,,
4002,niperotidine,CN(C)Cc1ccc(CSCCNC(=C[N+](=O)[O-])NCc2ccc3c(c2)OCO3)o1,HXRSXEDVVARPHP-UHFFFAOYSA-N,0,,,0,1,HRH2,HRH2,
4003,nitroxazepine,CN(C)CCCN1C(=O)c2cc([N+](=O)[O-])ccc2Oc2ccccc21,CGYWLLGTCBIGSR-UHFFFAOYSA-N,0,,,0,0,,,
4004,mozavaptan,Cc1ccccc1C(=O)Nc1ccc(C(=O)N2CCCC(N(C)C)c3ccccc32)cc1,WRNXUQJJCIZICJ-UHFFFAOYSA-N,1,PMDA,2006-07-26,1,4,AVPR1A;AVPR1B;AVPR2;OXTR,AVPR2,
4005,oxantel,CN1CCCN=C1/C=C/c1cccc(O)c1,VRYKTHBAWRESFI-VOTSOKGWSA-N,0,,,0,0,,,
4006,oxitriptan,N[C@@H](Cc1c[nH]c2ccc(O)cc12)C(=O)O,LDCYZAJDBXYCGN-VIFPVBQESA-N,0,,,0,5,HTR1A;HTR2A;HTR2B;HTR2C;HTR7,,
4020,sodium stibogluconate,O=C(O)[C@@H]1[O][Sb](=[O])([O][Sb]2(=[O])[O][C@H]([C@H](O)CO)[C@H](O)[C@H](C(=O)O)[O]2)[O][C@H]([C@H](O)CO)[C@@H]1O,PFOYFBYIHCVQGB-XCCFGPONSA-N,0,,,0,0,,,
4023,promestriene,CCCOc1ccc2c(c1)CC[C@@H]1[C@@H]2CC[C@]2(C)[C@@H](OC)CC[C@@H]12,IUWKNLFTJBHTSD-AANPDWTMSA-N,0,,,0,0,,,
4024,propylene glycol,CC(O)CO,DNIAPMSPPWPWGF-UHFFFAOYSA-N,1,FDA,,0,0,,,
4025,propenidazole,CCOC(=O)/C(=C/c1ncc([N+](=O)[O-])n1C)C(C)=O,GCHKUUOPYMFGEY-VMPITWQZSA-N,0,,,0,0,,,
4031,razoxane,CC(CN1CC(=O)NC(=O)C1)N1CC(=O)NC(=O)C1,BMKDZUISNHGIBY-UHFFFAOYSA-N,0,,,1,0,,,
4032,rimazolium,CCOC(=O)c1c[n+](C)c2n(c1=O)C(C)CCC2,JOWRFSPJFXLGGY-UHFFFAOYSA-N,0,,,0,0,,,charged_parent
4033,riodoxol,Oc1c(I)cc(I)c(O)c1I,XKFZYVWWXHCHIX-UHFFFAOYSA-N,0,,,0,0,,,
4039,sulfur hexafluoride,FS(F)(F)(F)(F)F,SFZCNBIFKDRMGX-UHFFFAOYSA-N,1,FDA,2014-10-10,1,0,,,inorganic
4040,levocarnitine propionate,CCC(=O)O[C@H](CC(=O)O)C[N+](C)(C)C,UFAHZIUFPNSHSL-MRVPVSSYSA-O,0,,,0,0,,,charged_parent
4049,prasterone sulfate,C[C@]12CC[C@H](OS(=O)(=O)O)CC1=CC[C@@H]1[C@@H]2CC[C@]2(C)C(=O)CC[C@@H]12,CZWCKYRVOZZJNM-USOAJAOKSA-N,0,,,0,0,,,
4050,spaglumic acid,CC(=O)N[C@@H](CC(=O)N[C@@H](CCC(=O)O)C(=O)O)C(=O)O,GUCKKCMJTSNWCU-BQBZGAKWSA-N,0,,,0,1,GRM3,,
4052,sulbenicillin,CC1(C)S[C@@H]2[C@H](NC(=O)[C@@H](c3ccccc3)S(=O)(=O)O)C(=O)N2[C@H]1C(=O)O,JETQIUPBHQNHNZ-NJBDSQKTSA-N,0,,,0,0,,,
4053,garenoxacin,C[C@H]1NCc2cc(-c3ccc4c(=O)c(C(=O)O)cn(C5CC5)c4c3OC(F)F)ccc21,NJDRXTDGYFKORP-LLVKDONJSA-N,1,PMDA,2007-05-30,1,0,,,
4055,baicalin,O=C(O)[C@H]1O[C@@H](Oc2cc3oc(-c4ccccc4)cc(=O)c3c(O)c2O)[C@H](O)[C@@H](O)[C@@H]1O,IKIIZLYTISPENI-ZFORQUDYSA-N,0,,,0,19,CDK1;GABRA1;GABRA2;GABRA3;GABRA4;GABRA5;GABRA6;GABRB1;GABRB2;GABRB3;GABRD;GABRE;GABRG1;GABRG2;GABRG3;GABRP;GABRQ;KDM1A;PREP,,
4059,selenium (75Se) tauroselcholic acid,C[C@H](C[75Se]CC(=O)NCCS(=O)(=O)O)[C@H]1CC[C@H]2[C@@H]3[C@H](O)C[C@@H]4C[C@H](O)CC[C@]4(C)[C@H]3C[C@H](O)[C@]12C,JCMLWGQJPSGGEI-DJQDYNOGSA-N,0,,,0,0,,,
4061,timolol,CC(C)(C)NC[C@H](O)COc1nsnc1N1CCOCC1,BLJRIMJGRPQVNF-JTQLQIEISA-N,1,FDA;PMDA,1978-08-17,1,4,ADRB1;ADRB2;ADRB3;HTR1A,ADRB1;ADRB2,
4062,tinazoline,c1ccc2c(SC3=NCCN3)c[nH]c2c1,JENBDJGHNIOHAJ-UHFFFAOYSA-N,0,,,0,0,,,
4063,tirilazad,C[C@@H]1C[C@H]2[C@@H]3CCC4=CC(=O)C=C[C@]4(C)C3=CC[C@]2(C)[C@H]1C(=O)CN1CCN(c2cc(N3CCCC3)nc(N3CCCC3)n2)CC1,RBKASMJPSJDQKY-RBFSKHHSSA-N,0,,,0,11,ADRA2C;ADRB2;EGFR;FYN;HRH2;HTR2A;HTR2B;HTR2C;LCK;MAPK14;MAPK3,,
4064,tixocortol,CC(C)(C)C(=O)SCC(=O)[C@@]1(O)CC[C@H]2[C@@H]3CCC4=CC(=O)CC[C@]4(C)[C@H]3[C@@H](O)C[C@@]21C,BISFDZNIUZIKJD-XDANTLIUSA-N,0,,,0,0,,,
4067,triamcinolone benetonide,CC(CNC(=O)c1ccccc1)C(=O)OCC(=O)[C@@]12OC(C)(C)O[C@@H]1C[C@H]1[C@@H]3CCC4=CC(=O)C=C[C@]4(C)[C@@]3(F)[C@@H](O)C[C@@]12C,GUYPYYARYIIWJZ-CYEPYHPTSA-N,0,,,0,0,,,
4072,ascorbic acid,O=C1O[C@H]([C@@H](O)CO)C(O)=C1O,CIWBSHSKHKDKBQ-JLAZNSOCSA-N,1,FDA,,1,5,P4HA1;PLOD1;SLC23A1;SLC23A2;TYR,,
4074,minodronic acid,O=P(O)(O)C(O)(Cc1cnc2ccccn12)P(=O)(O)O,VMMKGHQPQIEGSQ-UHFFFAOYSA-N,1,PMDA,2011-07-11,1,2,FDPS;GGPS1,,
4075,zuclopenthixol acetate,CC(=O)OCCN1CCN(CC/C=C2/c3ccccc3Sc3ccc(Cl)cc32)CC1,OXAUOBQMCDIVPQ-IOXNKQMXSA-N,0,,,0,0,,,
4079,fabomotizole,CCOc1ccc2[nH]c(SCCN3CCOCC3)nc2c1,WWNUCVSRRUDYPP-UHFFFAOYSA-N,0,,,0,0,,,
4099,levamlodipine,CCOC(=O)C1=C(COCCN)NC(C)=C(C(=O)OC)[C@@H]1c1ccccc1Cl,HTIQEAQVCYTUBX-KRWDZBQOSA-N,0,,,1,2,CACNA1C;CACNA1D,CACNA1C;CACNA1D,
4108,zinostatin,CN[C@H]1[C@@H](O[C@@H]2/C3=C/C#C[C@H]4O[C@@]4([C@H]4COC(=O)O4)C#CC3=C[C@H]2OC(=O)c2c(O)ccc3c(C)cc(OC)cc23)O[C@H](C)[C@H](O)[C@@H]1O,QZGIWPZCWHMVQL-UIYAJPBUSA-N,0,,,0,0,,,
4109,dronabinol,CCCCCc1cc(O)c2c(c1)OC(C)(C)[C@@H]1CCC(C)=C[C@@H]21,CYQFCXCEBYINGO-IAGOWNOFSA-N,1,FDA,1985-05-31,1,9,CNR1;CNR2;DRD3;GLRA1;GLRA2;GLRA3;GPR18;GPR55;TRPA1,CNR1,
4110,tolvaptan,Cc1ccccc1C(=O)Nc1ccc(C(=O)N2CCCC(O)c3cc(Cl)ccc32)c(C)c1,GYHCTFXIZSNGJT-UHFFFAOYSA-N,1,EMA;FDA;PMDA,2009-05-19,1,2,AVPR1A;AVPR2,AVPR2,
4111,besifloxacin,N[C@@H]1CCCCN(c2c(F)cc3c(=O)c(C(=O)O)cn(C4CC4)c3c2Cl)C1,QFFGVLORLPOAEC-SNVBAGLBSA-N,1,FDA,2009-05-28,1,0,,,
4112,dronedarone,CCCCc1oc2ccc(NS(C)(=O)=O)cc2c1C(=O)c1ccc(OCCCN(CCCC)CCCC)cc1,ZQTNQVWKHCQYLQ-UHFFFAOYSA-N,1,FDA,2009-07-01,1,10,CACNG1;HCN1;HCN2;HCN3;HCN4;KCNA5;KCNH2;KCNQ2;THAP1;THRA,HCN1;HCN2;HCN3;HCN4,
4113,prasugrel,CC(=O)Oc1cc2c(s1)CCN(C(C(=O)C1CC1)c1ccccc1F)C2,DTGLZDAWLRGWQN-UHFFFAOYSA-N,1,EMA;FDA,2009-02-24,1,1,P2RY12,P2RY12,
4114,saxagliptin,N#C[C@@H]1C[C@@H]2C[C@@H]2N1C(=O)[C@@H](N)C12CC3CC(CC(O)(C3)C1)C2,QGJUIPDUBHWZPV-SGTAVMJGSA-N,1,FDA,2009-07-31,1,5,ABCB1;CYP3A4;DPP4;DPP8;DPP9,DPP4,
4115,asenapine,CN1CC2c3ccccc3Oc3ccc(Cl)cc3C2C1,VSWBSWWIRNCQIJ-UHFFFAOYSA-N,1,FDA,2009-08-13,1,30,ADRA1A;ADRA1B;ADRA2A;ADRA2B;ADRA2C;ADRB1;ADRB2;CHRM1;CHRM2;CHRM3;CHRM5;DRD1;DRD2;DRD3;DRD4;DRD5;HRH1;HRH2;HTR1A;HTR1B;HTR1D;HTR1E;HTR2A;HTR2B;HTR2C;HTR3A;HTR5A;HTR6;HTR7;SLC6A3,DRD2;HTR2A,
4116,telavancin,CCCCCCCCCCNCCN[C@@]1(C)C[C@H](O[C@H]2[C@H](Oc3c4cc5cc3Oc3ccc(cc3Cl)[C@@H](O)[C@@H](NC(=O)[C@@H](CC(C)C)NC)C(=O)N[C@@H](CC(N)=O)C(=O)N[C@H]5C(=O)N[C@H]3C(=O)N[C@H](C(=O)N[C@H](C(=O)O)c5cc(O)c(CNCP(=O)(O)O)c(O)c5-c5cc3ccc5O)[C@H](O)c3ccc(c(Cl)c3)O4)O[C@H](CO)[C@@H](O)[C@@H]2O)O[C@@H](C)[C@H]1O,ONUMZHGUFYIKPM-MXNFEBESSA-N,1,FDA,2009-09-11,1,0,,,
4117,pralatrexate,C#CCC(Cc1cnc2nc(N)nc(N)c2n1)c1ccc(C(=O)N[C@@H](CCC(=O)O)C(=O)O)cc1,OGSBUKJUDHAQEA-WMCAAGNKSA-N,1,FDA;PMDA,2009-09-24,1,4,DHFR;FOLR1;SLC19A1;SLC46A1,DHFR,
4118,pazopanib,Cc1ccc(Nc2nccc(N(C)c3ccc4c(C)n(C)nc4c3)n2)cc1S(N)(=O)=O,CUIHSIWYWATEQL-UHFFFAOYSA-N,1,EMA;FDA,2009-10-19,1,105,AAK1;ABL1;ABL2;ACHE;ACVR2B;ALK;AURKA;AURKC;BLK;BMP2K;BMPR1B;BRAF;CAMK1;CAMK1G;CDK11A;CDK11B;CDK16;CSF1R;DDR1;DDR2;EIF2AK2;EPHB6;FER;FES;FGFR1;FGFR2;FGFR3;FGFR4;FGR;FLT1;FLT3;FLT4;FRK;FYN;GAK;HCK;IRAK1;IRAK3;ITK;JAK2;JAK3;KDR;KIT;LCK;LIMK1;LIMK2;LTK;LYN;MAP2K4;MAP2K5;MAP2K6;MAP3K1;MAP3K10;MAP3K11;MAP3K19;MAP3K2;MAP3K9;MAP4K1;MAP4K2;MAP4K3;MAP4K4;MAP4K5;MAPK10;MAPK8;MARK3;MERTK;MET;MYLK2;NEK2;NEK5;NLK;PDGFRA;PDGFRB;PI4KB;PIP4K2C;PIP5K1C;PLK4;PTK6;RAF1;RET;RIOK2;RIPK1;RIPK2;ROS1;SIK1;SIK2;SLK;SRC;SRMS;STK10;STK16;STK36;SYK;TAOK1;TAOK2;TAOK3;TEK;TGFBR2;TIE1;TNIK;TNK1;TTK;TXK;TYK2;YES1,CSF1R;FGFR1;FGFR3;FLT1;FLT4;ITK;KDR;KIT;LCK;PDGFRA;PDGFRB,
4119,romidepsin,C/C=C1\NC(=O)[C@H]2CSSCC/C=C/[C@H](CC(=O)N[C@H](C(C)C)C(=O)N2)OC(=O)[C@H](C(C)C)NC1=O,OHRURASPPZQGQM-GCCNXGTGSA-N,1,FDA;PMDA,2009-11-05,1,14,BRD4;HDAC1;HDAC10;HDAC11;HDAC2;HDAC3;HDAC4;HDAC5;HDAC6;HDAC7;HDAC8;HDAC9;NCOR1;NCOR2,HDAC1;HDAC10;HDAC11;HDAC2;HDAC3;HDAC4;HDAC5;HDAC6;HDAC7;HDAC8;HDAC9,
4120,dexfosfoserine,N[C@@H](COP(=O)(O)O)C(=O)O,BZQFBWGGLXLEPQ-REOHCLBHSA-N,0,,,0,4,GRM4;GRM6;GRM7;GRM8,,
4123,lubiprostone,CCCCC(F)(F)[C@@]1(O)CC[C@H]2[C@@H](CC(=O)[C@@H]2CCCCCCC(=O)O)O1,WGFOBBZOWHGYQH-MXHNKVEKSA-N,1,FDA,2006-01-31,1,1,CLCN2,CLCN2,
4124,vorinostat,O=C(CCCCCCC(=O)Nc1ccccc1)NO,WAEXFXRVDQXREF-UHFFFAOYSA-N,1,FDA,2006-10-06,1,16,BRD4;HDAC1;HDAC10;HDAC11;HDAC2;HDAC3;HDAC4;HDAC5;HDAC6;HDAC7;HDAC8;HDAC9;KDM4E;LTA4H;NCOR1;NCOR2,HDAC1;HDAC2;HDAC3;HDAC6,
4125,proline,O=C(O)[C@@H]1CCCN1,ONIBWKKTOPOVIA-BYPYZUCNSA-N,1,FDA,,0,1,ACE,,
4126,asparagine,NC(=O)C[C@H](N)C(=O)O,DCXYFEDJOCDNAF-REOHCLBHSA-N,0,,,0,0,,,
4127,serine,N[C@@H](CO)C(=O)O,MTCFGRXMJLQNBG-REOHCLBHSA-N,1,FDA,,0,0,,,
4128,valine,CC(C)[C@H](N)C(=O)O,KZSNJWFQEVHDMF-BYPYZUCNSA-N,1,FDA,,0,1,SLC7A5,,
4129,isoleucine,CC[C@H](C)[C@H](N)C(=O)O,AGPKZVBTJJNPAG-WHFBIAKZSA-N,1,FDA,,0,0,,,
4130,cystine,N[C@@H](CSSC[C@H](N)C(=O)O)C(=O)O,LEVWYRKDKASIDU-IMJSIDKUSA-N,0,,,0,0,,,
4134,pyridoxal,Cc1ncc(CO)c(C=O)c1O,RADKZDMFGJYCBB-UHFFFAOYSA-N,0,,,0,1,AOX1,,
4135,lisdexamfetamine,C[C@@H](Cc1ccccc1)NC(=O)[C@@H](N)CCCCN,VOBHXZCDAVEXEY-JSGCOSHPSA-N,1,FDA,2007-02-23,1,3,SLC18A2;SLC6A2;SLC6A3,SLC18A2;SLC6A2;SLC6A3,
4137,paliperidone,Cc1nc2n(c(=O)c1CCN1CCC(c3noc4cc(F)ccc34)CC1)CCCC2O,PMXMIIMHBWHSKN-UHFFFAOYSA-N,1,EMA;FDA,2006-12-19,1,28,ADRA1A;ADRA1B;ADRA2A;ADRA2B;ADRA2C;ADRB1;ADRB2;DRD1;DRD2;DRD3;DRD4;DRD5;HRH1;HRH2;HRH4;HTR1A;HTR1B;HTR1D;HTR1E;HTR2A;HTR2B;HTR2C;HTR5A;HTR6;HTR7;KCNH2;PTGER3;SLC6A4,DRD2;HTR2A,
4138,gentian violet,CN(C)c1ccc(C(=C2C=CC(=[N+](C)C)C=C2)c2ccc(N(C)C)cc2)cc1,LGLFFNDHMLKUMI-UHFFFAOYSA-N,1,FDA,,1,25,ACHE;ADORA2A;ADORA3;ADRA1D;ADRA2A;ADRA2B;ADRA2C;CHRM1;CHRM2;CHRM3;CHRM4;CHRM5;CYP2D6;CYP3A4;DRD1;DRD2;DRD3;EGFR;FYN;HRH2;HTR2A;OPRK1;OPRM1;SLC6A3;TACR2,,charged_parent
4140,nadide,NC(=O)c1ccc[n+]([C@@H]2O[C@H](COP(=O)([O-])OP(=O)(O)OC[C@H]3O[C@@H](n4cnc5c(N)ncnc54)[C@H](O)[C@@H]3O)[C@@H](O)[C@H]2O)c1,BAWFJGJZGIEFAR-NNYOXOHSSA-N,1,FDA,,0,0,,,
4141,udenafil,CCCOc1ccc(S(=O)(=O)NCCC2CCCN2C)cc1-c1nc(=O)c2c([nH]1)c(CCC)nn2C,IYFNEFQTYQPVOC-UHFFFAOYSA-N,1,Korean Food and Drug Administration (KFDA),2005-12-31,0,2,ABCB1;PDE5A,PDE5A,
4143,darunavir,CC(C)CN(C[C@@H](O)[C@H](Cc1ccccc1)NC(=O)O[C@H]1CO[C@H]2OCC[C@H]21)S(=O)(=O)c1ccc(N)cc1,CJBJHOAVZSMMDJ-HEXNFIEUSA-N,1,EMA;FDA,2006-06-23,1,1,ABCB1,,
4145,lutein,CC1=C[C@H](O)CC(C)(C)[C@H]1/C=C/C(C)=C/C=C/C(C)=C/C=C/C=C(C)/C=C/C=C(C)/C=C/C1=C(C)C[C@@H](O)CC1(C)C,KBPHJBAIARWVSC-RGZFRNHPSA-N,1,FDA,,0,0,,,
4146,testosterone propionate,CCC(=O)O[C@H]1CC[C@H]2[C@@H]3CCC4=CC(=O)CC[C@]4(C)[C@H]3CC[C@]12C,PDMMFKSKQVNJMI-BLQWBTBKSA-N,1,FDA,1974-05-02,1,2,AR;CYP17A1,AR,
4148,epicriptine,CC[C@@H](C)[C@H]1C(=O)N2CCC[C@H]2[C@]2(O)O[C@](NC(=O)[C@@H]3C[C@@H]4c5cccc6[nH]cc(c56)C[C@H]4N(C)C3)(C(C)C)C(=O)N12,SBFXHXZNBNFPHV-PXXBSISHSA-N,1,FDA,,0,0,,,
4149,doripenem,C[C@@H](O)[C@H]1C(=O)N2C(C(=O)O)=C(S[C@@H]3CN[C@H](CNS(N)(=O)=O)C3)[C@H](C)[C@H]12,AVAACINZEOAHHE-VFZPANTDSA-N,1,FDA,2007-10-12,1,0,,,
4150,rimonabant,Cc1c(C(=O)NN2CCCCC2)nn(-c2ccc(Cl)cc2Cl)c1-c1ccc(Cl)cc1,JZCPYUJPEARBJL-UHFFFAOYSA-N,1,EMA,2006-06-19,1,6,ACHE;CNR1;CNR2;GPR18;GPR55;KCNH2,CNR1,
4151,silodosin,C[C@H](Cc1cc2c(c(C(N)=O)c1)N(CCCO)CC2)NCCOc1ccccc1OCC(F)(F)F,PNCPYILNMDWPEY-QGZVFWFLSA-N,1,EMA;FDA,2008-10-08,1,5,ABCB1;ADRA1A;ADRA1B;ADRA1D;KCNH2,ADRA1A,
4152,permethrin,CC1(C)C(C=C(Cl)Cl)C1C(=O)OCc1cccc(Oc2ccccc2)c1,RLLPVAHGXHCWKJ-UHFFFAOYSA-N,1,FDA,1986-03-31,1,0,,,
4153,cabazitaxel,CO[C@H]1C(=O)[C@]2(C)[C@@H](OC)C[C@H]3OC[C@@]3(OC(C)=O)[C@H]2[C@H](OC(=O)c2ccccc2)[C@]2(O)C[C@H](OC(=O)[C@H](O)[C@@H](NC(=O)OC(C)(C)C)c3ccccc3)C(C)=C1C2(C)C,BMQGVNUXMIRLCK-OAGWZNDDSA-N,1,FDA,2010-06-17,1,9,TUBB;TUBB1;TUBB2A;TUBB2B;TUBB3;TUBB4A;TUBB4B;TUBB6;TUBB8,TUBB;TUBB1;TUBB2A;TUBB2B;TUBB3;TUBB4A;TUBB4B;TUBB6;TUBB8,
4156,edaravone,CC1=NN(c2ccccc2)C(=O)C1,QELUYTUMUWHWMC-UHFFFAOYSA-N,1,FDA;PMDA,2017-05-05,1,0,,,
4157,lercanidipine,COC(=O)C1=C(C)NC(C)=C(C(=O)OC(C)(C)CN(C)CCC(c2ccccc2)c2ccccc2)C1c1cccc([N+](=O)[O-])c1,ZDXUKAKRHYTAKV-UHFFFAOYSA-N,0,,,0,2,CACNA1C;CACNA1D,CACNA1C;CACNA1D,
4159,cefcapene,CC/C=C(\C(=O)N[C@@H]1C(=O)N2C(C(=O)O)=C(COC(N)=O)CS[C@H]12)c1csc(N)n1,HJJRIJDTIPFROI-NVKITGPLSA-N,0,,,0,0,,,
4160,carbocisteine,N[C@@H](CSCC(=O)O)C(=O)O,GBFLZEXEOZUWRN-VKHMYHEASA-N,0,,,0,0,,,
4161,temsirolimus,CO[C@H]1C[C@@H]2CC[C@@H](C)[C@@](O)(O2)C(=O)C(=O)N2CCCC[C@H]2C(=O)O[C@H]([C@H](C)C[C@@H]2CC[C@@H](OC(=O)C(C)(CO)CO)[C@H](OC)C2)CC(=O)[C@H](C)/C=C(\C)[C@@H](O)[C@@H](OC)C(=O)[C@H](C)C[C@H](C)/C=C/C=C/C=C/1C,CBPNZQVSJQDFBE-FUXHJELOSA-N,1,EMA;FDA,2007-05-30,1,4,ABCB1;FKBP1A;FKBP3;MTOR,FKBP1A,
4162,dexlansoprazole,Cc1c(OCC(F)(F)F)ccnc1C[S@@](=O)c1nc2ccccc2[nH]1,MJIHNNLFOKEZEW-RUZDIDTESA-N,1,FDA,2009-01-30,1,4,ATP4A;ATP4B;ENGASE;SARM1,ATP4A;ATP4B,
4163,fampridine,Nc1ccncc1,NUKYPUAOHBNCPY-UHFFFAOYSA-N,1,FDA,2010-01-22,1,40,KCNA1;KCNA10;KCNA2;KCNA3;KCNA4;KCNA5;KCNA6;KCNA7;KCNB1;KCNB2;KCNC1;KCNC2;KCNC3;KCNC4;KCND1;KCND2;KCND3;KCNF1;KCNG1;KCNG2;KCNG3;KCNG4;KCNH1;KCNH2;KCNH3;KCNH4;KCNH5;KCNH6;KCNH7;KCNH8;KCNQ1;KCNQ2;KCNQ3;KCNQ4;KCNQ5;KCNS1;KCNS2;KCNS3;KCNV1;KCNV2,KCNA1;KCNA10;KCNA2;KCNA3;KCNA4;KCNA5;KCNA6;KCNA7;KCNB1;KCNB2;KCNC1;KCNC2;KCNC3;KCNC4;KCND1;KCND2;KCND3;KCNF1;KCNG1;KCNG2;KCNG3;KCNG4;KCNH1;KCNH2;KCNH3;KCNH4;KCNH5;KCNH6;KCNH7;KCNH8;KCNQ1;KCNQ2;KCNQ3;KCNQ4;KCNQ5;KCNS1;KCNS2;KCNS3;KCNV1;KCNV2,
4164,liraglutide,CCCCCCCCCCCCCCCC(=O)N[C@@H](CCC(=O)NCCCC[C@H](NC(=O)[C@H](C)NC(=O)[C@H](C)NC(=O)[C@H](CCC(N)=O)NC(=O)CNC(=O)[C@H](CCC(=O)O)NC(=O)[C@H](CC(C)C)NC(=O)[C@H](Cc1ccc(O)cc1)NC(=O)[C@H](CO)NC(=O)[C@H](CO)NC(=O)[C@@H](NC(=O)[C@H](CC(=O)O)NC(=O)[C@H](CO)NC(=O)[C@@H](NC(=O)[C@H](Cc1ccccc1)NC(=O)[C@@H](NC(=O)CNC(=O)[C@H](CCC(=O)O)NC(=O)[C@H](C)NC(=O)[C@@H](N)Cc1c[nH]cn1)[C@@H](C)O)[C@@H](C)O)C(C)C)C(=O)N[C@@H](CCC(=O)O)C(=O)N[C@@H](Cc1ccccc1)C(=O)N[C@H](C(=O)N[C@@H](C)C(=O)N[C@@H](Cc1c[nH]c2ccccc12)C(=O)N[C@@H](CC(C)C)C(=O)N[C@H](C(=O)N[C@@H](CCCNC(=N)N)C(=O)NCC(=O)N[C@@H](CCCNC(=N)N)C(=O)NCC(=O)O)C(C)C)[C@@H](C)CC)C(=O)O,YSDQQAXHVYUZIW-QCIJIYAXSA-N,1,EMA;FDA,2009-06-30,1,1,GLP1R,GLP1R,
4165,alcaftadine,CN1CCC(=C2c3ccccc3CCn3c(C=O)cnc32)CC1,MWTBKTRZPHJQLH-UHFFFAOYSA-N,1,FDA,2010-07-28,1,1,HRH1,HRH1,
4166,ulipristal,CC(=O)O[C@]1(C(C)=O)CC[C@H]2[C@@H]3CCC4=CC(=O)CCC4=C3[C@@H](c3ccc(N(C)C)cc3)C[C@@]21C,OOLLAFOLCSJHRE-ZHAKMVSLSA-N,1,EMA;FDA,2009-05-15,1,1,PGR,PGR,
4167,fingolimod,CCCCCCCCc1ccc(CCC(N)(CO)CO)cc1,KKGQTZUTZRNORY-UHFFFAOYSA-N,1,FDA,2010-09-21,1,5,S1PR1;S1PR3;S1PR4;S1PR5;SGPL1,S1PR1;S1PR3;S1PR4;S1PR5,
4168,lurasidone,O=C1[C@@H]2[C@H]3CC[C@H](C3)[C@@H]2C(=O)N1C[C@@H]1CCCC[C@H]1CN1CCN(c2nsc3ccccc23)CC1,PQXKDMSYBGKCJA-CVTJIBDQSA-N,1,FDA;PMDA,2010-10-28,1,6,ADRA2A;ADRA2C;DRD2;HTR1A;HTR2A;HTR7,DRD2;HTR2A,
4169,ceftaroline fosamil,CCO/N=C(\C(=O)N[C@@H]1C(=O)N2C(C(=O)[O-])=C(Sc3nc(-c4cc[n+](C)cc4)cs3)CS[C@H]12)c1nsc(NP(=O)(O)O)n1,ZCCUWMICIWSJIX-NQJJCJBVSA-N,1,FDA,2010-10-29,1,0,,,
4171,eribulin,C=C1C[C@@H]2CC[C@@]34C[C@H]5O[C@H]6[C@@H](O3)[C@H]3O[C@H](CC[C@@H]3O[C@H]6[C@H]5O4)CC(=O)C[C@@H]3[C@@H](OC)[C@@H](C[C@H](O)CN)O[C@H]3C[C@H]3O[C@@H](CC[C@@H]1O2)C[C@@H](C)C3=C,UFNVPOGXISZXJD-JBQZKEIOSA-N,1,EMA;FDA,2010-11-15,1,9,TUBB;TUBB1;TUBB2A;TUBB2B;TUBB3;TUBB4A;TUBB4B;TUBB6;TUBB8,TUBB;TUBB1;TUBB2A;TUBB2B;TUBB3;TUBB4A;TUBB4B;TUBB6;TUBB8,
4172,boceprevir,CC(C)(C)NC(=O)N[C@H](C(=O)N1C[C@H]2[C@@H]([C@H]1C(=O)NC(CC1CCC1)C(=O)C(N)=O)C2(C)C)C(C)(C)C,LHHCSNFAOIFYRV-DOVBMPENSA-N,1,FDA,2011-05-13,1,9,CMA1;CTSA;CTSB;CTSF;CTSK;CTSL;CTSS;CTSV;ELANE,,
4173,telaprevir,CCC[C@H](NC(=O)[C@@H]1[C@H]2CCC[C@H]2CN1C(=O)[C@@H](NC(=O)[C@@H](NC(=O)c1cnccn1)C1CCCCC1)C(C)(C)C)C(=O)C(=O)NC1CC1,BBAWEDCPNXPBQM-GDEBMMAJSA-N,1,EMA;FDA,2011-05-23,1,10,CELA1;CMA1;CTSA;CTSB;CTSK;CTSL;CTSS;CTSV;ELANE;PLG,,
4174,rilpivirine,Cc1cc(/C=C/C#N)cc(C)c1Nc1ccnc(Nc2ccc(C#N)cc2)n1,YIBOMRUWOWDFLG-ONEGZZNKSA-N,1,FDA,2011-05-20,1,1,KCNH2,,
4175,linagliptin,CC#CCn1c(N2CCC[C@@H](N)C2)nc2c1c(=O)n(Cc1nc(C)c3ccccc3n1)c(=O)n2C,LTXREWYXXSTFRX-QGZVFWFLSA-N,1,FDA,2011-05-02,1,4,CHRM1;DPP4;DPP9;FAP,DPP4,
4176,abiraterone acetate,CC(=O)O[C@H]1CC[C@@]2(C)C(=CC[C@@H]3[C@@H]2CC[C@]2(C)C(c4cccnc4)=CC[C@@H]32)C1,UVIQSJCZCSLXRZ-UBUQANBQSA-N,1,EMA;FDA,2011-04-28,1,5,AR;CYP11B1;CYP11B2;CYP17A1;CYP3A4,CYP17A1,
4177,gabapentin enacarbil,CC(OC(=O)NCC1(CC(=O)O)CCCCC1)OC(=O)C(C)C,TZDUHAJSIBHXDL-UHFFFAOYSA-N,1,FDA,2011-04-06,1,2,CACNA2D1;CACNA2D2,CACNA2D1;CACNA2D2,
4178,vandetanib,COc1cc2c(Nc3ccc(Br)cc3F)ncnc2cc1OCC1CCN(C)CC1,UHTHHESEBZOYNR-UHFFFAOYSA-N,1,FDA,2011-04-06,1,109,ABL1;ABL2;ACVR1;ACVRL1;ALK;AURKC;AXL;BLK;BMPR1B;BTK;CDC42BPA;CDC42BPB;CDC42BPG;CDK7;CIT;COQ8A;COQ8B;CSF1R;CSK;CSNK1E;DDR1;DDR2;EGFR;EPHA1;EPHA2;EPHA3;EPHA4;EPHA5;EPHA6;EPHA7;EPHA8;EPHB1;EPHB2;EPHB4;EPHB6;ERBB2;ERBB3;ERBB4;FGFR1;FGFR2;FGFR3;FGFR4;FGR;FLT1;FLT3;FLT4;FRK;FYN;GAK;HCK;HUNK;IRAK1;IRAK4;KDR;KIT;LCK;LTK;LYN;MAP2K1;MAP2K2;MAP2K5;MAP3K19;MAP3K4;MAP4K1;MAP4K2;MAP4K3;MAP4K4;MAP4K5;MAPK6;MERTK;MET;MINK1;MKNK1;MKNK2;MST1R;PDGFRA;PDGFRB;PHKG1;PHKG2;PLK4;PRKAA1;PTK6;RET;RIPK2;RIPK4;ROCK2;RPS6KA1;RPS6KA6;RPS6KB1;SIK1;SIK2;SIK3;SLK;SRC;SRMS;STK10;STK32A;STK33;STK35;TEK;TESK1;TIE1;TNIK;TNNI3K;TXK;TYRO3;ULK3;YES1;ZAK,EGFR;KDR;RET,
4180,fidaxomicin,CCc1c(Cl)c(O)c(Cl)c(O)c1C(=O)O[C@H]1[C@H](O)[C@H](OC)[C@H](OC/C2=C\C=C\C[C@H](O)/C(C)=C/[C@H](CC)[C@@H](O[C@@H]3OC(C)(C)[C@@H](OC(=O)C(C)C)[C@H](O)[C@@H]3O)/C(C)=C/C(C)=C/C[C@@H]([C@@H](C)O)OC2=O)O[C@@H]1C,ZVGNESXIJDCBKN-UUEYKCAUSA-N,1,FDA;PMDA,2011-05-27,1,0,,,
4181,retigabine,CCOC(=O)Nc1ccc(NCc2ccc(F)cc2)cc1N,PCOBBVZJEWWZFR-UHFFFAOYSA-N,1,EMA;FDA,2011-03-28,1,4,KCNQ2;KCNQ3;KCNQ4;KCNQ5,KCNQ2;KCNQ3;KCNQ4;KCNQ5,
4182,rivaroxaban,O=C(NC[C@H]1CN(c2ccc(N3CCOCC3=O)cc2)C(=O)O1)c1ccc(Cl)s1,KGFYHTZWPPHNLQ-AWEZNQCLSA-N,1,FDA,2011-07-01,1,2,F10;ST14,F10,
4183,indacaterol,CCc1cc2c(cc1CC)CC(NC[C@H](O)c1ccc(O)c3[nH]c(=O)ccc13)C2,QZZUEBNBZAPZLX-QFIPXVFZSA-N,1,FDA,2011-07-01,1,4,ADRB1;ADRB2;DRD2;DRD3,ADRB2,
4184,ticagrelor,CCCSc1nc(N[C@@H]2C[C@H]2c2ccc(F)c(F)c2)c2nnn([C@@H]3C[C@H](OCCO)[C@@H](O)[C@H]3O)c2n1,OEKWJQXRCDYSHL-FNOIDJSQSA-N,1,FDA,2011-07-20,1,2,P2RY12;SLC29A1,P2RY12,
4185,vemurafenib,CCCS(=O)(=O)Nc1ccc(F)c(C(=O)c2c[nH]c3ncc(-c4ccc(Cl)cc4)cc23)c1F,GPXBXXGIAQBQNI-UHFFFAOYSA-N,1,FDA,2011-08-17,1,7,ARAF;BRAF;FECH;KDR;KRAS;RAF1;ZAK,BRAF,
4186,icatibant,N=C(N)NCCC[C@@H](N)C(=O)N[C@@H](CCCNC(=N)N)C(=O)N1CCC[C@H]1C(=O)N1C[C@H](O)C[C@H]1C(=O)NCC(=O)N[C@@H](Cc1cccs1)C(=O)N[C@@H](CO)C(=O)N1Cc2ccccc2C[C@@H]1C(=O)N1[C@H](C(=O)N[C@@H](CCCNC(=N)N)C(=O)O)C[C@@H]2CCCC[C@@H]21,QURWXBZNHXJZBE-SKXRKSCCSA-N,1,EMA;FDA;PMDA,2008-07-11,1,2,BDKRB1;BDKRB2,BDKRB2,
4187,crizotinib,C[C@@H](Oc1cc(-c2cnn(C3CCNCC3)c2)cnc1N)c1c(Cl)ccc(F)c1Cl,KTEIFNKAUNYNJU-GFCCVEGCSA-N,1,EMA;FDA,2011-08-26,1,150,AAK1;ABL1;ABL2;ACVR1;ACVR1B;ALK;ANKK1;AURKA;AURKB;AURKC;AXL;BLK;BMP2K;BMPR1B;BMX;BTK;CAMKK2;CASK;CDK11A;CDK11B;CDK7;CDKL2;COQ8B;CSF1R;DCLK1;DCLK2;DDR1;DMPK;DSTYK;DYRK2;EGFR;EIF2AK2;EPHA1;EPHA2;EPHA3;EPHA4;EPHA5;EPHA6;EPHA7;EPHA8;EPHB1;EPHB4;EPHB6;FER;FES;FGFR3;FGR;FLT1;FLT3;FRK;FYN;GRK4;HIPK4;IGF1R;IKBKB;IKBKE;INPPL1;INSR;INSRR;IRAK1;IRAK3;IRAK4;ITK;JAK1;JAK2;JAK3;KIT;LCK;LIMK1;LIMK2;LTK;LYN;MAP2K3;MAP3K1;MAP3K12;MAP3K13;MAP3K15;MAP3K19;MAP3K2;MAP3K3;MAP3K7;MAP4K1;MAP4K2;MAP4K3;MAP4K5;MAPK7;MERTK;MET;MINK1;MLKL;MST1R;MUSK;NEK7;NEK9;NIM1K;NPM1;NTRK1;NTRK2;NTRK3;NUAK2;PIP5K1A;PLK4;PRKAA1;PRKD1;PRKD3;PTK2;PTK2B;RET;RIOK1;RIOK3;RIPK1;RIPK2;RIPK3;RIPK4;ROCK1;ROCK2;ROS1;RPS6KB1;SBK1;SBK3;SIK2;SLK;SRC;SRPK1;SRPK3;STK10;STK26;STK3;STK35;STK4;SYK;TAOK1;TAOK2;TAOK3;TBK1;TEK;TESK1;TGFBR1;TIE1;TNK1;TNK2;TNNI3K;TXK;TYK2;TYRO3;ULK1;ULK2;ULK3;YES1;ZAP70,ALK;MET,
4188,deferiprone,Cc1c(O)c(=O)ccn1C,TZXKOCQBRNJULO-UHFFFAOYSA-N,1,EMA;FDA,1999-08-25,1,1,DOHH,,
4189,hydroxyprogesterone caproate,CCCCCC(=O)O[C@]1(C(C)=O)CC[C@H]2[C@@H]3CCC4=CC(=O)CC[C@]4(C)[C@H]3CC[C@@]21C,DOMWKUIIPQCAJU-LJHIYBGHSA-N,1,FDA,1975-10-03,1,7,ADORA3;MAPK3;NR3C1;PGR;SERPINA6;SHBG;SLC6A3,PGR,
4190,ruxolitinib,N#CC[C@H](C1CCCC1)n1cc(-c2ncnc3[nH]ccc23)cn1,HFNKQEVNSGCOJV-OAHLLOKOSA-N,1,FDA,2011-11-16,1,123,AAK1;ABL1;ALK;ANKK1;AURKC;BMP2K;BMPR1B;BMPR2;BRAF;CAMK1;CAMK1D;CAMK1G;CAMK2A;CAMK2B;CAMK2D;CAMK2G;CASK;CDK7;CLK2;CLK4;CSNK1A1;CSNK2A1;CSNK2A2;DAPK1;DAPK2;DAPK3;DCLK1;DCLK2;DCLK3;DMPK;DYRK1A;DYRK2;EPHA3;EPHB6;ERN1;GAK;GRK1;GRK4;GRK7;HDAC6;HIPK1;HIPK2;HIPK3;IKBKB;IKBKE;IRAK1;JAK1;JAK2;JAK3;KIT;LRRK2;LTK;MAP2K1;MAP2K2;MAP2K3;MAP2K4;MAP3K1;MAP3K15;MAP3K19;MAP3K2;MAP3K3;MAP3K7;MAP4K2;MAPK8;MARK2;MAST1;MELK;MKNK2;MYLK;NEK3;NEK7;NR1H2;NTRK1;NTRK2;NTRK3;NUAK2;OXSR1;PAK4;PAK5;PAK6;PHKG1;PHKG2;PI4KB;PLK1;PLK2;PLK3;PLK4;PRKCE;PRKG2;RET;RIOK1;RIOK2;RIOK3;RIPK4;ROCK1;ROCK2;RPS6KA1;RPS6KA2;RPS6KA4;RPS6KA5;RPS6KA6;SBK1;SBK3;SIK3;SRPK1;SRPK3;STK16;STK17A;STK17B;STK25;STK26;STK39;TAOK1;TAOK2;TAOK3;TBK1;TNK2;TTK;TYK2;ULK1;ULK2;ULK3;VRK2,JAK1;JAK2,
4191,fesoterodine,CC(C)C(=O)Oc1ccc(CO)cc1[C@H](CCN(C(C)C)C(C)C)c1ccccc1,DCCSDBARQIPTGU-HSZRJFAPSA-N,1,FDA,2008-10-31,1,5,CHRM1;CHRM2;CHRM3;CHRM4;CHRM5,CHRM2;CHRM3,
4192,tafamidis,O=C(O)c1ccc2nc(-c3cc(Cl)cc(Cl)c3)oc2c1,TXEIIPDJKFWEEC-UHFFFAOYSA-N,1,EMA;FDA,2011-11-16,1,4,ABCG2;SLC22A6;SLC22A8;TTR,TTR,
4193,piperaquine,Clc1ccc2c(N3CCN(CCCN4CCN(c5ccnc6cc(Cl)ccc56)CC4)CC3)ccnc2c1,UCRHFBCYFMIWHC-UHFFFAOYSA-N,1,EMA,2011-10-27,0,0,,,
4194,artenimol,C[C@H]1[C@@H](O)O[C@@H]2O[C@@]3(C)CC[C@H]4[C@H](C)CC[C@@H]1[C@@]24OO3,BJDCWCLMFKKGEE-ISOSDAIHSA-N,1,EMA,2011-10-27,1,0,,,
4195,alpha-tocopherol acetate,CC(=O)Oc1c(C)c(C)c2c(c1C)CC[C@@](C)(CCC[C@H](C)CCC[C@H](C)CCCC(C)C)O2,ZAKOWWREFLAJOT-CEFNRUSXSA-N,1,FDA,2000-05-18,1,0,,,
4197,vitamin A palmitate,CCCCCCCCCCCCCCCC(=O)OC/C=C(C)/C=C/C=C(C)/C=C/C1=C(C)CCCC1(C)C,VYGQUTWHTHXGQB-FFHKNEKCSA-N,1,FDA,1949-05-18,1,1,RBP4,,
4209,prazosin,COc1cc2nc(N3CCN(C(=O)c4ccco4)CC3)nc(N)c2cc1OC,IENZQIKPVFGBNW-UHFFFAOYSA-N,1,FDA,1976-06-23,1,22,ADORA3;ADRA1A;ADRA1B;ADRA1D;ADRA2A;ADRA2B;ADRA2C;DRD4;HTR1D;HTR2A;HTR2B;KCNH2;MMP1;MMP9;NQO2;SCN1A;SCN2A;SCN3A;SLC22A1;SLC22A2;SLC47A1;SLC47A2,ADRA1A;ADRA1B;ADRA1D,
4211,acetic acid,CC(=O)O,QTBSBXVTEAMEQO-UHFFFAOYSA-N,1,FDA,1960-05-17,1,4,FFAR2;FFAR3;FYN;LCK,,
4213,hydrocortisone acetate,CC(=O)OCC(=O)[C@@]1(O)CC[C@H]2[C@@H]3CCC4=CC(=O)CC[C@]4(C)[C@H]3[C@@H](O)C[C@@]21C,ALEXXDVDDISNDU-JZYPGELDSA-N,1,FDA,1951-12-21,1,2,NR3C1;SERPINA6,NR3C1,
4215,isopropanol,CC(C)O,KFZMGEQAYNKOFK-UHFFFAOYSA-N,1,FDA,,1,0,,,
4218,methyldopate,CCOC(=O)[C@@](C)(N)Cc1ccc(O)c(O)c1,SVEBYYWCXTVYCR-LBPRGKRZSA-N,1,FDA,1962-12-20,1,3,ADRA2A;ADRA2B;ADRA2C,ADRA2A;ADRA2B;ADRA2C,
4220,telbivudine,Cc1cn([C@@H]2C[C@@H](O)[C@H](CO)O2)c(=O)[nH]c1=O,IQFYYKKMVGJFEH-CSMHCCOUSA-N,1,EMA;FDA,2006-10-25,1,0,,,
4221,mequinol,COc1ccc(O)cc1,NWVVVBRKAWDGAB-UHFFFAOYSA-N,1,FDA,1999-12-10,1,1,TYR,TYR,
4223,vilazodone,N#Cc1ccc2[nH]cc(CCCCN3CCN(c4ccc5oc(C(N)=O)cc5c4)CC3)c2c1,SGEGOXDYSFKCPT-UHFFFAOYSA-N,1,FDA,2011-01-21,1,13,ADRA1A;ADRA1B;ADRA1D;ADRA2A;ADRA2B;ADRA2C;DRD2;DRD3;HRH1;HTR1A;HTR4;HTR7;SLC6A4,HTR1A;SLC6A4,
4224,pirfenidone,Cc1ccc(=O)n(-c2ccccc2)c1,ISWRGOKTTBVCFA-UHFFFAOYSA-N,1,EMA;FDA;PMDA,2008-09-16,1,0,,,
4225,axitinib,CNC(=O)c1ccccc1Sc1ccc2c(/C=C/c3ccccn3)n[nH]c2c1,RITAVMQDGBJQJZ-FMIVXFBMSA-N,1,FDA,2012-01-27,1,99,AAK1;ABL1;ABL2;ACVR2B;ANKK1;AURKA;AURKB;AURKC;AXL;BLK;BMP2K;BMPR1B;CAMKK1;CAMKK2;CDC42BPB;CDK16;CDKL2;CSF1R;CSK;CSNK2A2;DDR1;DDR2;EGFR;EIF2AK2;EPHB6;FGFR1;FGFR2;FGFR3;FGR;FLT1;FLT3;FLT4;GAK;GRK4;HUNK;IRAK1;ITK;JAK2;JAK3;KDR;KIT;LCK;LRRK2;MAP2K1;MAP2K2;MAP2K5;MAP3K12;MAP3K19;MAP3K3;MAP3K4;MAP3K9;MAP4K1;MAP4K2;MAP4K3;MAP4K4;MAP4K5;MAPK10;MAPK8;MERTK;MET;MINK1;MYLK2;MYLK3;MYO3A;NTRK1;NUAK2;PAK4;PDGFRA;PDGFRB;PKN2;PLK4;RET;RIOK1;RIOK3;RIPK1;RIPK2;RIPK4;ROS1;SIK1;SLK;SRPK1;SRPK3;STK10;STK16;STK3;STK4;TEK;TESK1;TIE1;TNIK;TNK1;TNK2;TTK;TXK;TYK2;ULK2;ULK3;YES1;ZAK,FLT1;FLT4;KDR,
4226,ingenol mebutate,C/C=C(/C)C(=O)O[C@H]1C(C)=C[C@]23C(=O)[C@@H](C=C(CO)[C@@H](O)[C@]12O)[C@H]1[C@@H](C[C@H]3C)C1(C)C,VDJHFHXMUKFKET-WDUFCVPESA-N,1,FDA,2012-01-23,1,6,PRKCA;PRKCB;PRKCD;PRKCE;PRKCG;PRKD1,PRKCD,
4227,vismodegib,CS(=O)(=O)c1ccc(C(=O)Nc2ccc(Cl)c(-c3ccccn3)c2)c(Cl)c1,BPQMGSKTAYIVFO-UHFFFAOYSA-N,1,EMA;FDA,2012-01-30,1,2,SHH;SMO,SMO,
4228,ivacaftor,CC(C)(C)c1cc(C(C)(C)C)c(NC(=O)c2c[nH]c3ccccc3c2=O)cc1O,PURKAOJPTOLRMP-UHFFFAOYSA-N,1,EMA;FDA,2012-01-31,1,1,CFTR,CFTR,
4229,tafluprost,CC(C)OC(=O)CCC/C=C\C[C@@H]1[C@@H](/C=C/C(F)(F)COc2ccccc2)[C@H](O)C[C@@H]1O,WSNODXPBBALQOF-VEJSHDCNSA-N,1,FDA,2012-02-10,1,1,PTGFR,PTGFR,
4230,Ioflupane I-123,COC(=O)[C@H]1[C@@H](c2ccc([123I])cc2)C[C@@H]2CC[C@H]1N2CCCF,HXWLAJVUJSVENX-HFIFKADTSA-N,1,EMA;FDA,2011-01-14,1,0,,,
4233,sugammadex,O=C(O)CCSC[C@H]1O[C@@H]2O[C@H]3[C@H](O)[C@@H](O)[C@@H](O[C@H]4[C@H](O)[C@@H](O)[C@@H](O[C@H]5[C@H](O)[C@@H](O)[C@@H](O[C@H]6[C@H](O)[C@@H](O)[C@@H](O[C@H]7[C@H](O)[C@@H](O)[C@@H](O[C@H]8[C@H](O)[C@@H](O)[C@@H](O[C@H]9[C@H](O)[C@@H](O)[C@@H](O[C@H]1[C@H](O)[C@H]2O)O[C@@H]9CSCCC(=O)O)O[C@@H]8CSCCC(=O)O)O[C@@H]7CSCCC(=O)O)O[C@@H]6CSCCC(=O)O)O[C@@H]5CSCCC(=O)O)O[C@@H]4CSCCC(=O)O)O[C@@H]3CSCCC(=O)O,WHRODDIHRRDWEW-VTHZAVIASA-N,1,FDA,2015-12-15,1,0,,,
4235,oxygen,O=O,MYMOFIZGZYHOMD-UHFFFAOYSA-N,1,FDA,,1,0,,,inorganic
4236,octinoxate,CCCCC(CC)COC(=O)C=Cc1ccc(OC)cc1,YBGZDTIWKVFICR-UHFFFAOYSA-N,1,FDA,1992-12-07,1,0,,,
4237,titanium dioxide,[O]=[Ti]=[O],GWEVSGVZZGPLCZ-UHFFFAOYSA-N,1,FDA,2006-10-05,0,0,,,inorganic
4238,nitrous oxide,N#[N+][O-],GQPLMRYTRLFLPF-UHFFFAOYSA-N,1,FDA,,1,0,,,inorganic
4240,zinc oxide,[O]=[Zn],XLOMVQKBTHCTTD-UHFFFAOYSA-N,1,FDA,2006-02-16,0,0,,,inorganic
4241,octisalate,CCCCC(CC)COC(=O)c1ccccc1O,FMRHJJZUHUTGKE-UHFFFAOYSA-N,1,FDA,,0,0,,,
4242,avobenzone,COc1ccc(C(=O)CC(=O)c2ccc(C(C)(C)C)cc2)cc1,XNEFYCZVKIDDMS-UHFFFAOYSA-N,1,FDA,1992-12-07,1,1,TYR,TYR,
4244,magnesium hydroxide,[OH][Mg][OH],VTHJTEIRLNZDEV-UHFFFAOYSA-L,1,FDA,2000-10-16,0,0,,,inorganic
4245,methyl salicylate,COC(=O)c1ccccc1O,OSWPMRLSEDHDFF-UHFFFAOYSA-N,1,FDA,2008-02-20,1,0,,,
4250,algeldrate,[OH][Al]([OH])[OH],WNROFYMDJYEPJX-UHFFFAOYSA-K,1,FDA,1983-12-09,1,0,,,inorganic
4251,nitrogen,N#N,IJGRMHOSHXDMSA-UHFFFAOYSA-N,1,FDA,,1,0,,,inorganic
4254,threonine,C[C@@H](O)[C@H](N)C(=O)O,AYFVYJQAPQTCCC-GBXIJSLDSA-N,1,FDA,,0,0,,,
4255,alanine,C[C@H](N)C(=O)O,QNAYBMKLOCPYGJ-REOHCLBHSA-N,1,FDA,,0,0,,,
4256,carbon dioxide,O=C=O,CURLTUGMZLYLDI-UHFFFAOYSA-N,1,FDA,,0,0,,,
4257,bismuth subsalicylate,O=C1[O][Bi]([OH])[O]c2ccccc21,ZREIPSZUJIFJNP-UHFFFAOYSA-K,1,FDA,1996-08-15,0,2,PTGS1;PTGS2,PTGS1;PTGS2,
4258,thymol,Cc1ccc(C(C)C)c(O)c1,MGSRCZKZVOBKFT-UHFFFAOYSA-N,1,FDA,,0,1,TRPA1,,
4259,cineole,CC12CCC(CC1)C(C)(C)O2,WEEGYLXZBRQIMU-UHFFFAOYSA-N,1,FDA,,0,0,,,
4260,sulfur,[S],NINIDFKCEFEMDL-UHFFFAOYSA-N,1,FDA,1940-09-17,0,2,CA1;CA2,,inorganic;element
4262,helium,[He],SWQJXJOGLNCZEY-UHFFFAOYSA-N,1,FDA,,1,0,,,inorganic;element
4264,carbamide,NC(N)=O,XSQUKJJJFZCRTK-UHFFFAOYSA-N,1,FDA,1966-10-05,1,1,OR51E2,,
4266,phenol,Oc1ccccc1,ISWSIDIOOBJBQZ-UHFFFAOYSA-N,1,FDA,,1,7,CA1;CA12;CA14;CA2;CA3;CA4;CA9,,
4267,arbutin,OC[C@H]1O[C@@H](Oc2ccc(O)cc2)[C@H](O)[C@@H](O)[C@@H]1O,BJRNKVDFDLYUGJ-RMPHRYRLSA-N,1,FDA,,0,1,TYR,,
4268,allantoin,NC(=O)NC1NC(=O)NC1=O,POJWUDADGALRAB-UHFFFAOYSA-N,1,FDA,,0,0,,,
4270,Padimate O,CCCCC(CC)COC(=O)c1ccc(N(C)C)cc1,WYWZRNAHINYAEF-UHFFFAOYSA-N,1,FDA,,0,0,,,
4272,hydroxyproline,O=C(O)[C@@H]1C[C@@H](O)CN1,PMMYEEVYMWASQN-DMTCNVIQSA-N,1,FDA,,0,0,,,
4273,stannous fluoride,[F][SnH2][F],NKCWZXPMTVCPSF-UHFFFAOYSA-L,1,FDA,,0,0,,,inorganic
4274,selenium sulfide,S=[Se]=S,JNMWHTHYDQTDQZ-UHFFFAOYSA-N,1,FDA,1951-05-17,1,0,,,inorganic
4276,piperonyl butoxide,CCCCOCCOCCOCc1cc2c(cc1CCC)OCO2,FIPWRIJSWJWJAI-UHFFFAOYSA-N,1,FDA,2000-03-07,1,1,CYP3A4,,
4277,iron,[Fe],XEEYBQQBJWHFJM-UHFFFAOYSA-N,1,FDA,,0,0,,,inorganic;element
4280,tocofersolan,Cc1c(C)c2c(c(C)c1O)CC[C@@](C)(CCC[C@H](C)CCC[C@H](C)CCCC(C)C)O2,GVJHHUAWPYXKBD-IEOSBIPESA-N,1,FDA,,0,0,,,
4283,tapentadol,CC[C@@H](c1cccc(O)c1)[C@@H](C)CN(C)C,KWTWDQCKEHXFFR-SMDDNHRTSA-N,1,FDA,2008-11-20,1,3,OPRM1;SLC22A1;SLC6A2,OPRM1;SLC6A2,
4284,silicon dioxide,O=[Si]=O,VYPSYNLAJGMNEJ-UHFFFAOYSA-N,1,FDA,,1,0,,,inorganic
4285,Florbetapir F-18,CNc1ccc(/C=C/c2ccc(OCCOCCOCC[18F])nc2)cc1,YNDIAUKFXKEXSV-CRYLGTRXSA-N,1,FDA,2012-04-06,1,1,APP,,
4286,Molybdenum Mo-99,[99Mo],ZOKXTWBITQBERF-AKLPVKDBSA-N,0,,,0,0,,,inorganic;element
4289,doconexent,CC/C=C\C/C=C\C/C=C\C/C=C\C/C=C\C/C=C\CCC(=O)O,MBMBGCFOFBJSGT-KUBAVDMBSA-N,1,FDA,,0,4,CYP19A1;FFAR1;OXER1;RXRA,,
4291,cupric oxide,[O]=[Cu],QPLDLSVMHZLSFG-UHFFFAOYSA-N,1,FDA,,0,0,,,inorganic
4292,enzacamene,Cc1ccc(/C=C2/C(=O)C3(C)CCC2C3(C)C)cc1,HEOCBCNFKCOKBX-SDNWHVSQSA-N,1,FDA,,0,0,,,
4293,magnesium oxide,[O]=[Mg],CPLXHLVBOLITMK-UHFFFAOYSA-N,1,FDA,1982-06-22,1,0,,,inorganic
4298,apixaban,COc1ccc(-n2nc(C(N)=O)c3c2C(=O)N(c2ccc(N4CCCCC4=O)cc2)CC3)cc1,QNZCBYKSOIHPEH-UHFFFAOYSA-N,1,EMA;FDA,2011-05-18,1,2,F10;F2,F10,
4299,cobicistat,CC(C)c1nc(CN(C)C(=O)N[C@@H](CCN2CCOCC2)C(=O)N[C@H](CC[C@H](Cc2ccccc2)NC(=O)OCc2cncs2)Cc2ccccc2)cs1,ZCIGNRJZKPOIKD-CQXVEOKZSA-N,1,FDA,2012-08-27,1,4,CYP3A4;CYP3A43;CYP3A5;CYP3A7,CYP3A4;CYP3A43;CYP3A5;CYP3A7,
4300,elvitegravir,COc1cc2c(cc1Cc1cccc(Cl)c1F)c(=O)c(C(=O)O)cn2[C@H](CO)C(C)C,JUZYLCPPVHEVSV-LJQANCHMSA-N,1,FDA,2012-08-27,1,0,,,
4301,Flutemetamol (18F),CNc1ccc(-c2nc3ccc(O)cc3s2)cc1[18F],VVECGOCJFKTUAX-HUYCHCPVSA-N,1,FDA;PMDA,2013-10-25,1,1,APP,,
4302,glycopyrronium bromide,C[N+]1(C)CCC(OC(=O)C(O)(c2ccccc2)C2CCCC2)C1,ANGKOCUUWGHLCE-UHFFFAOYSA-N,1,FDA,1961-08-11,1,5,CHRM1;CHRM2;CHRM3;CHRM4;CHRM5,CHRM1;CHRM2;CHRM3;CHRM4;CHRM5,charged_parent
4303,eslicarbazepine acetate,CC(=O)O[C@H]1Cc2ccccc2N(C(N)=O)c2ccccc21,QIALRBLEEWJACW-INIZCTEOSA-N,1,FDA,2013-11-08,1,10,SCN10A;SCN11A;SCN1A;SCN2A;SCN3A;SCN4A;SCN5A;SCN7A;SCN8A;SCN9A,SCN10A;SCN11A;SCN1A;SCN2A;SCN3A;SCN4A;SCN5A;SCN7A;SCN8A;SCN9A,
4304,dapagliflozin,CCOc1ccc(Cc2cc([C@@H]3O[C@H](CO)[C@@H](O)[C@H](O)[C@H]3O)ccc2Cl)cc1,JVHXJTBJCFBINQ-ADAARDCZSA-N,1,EMA;FDA,2012-11-12,1,4,SLC5A1;SLC5A11;SLC5A2;SLC5A4,SLC5A2,
4305,avanafil,COc1ccc(CNc2nc(N3CCC[C@H]3CO)ncc2C(=O)NCc2ncccn2)cc1Cl,WEAJZXNPAWBCOA-INIZCTEOSA-N,1,EMA;FDA,2012-04-27,1,2,PDE5A;PDE6C,PDE5A,
4306,DL-Alanine,CC(N)C(=O)O,QNAYBMKLOCPYGJ-UHFFFAOYSA-N,0,,,0,0,,,
4308,lasofoxifene,Oc1ccc2c(c1)CCC(c1ccccc1)C2c1ccc(OCCN2CCCC2)cc1,GXESHMAMLJKROZ-UHFFFAOYSA-N,1,EMA,2009-02-24,1,2,ESR1;ESR2,ESR1;ESR2,
4310,lacosamide,COC[C@@H](NC(C)=O)C(=O)NCc1ccccc1,VPPJLAIAVCUEMN-GFCCVEGCSA-N,1,EMA;FDA,2008-08-29,1,14,CA1;CA12;CA13;CA14;CA2;CA3;CA4;CA5A;CA5B;CA6;CA7;CA9;DPYSL2;SCN9A,SCN9A,
4311,olaflur,CCCCCCCCCCCCCCCCCCN(CCO)CCCN(CCO)CCO,KRZCNRGNPAESDC-UHFFFAOYSA-N,0,,,0,0,,,
4312,4-dimethylaminophenol,CN(C)c1ccc(O)cc1,JVVRCYWZTJLJSG-UHFFFAOYSA-N,0,,,0,0,,,
4314,aceclidine,CC(=O)OC1CN2CCC1CC2,WRJPSSPFHGNBMG-UHFFFAOYSA-N,0,,,0,5,CHRM1;CHRM2;CHRM3;CHRM4;CHRM5,,
4318,afatinib,CN(C)C/C=C/C(=O)Nc1cc2c(Nc3ccc(F)c(Cl)c3)ncnc2cc1O[C@H]1CCOC1,ULXXDDBFHOBEHA-CWDCEQMOSA-N,1,EMA;FDA,2013-07-12,1,38,ABL1;AXL;BLK;CIT;CSNK1E;DYRK1A;DYRK1B;DYRK2;EGFR;EPHA6;EPHB6;ERBB2;ERBB3;ERBB4;FLT3;FRK;GAK;HCK;HIPK4;IRAK1;LCK;MAP2K5;MAPK10;MAPK14;MAPK9;MET;MKNK1;MKNK2;PHKG1;PHKG2;RIPK2;RPS6KA6;SBK1;SLK;SRC;STK10;STK17A;TXK,EGFR;ERBB2;ERBB4,
4319,alanyl glutamine,C[C@H](N)C(=O)N[C@@H](CCC(N)=O)C(=O)O,HJCMDXDYPOUFDY-WHFBIAKZSA-N,0,,,0,0,,,
4322,azilsartan medoxomil,CCOc1nc2cccc(C(=O)OCc3oc(=O)oc3C)c2n1Cc1ccc(-c2ccccc2-c2noc(=O)[nH]2)cc1,QJFSABGVXDWMIW-UHFFFAOYSA-N,1,FDA,2011-02-25,1,1,AGTR1,AGTR1,
4323,UREA C-13,N[13C](N)=O,XSQUKJJJFZCRTK-OUBTZVSYSA-N,1,EMA;FDA,1996-09-17,1,0,,,
4326,laropiprant,CS(=O)(=O)c1cc(F)cc2c3c(n(Cc4ccc(Cl)cc4)c12)[C@@H](CC(=O)O)CC3,NXFFJDQHYLNEJK-CYBMUJFWSA-N,0,,,1,8,PTGDR;PTGDR2;PTGER1;PTGER2;PTGER3;PTGFR;PTGIR;TBXA2R,PTGDR,
4327,(2-benzhydryloxyethyl)diethyl-methylammonium iodide,CC[N+](C)(CC)CCOC(c1ccccc1)c1ccccc1,IHFMXHPNVAVTCJ-UHFFFAOYSA-N,0,,,0,0,,,charged_parent
4328,2-(4-chlorphenoxy)-ethanol,OCCOc1ccc(Cl)cc1,GEGSSUSEWOHAFE-UHFFFAOYSA-N,0,,,0,0,,,
4329,pasireotide,NCCCC[C@@H]1NC(=O)[C@@H](Cc2c[nH]c3ccccc23)NC(=O)C(c2ccccc2)NC(=O)[C@@H]2C[C@@H](OC(=O)NCCN)CN2C(=O)[C@H](Cc2ccccc2)NC(=O)[C@H](Cc2ccc(OCc3ccccc3)cc2)NC1=O,VMZMNAABQBOLAK-SLLFKNDXSA-N,1,FDA,2012-12-14,1,4,SSTR1;SSTR2;SSTR3;SSTR5,SSTR1;SSTR2;SSTR3;SSTR5,
4330,pixantrone,NCCNc1ccc(NCCN)c2c1C(=O)c1ccncc1C2=O,PEZPMAYDXJQYRV-UHFFFAOYSA-N,1,EMA,2012-05-10,1,0,,,
4332,propanol,CCCO,BDERNNFJNOPAEC-UHFFFAOYSA-N,0,,,0,0,,,
4334,bazedoxifene,Cc1c(-c2ccc(O)cc2)n(Cc2ccc(OCCN3CCCCCC3)cc2)c2ccc(O)cc12,UCJGJABZCDBEDK-UHFFFAOYSA-N,1,FDA,2013-10-03,1,2,ESR1;ESR2,ESR1;ESR2,
4336,amifampridine,Nc1ccncc1N,OYTKINVCDFNREN-UHFFFAOYSA-N,1,EMA;FDA,2009-12-23,1,40,KCNA1;KCNA10;KCNA2;KCNA3;KCNA4;KCNA5;KCNA6;KCNA7;KCNB1;KCNB2;KCNC1;KCNC2;KCNC3;KCNC4;KCND1;KCND2;KCND3;KCNF1;KCNG1;KCNG2;KCNG3;KCNG4;KCNH1;KCNH2;KCNH3;KCNH4;KCNH5;KCNH6;KCNH7;KCNH8;KCNQ1;KCNQ2;KCNQ3;KCNQ4;KCNQ5;KCNS1;KCNS2;KCNS3;KCNV1;KCNV2,KCNA1;KCNA10;KCNA2;KCNA3;KCNA4;KCNA5;KCNA6;KCNA7;KCNB1;KCNB2;KCNC1;KCNC2;KCNC3;KCNC4;KCND1;KCND2;KCND3;KCNF1;KCNG1;KCNG2;KCNG3;KCNG4;KCNH1;KCNH2;KCNH3;KCNH4;KCNH5;KCNH6;KCNH7;KCNH8;KCNQ1;KCNQ2;KCNQ3;KCNQ4;KCNQ5;KCNS1;KCNS2;KCNS3;KCNV1;KCNV2,
4337,ambrisentan,COC(c1ccccc1)(c1ccccc1)[C@H](Oc1nc(C)cc(C)n1)C(=O)O,OUJTZYPIHDYQMC-LJQANCHMSA-N,1,EMA;FDA,2007-06-15,1,2,EDNRA;EDNRB,EDNRA,
4338,angiotensinamide,CC(C)[C@H](NC(=O)[C@H](CCCNC(=N)N)NC(=O)[C@@H](N)CC(N)=O)C(=O)N[C@@H](Cc1ccc(O)cc1)C(=O)N[C@H](C(=O)N[C@@H](Cc1c[nH]cn1)C(=O)N1CCC[C@H]1C(=O)N[C@@H](Cc1ccccc1)C(=O)O)C(C)C,JYPVVOOBQVVUQV-CGHBYZBKSA-N,0,,,0,0,,,
4339,pyronaridine,COc1ccc2nc3cc(Cl)ccc3c(Nc3cc(CN4CCCC4)c(O)c(CN4CCCC4)c3)c2n1,DJUFPMUQJKWIJB-UHFFFAOYSA-N,0,,,0,0,,,
4340,alogliptin,Cn1c(=O)cc(N2CCC[C@@H](N)C2)n(Cc2ccccc2C#N)c1=O,ZSBOMTDTBDDKMP-OAHLLOKOSA-N,1,FDA,2013-01-25,1,1,DPP4,DPP4,
4342,zucapsaicin,COc1cc(CNC(=O)CCCC/C=C\C(C)C)ccc1O,YKPUWZUDDOIDPM-VURMDHGXSA-N,0,,,1,1,TRPV1,TRPV1,
4352,bibrocathol,[OH][Bi]1[O]c2c(Br)c(Br)c(Br)c(Br)c2[O]1,VTAVFIZOZUAKKE-UHFFFAOYSA-K,0,,,0,0,,,
4353,bilastine,CCOCCn1c(C2CCN(CCc3ccc(C(C)(C)C(=O)O)cc3)CC2)nc2ccccc21,ACCMWZWAEFYUGZ-UHFFFAOYSA-N,1,PMDA,,1,1,HRH1,HRH1,
4354,bioallethrin,C=CCC1=C(C)[C@@H](OC(=O)[C@@H]2[C@@H](C=C(C)C)C2(C)C)CC1=O,ZCVAOQKBXKSDMS-PVAVHDDUSA-N,0,,,1,0,,,
4356,bisoxatin,O=C1Nc2ccccc2OC1(c1ccc(O)cc1)c1ccc(O)cc1,BPKUDUSVDVLOPY-UHFFFAOYSA-N,0,,,0,0,,,
4357,anidulafungin,CCCCCOc1ccc(-c2ccc(-c3ccc(C(=O)N[C@H]4C[C@@H](O)[C@@H](O)NC(=O)[C@@H]5[C@@H](O)[C@@H](C)CN5C(=O)[C@H]([C@@H](C)O)NC(=O)C([C@H](O)[C@@H](O)c5ccc(O)cc5)NC(=O)[C@@H]5C[C@@H](O)CN5C(=O)C([C@@H](C)O)NC4=O)cc3)cc2)cc1,JHVAMHSQVVQIOT-FUVWCVBOSA-N,1,EMA;FDA,2006-02-17,1,0,,,
4359,bosutinib,COc1cc(Nc2c(C#N)cnc3cc(OCCCN4CCN(C)CC4)c(OC)cc23)c(Cl)cc1Cl,UBPYILGKFZZVDX-UHFFFAOYSA-N,1,FDA;PMDA,2012-09-04,1,199,AAK1;ABL1;ABL2;ALK;ANKK1;AXL;BCR;BLK;BMP2K;BMPR2;BMX;BTK;CAMK1D;CAMK2A;CAMK2G;CAMKK2;CASK;CDK14;CDK15;CDK16;CDK7;CHEK1;CHEK2;CIT;CLK1;CLK2;CLK3;CLK4;CSF1R;CSK;CSNK1A1;CSNK1A1L;CSNK1D;CSNK1E;DCLK3;DDR1;DDR2;DMPK;DSTYK;EGFR;EIF2AK1;EIF2AK4;EPHA1;EPHA2;EPHA3;EPHA4;EPHA5;EPHA6;EPHA8;EPHB1;EPHB2;EPHB3;EPHB4;EPHB6;ERBB2;ERBB3;ERBB4;FER;FES;FGR;FLT3;FRK;FYN;GAK;GRK4;GRK7;HCK;HIPK1;HIPK2;HIPK3;HIPK4;HUNK;IKBKE;IRAK1;IRAK4;ITK;JAK2;JAK3;KIT;LCK;LRRK2;LTK;LYN;MAP2K1;MAP2K2;MAP2K3;MAP2K4;MAP2K5;MAP2K6;MAP2K7;MAP3K1;MAP3K11;MAP3K12;MAP3K13;MAP3K19;MAP3K2;MAP3K3;MAP3K4;MAP3K7;MAP3K9;MAP4K1;MAP4K2;MAP4K3;MAP4K4;MAP4K5;MAPK7;MAST1;MATK;MERTK;MET;MINK1;MST1R;MYLK;MYO3A;MYO3B;NEK11;NEK2;NIM1K;NLK;NPM1;NTRK1;NTRK2;NTRK3;NUAK1;NUAK2;PAK1;PAK2;PAK3;PDGFRA;PDGFRB;PHKG1;PHKG2;PIP5K1A;PKMYT1;PKN1;PKN2;PLK1;PLK2;PRKAA1;PRKCD;PRKCE;PRKCQ;PRKD3;PTK2;PTK2B;RET;RIOK1;RIOK3;RIPK2;ROCK1;ROCK2;RPS6KA2;RPS6KA3;RPS6KA6;RPS6KB1;SIK1;SIK2;SIK3;SLK;SRC;SRMS;SRPK3;STK10;STK24;STK25;STK26;STK3;STK32A;STK33;STK35;STK36;STK39;STK4;SYK;TAOK1;TAOK2;TAOK3;TBK1;TEC;TEK;TIE1;TLK1;TLK2;TNIK;TNK2;TNNI3K;TSSK1B;TXK;TYK2;TYRO3;ULK1;ULK2;ULK3;VRK2;WEE1;WEE2;YES1;ZAK;ZAP70,ABL1;HCK;LYN;SRC,
4361,chenodiol,C[C@H](CCC(=O)O)[C@H]1CC[C@H]2[C@@H]3[C@H](O)C[C@@H]4C[C@H](O)CC[C@]4(C)[C@H]3CC[C@]12C,RUDATBOHQWOJDD-BSWAIDMHSA-N,1,FDA,1983-07-28,1,3,FPR1;GPBAR1;NR1H4,NR1H4,
4363,chloroform,ClC(Cl)Cl,HEDRZPFGACZZDS-UHFFFAOYSA-N,0,,,1,0,,,
4365,vernakalant,COc1ccc(CCO[C@@H]2CCCC[C@H]2N2CC[C@@H](O)C2)cc1OC,VBHQKCBVWWUUKN-KZNAEPCWSA-N,1,EMA,2010-09-01,1,4,KCNA5;KCND2;KCNH2;SCN5A,KCNA5,
4366,voclosporin,C=C/C=C/C[C@@H](C)[C@@H](O)[C@H]1C(=O)N[C@@H](CC)C(=O)N(C)CC(=O)N(C)[C@@H](CC(C)C)C(=O)N[C@@H](C(C)C)C(=O)N(C)[C@@H](CC(C)C)C(=O)N[C@@H](C)C(=O)N[C@H](C)C(=O)N(C)[C@@H](CC(C)C)C(=O)N(C)[C@@H](CC(C)C)C(=O)N(C)[C@@H](C(C)C)C(=O)N1C,BICRTLVBTLFLRD-PTWUADNWSA-N,1,FDA,2021-01-22,1,1,PPIA,,
4368,xantinol,CN(CCO)CC(O)Cn1cnc2c1c(=O)n(C)c(=O)n2C,DSFGXPJYDCSWTA-UHFFFAOYSA-N,0,,,1,0,,,
4369,xenon,[Xe],FHNFHKCVQCLJFQ-UHFFFAOYSA-N,0,,,1,0,,,inorganic;element
4370,xenon (127Xe) gas,[127Xe],FHNFHKCVQCLJFQ-AHCXROLUSA-N,1,FDA,1982-10-01,1,0,,,inorganic;element
4371,xenon (133Xe) gas,[133Xe],FHNFHKCVQCLJFQ-NJFSPNSNSA-N,1,FDA,,1,0,,,inorganic;element
4372,triaziquone,O=C1C=C(N2CC2)C(=O)C(N2CC2)=C1N1CC1,PXSOHRWMIRDKMP-UHFFFAOYSA-N,0,,,0,0,,,
4374,lorcaserin,C[C@H]1CNCCc2ccc(Cl)cc21,XTTZERNUQAFMOF-QMMMGPOBSA-N,1,FDA,2012-06-27,1,4,HTR2A;HTR2B;HTR2C;SLC6A4,HTR2C,
4375,demecolcine,CN[C@H]1CCc2cc(OC)c(OC)c(OC)c2-c2ccc(OC)c(=O)cc21,NNJPGOLRFBJNIW-HNNXBMFYSA-N,0,,,0,0,,,
4376,dequalinium,Cc1cc(N)c2ccccc2[n+]1CCCCCCCCCC[n+]1c(C)cc(N)c2ccccc21,PCSWXVJAIHCTMO-UHFFFAOYSA-P,0,,,1,5,CNGA1;CNGA2;KCNN1;KCNN3;PRKCA,,charged_parent
4377,desaspidin,CCCC(=O)C1=C(O)C(C)(C)C(O)=C(Cc2c(OC)cc(O)c(C(=O)CCC)c2O)C1=O,GAHOBHHMYUYJDT-UHFFFAOYSA-N,0,,,0,0,,,
4378,decamethrin,CC1(C)[C@H](C(=O)O[C@H](C#N)c2cccc(Oc3ccccc3)c2)[C@@H]1C=C(Br)Br,OWZREIFADZCYQD-NSHGMRRFSA-N,0,,,0,0,,,
4379,degarelix,CC(=O)N[C@H](Cc1ccc2ccccc2c1)C(=O)N[C@H](Cc1ccc(Cl)cc1)C(=O)N[C@H](Cc1cccnc1)C(=O)N[C@@H](CO)C(=O)N[C@@H](Cc1ccc(NC(=O)[C@@H]2CC(=O)NC(=O)N2)cc1)C(=O)N[C@H](Cc1ccc(NC(N)=O)cc1)C(=O)N[C@@H](CC(C)C)C(=O)N[C@@H](CCCCNC(C)C)C(=O)N1CCC[C@H]1C(=O)N[C@H](C)C(N)=O,MEUCPCLKGZSHTA-XYAYPHGZSA-N,1,FDA,2008-12-24,1,1,GNRHR,GNRHR,
4380,desvenlafaxine,CN(C)CC(c1ccc(O)cc1)C1(O)CCCCC1,KYYIDSXMWOZKMP-UHFFFAOYSA-N,1,FDA,2008-02-29,1,2,SLC6A2;SLC6A4,SLC6A2;SLC6A4,
4381,dapoxetine,CN(C)[C@@H](CCOc1cccc2ccccc12)c1ccccc1,USRHYDPUVLEVMC-FQEVSTJZSA-N,0,,,0,1,SLC6A4,SLC6A4,
4382,mirabegron,Nc1nc(CC(=O)Nc2ccc(CCNC[C@H](O)c3ccccc3)cc2)cs1,PBAPPPCECJKMCM-IBGZPJMESA-N,1,FDA,2012-06-28,1,1,ADRB3,ADRB3,
4384,levofolinic acid,Nc1nc(=O)c2c([nH]1)NC[C@H](CNc1ccc(C(=O)N[C@@H](CCC(=O)O)C(=O)O)cc1)N2C=O,VVIAGPKUTFNRDU-STQMWFEESA-N,1,FDA,2008-03-07,1,0,,,
4393,clefamide,O=C(C(Cl)Cl)N(CCO)Cc1ccc(Oc2ccc([N+](=O)[O-])cc2)cc1,ODCUSWJXZDHLKV-UHFFFAOYSA-N,0,,,0,0,,,
4394,clevudine,Cc1cn([C@H]2O[C@@H](CO)[C@H](O)[C@H]2F)c(=O)[nH]c1=O,GBBJCSTXCAQSSJ-XQXXSGGOSA-N,0,,,0,0,,,
4395,clodantoin,CCCCC(CC)C1NC(=O)N(SC(Cl)(Cl)Cl)C1=O,VOGJJBHRUDVEFM-UHFFFAOYSA-N,0,,,0,0,,,
4396,clofenotane,Clc1ccc(C(c2ccc(Cl)cc2)C(Cl)(Cl)Cl)cc1,YVGGHNCTFXOJCH-UHFFFAOYSA-N,0,,,0,0,,,
4397,clopenthixol,OCCN1CCN(CCC=C2c3ccccc3Sc3ccc(Cl)cc32)CC1,WFPIAZLQTJBIFN-UHFFFAOYSA-N,0,,,0,1,HTR6,,
4398,tegafur,O=c1[nH]c(=O)n(C2CCCO2)cc1F,WFWLQNSHRPWKFK-UHFFFAOYSA-N,1,EMA,2011-03-14,1,0,,,
4399,eltrombopag,CC1=NN(c2ccc(C)c(C)c2)C(=O)/C1=N\Nc1cccc(-c2cccc(C(=O)O)c2)c1O,XDXWLKQMMKQXPV-QYQHSDTDSA-N,1,EMA;FDA,2008-11-20,1,2,KCNH2;MPL,MPL,
4400,carisbamate,NC(=O)OC[C@@H](O)c1ccccc1Cl,OLBWFRRUHYQABZ-MRVPVSSYSA-N,0,,,0,0,,,
4401,casopitant,CC(=O)N1CCN([C@H]2CCN(C(=O)N(C)[C@H](C)c3cc(C(F)(F)F)cc(C(F)(F)F)c3)[C@@H](c3ccc(F)cc3C)C2)CC1,XGGTZCKQRWXCHW-WMTVXVAQSA-N,0,,,0,2,SIGMAR1;TACR1,TACR1,
4402,ceftobiprole medocaril,Cc1oc(=O)oc1COC(=O)N1CC[C@@H](N2CC/C(=C\C3=C(C(=O)O)N4C(=O)[C@@H](NC(=O)/C(=N\O)c5nsc(N)n5)[C@H]4SC3)C2=O)C1,HFTSMHTWUFCYMJ-YIOMYIDASA-N,0,,,1,0,,,
4407,cyfluthrin,CC1(C)C(C=C(Cl)Cl)C1C(=O)OC(C#N)c1ccc(F)c(Oc2ccccc2)c1,QQODLKZGRKWIFG-UHFFFAOYSA-N,0,,,0,0,,,
4408,cymarin,CO[C@H]1C[C@H](O[C@H]2CC[C@]3(C=O)[C@H]4CC[C@]5(C)[C@@H](C6=CC(=O)OC6)CC[C@]5(O)[C@@H]4CC[C@]3(O)C2)O[C@H](C)[C@H]1O,XQCGNURMLWFQJR-ZNDDOCHDSA-N,0,,,0,0,,,
4409,cypermethrin,CC1(C)C(C=C(Cl)Cl)C1C(=O)OC(C#N)c1cccc(Oc2ccccc2)c1,KAATUXNTWXVJKI-UHFFFAOYSA-N,0,,,0,0,,,
4410,plerixafor,c1cc(CN2CCCNCCNCCCNCC2)ccc1CN1CCCNCCNCCCNCC1,YIQPUIGJQJDJOS-UHFFFAOYSA-N,1,FDA,2008-12-15,1,5,ACKR3;CCR2;CCR4;CXCL12;CXCR4,CXCR4,
4411,dexchlorpheniramine,CN(C)CC[C@@H](c1ccc(Cl)cc1)c1ccccn1,SOYKEARSMXGVTM-HNNXBMFYSA-N,1,FDA,1981-07-14,1,16,ADRA1D;ADRA2A;ADRA2B;CHRM1;CHRM2;CHRM3;CHRM4;CHRM5;HRH1;HRH2;HTR2A;HTR2C;SIGMAR1;SLC6A2;SLC6A3;SLC6A4,HRH1,
4412,diamorphine,CC(=O)Oc1ccc2c3c1O[C@H]1[C@@H](OC(C)=O)C=C[C@H]4[C@@H](C2)N(C)CC[C@@]341,GVGLGOZIDCSQPN-PVHGPHFFSA-N,0,,,0,0,,,
4413,dibromotyrosine,N[C@@H](Cc1cc(Br)c(O)c(Br)c1)C(=O)O,COESHZUDRKCEPA-ZETCQYMHSA-N,0,,,0,0,,,
4414,dibutylphthalate,CCCCOC(=O)c1ccccc1C(=O)OCCCC,DOIRQSBPFJWKBE-UHFFFAOYSA-N,0,,,0,1,TRPA1,,
4415,dibutylsuccinate,CCCCOC(=O)CCC(=O)OCCCC,YUXIBTJKHLUKBD-UHFFFAOYSA-N,0,,,0,0,,,
4417,diethyl ether,CCOCC,RTZKZFJDLAIYFH-UHFFFAOYSA-N,0,,,0,0,,,
4418,diethyltoluamide,CCN(CC)C(=O)c1cccc(C)c1,MMOXZBCLCQITDF-UHFFFAOYSA-N,1,FDA,,0,0,,,
4419,difetarsone,O=[As](O)(O)c1ccc(NCCNc2ccc([As](=O)(O)O)cc2)cc1,YQVALJGIKVYRNI-UHFFFAOYSA-N,0,,,0,0,,,
4420,dihydroergocryptine,CC(C)C[C@H]1C(=O)N2CCC[C@H]2[C@]2(O)O[C@](NC(=O)[C@@H]3C[C@@H]4c5cccc6[nH]cc(c56)C[C@H]4N(C)C3)(C(C)C)C(=O)N12,PBUNVLRHZGSROC-VTIMJTGVSA-N,1,FDA,,0,1,HTR2B,,
4421,diiodohydroxypropane,OC(CI)CI,DNKPFCQEGBJJTE-UHFFFAOYSA-N,0,,,0,0,,,
4422,etilevodopa,CCOC(=O)[C@@H](N)Cc1ccc(O)c(O)c1,NULMGOSOSZBEQL-QMMMGPOBSA-N,0,,,0,0,,,
4423,etybenzatropine,CCN1[C@@H]2CC[C@H]1C[C@@H](OC(c1ccccc1)c1ccccc1)C2,PHTMLLGDZBZXMW-AERCQKQUSA-N,0,,,0,0,,,
4424,candicidin,CC1/C=C/C=C/C=C/C=C/C=C/C=C/C=C/C(O[C@@H]2O[C@H](C)[C@@H](O)[C@@H](N)[C@@H]2O)CC2OC(O)(CC(O)CC(O)CC(O)CC(=O)CCCC(=O)CC(=O)OC1C(C)CC(C)C(O)CC(=O)c1ccc(N)cc1)CC(O)C2C(=O)O,YKSVGLFNJPQDJE-YDMQLZBCSA-N,1,FDA,,0,0,,,
4427,calcitonin human,CC[C@H](C)[C@H](NC(=O)[C@H](C)NC(=O)[C@@H](NC(=O)[C@H](CCC(N)=O)NC(=O)[C@@H]1CCCN1C(=O)[C@H](Cc1ccccc1)NC(=O)[C@@H](NC(=O)[C@H](Cc1c[nH]cn1)NC(=O)[C@H](Cc1ccccc1)NC(=O)[C@H](CCCCN)NC(=O)[C@H](CC(N)=O)NC(=O)[C@H](Cc1ccccc1)NC(=O)[C@H](CC(=O)O)NC(=O)[C@H](CCC(N)=O)NC(=O)[C@@H](NC(=O)[C@H](Cc1ccc(O)cc1)NC(=O)[C@@H](NC(=O)CNC(=O)[C@H](CC(C)C)NC(=O)[C@H](CCSC)NC(=O)[C@@H]1CSSC[C@H](N)C(=O)NCC(=O)N[C@@H](CC(N)=O)C(=O)N[C@@H](CC(C)C)C(=O)N[C@@H](CO)C(=O)N[C@@H]([C@@H](C)O)C(=O)N1)[C@@H](C)O)[C@@H](C)O)[C@@H](C)O)[C@@H](C)O)C(=O)NCC(=O)N[C@H](C(=O)NCC(=O)N[C@@H](C)C(=O)N1CCC[C@H]1C(N)=O)C(C)C,LDVRMNJZLWXJPL-JKQNMTHDSA-N,1,FDA,1986-10-31,1,4,CALCR;RAMP1;RAMP2;RAMP3,CALCR,
4429,calcitonin (pork natural),CSCC[C@H](NC(=O)CNC(=O)[C@H](CO)NC(=O)[C@H](Cc1ccccc1)NC(=O)[C@H](CCCNC(=N)N)NC(=O)[C@H](Cc1c[nH]cn1)NC(=O)[C@H](Cc1ccc(O)cc1)NC(=O)[C@H](CC(N)=O)NC(=O)[C@H](CC(N)=O)NC(=O)[C@H](CC(C)C)NC(=O)[C@H](CC(=O)O)NC(=O)[C@H](CCCCN)NC(=O)[C@H](Cc1c[nH]c2ccccc12)NC(=O)[C@H](Cc1ccc(O)cc1)NC(=O)[C@H](C)NC(=O)[C@H](CO)NC(=O)[C@H](CC(C)C)NC(=O)[C@H](CC(C)C)NC(=O)[C@@H]1CSSC[C@H](N)C(=O)N[C@@H](CO)C(=O)N[C@@H](CC(N)=O)C(=O)N[C@@H](CC(C)C)C(=O)N[C@@H](CO)C(=O)N[C@@H]([C@@H](C)O)C(=O)N1)C(=O)NCC(=O)N[C@@H](Cc1ccccc1)C(=O)NCC(=O)N1CCC[C@H]1C(=O)N[C@@H](CCC(=O)O)C(=O)N[C@H](C(=O)N1CCC[C@H]1C(N)=O)[C@@H](C)O,IXORWGHGSOABEO-AQZOCZKHSA-N,0,,,0,0,,,
4438,aluminium oxide,[O]1[Al]2[O][Al]1[O]2,TWNQGVIAIRXVLR-UHFFFAOYSA-N,0,,,0,0,,,inorganic
4443,ferric oxide,[O]=[Fe][O][Fe]=[O],JEIPFZHSYJVQDO-UHFFFAOYSA-N,1,FDA,,0,0,,,inorganic
4444,meradimate,CC1CCC(C(C)C)C(OC(=O)c2ccccc2N)C1,SOXAGEOHPCXXIO-UHFFFAOYSA-N,1,FDA,,0,0,,,
4446,iodine,II,PNDPGZBMCMUPRI-UHFFFAOYSA-N,1,FDA,,0,0,,,inorganic
4450,diphenadione,O=C1c2ccccc2C(=O)C1C(=O)C(c1ccccc1)c1ccccc1,JYGLAHSAISAEAL-UHFFFAOYSA-N,0,,,0,0,,,
4451,prednisolone sodium phosphate,C[C@]12C=CC(=O)C=C1CC[C@@H]1[C@@H]2[C@@H](O)C[C@@]2(C)[C@H]1CC[C@]2(O)C(=O)COP(=O)(O)O,JDOZJEUDSLGTLU-VWUMJDOOSA-N,1,FDA,1973-12-19,1,1,NR3C1,NR3C1,
4452,clobetasol propionate,CCC(=O)O[C@]1(C(=O)CCl)[C@@H](C)C[C@H]2[C@@H]3CCC4=CC(=O)C=C[C@]4(C)[C@@]3(F)[C@@H](O)C[C@@]21C,CBGUOGMQLZIXBE-XGQKBEPLSA-N,1,FDA,1985-12-27,1,4,ABCB11;ANXA1;CYP3A5;NR3C1,NR3C1,
4454,testosterone cypionate,C[C@]12CC[C@H]3[C@@H](CCC4=CC(=O)CC[C@@]43C)[C@@H]1CC[C@@H]2OC(=O)CCC1CCCC1,HPFVBGJFAYZEBE-ZLQWOROUSA-N,1,FDA,1978-06-23,1,1,AR,AR,
4455,fludeoxyglucose (18F),OC[C@H]1O[C@H](O)[C@H]([18F])[C@@H](O)[C@@H]1O,ZCXUVYAZINUVJD-AHXZWLDOSA-N,1,FDA,1994-08-19,1,0,,,
4456,hydrocortisone succinate,C[C@]12CCC(=O)C=C1CC[C@@H]1[C@@H]2[C@@H](O)C[C@@]2(C)[C@H]1CC[C@]2(O)C(=O)COC(=O)CCC(=O)O,VWQWXZAWFPZJDA-CGVGKPPMSA-N,1,FDA,1955-04-27,1,1,NR3C1,NR3C1,
4458,sulfisoxazole acetyl,CC(=O)N(c1onc(C)c1C)S(=O)(=O)c1ccc(N)cc1,JFNWFXVFBDDWCX-UHFFFAOYSA-N,1,FDA,1953-12-04,1,2,EDNRA;EDNRB,,
4460,menthyl salicylate,CC(C)[C@@H]1CC[C@@H](C)C[C@H]1OC(=O)c1ccccc1O,SJOXEWUZWQYCGL-DVOMOZLQSA-N,1,FDA,,0,0,,,
4462,dodeclonium bromide,CCCCCCCCCCCC[N+](C)(C)CCOc1ccc(Cl)cc1,DIQMZVPLKDZWFT-UHFFFAOYSA-N,0,,,0,0,,,charged_parent
4463,domiphen,CCCCCCCCCCCC[N+](C)(C)CCOc1ccccc1,YXUPZGKORWTXID-UHFFFAOYSA-N,0,,,0,0,,,charged_parent
4464,droxypropine,CCC(=O)C1(c2ccccc2)CCN(CCOCCO)CC1,FVYYUBRKVVOOAV-UHFFFAOYSA-N,0,,,0,0,,,
4465,efaproxiral,Cc1cc(C)cc(NC(=O)Cc2ccc(OC(C)(C)C(=O)O)cc2)c1,BNFRJXLZYUTIII-UHFFFAOYSA-N,0,,,0,0,,,
4466,eosin,O=C1OC2(c3ccccc31)c1cc(Br)c(O)c(Br)c1Oc1c2cc(Br)c(O)c1Br,DBZJJPROPLPMSN-UHFFFAOYSA-N,0,,,0,1,PRMT1,,
4467,epanolol,N#Cc1ccccc1OCC(O)CNCCNC(=O)Cc1ccc(O)cc1,YARKMNAWFIMDKV-UHFFFAOYSA-N,0,,,0,0,,,
4468,esketamine,CN[C@]1(c2ccccc2Cl)CCCCC1=O,YQEZLKZALYSWHR-ZDUSSCGKSA-N,1,EMA;FDA,2019-05-03,1,0,,,
4470,fosaprepitant,C[C@@H](O[C@H]1OCCN(Cc2nn(P(=O)(O)O)c(=O)[nH]2)[C@H]1c1ccc(F)cc1)c1cc(C(F)(F)F)cc(C(F)(F)F)c1,BARDROPHSZEBKC-OITMNORJSA-N,1,FDA,2003-03-27,1,1,TACR1,TACR1,
4472,AMMONIA N-13,[13NH3],QGZKDVFQNNGYKY-BJUDXGSMSA-N,1,FDA,2007-08-23,1,0,,,inorganic;element
4478,phosphoric acid,O=P(O)(O)O,NBIIXXVUZAFLBC-UHFFFAOYSA-N,1,FDA,1971-09-24,1,0,,,inorganic
4481,N-Acetyltyrosine,CC(=O)N[C@@H](Cc1ccc(O)cc1)C(=O)O,CAHKINHBCWCHCF-JTQLQIEISA-N,1,FDA,,0,0,,,
4482,corbadrine,C[C@H](N)[C@H](O)c1ccc(O)c(O)c1,GEFQWZLICWMTKF-CDUCUWFYSA-N,1,FDA,1960-01-06,1,4,ADRA1D;ADRA2A;ADRA2B;ADRA2C,ADRA2A;ADRA2B;ADRA2C,
4483,carfilzomib,CC(C)C[C@H](NC(=O)[C@H](CCc1ccccc1)NC(=O)CN1CCOCC1)C(=O)N[C@@H](Cc1ccccc1)C(=O)N[C@@H](CC(C)C)C(=O)[C@@]1(C)CO1,BLMPQMFVWMYDKT-NZTKNTHTSA-N,1,FDA;PMDA,2012-07-20,1,9,CTSB;GSTO1;KCNH2;PSMB1;PSMB10;PSMB2;PSMB5;PSMB8;PSMB9,PSMB5,
4484,aclidinium bromide,O=C(O[C@H]1C[N+]2(CCCOc3ccccc3)CCC1CC2)C(O)(c1cccs1)c1cccs1,ASMXXROZKSBQIH-VITNCHFBSA-N,1,EMA;FDA,2012-07-20,1,5,CHRM1;CHRM2;CHRM3;CHRM4;CHRM5,CHRM3,charged_parent
4485,diflorasone diacetate,CC(=O)OCC(=O)[C@@]1(OC(C)=O)[C@@H](C)C[C@H]2[C@@H]3C[C@H](F)C4=CC(=O)C=C[C@]4(C)[C@@]3(F)[C@@H](O)C[C@@]21C,BOBLHFUVNSFZPJ-JOYXJVLSSA-N,1,FDA,1977-09-14,1,1,NR3C1,NR3C1,
4486,taurine,NCCS(=O)(=O)O,XOAAWQZATWQOTB-UHFFFAOYSA-N,1,FDA,,0,0,,,
4493,alclometasone dipropionate,CCC(=O)OCC(=O)[C@@]1(OC(=O)CC)[C@H](C)C[C@H]2[C@H]3[C@H]([C@@H](O)C[C@@]21C)[C@@]1(C)C=CC(=O)C=C1C[C@H]3Cl,DJHCCTTVDRAMEH-DUUJBDRPSA-N,1,FDA,1982-12-14,1,1,NR3C1,NR3C1,
4496,haloperidol decanoate,CCCCCCCCCC(=O)OC1(c2ccc(Cl)cc2)CCN(CCCC(=O)c2ccc(F)cc2)CC1,GUTXTARXLVFHDK-UHFFFAOYSA-N,1,FDA,1986-01-14,1,3,DRD2;DRD3;DRD4,DRD2,
4497,estradiol acetate,CC(=O)Oc1ccc2c(c1)CC[C@@H]1[C@@H]2CC[C@]2(C)[C@@H](O)CC[C@@H]12,FHXBMXJMKMWVRG-SLHNCBLASA-N,1,FDA,2003-03-20,1,1,ESR1,ESR1,
4498,paliperidone palmitate,CCCCCCCCCCCCCCCC(=O)OC1CCCn2c1nc(C)c(CCN1CCC(c3noc4cc(F)ccc34)CC1)c2=O,VOMKSBFLAZZBOW-UHFFFAOYSA-N,1,FDA,2009-07-31,1,3,DRD2;HTR2A;KCNH2,DRD2;HTR2A,
4499,hydrofluoric acid,F,KRHYYFGTRYWZRS-UHFFFAOYSA-N,1,FDA,,0,0,,,inorganic;element
4500,amiloxate,COc1ccc(C=CC(=O)OCCC(C)C)cc1,UBNYRXMKIIGMKK-UHFFFAOYSA-N,1,FDA,,0,0,,,
4501,armodafinil,NC(=O)C[S@@](=O)C(c1ccccc1)c1ccccc1,YFGHCGITMMYXAQ-LJQANCHMSA-N,1,FDA,2007-06-05,1,6,ADRA1B;CYP1A2;CYP2C19;DRD2;DRD3;SLC6A3,SLC6A3,
4504,hydrocortisone valerate,CCCCC(=O)O[C@]1(C(=O)CO)CC[C@H]2[C@@H]3CCC4=CC(=O)CC[C@]4(C)[C@H]3[C@@H](O)C[C@@]21C,FZCHYNWYXKICIO-FZNHGJLXSA-N,1,FDA,1978-03-17,1,1,NR3C1,NR3C1,
4505,choline fenofibrate,CC(C)(Oc1ccc(C(=O)c2ccc(Cl)cc2)cc1)C(=O)O,MQOBSOSZFYZQOK-UHFFFAOYSA-N,1,FDA,2008-12-15,1,3,FABP2;PPARA;SLC22A12,PPARA,
4507,halcinonide,CC1(C)O[C@@H]2C[C@H]3[C@@H]4CCC5=CC(=O)CC[C@]5(C)[C@@]4(F)[C@@H](O)C[C@]3(C)[C@]2(C(=O)CCl)O1,MUQNGPZZQDCDFT-JNQJZLCISA-N,1,FDA,1974-11-27,1,1,NR3C1,NR3C1,
4508,racepinefrine,CNCC(O)c1ccc(O)c(O)c1,UCTWMZQNUQWSLP-UHFFFAOYSA-N,1,FDA,,1,3,ADRA1A;ADRA1B;ADRA1D,,
4514,teriparatide,CC[C@H](C)[C@H](NC(=O)[C@H](CCC(=O)O)NC(=O)[C@H](CO)NC(=O)[C@@H](NC(=O)[C@@H](N)CO)C(C)C)C(=O)N[C@@H](CCC(N)=O)C(=O)N[C@@H](CC(C)C)C(=O)N[C@@H](CCSC)C(=O)N[C@@H](Cc1c[nH]cn1)C(=O)N[C@@H](CC(N)=O)C(=O)N[C@@H](CC(C)C)C(=O)NCC(=O)N[C@@H](CCCCN)C(=O)N[C@@H](Cc1c[nH]cn1)C(=O)N[C@@H](CC(C)C)C(=O)N[C@@H](CC(N)=O)C(=O)N[C@@H](CO)C(=O)N[C@@H](CCSC)C(=O)N[C@@H](CCC(=O)O)C(=O)N[C@@H](CCCNC(=N)N)C(=O)N[C@H](C(=O)N[C@@H](CCC(=O)O)C(=O)N[C@@H](Cc1c[nH]c2ccccc12)C(=O)N[C@@H](CC(C)C)C(=O)N[C@@H](CCCNC(=N)N)C(=O)N[C@@H](CCCCN)C(=O)N[C@@H](CCCCN)C(=O)N[C@@H](CC(C)C)C(=O)N[C@@H](CCC(N)=O)C(=O)N[C@@H](CC(=O)O)C(=O)N[C@H](C(=O)N[C@@H](Cc1c[nH]cn1)C(=O)N[C@@H](CC(N)=O)C(=O)N[C@@H](Cc1ccccc1)C(=O)O)C(C)C)C(C)C,OGBMKVWORPGQRR-UMXFMPSGSA-N,1,EMA;FDA;PMDA,2002-11-26,1,2,PTH1R;PTH2R,PTH1R,
4516,tetracosactide,CSCC[C@H](NC(=O)[C@H](CO)NC(=O)[C@H](Cc1ccc(O)cc1)NC(=O)[C@@H](N)CO)C(=O)N[C@@H](CCC(=O)O)C(=O)N[C@@H](Cc1c[nH]cn1)C(=O)N[C@@H](Cc1ccccc1)C(=O)N[C@@H](CCCNC(=N)N)C(=O)N[C@@H](Cc1c[nH]c2ccccc12)C(=O)NCC(=O)N[C@@H](CCCCN)C(=O)N1CCC[C@H]1C(=O)N[C@H](C(=O)NCC(=O)N[C@@H](CCCCN)C(=O)N[C@@H](CCCCN)C(=O)N[C@@H](CCCNC(=N)N)C(=O)N[C@@H](CCCNC(=N)N)C(=O)N1CCC[C@H]1C(=O)N[C@H](C(=O)N[C@@H](CCCCN)C(=O)N[C@H](C(=O)N[C@@H](Cc1ccc(O)cc1)C(=O)N1CCC[C@H]1C(=O)O)C(C)C)C(C)C)C(C)C,ZOEFCCMDUURGSE-SQKVDDBVSA-N,1,FDA,1970-04-22,1,2,MC2R;MC4R,MC2R,
4523,quinine,C=C[C@H]1C[N@@]2CC[C@H]1C[C@H]2[C@H](O)c1ccnc2ccc(OC)cc12,LOUPRKONTZGTKE-WZBLMQSHSA-N,1,FDA,2005-08-12,1,9,ABCB1;HBA1;KCNB2;KCNH2;SCN1A;SCN2A;SCN3A;SLC22A1;SLC29A4,,
4530,cupric chloride,[Cl][Cu][Cl],ORTQZVOHEJQUHG-UHFFFAOYSA-L,1,FDA,1986-06-26,0,0,,,inorganic
4531,bismuth subgallate,O=C(O)c1cc(O)c2c(c1)[O][Bi]([OH])[O]2,JAONZGLTYYUPCT-UHFFFAOYSA-K,0,,,0,0,,,
4535,fazadinium,Cc1c(-c2ccccc2)[n+](/N=N/[n+]2c(-c3ccccc3)c(C)n3ccccc32)c2ccccn12,NJAGGYXZTILBMJ-QVIHXGFCSA-N,0,,,0,0,,,charged_parent
4536,fenbendazole,COC(=O)Nc1nc2cc(Sc3ccccc3)ccc2[nH]1,HDDSHPAODJUKPD-UHFFFAOYSA-N,0,,,0,1,MAPK14,,
4539,ferric hydroxide,[OH][Fe]([OH])[OH],MSNWSDPPULHLDL-UHFFFAOYSA-K,0,,,0,0,,,inorganic
4543,ferrous chloride,[Cl][Fe][Cl],NMCUIPGRVMDVDB-UHFFFAOYSA-L,0,,,0,0,,,inorganic
4546,fluclorolone,C[C@]12C=CC(=O)C=C1[C@@H](F)C[C@H]1[C@@H]3C[C@@H](O)[C@](O)(C(=O)CO)[C@@]3(C)C[C@H](Cl)[C@@]12Cl,VTWKPILBIUBMDS-OTJLYDAYSA-N,0,,,0,0,,,
4547,flumedroxone,CC(=O)[C@@]1(O)CC[C@H]2[C@@H]3C[C@H](C(F)(F)F)C4=CC(=O)CC[C@]4(C)[C@H]3CC[C@@]21C,CDZJOBWKHSYNMO-SCUQKFFVSA-N,0,,,0,0,,,
4548,flumetasone,C[C@@H]1C[C@H]2[C@@H]3C[C@H](F)C4=CC(=O)C=C[C@]4(C)[C@@]3(F)[C@@H](O)C[C@]2(C)[C@@]1(O)C(=O)CO,WXURHACBFYSXBI-GQKYHHCASA-N,0,,,0,0,,,
4550,fluorodopa (18F),N[C@@H](Cc1cc(O)c(O)cc1[18F])C(=O)O,PAXWQORCRCBOCU-RPDRGXCHSA-N,1,FDA,2019-10-10,1,0,,,
4551,fluoroethylcholine (18F),C[N+](C)(CCO)CC[18F],HVTQGIFBNBMSGE-JZRMKITLSA-N,0,,,0,0,,,charged_parent
4553,fluprednidene,C=C1C[C@H]2[C@@H]3CCC4=CC(=O)C=C[C@]4(C)[C@@]3(F)[C@@H](O)C[C@]2(C)[C@@]1(O)C(=O)CO,YVHXHNGGPURVOS-SBTDHBFYSA-N,0,,,0,0,,,
4554,fluticasone furoate,C[C@@H]1C[C@H]2[C@@H]3C[C@H](F)C4=CC(=O)C=C[C@]4(C)[C@@]3(F)[C@@H](O)C[C@]2(C)[C@@]1(OC(=O)c1ccco1)C(=O)SCF,XTULMSXFIHGYFS-VLSRWLAYSA-N,1,FDA,2007-04-27,1,3,NR3C1;NR3C2;PGR,NR3C1,
4562,gepirone,CC1(C)CC(=O)N(CCCCN2CCN(c3ncccn3)CC2)C(=O)C1,QOIGKGMMAGJZNZ-UHFFFAOYSA-N,0,,,1,3,DRD2;HTR1A;HTR2A,,
4563,gestonorone,CC(=O)[C@@]1(O)CC[C@H]2[C@@H]3CCC4=CC(=O)CC[C@@H]4[C@H]3CC[C@@]21C,GTFUITFQDGVJSK-XGXHKTLJSA-N,0,,,0,0,,,
4564,guanoclor,N=C(N)NNCCOc1c(Cl)cccc1Cl,XIHXRRMCNSMUET-UHFFFAOYSA-N,0,,,0,0,,,
4567,nomegestrol,CC(=O)[C@@]1(O)CC[C@H]2[C@@H]3C=C(C)C4=CC(=O)CC[C@@H]4[C@H]3CC[C@@]21C,KZUIYQJTUIACIG-YBZCJVABSA-N,0,,,1,0,,,
4568,hydrochloric acid,Cl,VEXZGXHMUGYJMC-UHFFFAOYSA-N,0,,,1,1,CA4,,inorganic;element
4569,hydrocortisone probutate,CCCC(=O)O[C@]1(C(=O)COC(=O)CC)CC[C@H]2[C@@H]3CCC4=CC(=O)CC[C@]4(C)[C@H]3[C@@H](O)C[C@@]21C,FOGXJPFPZOHSQS-AYVLZSQQSA-N,1,FDA,1997-02-28,1,1,NR3C1,NR3C1,
4570,hydroquinine,CC[C@H]1C[N@@]2CC[C@H]1C[C@H]2[C@H](O)c1ccnc2ccc(OC)cc12,LJOQGZACKSYWCH-WZBLMQSHSA-N,0,,,0,0,,,
4571,hydroxyethylpromethazine,CC(CN1c2ccccc2Sc2ccccc21)[N+](C)(C)CCO,PDSVTRQOBUIQBQ-UHFFFAOYSA-N,0,,,0,0,,,charged_parent
4572,ibacitabine,Nc1nc(=O)n([C@H]2C[C@H](O)[C@@H](CO)O2)cc1I,WEVJJMPVVFNAHZ-RRKCRQDMSA-N,0,,,0,0,,,
4573,iclaprim,COc1cc(Cc2cnc(N)nc2N)c2c(c1OC)OC(C1CC1)C=C2,HWJPWWYTGBZDEG-UHFFFAOYSA-N,0,,,0,1,DHFR,,
4574,idanpramine,COc1ccc(C2(c3ccc(OC)cc3)NC(=O)N(CCN3CCCCC3)C2=O)cc1,HVYGXNYMNHSBGD-UHFFFAOYSA-N,0,,,0,0,,,
4575,indigo carmine,O=C1/C(=C2\Nc3ccc(S(=O)(=O)O)cc3C2=O)Nc2ccc(S(=O)(=O)O)cc21,CFZXDJWFRVEWSR-BUHFOSPRSA-N,1,FDA,,1,0,,,
4577,iobenguane (131I),N=C(N)NCc1cccc([131I])c1,PDWUPXJEEYOOTR-JRGAVVOBSA-N,0,,,1,0,,,
4578,iodocholesterol (131I),CC(C)CCC[C@@H](C)[C@H]1CC[C@H]2[C@@H]3CC=C4C[C@@H](O)CC[C@]4(C[131I])[C@H]3CC[C@]12C,FIOAEFCJGZJUPW-ODFYUTSGSA-N,0,,,0,0,,,
4579,iodoform,IC(I)I,OKJPEAGHQZHRQV-UHFFFAOYSA-N,0,,,0,0,,,
4580,ioglicic acid,CNC(=O)CNC(=O)c1c(I)c(NC(C)=O)c(I)c(C(=O)O)c1I,HHFIATHHSBFCBY-UHFFFAOYSA-N,0,,,0,0,,,
4581,iopydol,O=c1c(I)cn(CC(O)CO)cc1I,TZADDXVKYWMEHX-UHFFFAOYSA-N,0,,,0,0,,,
4582,ioxitalamic acid,CC(=O)Nc1c(I)c(C(=O)O)c(I)c(C(=O)NCCO)c1I,OLAOYPRJVHUHCF-UHFFFAOYSA-N,0,,,1,0,,,
4583,itramin tosilate,NCCO[N+](=O)[O-],KZTZJUQNSSLNAG-UHFFFAOYSA-N,0,,,0,0,,,
4584,krypton (81mKr) gas,[81Kr],DNNSSWSSYDEUBZ-OIOBTWANSA-N,0,,,1,0,,,inorganic;element
4586,levomethadone,CCC(=O)C(C[C@@H](C)N(C)C)(c1ccccc1)c1ccccc1,USSIQXCVUWKGNF-QGZVFWFLSA-N,0,,,1,0,,,
4587,levoverbenone,CC1=CC(=O)[C@H]2C[C@@H]1C2(C)C,DCSCXTJOXBUFGB-JGVFFNPUSA-N,0,,,0,0,,,
4588,linopirdine,O=C1N(c2ccccc2)c2ccccc2C1(Cc1ccncc1)Cc1ccncc1,YEJCDKJIEMIWRQ-UHFFFAOYSA-N,0,,,0,3,KCNQ2;KCNQ4;KCNQ5,,
4589,linsidomine,N=c1c[n+](N2CCOCC2)[n-]o1,FKDHHVKWGRFRTG-UHFFFAOYSA-N,0,,,0,0,,,
4595,magnesium peroxide,[O]1[O][Mg]1,SPAGIJMPHSUYSE-UHFFFAOYSA-N,0,,,0,0,,,inorganic
4598,mannosulfan,CS(=O)(=O)OC[C@@H](OS(C)(=O)=O)[C@@H](O)[C@H](O)[C@@H](COS(C)(=O)=O)OS(C)(=O)=O,UUVIQYKKKBJYJT-ZYUZMQFOSA-N,0,,,0,0,,,
4601,diosmetin,COc1ccc(-c2cc(=O)c3c(O)cc(O)cc3o2)cc1O,MBNGWHIJMBWFHU-UHFFFAOYSA-N,1,FDA,,0,5,ABCC1;CYP1B1;IP6K2;IPMK;KDM1A,,
4602,diethylamino hydroxybenzoyl hexyl benzoate,CCCCCCOC(=O)c1ccccc1C(=O)c1ccc(N(CC)CC)cc1O,FDATWRLUYRHCJE-UHFFFAOYSA-N,1,FDA,,0,0,,,
4604,xylitol,OC[C@@H](O)[C@H](O)[C@@H](O)CO,HEBKCHPVOIAQTA-SCDXWVJYSA-N,1,FDA,,0,0,,,
4605,tonzonium,CCCCCCCCCCCCCCCC[N+](C)(C)CCN(Cc1ccc(OC)cc1)c1ncccn1,IOYZYMQFUSNATM-UHFFFAOYSA-N,1,FDA,1962-05-17,1,1,IDE,,charged_parent
4606,clocortolone pivalate,C[C@@H]1C[C@H]2[C@@H]3C[C@H](F)C4=CC(=O)C=C[C@]4(C)[C@@]3(Cl)[C@@H](O)C[C@]2(C)[C@H]1C(=O)COC(=O)C(C)(C)C,SXYZQZLHAIHKKY-GSTUPEFVSA-N,1,FDA,1977-08-22,1,1,NR3C1,NR3C1,
4607,ubidecarenone,COC1=C(OC)C(=O)C(C/C=C(\C)CC/C=C(\C)CC/C=C(\C)CC/C=C(\C)CC/C=C(\C)CC/C=C(\C)CC/C=C(\C)CC/C=C(\C)CC/C=C(\C)CCC=C(C)C)=C(C)C1=O,ACTIUHUUMQJHFO-UPTCCGCDSA-N,1,FDA,,0,0,,,
4608,trypan blue,Cc1cc(-c2ccc(/N=N/c3c(S(=O)(=O)O)cc4cc(S(=O)(=O)O)cc(N)c4c3O)c(C)c2)ccc1/N=N/c1c(S(=O)(=O)O)cc2cc(S(=O)(=O)O)cc(N)c2c1O,ZBNARPCCDMHDDV-HVMBLDELSA-N,1,FDA,2004-12-16,1,1,PTPN1,,
4609,testosterone enantate,CCCCCCC(=O)O[C@H]1CC[C@H]2[C@@H]3CCC4=CC(=O)CC[C@]4(C)[C@H]3CC[C@]12C,VOCBWIIFXDYGNZ-IXKNJLPQSA-N,1,FDA,1953-12-24,1,1,AR,AR,
4610,sucrose,OC[C@H]1O[C@@](CO)(O[C@H]2O[C@H](CO)[C@@H](O)[C@H](O)[C@H]2O)[C@@H](O)[C@@H]1O,CZMRCDWAGMRECN-UGDNZRGBSA-N,1,FDA,,0,0,,,
4611,stearic acid,CCCCCCCCCCCCCCCCCC(=O)O,QIQXTHQIDYTFRH-UHFFFAOYSA-N,1,FDA,,0,4,FABP4;PPARA;PPARD;PPARG,,
4612,protocatechualdehyde,O=Cc1ccc(O)c(O)c1,IBGBGRVKPALMCQ-UHFFFAOYSA-N,1,FDA,,0,0,,,
4613,polydatin,OC[C@H]1O[C@@H](Oc2cc(O)cc(/C=C/c3ccc(O)cc3)c2)[C@H](O)[C@@H](O)[C@@H]1O,HSTZMXCBWJGKHG-CUYWLFDKSA-N,1,FDA,,0,0,,,
4615,N-Acetylglucosamine,CC(=O)N[C@@H]1[C@@H](O)[C@H](O)[C@@H](CO)O[C@H]1O,OVRNDRQMDRJTHS-FMDGEEDCSA-N,1,FDA,,0,0,,,
4616,methylnaltrexone,C[N+]1(CC2CC2)CC[C@]23c4c5ccc(O)c4O[C@H]2C(=O)CC[C@@]3(O)[C@H]1C5,JVLBPIPGETUEET-GAAHOAFPSA-O,1,EMA;FDA,2008-04-24,1,4,CYP2D6;OPRD1;OPRK1;OPRM1,OPRM1,charged_parent
4617,lycopene,CC(C)=CCC/C(C)=C/C=C/C(C)=C/C=C/C(C)=C/C=C/C=C(C)/C=C/C=C(C)/C=C/C=C(\C)CCC=C(C)C,OAIJSZIZWZSQBC-GYZMGTAESA-N,1,FDA,,0,0,,,
4618,linolenic acid,CC/C=C\C/C=C\C/C=C\CCCCCCCC(=O)O,DTOSIQBPPRVQHS-PDBXOOCHSA-N,1,FDA,,0,8,CYP19A1;F3;FABP3;FFAR1;PPARA;PPARD;PPARG;PTGS1,,
4619,levomenol,CC(C)=CCC[C@](C)(O)[C@@H]1CC=C(C)CC1,RGZSQWQPBWRIAQ-CABCVRRESA-N,1,FDA,,0,2,CHRNA7;STAT3,,
4620,diacetyl benzoyl lathyrol,C=C1CC[C@H]2[C@@H](/C=C(\C)C(=O)[C@@]3(OC(C)=O)C[C@H](C)[C@H](OC(=O)c4ccccc4)[C@@H]3[C@H]1OC(C)=O)C2(C)C,JPYYWXPAHJBKJX-VWSFRBHVSA-N,1,FDA,,0,0,,,
4621,levomefolic acid,CN1c2c([nH]c(N)nc2=O)NC[C@@H]1CNc1ccc(C(=O)N[C@@H](CCC(=O)O)C(=O)O)cc1,ZNOVTXRBGFNYRX-STQMWFEESA-N,1,FDA,2010-09-24,1,1,TYMS,,
4622,linaclotide,C[C@@H]1NC(=O)[C@@H]2CCCN2C(=O)[C@H](CC(N)=O)NC(=O)[C@@H]2CSSC[C@H](N)C(=O)N[C@H]3CSSC[C@H](NC1=O)C(=O)N[C@@H]([C@@H](C)O)C(=O)NCC(=O)N[C@H](C(=O)N[C@@H](Cc1ccc(O)cc1)C(=O)O)CSSC[C@H](NC(=O)[C@H](Cc1ccc(O)cc1)NC(=O)[C@H](CCC(=O)O)NC3=O)C(=O)N2,KXGCNMMJRFDFNR-WDRJZQOASA-N,1,FDA,2012-08-30,1,1,GUCY2C,GUCY2C,
4624,phenylacetic acid,O=C(O)Cc1ccccc1,WLJVXDMOQOGPHL-UHFFFAOYSA-N,1,FDA,1987-12-23,1,1,AKR1B1,,
4625,ammonia,N,QGZKDVFQNNGYKY-UHFFFAOYSA-N,1,FDA,,1,0,,,inorganic;element
4626,trinitrophenol,O=[N+]([O-])c1cc([N+](=O)[O-])c(O)c([N+](=O)[O-])c1,OXNIZHLAWKMVMX-UHFFFAOYSA-N,1,FDA,,0,0,,,
4627,sincalide,CSCC[C@H](NC(=O)[C@H](Cc1ccc(OS(=O)(=O)O)cc1)NC(=O)[C@@H](N)CC(=O)O)C(=O)NCC(=O)N[C@@H](Cc1c[nH]c2ccccc12)C(=O)N[C@@H](CCSC)C(=O)N[C@@H](CC(=O)O)C(=O)N[C@@H](Cc1ccccc1)C(N)=O,IZTQOLKUZKXIRV-YRVFCXMDSA-N,1,FDA,1976-07-21,1,2,CCKAR;CCKBR,,
4628,enzalutamide,CNC(=O)c1ccc(N2C(=S)N(c3ccc(C#N)c(C(F)(F)F)c3)C(=O)C2(C)C)cc1F,WXCXUHSOUPDCQV-UHFFFAOYSA-N,1,FDA;PMDA,2012-08-31,1,1,AR,AR,
4633,trabectedin,COc1cc2c(cc1O)CCN[C@]21CS[C@@H]2c3c(OC(C)=O)c(C)c4c(c3[C@H](COC1=O)N1[C@@H]2[C@H]2c3c(cc(C)c(OC)c3O)C[C@@H]([C@@H]1O)N2C)OCO4,PKVRCIRHQMSYJX-AIFWHQITSA-N,1,EMA;FDA;PMDA,2007-09-17,1,1,SRC,,
4634,teriflunomide,C/C(O)=C(\C#N)C(=O)Nc1ccc(C(F)(F)F)cc1,UTNUDOFZCWSZMS-YFHOEESVSA-N,1,EMA;FDA,2012-09-12,1,2,DHFR;DHODH,DHODH,
4635,Choline C-11,C[N+](C)([11CH3])CCO,OEYIOHPDSNJKLS-BJUDXGSMSA-N,1,FDA,2012-09-12,1,0,,,charged_parent
4638,Padimate A,CC(C)CCOC(=O)c1ccc(N(C)C)cc1,OFSAUHSCHWRZKM-UHFFFAOYSA-N,1,FDA,,0,0,,,
4639,oftasceine,O=C(O)CN(CC(=O)O)Cc1cc2c(cc1O)Oc1cc(O)c(CN(CC(=O)O)CC(=O)O)cc1C21OC(=O)c2ccccc21,DEGAKNSWVGKMLS-UHFFFAOYSA-N,1,FDA,,0,0,,,
4640,octyltriethoxysilane,CCCCCCCC[Si](OCC)(OCC)OCC,MSRJTTSHWYDFIU-UHFFFAOYSA-N,1,FDA,,0,0,,,
4641,levmetamfetamine,CN[C@H](C)Cc1ccccc1,MYWUZJCMWCOHBA-SECBINFHSA-N,1,FDA,,1,1,TAAR1,TAAR1,
4642,dodecanoic acid,CCCCCCCCCCCC(=O)O,POULHZVOKOAJMA-UHFFFAOYSA-N,1,FDA,,0,5,FFAR1;GPR84;PPARA;PPARD;PPARG,,
4645,glycolic acid,O=C(O)CO,AEMRFAOFKBGASW-UHFFFAOYSA-N,1,FDA,,0,0,,,
4647,fluorometholone acetate,CC(=O)O[C@]1(C(C)=O)CC[C@H]2[C@@H]3C[C@H](C)C4=CC(=O)C=C[C@]4(C)[C@@]3(F)[C@@H](O)C[C@@]21C,YRFXGQHBPBMFHW-SBTZIJSASA-N,1,FDA,1986-02-11,1,1,NR3C1,NR3C1,
4648,eugenol,C=CCc1ccc(O)c(OC)c1,RRAFCDWBNXTKKO-UHFFFAOYSA-N,1,FDA,,0,2,ALOX5;PTGS1,,
4649,dipyrithione,[O-][n+]1ccccc1SSc1cccc[n+]1[O-],ZHDBTKPXEJDTTQ-UHFFFAOYSA-N,1,FDA,,0,0,,,
4650,dimyristoylphosphatidylglycerol,CCCCCCCCCCCCCC(=O)OCC(COP(=O)(O)OCC(O)CO)OC(=O)CCCCCCCCCCCCC,BPHQZTVXXXJVHI-UHFFFAOYSA-N,1,FDA,,0,0,,,
4651,dimyristoylphosphatidylcholine,CCCCCCCCCCCCCC(=O)OCC(COP(=O)([O-])OCC[N+](C)(C)C)OC(=O)CCCCCCCCCCCCC,CITHEXJVPOWHKC-UHFFFAOYSA-N,1,FDA,2002-05-31,0,0,,,
4652,diazolidinylurea,O=C1C(N(CO)C(=O)NCO)N(CO)C(=O)N1CO,SOROIESOUPGGFO-UHFFFAOYSA-N,0,,,0,0,,,
4653,chloramphenicol succinate,O=C(O)CCC(=O)OC[C@@H](NC(=O)C(Cl)Cl)[C@H](O)c1ccc([N+](=O)[O-])cc1,LIRCDOVJWUGTMW-ZWNOBZJWSA-N,1,FDA,1950-12-08,1,0,,,
4654,regorafenib,CNC(=O)c1cc(Oc2ccc(NC(=O)Nc3ccc(Cl)c(C(F)(F)F)c3)c(F)c2)ccn1,FNHKPVJBJVTLMP-UHFFFAOYSA-N,1,EMA;FDA,2012-09-27,1,11,BRAF;EPHX2;FGFR1;FLT1;FLT3;GLRA1;KDR;KIT;PDGFRB;RAF1;TEK,BRAF;KDR,
4655,tedisamil,C1CCC2(C1)[C@H]1CN(CC3CC3)C[C@@H]2CN(CC2CC2)C1,CTIRHWCPXYGDGF-HDICACEKSA-N,0,,,0,0,,,
4656,meprotixol,COc1ccc2c(c1)C(O)(CCCN(C)C)c1ccccc1S2,LAYVFLWAVIGDLK-UHFFFAOYSA-N,0,,,0,0,,,
4658,metabutethamine,CC(C)CNCCOC(=O)c1cccc(N)c1,BXMFKNRZTLNAFY-UHFFFAOYSA-N,0,,,0,0,,,
4659,metamizole,Cc1c(N(C)CS(=O)(=O)O)c(=O)n(-c2ccccc2)n1C,LVWZTYCIRDMTEY-UHFFFAOYSA-N,0,,,1,1,TRPA1,TRPA1,
4660,methylatropine,C[N+]1(C)[C@@H]2CC[C@H]1C[C@H](OC(=O)[C@@H](CO)c1ccccc1)C2,PIPAJLPNWZMYQA-YVSFHVDLSA-N,0,,,0,0,,,charged_parent
4661,creatine,CN(CC(=O)O)C(=N)N,CVSVTCORWBXHQV-UHFFFAOYSA-N,1,FDA,,0,0,,,
4663,benzoin,O=C(c1ccccc1)C(O)c1ccccc1,ISAOCJYIOMOJEB-UHFFFAOYSA-N,1,FDA,,0,2,CES1;CES2,,
4664,benzoic acid,O=C(O)c1ccccc1,WPYMKLBDIGXBTP-UHFFFAOYSA-N,1,FDA,,1,2,DAO;NAPRT,,
4665,brilliant green,CCN(CC)c1ccc(C(=C2C=CC(=[N+](CC)CC)C=C2)c2ccccc2)cc1,HXCILVUBKWANLN-UHFFFAOYSA-N,1,FDA,,0,0,,,charged_parent
4666,betiatide,O=C(O)CNC(=O)CNC(=O)CNC(=O)CSC(=O)c1ccccc1,VDPYMEBVIDZKMD-UHFFFAOYSA-N,1,FDA,,0,0,,,
4667,betamethasone phosphate,C[C@H]1C[C@H]2[C@@H]3CCC4=CC(=O)C=C[C@]4(C)[C@@]3(F)[C@@H](O)C[C@]2(C)[C@@]1(O)C(=O)COP(=O)(O)O,VQODGRNSFPNSQE-DVTGEIKXSA-N,1,FDA,1965-03-03,1,6,CHRM1;CHRM3;CHRM4;CHRM5;HRH1;NR3C1,NR3C1,
4668,1-Octacosanol,CCCCCCCCCCCCCCCCCCCCCCCCCCCCO,CNNRPFQICPFDPO-UHFFFAOYSA-N,1,FDA,,0,0,,,
4670,methylrosaniline,CN(C)c1ccc(C(O)(c2ccc(N(C)C)cc2)c2ccc(N(C)C)cc2)cc1,QFVDKARCPMTZCS-UHFFFAOYSA-N,0,,,0,0,,,
4671,metizoline,Cc1sc2ccccc2c1CC1=NCCN1,NDNKHWUXXOFHTD-UHFFFAOYSA-N,0,,,0,1,NISCH,,
4672,morniflumate,O=C(OCCN1CCOCC1)c1cccnc1Nc1cccc(C(F)(F)F)c1,LDXSPUSKBDTEKA-UHFFFAOYSA-N,0,,,0,0,,,
4673,nalfurafine,CN(C(=O)/C=C/c1ccoc1)[C@@H]1CC[C@@]2(O)[C@H]3Cc4ccc(O)c5c4[C@@]2(CCN3CC2CC2)[C@H]1O5,XGZZHZMWIXFATA-UEZBDDGYSA-N,1,PMDA,2009-01-21,1,7,HCRTR1;MAPK1;MAPK3;OPRD1;OPRK1;OPRL1;OPRM1,OPRK1,
4674,naproxcinod,COc1ccc2cc([C@H](C)C(=O)OCCCCO[N+](=O)[O-])ccc2c1,AKFJWRDCWYYTIG-ZDUSSCGKSA-N,0,,,0,0,,,
4675,nicofetamide,O=C(NC(Cc1ccccc1)c1ccccc1)c1cccnc1,DWODOIKZDGJOPQ-UHFFFAOYSA-N,0,,,0,0,,,
4676,obidoxime,O/N=C/c1cc[n+](COC[n+]2ccc(/C=N/O)cc2)cc1,HIGRLDNHDGYWQJ-UHFFFAOYSA-P,0,,,0,1,ACHE,,charged_parent
4677,omacetaxine mepesuccinate,COC(=O)C[C@](O)(CCCC(C)(C)O)C(=O)O[C@@H]1C(OC)=C[C@]23CCCN2CCc2cc4c(cc2[C@H]13)OCO4,HYFHYPWGAURHIV-JFIAXGOJSA-N,1,FDA,2012-10-26,1,0,,,
4678,oritavancin,CN[C@H](CC(C)C)C(=O)N[C@H]1C(=O)N[C@@H](CC(N)=O)C(=O)N[C@H]2C(=O)N[C@H]3C(=O)N[C@H](C(=O)N[C@H](C(=O)O)c4cc(O)cc(O)c4-c4cc3ccc4O)[C@H](O[C@H]3C[C@](C)(N)[C@@H](O)[C@H](C)O3)c3ccc(c(Cl)c3)Oc3cc2cc(c3O[C@@H]2O[C@H](CO)[C@@H](O)[C@H](O)[C@H]2O[C@H]2C[C@](C)(NCc3ccc(-c4ccc(Cl)cc4)cc3)[C@@H](O)[C@H](C)O2)Oc2ccc(cc2Cl)[C@H]1O,VHFGEBVPHAGQPI-LXKZPTCJSA-N,1,EMA;FDA,2014-08-06,1,0,,,
4679,ornipressin,NCCC[C@H](NC(=O)[C@@H]1CCCN1C(=O)[C@@H]1CSSC[C@H](N)C(=O)N[C@@H](Cc2ccc(O)cc2)C(=O)N[C@@H](Cc2ccccc2)C(=O)N[C@@H](CCC(N)=O)C(=O)N[C@@H](CC(N)=O)C(=O)N1)C(=O)NCC(N)=O,MUNMIGOEDGHVLE-LGYYRGKSSA-N,0,,,0,0,,,
4681,oxabolone cipionate,C[C@]12CC[C@H]3[C@@H](CCC4=C(O)C(=O)CC[C@@H]43)[C@@H]1CC[C@@H]2OC(=O)CCC1CCCC1,KHKDIUPVDIEHAH-KXLSUQFWSA-N,0,,,0,0,,,
4682,panobinostat,Cc1[nH]c2ccccc2c1CCNCc1ccc(/C=C/C(=O)NO)cc1,FPOHNWQLNRZRFC-ZHACJKMWSA-N,1,EMA;FDA,2015-02-23,1,12,BRD4;HDAC1;HDAC10;HDAC11;HDAC2;HDAC3;HDAC4;HDAC5;HDAC6;HDAC7;HDAC8;HDAC9,HDAC1;HDAC10;HDAC11;HDAC2;HDAC3;HDAC4;HDAC5;HDAC6;HDAC7;HDAC8;HDAC9,
4683,paraoxon,CCOP(=O)(OCC)Oc1ccc([N+](=O)[O-])cc1,WYMSBXTXOHUIGT-UHFFFAOYSA-N,0,,,0,4,ACHE;BCHE;CA1;CA2,,
4684,perampanel,N#Cc1ccccc1-c1cc(-c2ccccn2)cn(-c2ccccc2)c1=O,PRMWGUBFXWROHD-UHFFFAOYSA-N,1,FDA;PMDA,2012-10-22,1,4,GRIA1;GRIA2;GRIA3;GRIA4,GRIA1;GRIA2;GRIA3;GRIA4,
4685,perflenapent,FC(F)(F)C(F)(F)C(F)(F)C(F)(F)C(F)(F)F,NJCBUSHGCBERSK-UHFFFAOYSA-N,0,,,1,0,,,
4686,phenothrin,CC(C)=CC1C(C(=O)OCc2cccc(Oc3ccccc3)c2)C1(C)C,SBNFWQZLDJGRLK-UHFFFAOYSA-N,0,,,1,0,,,
4688,phenylmercuric nitrate,O=[N+]([O-])[O][Hg][c]1ccccc1,PDTFCHSETJBPTR-UHFFFAOYSA-N,0,,,0,0,,,
4689,picodralazine,NNc1nnc(Cc2ccncc2)c2ccccc12,KCASCYQNVLPVDP-UHFFFAOYSA-N,0,,,0,0,,,
4690,pleconaril,Cc1cc(CCCOc2c(C)cc(-c3noc(C(F)(F)F)n3)cc2C)on1,KQOXLKOJHVFTRN-UHFFFAOYSA-N,0,,,0,1,NR1I2,,
4696,remikiren,CC(C)(C)S(=O)(=O)C[C@@H](Cc1ccccc1)C(=O)N[C@@H](Cc1c[nH]cn1)C(=O)N[C@@H](CC1CCCCC1)[C@@H](O)[C@@H](O)C1CC1,UXIGZRQVLGFTOU-VQXQMPIVSA-N,0,,,0,1,REN,REN,
4697,ritiometan,O=C(O)CSC(SCC(=O)O)SCC(=O)O,ZBNBQISDCFIEQC-UHFFFAOYSA-N,0,,,0,0,,,
4702,esatenolol,CC(C)NC[C@H](O)COc1ccc(CC(N)=O)cc1,METKIMKYRPQLGS-LBPRGKRZSA-N,0,,,1,3,ADORA3;ADRB1;ADRB2,,
4704,semustine,CC1CCC(NC(=O)N(CCCl)N=O)CC1,FVLVBPDQNARYJU-UHFFFAOYSA-N,0,,,0,1,ADRA2A,,
4713,tofacitinib,C[C@@H]1CCN(C(=O)CC#N)C[C@@H]1N(C)c1ncnc2[nH]ccc12,UJLAWZDWDVHWOW-YPMHNXCESA-N,1,FDA,2012-11-06,1,32,ABL1;BMP2K;CAMK1;CAMK1D;CAMK2A;CAMK2D;DCLK1;DCLK3;DMPK;FYN;GRK7;JAK1;JAK2;JAK3;LCK;LRRK2;MAP4K2;MKNK2;NUAK2;PKN1;PKN2;PRKCD;RET;ROCK1;ROCK2;RPS6KA1;RPS6KA2;RPS6KA6;STK3;TNK1;TYK2;ULK3,JAK1;JAK2;JAK3;TYK2,
4715,cabozantinib,COc1cc2nccc(Oc3ccc(NC(=O)C4(C(=O)Nc5ccc(F)cc5)CC4)cc3)c2cc1OC,ONIQOQHATWINJY-UHFFFAOYSA-N,1,EMA;FDA;PMDA,2012-11-29,1,14,AURKA;AXL;EGFR;FGFR1;FLT1;FLT3;FLT4;KDR;KIT;MET;MST1R;RET;SRC;TEK,FLT3;KDR;KIT;MET;RET;TEK,
4716,ponatinib,Cc1ccc(C(=O)Nc2ccc(CN3CCN(C)CC3)c(C(F)(F)F)c2)cc1C#Cc1cnc2cccnn12,PHXJVRSECIGDHY-UHFFFAOYSA-N,1,FDA,2012-12-14,1,20,ABL1;BCR;CDK19;CDK8;CSK;FGFR1;FGFR2;FGFR3;FGFR4;FLT3;KDR;KIT;LYN;PDGFRA;PDGFRB;RET;RIPK1;RIPK2;RIPK3;SRC,ABL1;BCR,
4718,teduglutide,CC[C@H](C)[C@H](NC(=O)[C@H](Cc1ccccc1)NC(=O)[C@H](CC(=O)O)NC(=O)[C@H](CCCNC(=N)N)NC(=O)[C@H](C)NC(=O)[C@H](C)NC(=O)[C@H](CC(C)C)NC(=O)[C@H](CC(N)=O)NC(=O)[C@H](CC(=O)O)NC(=O)[C@H](CC(C)C)NC(=O)[C@@H](NC(=O)[C@@H](NC(=O)[C@H](CC(N)=O)NC(=O)[C@H](CCSC)NC(=O)[C@H](CCC(=O)O)NC(=O)[C@H](CC(=O)O)NC(=O)[C@H](CO)NC(=O)[C@H](Cc1ccccc1)NC(=O)[C@H](CO)NC(=O)CNC(=O)[C@H](CC(=O)O)NC(=O)CNC(=O)[C@@H](N)Cc1c[nH]cn1)[C@@H](C)O)[C@@H](C)CC)C(=O)N[C@@H](CC(N)=O)C(=O)N[C@@H](Cc1c[nH]c2ccccc12)C(=O)N[C@@H](CC(C)C)C(=O)N[C@H](C(=O)N[C@@H](CCC(N)=O)C(=O)N[C@H](C(=O)N[C@@H](CCCCN)C(=O)N[C@H](C(=O)N[C@H](C(=O)N[C@@H](CC(=O)O)C(=O)O)[C@@H](C)O)[C@@H](C)CC)[C@@H](C)O)[C@@H](C)CC,CILIXQOJUNDIDU-ASQIGDHWSA-N,1,EMA;FDA,2012-08-30,1,1,GLP2R,GLP2R,
4719,daunorubicinol,COc1cccc2c1C(=O)c1c(O)c3c(c(O)c1C2=O)C[C@@](O)([C@H](C)O)C[C@@H]3O[C@H]1C[C@H](N)[C@H](O)[C@H](C)O1,HJEZFVLKJYFNQW-PRFXOSGESA-N,1,YEAR INTRODUCED,1964-01-01,0,5,ABCB1;ABCC1;ABCC6;ABCG2;TOP2A,,
4721,lomitapide,O=C(NC1CCN(CCCCC2(C(=O)NCC(F)(F)F)c3ccccc3-c3ccccc32)CC1)c1ccccc1-c1ccc(C(F)(F)F)cc1,MBBCVAKAJPKAKM-UHFFFAOYSA-N,1,FDA,2012-12-21,1,1,MTTP,MTTP,
4723,succinimide,O=C1CCC(=O)N1,KZNICNPSHKQLFF-UHFFFAOYSA-N,0,,,0,1,CRBN,,
4727,tacalcitol,C=C1/C(=C\C=C2/CCC[C@]3(C)[C@@H]([C@H](C)CC[C@@H](O)C(C)C)CC[C@@H]23)C[C@@H](O)C[C@@H]1O,BJYLYJCXYAMOFT-RSFVBTMBSA-N,0,,,1,1,VDR,,
4728,tenidap,NC(=O)N1C(=O)/C(=C(\O)c2cccs2)c2cc(Cl)ccc21,LXIKEPCNDFVJKC-QXMHVHEDSA-N,0,,,0,5,CYP1A2;CYP2C9;KCNJ4;PTGS1;PTGS2,,
4729,tetragalacturonic acid hydroxymethylester,COC(=O)[C@H]1O[C@H](O[C@@H]2[C@H](O)[C@@H](O)[C@@H](O[C@@H]3[C@H](O)[C@@H](O)[C@@H](O[C@@H]4[C@H](O)[C@@H](O)[C@@H](O)O[C@@H]4C(=O)OC)O[C@@H]3C(=O)OC)O[C@@H]2C(=O)OC)[C@H](O)[C@@H](O)[C@H]1O,PHKOCTCUZMQEOT-LRVJTQDXSA-N,0,,,0,0,,,
4730,tetramethrin,CC(C)=CC1C(C(=O)OCN2C(=O)C3=C(CCCC3)C2=O)C1(C)C,CXBMCYHAMVGWJQ-UHFFFAOYSA-N,0,,,1,0,,,
4731,thiocolchicoside,COc1c(O[C@@H]2O[C@H](CO)[C@@H](O)[C@H](O)[C@H]2O)cc2c(c1OC)-c1ccc(SC)c(=O)cc1[C@@H](NC(C)=O)CC2,LEQAKWQJCITZNK-AXHKHJLKSA-N,0,,,0,5,GABRA1;GABRA2;GABRB1;GABRB2;GABRG2,,
4732,thioctic acid,O=C(O)CCCCC1CCSS1,AGBQKNBQESQNJD-UHFFFAOYSA-N,1,FDA,,0,3,ACHE;SAE1;UBA2,,
4734,ticlatone,O=c1[nH]sc2cc(Cl)ccc12,POPOYOKQQAEISW-UHFFFAOYSA-N,0,,,0,0,,,
4736,trimegestone,C[C@H](O)C(=O)[C@@]1(C)CC[C@H]2[C@@H]3CCC4=CC(=O)CCC4=C3CC[C@@]21C,JUNDJWOLDSCTFK-MTZCLOFQSA-N,0,,,0,0,,,
4737,trimethyldiphenylpropylamine,CC(CC(c1ccccc1)c1ccccc1)N(C)C,NSHMKXVHJBBKTN-UHFFFAOYSA-N,0,,,0,0,,,
4741,bedaquiline,COc1nc2ccc(Br)cc2cc1[C@@H](c1ccccc1)[C@@](O)(CCN(C)C)c1cccc2ccccc12,QUIJNHUBAXPXFS-XLJNKUFUSA-N,1,FDA;PMDA,2012-12-28,1,1,KCNH2,,
4743,etallobarbital,C=CCC1(CC)C(=O)NC(=O)NC1=O,QPADNTZLUBYNEN-UHFFFAOYSA-N,0,,,0,0,,,
4745,glycerol phenylbutyrate,O=C(CCCc1ccccc1)OCC(COC(=O)CCCc1ccccc1)OC(=O)CCCc1ccccc1,ZSDBFLMJVAGKOU-UHFFFAOYSA-N,1,EMA;FDA,2013-02-01,1,0,,,
4746,pomalidomide,Nc1cccc2c1C(=O)N(C1CCC(=O)NC1=O)C2=O,UVSMNLNDYGZFPF-UHFFFAOYSA-N,1,FDA,2013-02-08,1,1,CRBN,CRBN,
4748,quifenadine,OC(c1ccccc1)(c1ccccc1)C1CN2CCC1CC2,PZMAHNDJABQWGS-UHFFFAOYSA-N,0,,,0,0,,,
4749,ospemifene,OCCOc1ccc(/C(=C(/CCCl)c2ccccc2)c2ccccc2)cc1,LUMKNAVTFCDUIE-VHXPQNKSSA-N,1,EMA;FDA,2013-02-26,1,1,ESR1,ESR1,
4750,cetyl alcohol,CCCCCCCCCCCCCCCCO,BXWNKGSJHAJOGX-UHFFFAOYSA-N,1,FDA,1990-08-02,1,0,,,
4752,levobetaxolol,CC(C)NC[C@H](O)COc1ccc(CCOCC2CC2)cc1,NWIUTZDMDHAVTP-KRWDZBQOSA-N,1,FDA,2000-02-23,1,2,ADRB1;ADRB2,ADRB1,
4757,dimethyl fumarate,COC(=O)/C=C/C(=O)OC,LDCRTTXIJACKKU-ONEGZZNKSA-N,1,FDA,2013-03-27,1,2,HCAR2;KEAP1,KEAP1,
4758,canagliflozin,Cc1ccc([C@@H]2O[C@H](CO)[C@@H](O)[C@H](O)[C@H]2O)cc1Cc1ccc(-c2ccc(F)cc2)s1,XTNGUQKDFGDXSJ-ZXGKGEBGSA-N,1,FDA;PMDA,2013-03-29,1,2,SLC5A1;SLC5A2,SLC5A2,
4768,biphenylol,Oc1ccccc1-c1ccccc1,LLEMOWNGBBNAJR-UHFFFAOYSA-N,0,,,0,0,,,
4769,dimethylaminopropionylphenothiazine,CC(C(=O)N1c2ccccc2Sc2ccccc21)N(C)C,POZJNEBUHLZROM-UHFFFAOYSA-N,0,,,0,0,,,
4770,dimethylcarbate,COC(=O)[C@@H]1[C@H](C(=O)OC)[C@@H]2C=C[C@H]1C2,VGQLNJWOULYVFV-SPJNRGJMSA-N,0,,,0,0,,,
4771,dimethylphthalate,COC(=O)c1ccccc1C(=O)OC,NIQCNGHVCWTJSM-UHFFFAOYSA-N,0,,,0,0,,,
4772,dipiperonylaminoethanol,OCCN(Cc1ccc2c(c1)OCO2)Cc1ccc2c(c1)OCO2,MGIZPPBLEKKZPZ-UHFFFAOYSA-N,0,,,0,0,,,
4773,ethyl hydroxybenzoate,CCOC(=O)c1ccc(O)cc1,NUVBSKCKDOMJSU-UHFFFAOYSA-N,0,,,0,8,CA1;CA12;CA14;CA2;CA7;CA9;ESR1;ESR2,,
4774,etohexadiol,CCCC(O)C(CC)CO,RWLALWYNXFYRGW-UHFFFAOYSA-N,0,,,0,0,,,
4775,fluoromethylcholine (18F),C[N+](C)(C[18F])CCO,PBVFROWIWWGIFK-KWCOIAHCSA-N,0,,,0,0,,,charged_parent
4778,ridaforolimus,CO[C@H]1C[C@@H]2CC[C@@H](C)[C@@](O)(O2)C(=O)C(=O)N2CCCC[C@H]2C(=O)O[C@H]([C@H](C)C[C@@H]2CC[C@@H](OP(C)(C)=O)[C@H](OC)C2)CC(=O)[C@H](C)/C=C(\C)[C@@H](O)[C@@H](OC)C(=O)[C@H](C)C[C@H](C)/C=C/C=C/C=C/1C,BUROJSBIWGDYCN-GAUTUEMISA-N,0,,,0,1,MTOR,MTOR,
4786,mercuric amidochloride,[NH2][Hg][Cl],WRWRKDRWMURIBI-UHFFFAOYSA-M,0,,,0,0,,,inorganic
4787,mercuric chloride,[Cl][Hg][Cl],LWJROJCJINYWOX-UHFFFAOYSA-L,0,,,0,0,,,inorganic
4789,mercuric iodide,[I][Hg][I],YFDLHELOZYVNJE-UHFFFAOYSA-L,0,,,0,0,,,inorganic
4799,vilanterol,OCc1cc([C@@H](O)CNCCCCCCOCCOCc2c(Cl)cccc2Cl)ccc1O,DAFYYTQWSAWIGS-DEOSSOPVSA-N,1,FDA,2013-05-10,1,3,ADRB1;ADRB2;ADRB3,ADRB2,
4800,radium Ra 223 dichloride,[Cl][223Ra][Cl],RWRDJVNMSZYMDV-SIUYXFDKSA-L,1,FDA,2013-05-15,1,0,,,inorganic
4801,dabrafenib,CC(C)(C)c1nc(-c2cccc(NS(=O)(=O)c3c(F)cccc3F)c2F)c(-c2ccnc(N)n2)s1,BFSMGDJOXZAERB-UHFFFAOYSA-N,1,EMA;FDA,2013-05-29,1,9,ARAF;BRAF;DSTYK;KRAS;RAF1;RIPK1;RIPK2;RIPK3;TGFBR1,BRAF,
4802,trametinib,CC(=O)Nc1cccc(-n2c(=O)n(C3CC3)c(=O)c3c(Nc4ccc(I)cc4F)n(C)c(=O)c(C)c32)c1,LIRYPHYGHXZJBZ-UHFFFAOYSA-N,1,FDA,2013-05-29,1,3,ABCB1;MAP2K1;MAP2K2,MAP2K1;MAP2K2,
4803,sequifenadine,Cc1ccccc1C(O)(c1ccccc1C)[C@@H]1CN2CCC1CC2,OXDOWGVJMITMJL-OAQYLSRUSA-N,0,,,0,0,,,
4805,dolutegravir,C[C@@H]1CCO[C@H]2Cn3cc(C(=O)NCc4ccc(F)cc4F)c(=O)c(O)c3C(=O)N12,RHWKPHLQXYSBKR-BMIGLBTASA-N,1,FDA,2013-08-12,1,0,,,
4806,vortioxetine,Cc1ccc(Sc2ccccc2N2CCNCC2)c(C)c1,YQNWZWMKLDQSAC-UHFFFAOYSA-N,1,FDA;PMDA,2013-09-30,1,14,ADRB1;ADRB2;HRH1;HRH2;HTR1A;HTR1B;HTR1D;HTR2A;HTR2C;HTR3A;HTR5A;HTR6;HTR7;SLC6A4,HTR1A;HTR1B;HTR1D;HTR3A;HTR7;SLC6A4,
4807,riociguat,COC(=O)N(C)c1c(N)nc(-c2nn(Cc3ccccc3F)c3ncccc23)nc1N,WXXSNCNJFUAIDG-UHFFFAOYSA-N,1,FDA,2013-10-08,1,2,GUCY1B3;PDE7B,GUCY1B3,
4808,ipidacrine,Nc1c2c(nc3c1CCC3)CCCC2,YLUSMKAJIQOXPV-UHFFFAOYSA-N,0,,,0,1,ACHE,,
4809,macitentan,CCCNS(=O)(=O)Nc1ncnc(OCCOc2ncc(Br)cn2)c1-c1ccc(Br)cc1,JGCMEBMXRHSZKX-UHFFFAOYSA-N,1,EMA;FDA,2013-10-18,1,2,EDNRA;EDNRB,EDNRA;EDNRB,
4810,ibrutinib,C=CC(=O)N1CCC[C@@H](n2nc(-c3ccc(Oc4ccccc4)cc3)c3c(N)ncnc32)C1,XYFPWWZEPKGCCK-GOSISDBHSA-N,1,EMA;FDA,2013-11-13,1,25,ABL1;BLK;BMX;BTK;CSK;EGFR;ERBB2;ERBB4;FAM213A;FER;FGFR2;FGR;FYN;HCK;ITK;JAK3;KCNH2;LCK;LYN;PTK6;RET;SRC;TEC;TXK;YES1,BTK,
4811,sofosbuvir,CC(C)OC(=O)[C@H](C)N[P@](=O)(OC[C@H]1O[C@@H](n2ccc(=O)[nH]c2=O)[C@](C)(F)[C@@H]1O)Oc1ccccc1,TTZHDVOVKQGIBA-IQWMDFIBSA-N,1,FDA,2013-12-06,1,0,,,
4812,simeprevir,COc1ccc2c(O[C@@H]3C[C@H]4C(=O)N[C@]5(C(=O)NS(=O)(=O)C6CC6)C[C@H]5/C=C\CCCCN(C)C(=O)[C@@H]4C3)cc(-c3nc(C(C)C)cs3)nc2c1C,JTZZSQYMACOLNN-VDWJNHBNSA-N,1,EMA;FDA,2013-11-22,1,1,CTSS,,
4813,luliconazole,N#C/C(=C1/SC[C@@H](c2ccc(Cl)cc2Cl)S1)n1ccnc1,YTAOBBFIOAEMLL-REQDGWNSSA-N,1,FDA,2013-11-14,1,0,,,
4814,olodaterol,COc1ccc(CC(C)(C)NC[C@H](O)c2cc(O)cc3c2OCC(=O)N3)cc1,COUYJEVMBVSIHV-SFHVURJKSA-N,1,FDA,2014-07-31,1,3,ADRB1;ADRB2;ADRB3,ADRB2,
4815,lixisenatide,CC[C@H](C)[C@H](NC(=O)[C@H](Cc1ccccc1)NC(=O)[C@H](CC(C)C)NC(=O)[C@H](CCCNC(=N)N)NC(=O)[C@@H](NC(=O)[C@H](C)NC(=O)[C@H](CCC(=O)O)NC(=O)[C@H](CCC(=O)O)NC(=O)[C@H](CCC(=O)O)NC(=O)[C@H](CCSC)NC(=O)[C@H](CCC(N)=O)NC(=O)[C@H](CCCCN)NC(=O)[C@H](CO)NC(=O)[C@H](CC(C)C)NC(=O)[C@H](CC(=O)O)NC(=O)[C@H](CO)NC(=O)[C@@H](NC(=O)[C@H](Cc1ccccc1)NC(=O)[C@@H](NC(=O)CNC(=O)[C@H](CCC(=O)O)NC(=O)CNC(=O)[C@@H](N)Cc1c[nH]cn1)[C@@H](C)O)[C@@H](C)O)C(C)C)C(=O)N[C@@H](CCC(=O)O)C(=O)N[C@@H](Cc1c[nH]c2ccccc12)C(=O)N[C@@H](CC(C)C)C(=O)N[C@@H](CCCCN)C(=O)N[C@@H](CC(N)=O)C(=O)NCC(=O)NCC(=O)N1CCC[C@H]1C(=O)N[C@@H](CO)C(=O)N[C@@H](CO)C(=O)NCC(=O)N[C@@H](C)C(=O)N1CCC[C@H]1C(=O)N1CCC[C@H]1C(=O)N[C@@H](CO)C(=O)N[C@@H](CCCCN)C(=O)N[C@@H](CCCCN)C(=O)N[C@@H](CCCCN)C(=O)N[C@@H](CCCCN)C(=O)N[C@@H](CCCCN)C(=O)N[C@@H](CCCCN)C(N)=O,XVVOERDUTLJJHN-IAEQDCLQSA-N,1,EMA;FDA;PMDA,2013-02-01,0,1,GLP1R,GLP1R,
4816,umeclidinium,OC(c1ccccc1)(c1ccccc1)C12CC[N+](CCOCc3ccccc3)(CC1)CC2,FVTWTVQXNAJTQP-UHFFFAOYSA-N,1,FDA,2013-12-18,1,5,CHRM1;CHRM2;CHRM3;CHRM4;CHRM5,CHRM3,charged_parent
4817,rifamycin,CO[C@H]1/C=C/O[C@@]2(C)Oc3c(C)c(O)c4c(O)c(cc(O)c4c3C2=O)NC(=O)/C(C)=C\C=C\[C@H](C)[C@H](O)[C@@H](C)[C@@H](O)[C@@H](C)[C@H](OC(C)=O)[C@@H]1C,HJYYPODYNSCCOU-ODRIEIDWSA-N,1,FDA,2018-11-16,1,3,ABCB11;SLCO1A2;SLCO1B1,,
4818,florbetaben F18,CNc1ccc(/C=C/c2ccc(OCCOCCOCC[18F])cc2)cc1,NCWZOASIUQVOFA-FWZJPQCDSA-N,1,FDA,2014-03-19,1,1,APP,,
4819,delamanid,C[C@]1(COc2ccc(N3CCC(Oc4ccc(OC(F)(F)F)cc4)CC3)cc2)Cn2cc([N+](=O)[O-])nc2O1,XDAOLTSRNUSPPH-XMMPIXPASA-N,1,EMA;PMDA,2013-11-22,1,0,,,
4820,tasimelteon,CCC(=O)NC[C@@H]1C[C@H]1c1cccc2c1CCO2,PTOIAAWZLUQTIO-GXFFZTMASA-N,1,FDA,2014-01-31,1,2,MTNR1A;MTNR1B,MTNR1A;MTNR1B,
4821,seractide,CSCC[C@H](NC(=O)[C@H](CO)NC(=O)[C@H](Cc1ccc(O)cc1)NC(=O)[C@@H](N)CO)C(=O)N[C@@H](CCC(=O)O)C(=O)N[C@@H](Cc1c[nH]cn1)C(=O)N[C@@H](Cc1ccccc1)C(=O)N[C@@H](CCCNC(=N)N)C(=O)N[C@@H](Cc1c[nH]c2ccccc12)C(=O)NCC(=O)N[C@@H](CCCCN)C(=O)N1CCC[C@H]1C(=O)N[C@H](C(=O)NCC(=O)N[C@@H](CCCCN)C(=O)N[C@@H](CCCCN)C(=O)N[C@@H](CCCNC(=N)N)C(=O)N[C@@H](CCCNC(=N)N)C(=O)N1CCC[C@H]1C(=O)N[C@H](C(=O)N[C@@H](CCCCN)C(=O)N[C@H](C(=O)N[C@@H](Cc1ccc(O)cc1)C(=O)N1CCC[C@H]1C(=O)N[C@@H](CC(=O)O)C(=O)N[C@@H](C)C(=O)NCC(=O)N[C@@H](CCC(=O)O)C(=O)N[C@@H](CC(=O)O)C(=O)N[C@@H](CCC(N)=O)C(=O)N[C@@H](CO)C(=O)N[C@@H](C)C(=O)N[C@@H](CCC(=O)O)C(=O)N[C@@H](C)C(=O)N[C@@H](Cc1ccccc1)C(=O)N1CCC[C@H]1C(=O)N[C@@H](CC(C)C)C(=O)N[C@@H](CCC(=O)O)C(=O)N[C@@H](Cc1ccccc1)C(=O)O)C(C)C)C(C)C)C(C)C,FHOCOBKCNJYXOP-OVLDLUHVSA-N,1,FDA,1978-02-21,0,1,MC2R,MC2R,
4822,laninamivir octanoate hydrate,CCCCCCCC(=O)OC[C@@H](O)[C@@H](OC)[C@@H]1OC(C(=O)O)=C[C@H](NC(=N)N)[C@H]1NC(C)=O,UKTIJASCFRNWCB-RMIBSVFLSA-N,1,PMDA,2010-09-10,1,0,,,
4823,peramivir,CCC(CC)[C@H](NC(C)=O)[C@@H]1[C@H](O)[C@@H](C(=O)O)C[C@H]1NC(=N)N,XRQDFNLINLXZLB-CKIKVBCHSA-N,1,EMA;FDA,2014-12-19,1,1,NEU2,,
4824,etilefrine pivalate,CCNCC(O)c1cccc(OC(=O)C(C)(C)C)c1,DRMHNJGOEAYOIZ-UHFFFAOYSA-N,0,,,0,1,ADRB1,ADRB1,
4825,laquinimod,CCN(C(=O)c1c(O)c2c(Cl)cccc2n(C)c1=O)c1ccccc1,GKWPCEFFIHSJOE-UHFFFAOYSA-N,1,Ministry of Health of the Russian Federation,2013-07-05,0,0,,,
4827,iodohippurate sodium I125,O=C(O)CNC(=O)c1ccccc1[125I],CORFWQGVBFFZHF-CKWBHOIGSA-N,0,,,1,0,,,
4828,iodohippurate sodium I131,O=C(O)CNC(=O)c1ccccc1[131I],CORFWQGVBFFZHF-AKGSDVBQSA-N,0,,,1,0,,,
4829,apremilast,CCOc1cc([C@@H](CS(C)(=O)=O)N2C(=O)c3cccc(NC(C)=O)c3C2=O)ccc1OC,IMOZEMNVLZVGJZ-QGZVFWFLSA-N,1,EMA;FDA;PMDA,2014-03-21,1,4,PDE4A;PDE4B;PDE4C;PDE4D,PDE4D,
4830,empagliflozin,OC[C@H]1O[C@@H](c2ccc(Cl)c(Cc3ccc(O[C@H]4CCOC4)cc3)c2)[C@H](O)[C@@H](O)[C@@H]1O,OBWASQILIWPZMG-QZMOQZSNSA-N,1,EMA;FDA,2014-03-20,1,5,SLC5A1;SLC5A10;SLC5A11;SLC5A2;SLC5A9,SLC5A2,
4831,vintafolide,CC[C@]1(O)C[C@@H]2C[N@@](CCc3c([nH]c4ccccc34)[C@@](C(=O)OC)(c3cc4c(cc3OC)N(C)[C@H]3[C@@](O)(C(=O)NNC(=O)OCCSSC[C@H](NC(=O)[C@H](CC(=O)O)NC(=O)[C@H](CC(=O)O)NC(=O)[C@H](CCCNC(=N)N)NC(=O)[C@H](CC(=O)O)NC(=O)CC[C@H](NC(=O)c5ccc(NCc6c[nH]c7nc(N)nc(=O)c-7n6)cc5)C(=O)O)C(=O)O)[C@H](O)[C@]5(CC)C=CCN6CC[C@]43[C@@H]65)C2)C1,KUZYSQSABONDME-QRLOMCMNSA-N,0,,,0,0,,,
4832,naloxegol,C=CCN1CC[C@]23c4c5ccc(O)c4O[C@H]2[C@@H](OCCOCCOCCOCCOCCOCCOCCOC)CC[C@@]3(O)[C@H]1C5,XNKCCCKFOQNXKV-ZRSCBOBOSA-N,1,EMA;FDA,2014-09-16,1,1,OPRM1,OPRM1,
4833,gemigliptin,N[C@@H](CC(=O)N1CCc2c(nc(C(F)(F)F)nc2C(F)(F)F)C1)CN1CC(F)(F)CCC1=O,ZWPRRQZNBDYKLH-VIFPVBQESA-N,1,Korean Food and Drug Administration (KFDA),2012-06-27,0,2,DPP4;DPP9,DPP4,
4834,eliglustat,CCCCCCCC(=O)N[C@H](CN1CCCC1)[C@H](O)c1ccc2c(c1)OCCO2,FJZZPCZKBUKGGU-AUSIDOKSSA-N,1,EMA;FDA,2014-08-19,1,1,UGCG,UGCG,
4835,ethacizine,CCOC(=O)Nc1ccc2c(c1)N(C(=O)CCN(CC)CC)c1ccccc1S2,PQXGNJKJMFUPPM-UHFFFAOYSA-N,0,,,0,0,,,
4836,afamelanotide,CCCC[C@H](NC(=O)[C@H](CO)NC(=O)[C@H](Cc1ccc(O)cc1)NC(=O)[C@H](CO)NC(C)=O)C(=O)N[C@@H](CCC(=O)O)C(=O)N[C@@H](Cc1c[nH]cn1)C(=O)N[C@@H](Cc1ccccc1)C(=O)N[C@@H](CCCNC(=N)N)C(=O)N[C@@H](Cc1c[nH]c2ccccc12)C(=O)NCC(=O)N[C@@H](CCCCN)C(=O)N1CCC[C@H]1C(=O)N[C@H](C(N)=O)C(C)C,UAHFGYDRQSXQEB-PWPYQVNISA-N,1,EMA;FDA,2014-12-12,1,5,ADA;MC1R;MC3R;MC4R;MC5R,MC1R,
4838,antimony pentasulfide,[S]=[Sb](=[S])[S][Sb](=[S])=[S],PPKVREKQVQREQD-UHFFFAOYSA-N,0,,,0,0,,,inorganic
4849,glycobiarsol,[O]=[Bi][O][As](=O)(O)c1ccc(NC(=O)CO)cc1,FATAHBJTOKXSDH-UHFFFAOYSA-M,0,,,0,0,,,
4853,cridanimod,O=C(O)Cn1c2ccccc2c(=O)c2ccccc21,UOMKBIIXHQIERR-UHFFFAOYSA-N,0,,,0,0,,,
4856,sodium thiosalicylate,O=C(O)c1ccccc1S,NBOMNTLFRHMDEZ-UHFFFAOYSA-N,0,,,0,0,,,
4857,estrone sulphate,C[C@]12CC[C@@H]3c4ccc(OS(=O)(=O)O)cc4CC[C@H]3[C@@H]1CCC2=O,JKKFKPJIXZFSSB-CBZIJGRNSA-N,1,FDA,1977-05-19,1,3,ESR1;ESR2;STS,ESR1;ESR2,
4858,corticorelin,CC[C@H](C)[C@H](NC(=O)[C@@H](NC(=O)[C@H](CCC(=O)O)NC(=O)[C@H](CCSC)NC(=O)[C@H](CC(C)C)NC(=O)[C@H](CCCCN)NC(=O)[C@H](CCCNC(=N)N)NC(=O)[C@H](CC(N)=O)NC(=O)[C@H](CO)NC(=O)[C@H](Cc1c[nH]cn1)NC(=O)[C@H](C)NC(=O)[C@H](CCC(N)=O)NC(=O)[C@H](CCC(N)=O)NC(=O)[C@H](C)NC(=O)[C@H](CC(C)C)NC(=O)[C@H](CCC(N)=O)NC(=O)[C@H](CCC(=O)O)NC(=O)[C@H](C)NC(=O)[C@H](CCCNC(=N)N)NC(=O)[C@H](C)NC(=O)[C@H](CCSC)NC(=O)[C@H](CCC(=O)O)NC(=O)[C@H](CC(C)C)NC(=O)[C@@H](NC(=O)[C@H](CCC(=O)O)NC(=O)[C@H](CCCNC(=N)N)NC(=O)[C@H](CC(C)C)NC(=O)[C@H](CC(C)C)NC(=O)[C@H](Cc1c[nH]cn1)NC(=O)[C@H](Cc1ccccc1)NC(=O)[C@@H](NC(=O)[C@H](CC(C)C)NC(=O)[C@H](CC(=O)O)NC(=O)[C@H](CC(C)C)NC(=O)[C@H](CO)NC(=O)[C@@H](NC(=O)[C@@H]1CCCN1C(=O)[C@@H]1CCCN1C(=O)[C@H](CCC(=O)O)NC(=O)[C@H](CCC(=O)O)NC(=O)[C@@H](N)CO)[C@@H](C)CC)[C@@H](C)O)C(C)C)[C@@H](C)CC)C(N)=O,GBONBLHJMVUBSJ-FAUHKOHMSA-N,0,,,0,2,CRHR1;CRHR2,CRHR1,
4861,mebicar,CN1C(=O)N(C)C2C1N(C)C(=O)N2C,XIUUSFJTJXFNGH-UHFFFAOYSA-N,0,,,0,0,,,
4862,nicotinyl methylamide,CNC(=O)c1cccnc1,ZYVXHFWBYUDDBM-UHFFFAOYSA-N,0,,,0,0,,,
4863,phenibut,NCC(CC(=O)O)c1ccccc1,DAFOCGYVTAOKAJ-UHFFFAOYSA-N,0,,,0,2,GABBR1;GABBR2,GABBR1;GABBR2,
4864,levomilnacipran,CCN(CC)C(=O)[C@@]1(c2ccccc2)C[C@H]1CN,GJJFMKBJSRMPLA-DZGCQCFKSA-N,1,FDA,2013-07-25,1,3,SLC6A2;SLC6A3;SLC6A4,SLC6A2;SLC6A4,
4865,mebanazine,CC(NN)c1ccccc1,HHRZAEJMHSGZNP-UHFFFAOYSA-N,0,,,1,2,MAOA;MAOB,MAOA;MAOB,
4866,ceritinib,Cc1cc(Nc2ncc(Cl)c(Nc3ccccc3S(=O)(=O)C(C)C)n2)c(OC(C)C)cc1C1CCNCC1,VERWOWGGCGHDQE-UHFFFAOYSA-N,1,EMA;FDA,2014-04-29,1,35,ABCB1;ABL1;ALK;BTK;CDK2;CDK4;EGFR;ETV6;FGFR2;FGFR3;FGFR4;FGR;FLT3;IGF1R;INSR;JAK1;JAK2;JAK3;KCNH2;KDR;KIT;LCK;LYN;MET;MKNK2;NTRK1;NTRK2;PDGFRA;RET;ROCK2;ROS1;SRC;SYK;TSSK1B;ZAP70,ALK,
4867,dexrabeprazole,COCCCOc1ccnc(C[S@@](=O)c2nc3ccccc3[nH]2)c1C,YREYEVIYCVEVJK-RUZDIDTESA-N,0,,,1,10,ADORA3;ADRA2B;ATP4A;ATP4B;DDAH1;DRD3;ENGASE;FASN;IDE;SARM1,ATP4A;ATP4B,
4868,umifenovir,CCOC(=O)c1c(CSc2ccccc2)n(C)c2cc(Br)c(O)c(CN(C)C)c12,KCFYEAOKVJSACF-UHFFFAOYSA-N,0,,,0,0,,,
4869,furazidin,O=C1CN(N=CC=Cc2ccc([N+](=O)[O-])o2)C(=O)N1,DECBQELQORZLLP-UHFFFAOYSA-N,0,,,0,0,,,
4870,vorapaxar,CCOC(=O)N[C@@H]1CC[C@@H]2[C@@H](C1)C[C@H]1C(=O)O[C@H](C)[C@H]1[C@H]2/C=C/c1ccc(-c2cccc(F)c2)cn1,ZBGXUVOIWDMMJE-QHNZEKIYSA-N,1,EMA;FDA,2014-05-08,1,1,F2R,F2R,
4872,ataluren,O=C(O)c1cccc(-c2noc(-c3ccccc3F)n2)c1,OOUGLTULBSNHNF-UHFFFAOYSA-N,1,EMA,2014-07-31,1,0,,,
4873,tedizolid phosphate,Cn1nnc(-c2ccc(-c3ccc(N4C[C@H](COP(=O)(O)O)OC4=O)cc3F)cn2)n1,QCGUSIANLFXSGE-GFCCVEGCSA-N,1,EMA;FDA;PMDA,2014-06-20,1,2,MAOA;MAOB,,
4874,efinaconazole,C=C1CCN([C@H](C)[C@](O)(Cn2cncn2)c2ccc(F)cc2F)CC1,NFEZZTICAUWDHU-RDTXWAMCSA-N,1,FDA;PMDA,2014-06-06,1,0,,,
4875,daclatasvir,COC(=O)N[C@H](C(=O)N1CCC[C@H]1c1ncc(-c2ccc(-c3ccc(-c4cnc([C@@H]5CCCN5C(=O)[C@@H](NC(=O)OC)C(C)C)[nH]4)cc3)cc2)[nH]1)C(C)C,FKRSSPOQAMALKA-CUPIEXAXSA-N,1,EMA;FDA,2014-06-27,1,1,KCNH2,,
4876,belinostat,O=C(C=Cc1cccc(S(=O)(=O)Nc2ccccc2)c1)NO,NCNRHFGMJRPRSK-UHFFFAOYSA-N,1,FDA,2014-07-03,1,12,BRD4;HDAC1;HDAC10;HDAC11;HDAC2;HDAC3;HDAC4;HDAC5;HDAC6;HDAC7;HDAC8;HDAC9,HDAC1;HDAC10;HDAC11;HDAC2;HDAC3;HDAC4;HDAC5;HDAC6;HDAC7;HDAC8;HDAC9,
4877,tavaborole,OB1OCc2cc(F)ccc21,LFQDNHWZDQTITF-UHFFFAOYSA-N,1,FDA,2014-07-07,1,2,CA1;CA2,,
4878,idelalisib,CC[C@H](Nc1ncnc2nc[nH]c12)c1nc2cccc(F)c2c(=O)n1-c1ccccc1,IFSDAJWBUCMOAH-HNNXBMFYSA-N,1,EMA;FDA,2014-07-23,1,6,PIK3C3;PIK3CA;PIK3CB;PIK3CD;PIK3CG;PRKDC,PIK3CD,
4881,suvorexant,Cc1ccc(-n2nccn2)c(C(=O)N2CCN(c3nc4cc(Cl)ccc4o3)CC[C@H]2C)c1,JYTNQNCOQXFQPK-MRXNPFEDSA-N,1,FDA,2014-08-13,1,2,HCRTR1;HCRTR2,HCRTR1;HCRTR2,
4882,istradefylline,CCn1c(=O)c2c(nc(/C=C/c3ccc(OC)c(OC)c3)n2C)n(CC)c1=O,IQVRBWUUXZMOPW-PKNBQFBNSA-N,1,FDA;PMDA,2013-03-15,1,5,ADORA1;ADORA2A;ADORA2B;ADORA3;MAOB,ADORA2A,
4883,simetride,CCCc1ccc(OCC(=O)N2CCN(C(=O)COc3ccc(CCC)cc3OC)CC2)c(OC)c1,IMOLVSPMDGCLMB-UHFFFAOYSA-N,1,PMDA,,0,0,,,
4886,cetilistat,CCCCCCCCCCCCCCCCOc1nc2ccc(C)cc2c(=O)o1,MVCQKIKWYUURMU-UHFFFAOYSA-N,1,PMDA,2013-09-20,0,1,PNLIP,PNLIP,
4887,favipiravir,NC(=O)c1nc(F)cnc1O,ZCGNOVWYSGBHAU-UHFFFAOYSA-N,1,PMDA,2014-03-24,1,0,,,
4888,topiroxostat,N#Cc1cc(-c2n[nH]c(-c3ccncc3)n2)ccn1,UBVZQGOVTLIHLH-UHFFFAOYSA-N,1,PMDA,2013-06-28,0,1,XDH,XDH,
4889,asunaprevir,C=C[C@@H]1C[C@]1(NC(=O)[C@@H]1C[C@@H](Oc2ncc(OC)c3ccc(Cl)cc23)CN1C(=O)[C@@H](NC(=O)OC(C)(C)C)C(C)(C)C)C(=O)NS(=O)(=O)C1CC1,XRWSZZJLZRKHHD-WVWIJVSJSA-N,1,PMDA,2014-07-04,1,0,,,
4890,ipragliflozin,OC[C@H]1O[C@@H](c2ccc(F)c(Cc3cc4ccccc4s3)c2)[C@H](O)[C@@H](O)[C@@H]1O,AHFWIQIYAXSLBA-RQXATKFSSA-N,1,PMDA,2014-01-17,1,2,SLC5A1;SLC5A2,SLC5A2,
4891,luseogliflozin,CCOc1ccc(Cc2cc([C@@H]3S[C@H](CO)[C@@H](O)[C@H](O)[C@H]3O)c(OC)cc2C)cc1,WHSOLWOTCHFFBK-ZQGJOIPISA-N,1,PMDA,2014-03-24,0,2,SLC5A1;SLC5A2,SLC5A2,
4892,tofogliflozin,CCc1ccc(Cc2ccc3c(c2)[C@]2(OC3)O[C@H](CO)[C@@H](O)[C@H](O)[C@H]2O)cc1,VWVKUNOPTJGDOB-BDHVOXNPSA-N,1,PMDA,2014-03-24,1,2,SLC5A1;SLC5A2,SLC5A2,
4893,tipiracil,N=C1CCCN1Cc1[nH]c(=O)[nH]c(=O)c1Cl,QQHMKNYGKVVGCZ-UHFFFAOYSA-N,1,FDA;PMDA,2014-03-24,1,1,TYMP,TYMP,
4894,iguratimod,CS(=O)(=O)Nc1cc2occ(NC=O)c(=O)c2cc1Oc1ccccc1,ANMATWQYLIFGOK-UHFFFAOYSA-N,1,PMDA,2012-06-29,0,1,MIF,,
4895,teneligliptin,Cc1cc(N2CCN([C@@H]3CN[C@H](C(=O)N4CCSC4)C3)CC2)n(-c2ccccc2)n1,WGRQANOPCQRCME-PMACEKPBSA-N,1,PMDA,2012-06-29,1,3,DPP4;DPP8;DPP9,DPP4,
4896,anagliptin,Cc1cc2ncc(C(=O)NCC(C)(C)NCC(=O)N3CCC[C@H]3C#N)cn2n1,LDXYBEHACFJIEL-HNNXBMFYSA-N,1,PMDA,2012-09-28,1,4,DPP4;DPP8;DPP9;FAP,DPP4,
4897,edoxaban,CN1CCc2nc(C(=O)N[C@@H]3C[C@@H](C(=O)N(C)C)CC[C@@H]3NC(=O)C(=O)Nc3ccc(Cl)cn3)sc2C1,HGVDHZBSSITLCT-JLJPHGGASA-N,1,EMA;FDA;PMDA,2011-04-22,1,1,F10,F10,
4898,netupitant,Cc1ccccc1-c1cc(N2CCN(C)CC2)ncc1N(C)C(=O)C(C)(C)c1cc(C(F)(F)F)cc(C(F)(F)F)c1,WAXQNWCZJDTGBU-UHFFFAOYSA-N,1,FDA,2014-10-10,1,1,TACR1,TACR1,
4899,ledipasvir,COC(=O)N[C@H](C(=O)N1CC2(CC2)C[C@H]1c1nc(-c2ccc3c(c2)C(F)(F)c2cc(-c4ccc5[nH]c([C@@H]6[C@H]7CC[C@H](C7)N6C(=O)[C@@H](NC(=O)OC)C(C)C)nc5c4)ccc2-3)c[nH]1)C(C)C,VRTWBAAJJOHBQU-KMWAZVGDSA-N,1,EMA;FDA,2014-10-10,1,0,,,
4900,diquafosol,O=c1ccn([C@@H]2O[C@H](COP(=O)(O)OP(=O)(O)OP(=O)(O)OP(=O)(O)OC[C@H]3O[C@@H](n4ccc(=O)[nH]c4=O)[C@H](O)[C@@H]3O)[C@@H](O)[C@H]2O)c(=O)[nH]1,NMLMACJWHPHKGR-NCOIDOBVSA-N,1,PMDA,2010-02-09,1,2,P2RY2;P2RY4,P2RY2,
4902,imidafenacin,Cc1nccn1CCC(C(N)=O)(c1ccccc1)c1ccccc1,SQKXYSGRELMAAU-UHFFFAOYSA-N,1,PMDA,2007-04-18,0,2,CHRM1;CHRM3,CHRM3,
4903,nintedanib,COC(=O)c1ccc2c(c1)NC(=O)/C2=C(\Nc1ccc(N(C)C(=O)CN2CCN(C)CC2)cc1)c1ccccc1,XZXHXSATPCNXJR-ZIADKAODSA-N,1,EMA;FDA;PMDA,2014-10-15,1,220,AAK1;ABCB1;ABL1;ABL2;ACVR1;ACVR1B;ACVRL1;ALK;AURKB;AURKC;AXL;BLK;BMP2K;BMPR2;BTK;CAMK1;CAMK1D;CAMK1G;CAMK2A;CAMK4;CAMKK1;CAMKK2;CDK14;CDK16;CDK17;CDK18;CDK2;CDK4;CDK7;CDKL2;CHEK1;CHUK;CLK1;CLK2;CLK4;CSF1R;CSNK1D;CSNK1E;CSNK2A1;CSNK2A2;DAPK2;DAPK3;DCLK1;DCLK3;DDR1;DDR2;DYRK1B;EIF2AK4;EPHA1;EPHA2;EPHA3;EPHA6;EPHB1;EPHB4;EPHB6;ERN1;FER;FES;FGFR1;FGFR2;FGFR3;FGFR4;FGR;FLT1;FLT3;FLT4;FRK;FYN;GRK1;GRK4;GRK7;GSK3A;GSK3B;HCK;HIPK1;HIPK2;HIPK3;HIPK4;ICK;IGF1R;IKBKE;INSR;INSRR;IRAK1;IRAK3;IRAK4;ITK;JAK1;JAK2;JAK3;KCNH2;KDR;KIT;LATS1;LATS2;LCK;LRRK2;LTK;LYN;MAP2K1;MAP2K2;MAP2K3;MAP2K4;MAP2K5;MAP3K10;MAP3K11;MAP3K12;MAP3K13;MAP3K15;MAP3K19;MAP3K2;MAP3K3;MAP3K7;MAP3K9;MAP4K1;MAP4K2;MAP4K3;MAP4K4;MAP4K5;MAPK10;MAPK7;MAPK8;MARK1;MARK2;MARK3;MARK4;MAST1;MELK;MERTK;MET;MINK1;MUSK;MYLK;MYLK2;MYLK3;MYLK4;MYO3B;NTRK1;NTRK2;NTRK3;NUAK1;NUAK2;OXSR1;PAK2;PAK3;PAK4;PAK5;PDGFRA;PDGFRB;PDPK1;PHKG1;PHKG2;PIP4K2B;PIP5K1A;PKN1;PKN2;PLK4;PRKAA1;PRKAA2;PRKCQ;PRKD1;PRKD2;PRKD3;PRKG1;PRPF4B;PTK2;PTK2B;RET;RIOK1;RIOK3;RIPK1;RIPK4;ROS1;RPS6KA1;RPS6KA2;RPS6KA3;RPS6KA4;RPS6KA5;RPS6KA6;RPS6KB1;SBK1;SBK3;SGK3;SIK1;SIK2;SLK;SRC;SRPK1;SRPK2;SRPK3;STK10;STK11;STK16;STK17A;STK17B;STK24;STK26;STK3;STK33;STK35;STK39;STK4;TBK1;TEK;TGFBR1;TIE1;TNIK;TNK1;TNK2;TSSK1B;TTK;TXK;TYK2;TYRO3;ULK1;ULK2;ULK3;WEE1;YES1;ZAP70,FGFR1;FGFR2;FGFR3;FGFR4;FLT1;FLT4;KDR;PDGFRA;PDGFRB,
4906,fimasartan,CCCCc1nc(C)c(CC(=S)N(C)C)c(=O)n1Cc1ccc(-c2ccccc2-c2nnn[nH]2)cc1,AMEROGPZOLAFBN-UHFFFAOYSA-N,1,Korean Food and Drug Administration (KFDA),2010-09-01,0,1,AGTR1,AGTR1,
4907,olaparib,O=C(c1cc(Cc2n[nH]c(=O)c3ccccc23)ccc1F)N1CCN(C(=O)C2CC2)CC1,FDLYAMZZIXQODN-UHFFFAOYSA-N,1,EMA;FDA;PMDA,2014-10-23,1,11,PARP1;PARP10;PARP12;PARP15;PARP16;PARP2;PARP3;PARP4;PARP6;TNKS;TNKS2,PARP1;PARP2;PARP3,
4908,acotiamide,COc1cc(O)c(C(=O)Nc2nc(C(=O)NCCN(C(C)C)C(C)C)cs2)cc1OC,TWHZNAUBXFZMCA-UHFFFAOYSA-N,1,PMDA,2013-03-25,0,1,ACHE,ACHE,
4910,felypressin,NCCCC[C@H](NC(=O)[C@@H]1CCCN1C(=O)[C@@H]1CSSC[C@H](N)C(=O)N[C@@H](Cc2ccccc2)C(=O)N[C@@H](Cc2ccccc2)C(=O)N[C@@H](CCC(N)=O)C(=O)N[C@@H](CC(N)=O)C(=O)N1)C(=O)NCC(N)=O,SFKQVVDKFKYTNA-DZCXQCEKSA-N,0,,,0,1,AVPR1A,AVPR1A,
4912,ombitasvir,COC(=O)N[C@H](C(=O)N1CCC[C@H]1C(=O)Nc1ccc([C@@H]2CC[C@@H](c3ccc(NC(=O)[C@@H]4CCCN4C(=O)[C@@H](NC(=O)OC)C(C)C)cc3)N2c2ccc(C(C)(C)C)cc2)cc1)C(C)C,PIDFDZJZLOTZTM-KHVQSSSXSA-N,1,EMA;FDA,2014-11-20,1,0,,,
4913,paritaprevir,Cc1cnc(C(=O)N[C@H]2CCCCC/C=C\[C@@H]3C[C@@]3(C(=O)NS(=O)(=O)C3CC3)NC(=O)[C@@H]3C[C@@H](Oc4nc5ccccc5c5ccccc45)CN3C2=O)cn1,UAUIUKWPKRJZJV-QPLHLKROSA-N,1,EMA;FDA,2014-11-20,1,0,,,
4914,dasabuvir,COc1c(-c2ccc3cc(NS(C)(=O)=O)ccc3c2)cc(-n2ccc(=O)[nH]c2=O)cc1C(C)(C)C,NBRBXGKOEOGLOI-UHFFFAOYSA-N,1,EMA;FDA,2014-11-20,1,0,,,
4919,decamethoxine,CC1CCC(C(C)C)C(OC(=O)C[N+](C)(C)CCCCCCCCCC[N+](C)(C)CC(=O)OC2CC(C)CCC2C(C)C)C1,ZADGGFKUEYIBJC-UHFFFAOYSA-N,0,,,0,0,,,charged_parent
4920,finafloxacin,N#Cc1c(N2C[C@@H]3NCCO[C@H]3C2)c(F)cc2c(=O)c(C(=O)O)cn(C3CC3)c12,FYMHQCNFKNMJAV-HOTGVXAUSA-N,1,FDA,2014-12-17,1,0,,,
4921,safinamide,C[C@H](NCc1ccc(OCc2cccc(F)c2)cc1)C(N)=O,NEMGRZFTLSKBAP-LBPRGKRZSA-N,1,EMA;FDA;PMDA,2014-12-18,1,3,MAOA;MAOB;SCN9A,MAOB,
4922,ceftolozane,Cn1c(N)c(NC(=O)NCCN)c[n+]1CC1=C(C(=O)O)N2C(=O)[C@@H](NC(=O)/C(=N\OC(C)(C)C(=O)O)c3nsc(N)n3)[C@H]2SC1,JHFNIHVVXRKLEF-DCZLAGFPSA-O,1,FDA,2014-12-19,1,0,,,charged_parent
4927,albiglutide,CC[C@H](C)[C@H](NC(=O)[C@H](Cc1ccccc1)NC(=O)[C@H](CCC(=O)O)NC(=O)[C@H](CCCCN)NC(=O)[C@H](C)NC(=O)[C@H](C)NC(=O)[C@H](CCC(N)=O)NC(=O)CNC(=O)[C@H](CCC(=O)O)NC(=O)[C@H](CC(C)C)NC(=O)[C@H](Cc1ccc(O)cc1)NC(=O)[C@H](CO)NC(=O)[C@H](CO)NC(=O)[C@@H](NC(=O)[C@H](CC(=O)O)NC(=O)[C@H](CO)NC(=O)[C@@H](NC(=O)[C@H](Cc1ccccc1)NC(=O)[C@@H](NC(=O)CNC(=O)[C@H](CCC(=O)O)NC(=O)CNC(=O)[C@@H](N)Cc1c[nH]cn1)[C@@H](C)O)[C@@H](C)O)C(C)C)C(=O)N[C@@H](C)C(=O)N[C@@H](Cc1c[nH]c2ccccc12)C(=O)N[C@@H](CC(C)C)C(=O)N[C@H](C(=O)N[C@@H](CCCCN)C(=O)NCC(=O)N[C@@H](CCCNC(=N)N)C(=O)O)C(C)C,OGWAVGNOAMXIIM-VTAHJYCESA-N,1,FDA,2014-04-15,0,1,GLP1R,GLP1R,
4931,corticotropin,CSCC[C@H](NC(=O)[C@H](CO)NC(=O)[C@H](Cc1ccc(O)cc1)NC(=O)[C@@H](N)CO)C(=O)N[C@@H](CCC(=O)O)C(=O)N[C@@H](Cc1c[nH]cn1)C(=O)N[C@@H](Cc1ccccc1)C(=O)N[C@@H](CCCNC(=N)N)C(=O)N[C@@H](Cc1c[nH]c2ccccc12)C(=O)NCC(=O)N[C@@H](CCCCN)C(=O)N1CCC[C@H]1C(=O)N[C@H](C(=O)NCC(=O)N[C@@H](CCCCN)C(=O)N[C@@H](CCCCN)C(=O)N[C@@H](CCCNC(=N)N)C(=O)N[C@@H](CCCNC(=N)N)C(=O)N1CCC[C@H]1C(=O)N[C@H](C(=O)N[C@@H](CCCCN)C(=O)N[C@H](C(=O)N[C@@H](Cc1ccc(O)cc1)C(=O)N1CCC[C@H]1C(=O)N[C@@H](CC(N)=O)C(=O)NCC(=O)N[C@@H](C)C(=O)N[C@@H](CCC(=O)O)C(=O)N[C@@H](CC(=O)O)C(=O)N[C@@H](CCC(=O)O)C(=O)N[C@@H](CO)C(=O)N[C@@H](C)C(=O)N[C@@H](CCC(=O)O)C(=O)N[C@@H](C)C(=O)N[C@@H](Cc1ccccc1)C(=O)N1CCC[C@H]1C(=O)N[C@@H](CC(C)C)C(=O)N[C@@H](CCC(=O)O)C(=O)N[C@@H](Cc1ccccc1)C(=O)O)C(C)C)C(C)C)C(C)C,IDLFZVILOHSSID-OVLDLUHVSA-N,1,FDA,1950-07-03,0,4,MC1R;MC2R;MC3R;MC4R,MC2R,
4937,alectinib,CCc1cc2c(cc1N1CCC(N3CCOCC3)CC1)C(C)(C)c1[nH]c3cc(C#N)ccc3c1C2=O,KDGFLJKFZUIJMX-UHFFFAOYSA-N,1,EMA;FDA;PMDA,2014-07-04,1,5,ALK;KDR;RET;ROS1;SRPK1,ALK;RET,
4938,ripasudil,C[C@H]1CNCCCN1S(=O)(=O)c1cccc2cncc(F)c12,QSKQVZWVLOIIEV-NSHDSACASA-N,1,PMDA,2014-09-26,0,3,PRKACA;ROCK1;ROCK2,ROCK1;ROCK2,
4939,vaniprevir,CC[C@@H]1C[C@]1(NC(=O)[C@@H]1[C@H]2CCN1C(=O)[C@H](C(C)(C)C)NC(=O)OCC(C)(C)CCCCc1cccc3c1CN(C3)C(=O)O2)C(=O)NS(=O)(=O)C1CC1,KYLWQAGGDVJPKM-ZBVFNZHQSA-N,1,PMDA,2014-09-26,0,1,CTSS,,
4941,palbociclib,CC(=O)c1c(C)c2cnc(Nc3ccc(N4CCNCC4)cn3)nc2n(C2CCCC2)c1=O,AHJRHEGDXFFMBM-UHFFFAOYSA-N,1,EMA;FDA;PMDA,2015-02-03,1,10,CCNA2;CCND1;CDK2;CDK4;CDK6;CDK9;DYRK1A;FLT3;JAK3;RPS6KA1,CDK4;CDK6,
4942,lenvatinib,COc1cc2nccc(Oc3ccc(NC(=O)NC4CC4)c(Cl)c3)c2cc1C(N)=O,WOSKHXYHFSIKNG-UHFFFAOYSA-N,1,EMA;FDA,2015-02-13,1,10,CA5A;EGFR;FGFR1;FLT1;FLT4;KDR;KIT;PDGFRA;PDGFRB;RET,FGFR1;FLT1;FLT4;KDR;KIT;PDGFRA;RET,
4943,arformoterol,COc1ccc(C[C@@H](C)NC[C@H](O)c2ccc(O)c(NC=O)c2)cc1,BPZSYCZIITTYBL-YJYMSZOUSA-N,1,FDA,2006-10-06,1,3,ADRB1;ADRB2;ADRB3,ADRB2,
4944,tenofovir alafenamide,CC(C)OC(=O)[C@H](C)N[P@](=O)(CO[C@H](C)Cn1cnc2c(N)ncnc21)Oc1ccccc1,LDEKQSIMHVQZJK-CAQYMETFSA-N,1,EMA;FDA,2014-02-20,1,0,,,
4946,avibactam,NC(=O)[C@@H]1CC[C@@H]2CN1C(=O)N2OS(=O)(=O)O,NDCUAPJVLWFHHB-UHNVWZDZSA-N,1,FDA,2015-02-25,1,0,,,
4947,isavuconazonium,CNCC(=O)OCc1cccnc1N(C)C(=O)OC(C)[n+]1cnn(C[C@](O)(c2cc(F)ccc2F)[C@@H](C)c2nc(-c3ccc(C#N)cc3)cs2)c1,RSWOJTICKMKTER-QXLBVTBOSA-N,1,EMA;FDA,2015-03-06,1,0,,,charged_parent
4962,isoflupredone acetate,CC(=O)OCC(=O)[C@@]1(O)CC[C@H]2[C@@H]3CCC4=CC(=O)C=C[C@]4(C)[C@@]3(F)[C@@H](O)C[C@@]21C,ZOCUOMKMBMEYQV-GSLJADNHSA-N,0,,,0,0,,,
4963,drofenine,CCN(CC)CCOC(=O)C(c1ccccc1)C1CCCCC1,AGJBLWCLQCKRJP-UHFFFAOYSA-N,0,,,0,0,,,
4973,chidamide,Nc1cc(F)ccc1NC(=O)c1ccc(CNC(=O)/C=C/c2cccnc2)cc1,SZMJVTADHFNAIS-BJMVGYQFSA-N,1,China Food and Drug Administration (CFDA),2014-12-23,0,7,HDAC1;HDAC10;HDAC11;HDAC2;HDAC3;HDAC8;NAMPT,HDAC1;HDAC10;HDAC2;HDAC3,
4976,triamcinolone hexacetonide,CC(C)(C)CC(=O)OCC(=O)[C@@]12OC(C)(C)O[C@@H]1C[C@H]1[C@@H]3CCC4=CC(=O)C=C[C@]4(C)[C@@]3(F)[C@@H](O)C[C@@]12C,TZIZWYVVGLXXFV-FLRHRWPCSA-N,1,FDA,1969-07-29,1,1,NR3C1,NR3C1,
4988,deoxycholic acid,C[C@H](CCC(=O)O)[C@H]1CC[C@H]2[C@@H]3CC[C@@H]4C[C@H](O)CC[C@]4(C)[C@H]3C[C@H](O)[C@]12C,KXGVEGMKQFWNSR-LLQZFEROSA-N,1,FDA,2015-04-29,1,3,FPR1;GPBAR1;NR1H4,,
4993,vonoprazan,CNCc1cc(-c2ccccc2F)n(S(=O)(=O)c2cccnc2)c1,BFDBKMOZYNOTPK-UHFFFAOYSA-N,1,PMDA,2014-12-26,1,2,ATP4A;ATP4B,ATP4A;ATP4B,
5001,eluxadoline,COc1ccc(CN(C(=O)[C@@H](N)Cc2c(C)cc(C(N)=O)cc2C)[C@@H](C)c2nc(-c3ccccc3)c[nH]2)cc1C(=O)O,QFNHIDANIVGXPE-FNZWTVRRSA-N,1,EMA;FDA,2015-05-27,1,3,OPRD1;OPRK1;OPRM1,OPRD1;OPRM1,
5005,mirodenafil,CCCOc1ccc(S(=O)(=O)N2CCN(CCO)CC2)cc1C1=NC2C(CCC)=CN(CC)C2C(=O)N1,YIEAVVIJPFEHCX-UHFFFAOYSA-N,1,Korean Food and Drug Administration (KFDA),2007-07-18,0,1,PDE5A,PDE5A,
5006,cangrelor,CSCCNc1nc(SCCC(F)(F)F)nc2c1ncn2[C@@H]1O[C@H](COP(=O)(O)OP(=O)(O)C(Cl)(Cl)P(=O)(O)O)[C@@H](O)[C@H]1O,PAEBIVWUMLRPSK-IDTAVKCVSA-N,1,EMA;FDA,2015-03-23,1,2,P2RY12;P2RY13,P2RY12,
5008,sonidegib,Cc1c(C(=O)Nc2ccc(N3C[C@@H](C)O[C@@H](C)C3)nc2)cccc1-c1ccc(OC(F)(F)F)cc1,VZZJRYRQSPEMTK-CALCHBBNSA-N,1,EMA;FDA,2015-06-25,1,1,SMO,SMO,
5010,lumacaftor,Cc1ccc(NC(=O)C2(c3ccc4c(c3)OC(F)(F)O4)CC2)nc1-c1cccc(C(=O)O)c1,UFSKUSARDNFIRC-UHFFFAOYSA-N,1,FDA,2015-07-02,1,1,CFTR,CFTR,
5012,sacubitril,CCOC(=O)[C@H](C)C[C@@H](Cc1ccc(-c2ccccc2)cc1)NC(=O)CCC(=O)O,PYNXFZCZUAOOQC-UTKZUKDTSA-N,1,EMA;FDA,2015-07-07,1,1,MME,MME,
5013,trelagliptin,Cn1c(=O)cc(N2CCC[C@@H](N)C2)n(Cc2cc(F)ccc2C#N)c1=O,IWYJYHUNXVAVAA-OAHLLOKOSA-N,1,PMDA,2015-03-26,1,1,DPP4,DPP4,
5014,brexpiprazole,O=c1ccc2ccc(OCCCCN3CCN(c4cccc5sccc45)CC3)cc2[nH]1,ZKIAIYBUSXZPLP-UHFFFAOYSA-N,1,EMA;FDA;PMDA,2015-07-10,1,24,ADRA1A;ADRA1B;ADRA1D;ADRA2A;ADRA2B;ADRA2C;ADRB1;ADRB2;DRD1;DRD2;DRD3;DRD4;HRH1;HTR1A;HTR1B;HTR2A;HTR2B;HTR2C;HTR5A;HTR6;HTR7;SLC6A2;SLC6A3;SLC6A4,DRD2;HTR1A;HTR2A,
5020,olanexidine,CCCCCCCCNC(=N)NC(=N)NCc1ccc(Cl)c(Cl)c1,ZZQMUJGZCZTLQD-UHFFFAOYSA-N,1,PMDA,2015-07-03,0,0,,,
5022,flibanserin,O=c1[nH]c2ccccc2n1CCN1CCN(c2cccc(C(F)(F)F)c2)CC1,PPRRDFIXUUSXRA-UHFFFAOYSA-N,1,FDA,2015-08-18,1,8,DRD2;DRD3;DRD4;HTR1A;HTR2A;HTR2B;HTR2C;HTR5A,HTR1A;HTR2A,
5027,rolapitant,C[C@@H](OC[C@@]1(c2ccccc2)CC[C@]2(CCC(=O)N2)CN1)c1cc(C(F)(F)F)cc(C(F)(F)F)c1,FIVSJYGQAIEMOC-ZGNKEGEESA-N,1,FDA,2015-09-01,1,1,TACR1,TACR1,
5029,uridine triacetate,CC(=O)O[C@H]1O[C@@H](n2ccc(=O)[nH]c2=O)[C@H](OC(C)=O)[C@@H]1OC(C)=O,BKCXTZWLBPOGRU-XQHKEYJVSA-N,1,FDA,2015-09-04,0,0,,,
5032,menadiol sodium diphosphate,Cc1cc(OP(=O)(O)O)c2ccccc2c1OP(=O)(O)O,JTNHOVZOOVVGHI-UHFFFAOYSA-N,1,FDA,,1,0,,,
5037,cariprazine,CN(C)C(=O)N[C@H]1CC[C@H](CCN2CCN(c3cccc(Cl)c3Cl)CC2)CC1,KPWSJANDNDDRMB-QAQDUYKDSA-N,1,FDA,2015-09-17,1,13,ADRA1D;DRD1;DRD2;DRD3;DRD4;DRD5;HRH1;HTR1A;HTR2A;HTR2B;HTR2C;HTR7;KCNH2,DRD2;HTR1A;HTR2A,
5045,alfadolone acetate,CC(=O)OCC(=O)[C@H]1CC[C@H]2[C@@H]3CC[C@H]4C[C@H](O)CC[C@]4(C)[C@H]3C(=O)C[C@]12C,QRJOQYLXZPQQMX-FWROMSNXSA-N,0,,,0,0,,,
5046,cobimetinib,O=C(c1ccc(F)c(F)c1Nc1ccc(I)cc1F)N1CC(O)([C@@H]2CCCCN2)C1,BSMCAPRUBJMWDF-KRWDZBQOSA-N,1,EMA;FDA,2015-11-10,1,3,BRAF;MAP2K1;MAP2K2,MAP2K1,
5047,saroglitazar,CCO[C@@H](Cc1ccc(OCCn2c(C)ccc2-c2ccc(SC)cc2)cc1)C(=O)O,MRWFZSLZNUJVQW-DEOSSOPVSA-N,1,CDSCO (INDIA),2013-06-26,0,2,PPARA;PPARG,PPARA;PPARG,
5048,pitolisant,Clc1ccc(CCCOCCCN2CCCCC2)cc1,NNACHAUCXXVJSP-UHFFFAOYSA-N,1,EMA;FDA,2016-03-31,1,4,HRH1;HRH2;HRH3;KCNH2,HRH3,
5052,aripiprazole lauroxil,CCCCCCCCCCCC(=O)OCN1C(=O)CCc2ccc(OCCCCN3CCN(c4cccc(Cl)c4Cl)CC3)cc21,DDINXHAORAAYAD-UHFFFAOYSA-N,1,FDA,2015-10-05,1,10,DRD2;DRD3;DRD4;HRH1;HTR1A;HTR1B;HTR1D;HTR2A;HTR2C;HTR7,DRD2;HTR1A;HTR2A,
5053,amino(diphenylhydantoin) valeric acid,NC(CCCN1C(=O)NC(c2ccccc2)(c2ccccc2)C1=O)C(=O)O,PAJBBDCZSMDSFL-UHFFFAOYSA-N,0,,,0,0,,,
5054,omarigliptin,CS(=O)(=O)n1cc2c(n1)CN([C@H]1CO[C@H](c3cc(F)ccc3F)[C@@H](N)C1)C2,MKMPWKUAHLTIBJ-ISTRZQFTSA-N,1,PMDA,2015-09-28,1,2,DPP4;KCNH2,DPP4,
5058,ozenoxacin,CNc1ncc(-c2ccc3c(=O)c(C(=O)O)cn(C4CC4)c3c2C)cc1C,XPIJWUTXQAGSLK-UHFFFAOYSA-N,1,FDA;PMDA,2015-09-28,1,0,,,
5059,lusutrombopag,CCCCCCO[C@@H](C)c1cccc(-c2csc(NC(=O)c3cc(Cl)c(/C=C(\C)C(=O)O)c(Cl)c3)n2)c1OC,NOZIJMHMKORZBA-KJCUYJGMSA-N,1,EMA;FDA;PMDA,2015-09-28,1,1,MPL,MPL,
5060,esflurbiprofen,C[C@H](C(=O)O)c1ccc(-c2ccccc2)c(F)c1,SYTBZMRGLBWNTM-JTQLQIEISA-N,1,PMDA,2015-09-28,1,1,PTGS2,,
5062,osimertinib,C=CC(=O)Nc1cc(Nc2nccc(-c3cn(C)c4ccccc34)n2)c(OC)cc1N(C)CCN(C)C,DUYJMQONPNNFPI-UHFFFAOYSA-N,1,EMA;FDA,2015-11-13,1,6,ALK;CTSC;EGFR;ERBB3;INSR;KCNH2,EGFR,
5064,climbazole,CC(C)(C)C(=O)C(Oc1ccc(Cl)cc1)n1ccnc1,OWEGWHBOCFMBLP-UHFFFAOYSA-N,0,,,0,1,CYP3A4,,
5065,trenbolone hexahydrobenzylcarbonate,C[C@]12C=CC3=C4CCC(=O)C=C4CC[C@H]3[C@@H]1CC[C@@H]2OC(=O)OCC1CCCCC1,GQJSFWYQKNQCIK-APFRJGHOSA-N,0,,,0,0,,,
5067,ixazomib,CC(C)C[C@H](NC(=O)CNC(=O)c1cc(Cl)ccc1Cl)B(O)O,MXAYKZJJDUDWDS-LBPRGKRZSA-N,1,EMA;FDA;PMDA,2015-11-20,0,3,PSMB1;PSMB2;PSMB5,PSMB5,
5068,brivaracetam,CCC[C@@H]1CC(=O)N([C@@H](CC)C(N)=O)C1,MSYKRHVOOPPJKU-BDAKNGLRSA-N,1,EMA;FDA,2016-01-14,1,1,SV2A,SV2A,
5073,pentapiperium metilsulfate,CCC(C)C(C(=O)OC1CC[N+](C)(C)CC1)c1ccccc1,WSWDKMFWJOALEW-UHFFFAOYSA-N,0,,,0,0,,,charged_parent
5075,lesinurad,O=C(O)CSc1nnc(Br)n1-c1ccc(C2CC2)c2ccccc12,FGQFOYHRJSUHMR-UHFFFAOYSA-N,1,EMA;FDA,2015-12-22,1,2,SLC22A11;SLC22A12,SLC22A12,
5077,selexipag,CC(C)N(CCCCOCC(=O)NS(C)(=O)=O)c1cnc(-c2ccccc2)c(-c2ccccc2)n1,QXWZQTURMXZVHJ-UHFFFAOYSA-N,1,FDA,2015-12-21,1,4,PTGDR;PTGER2;PTGER4;PTGIR,PTGIR,
5078,lobeglitazone,COc1ccc(Oc2cc(N(C)CCOc3ccc(CC4SC(=O)NC4=O)cc3)ncn2)cc1,CHHXEZSCHQVSRE-UHFFFAOYSA-N,1,Korean Food and Drug Administration (KFDA),2013-07-04,0,2,PPARA;PPARG,PPARG,
5079,nemonoxacin,COc1c(N2C[C@@H](C)C[C@H](N)C2)ccc2c(=O)c(C(=O)O)cn(C3CC3)c12,AVPQPGFLVZTJOR-RYUDHWBXSA-N,0,,,0,0,,,
5080,elbasvir,COC(=O)N[C@H](C(=O)N1CCC[C@H]1c1nc(-c2ccc3c(c2)O[C@@H](c2ccccc2)n2c-3cc3cc(-c4c[nH]c([C@@H]5CCCN5C(=O)[C@@H](NC(=O)OC)C(C)C)n4)ccc32)c[nH]1)C(C)C,BVAZQCUMNICBAQ-PZHYSIFUSA-N,1,FDA,2016-01-28,1,0,,,
5081,grazoprevir,C=C[C@@H]1C[C@]1(NC(=O)[C@@H]1C[C@@H]2CN1C(=O)[C@H](C(C)(C)C)NC(=O)O[C@@H]1C[C@H]1CCCCCc1nc3ccc(OC)cc3nc1O2)C(=O)NS(=O)(=O)C1CC1,OBMNJSNZOWALQB-NCQNOWPTSA-N,1,FDA,2016-01-28,1,0,,,
5090,arterolane,CC(C)(N)NC(=O)C[C@H]1CC[C@]2(CC1)OOC1(O2)[C@H]2CC3CC(C[C@H]1C3)C2,BRJULSXZDFYSPG-MSMJXPJBSA-N,1,CDSCO (INDIA),2012-03-09,0,0,,,
5095,thallous chloride Tl-201,[Cl][201Tl],GBECUEIQVRDUKB-RYDPDVNUSA-M,1,FDA,1977-12-16,0,0,,,inorganic
5097,mepiprazole,Cc1cc(CCN2CCN(c3cccc(Cl)c3)CC2)n[nH]1,DOTIMEKVTCOGED-UHFFFAOYSA-N,0,,,0,0,,,
5098,lorpiprazole,FC(F)(F)c1cccc(N2CCN(CCc3nnc4n3CC3CCCC43)CC2)c1,BNRMWKUVWLKDQJ-UHFFFAOYSA-N,0,,,0,0,,,
5100,voacamine,C/C=C1\CN(C)[C@H]2Cc3c([nH]c4ccccc34)[C@@H](c3cc4[nH]c5c(c4cc3OC)CCN3C[C@@H]4C[C@H](CC)[C@H]3[C@@]5(C(=O)OC)C4)C[C@@H]1[C@@H]2C(=O)OC,VCMIRXRRQJNZJT-KANKAIPDSA-N,0,,,0,0,,,
5110,migalastat,OC[C@H]1NC[C@H](O)[C@@H](O)[C@H]1O,LXBIFEVIBLOUGU-DPYQTVNSSA-N,1,EMA;FDA;PMDA,2016-05-26,1,8,AGL;GAA;GBA2;GLA;GLB1;LCT;MGAM;SI,GLA,
5113,amfecloral,CC(Cc1ccccc1)/N=C/C(Cl)(Cl)Cl,VBZDETYCYXPOAK-OVCLIPMQSA-N,0,,,0,0,,,
5118,chromic chloride,[Cl][Cr]([Cl])[Cl],QSWDMMVNRMROPK-UHFFFAOYSA-K,1,FDA,1986-06-26,0,2,EGFR;FYN,,inorganic
5125,hydracarbazine,N/N=c1/ccc(C(N)=O)n[nH]1,WRYZEGZNBYOMLE-UHFFFAOYSA-N,0,,,0,0,,,
5130,oxiglutatione,N[C@@H](CCC(=O)N[C@@H](CSSC[C@H](NC(=O)CC[C@H](N)C(=O)O)C(=O)NCC(=O)O)C(=O)NCC(=O)O)C(=O)O,YPZRWBKMTBYPTK-BJDJZHNGSA-N,1,FDA,,1,0,,,
5133,venetoclax,CC1(C)CCC(CN2CCN(c3ccc(C(=O)NS(=O)(=O)c4ccc(NCC5CCOCC5)c([N+](=O)[O-])c4)c(Oc4cnc5[nH]ccc5c4)c3)CC2)=C(c2ccc(Cl)cc2)C1,LQBVNQSMGBZMKD-UHFFFAOYSA-N,1,EMA;FDA;PMDA,2016-04-11,1,3,BCL2;BCL2L1;BCL2L2,BCL2,
5142,pimavanserin,CC(C)COc1ccc(CNC(=O)N(Cc2ccc(F)cc2)C2CCN(C)CC2)cc1,RKEWSXXUOLRFBX-UHFFFAOYSA-N,1,FDA,2016-04-29,1,2,HTR2A;HTR2C,HTR2A,
5143,opicapone,Cc1c(Cl)c(C)[n+]([O-])c(Cl)c1-c1noc(-c2cc(O)c(O)c([N+](=O)[O-])c2)n1,ASOADIZOVZTJSR-UHFFFAOYSA-N,1,EMA;FDA;PMDA,2016-06-24,1,1,COMT,COMT,
5144,gluconolactone,O=C1O[C@H](CO)[C@@H](O)[C@H](O)[C@H]1O,PHOQVHQSTUBQQK-SQOUGZDYSA-N,1,FDA,1990-10-02,1,1,GBA,,
5145,faropenem medoxil,Cc1oc(=O)oc1COC(=O)C1=C([C@H]2CCCO2)S[C@@H]2[C@@H]([C@@H](C)O)C(=O)N12,JQBKWZPHJOEQAO-DVPVEWDBSA-N,0,,,0,0,,,
5147,UREA C 14,N[14C](N)=O,XSQUKJJJFZCRTK-NJFSPNSNSA-N,1,FDA,1997-05-09,1,0,,,
5150,chloramphenicol palmitate,CCCCCCCCCCCCCCCC(=O)OC[C@@H](NC(=O)C(Cl)Cl)[C@H](O)c1ccc([N+](=O)[O-])cc1,PXKHGMGELZGJQE-ILBGXUMGSA-N,1,FDA,,0,0,,,
5153,fluciclovine (18F),N[C@]1(C(=O)O)C[C@@H]([18F])C1,NTEDWGYJNHZKQW-DGMDOPGDSA-N,1,FDA,2016-05-27,1,0,,,
5154,velpatasvir,COC[C@H]1C[C@@H](c2nc(-c3ccc4c(c3)COc3cc5c(ccc6nc([C@@H]7CC[C@H](C)N7C(=O)[C@@H](NC(=O)OC)C(C)C)[nH]c65)cc3-4)c[nH]2)N(C(=O)[C@H](NC(=O)OC)c2ccccc2)C1,FHCUMDQMBHQXKK-CDIODLITSA-N,1,FDA,2016-06-28,1,0,,,
5155,obeticholic acid,CC[C@H]1[C@@H](O)[C@@H]2[C@H](CC[C@]3(C)[C@@H]([C@H](C)CCC(=O)O)CC[C@@H]23)[C@@]2(C)CC[C@@H](O)C[C@@H]12,ZXERDUOLZKYMJM-ZWECCWDJSA-N,1,EMA;FDA,2016-05-27,1,2,GPBAR1;NR1H4,NR1H4,
5168,cefathiamidine,CC(=O)OCC1=C(C(=O)O)N2C(=O)[C@@H](NC(=O)CS/C(=N/C(C)C)NC(C)C)[C@H]2SC1,JYXACOFERDBGGQ-RHSMWYFYSA-N,1,China Food and Drug Administration (CFDA),,0,0,,,
5169,eldecalcitol,C=C1/C(=C\C=C2/CCC[C@]3(C)[C@@H]([C@H](C)CCCC(C)(C)O)CC[C@@H]23)C[C@@H](O)[C@@H](OCCCO)[C@@H]1O,FZEXGDDBXLBRTD-AYIMTCTASA-N,1,PMDA,2011-01-21,0,1,VDR,VDR,
5171,etimicin,CCN[C@@H]1C[C@H](N)[C@@H](OC2O[C@H](CN)CC[C@H]2N)[C@H](O)[C@H]1O[C@H]1OC[C@](C)(O)[C@H](NC)[C@H]1O,NZGMVSJQULXLHF-NORJTPJDSA-N,1,China Food and Drug Administration (CFDA),,0,0,,,
5174,lifitegrast,CS(=O)(=O)c1cccc(C[C@H](NC(=O)c2c(Cl)cc3c(c2Cl)CCN(C(=O)c2ccc4ccoc4c2)C3)C(=O)O)c1,JFOZKMSJYSPYLN-QHCPKHFHSA-N,1,FDA,2016-07-11,1,3,ICAM1;ITGAL;ITGB2,ITGAL;ITGB2,
5181,etelcalcetide,CC(=O)N[C@H](CSSC[C@H](N)C(=O)O)C(=O)N[C@H](C)C(=O)N[C@H](CCCNC(=N)N)C(=O)N[C@H](CCCNC(=N)N)C(=O)N[C@H](CCCNC(=N)N)C(=O)N[C@H](C)C(=O)N[C@H](CCCNC(=N)N)C(N)=O,ANIAZGVDEUQPRI-ZJQCGQFWSA-N,1,EMA;FDA,2016-11-11,1,1,CASR,CASR,
5188,radotinib,Cc1cn(-c2cc(NC(=O)c3ccc(C)c(Nc4nccc(-c5cnccn5)n4)c3)cc(C(F)(F)F)c2)cn1,DUPWHXBITIZIKZ-UHFFFAOYSA-N,1,Korean Food and Drug Administration (KFDA),2012-01-05,0,1,ABL1,ABL1,
5193,hydrocortisone phosphate,C[C@]12CCC(=O)C=C1CC[C@@H]1[C@@H]2[C@@H](O)C[C@@]2(C)[C@H]1CC[C@]2(O)C(=O)COP(=O)(O)O,BGSOJVFOEQLVMH-VWUMJDOOSA-N,1,FDA,1960-06-08,1,0,,,
5194,meglumine,CNC[C@H](O)[C@@H](O)[C@H](O)[C@H](O)CO,MBBZMMPHUWSWHV-BDVNFPICSA-N,1,FDA,,1,0,,,
5195,corticorelin ovine,CC[C@H](C)[C@H](NC(=O)[C@H](CC(=O)O)NC(=O)[C@H](CC(C)C)NC(=O)[C@H](CC(C)C)NC(=O)[C@H](CCCCN)NC(=O)[C@H](CCCNC(=N)N)NC(=O)[C@H](CC(N)=O)NC(=O)[C@H](CO)NC(=O)[C@H](Cc1c[nH]cn1)NC(=O)[C@H](C)NC(=O)[C@H](CCC(N)=O)NC(=O)[C@H](CCC(N)=O)NC(=O)[C@H](C)NC(=O)[C@H](CC(C)C)NC(=O)[C@H](CCC(N)=O)NC(=O)[C@H](CC(=O)O)NC(=O)[C@H](C)NC(=O)[C@H](CCCCN)NC(=O)[C@@H](NC(=O)[C@H](CCSC)NC(=O)[C@H](CCC(=O)O)NC(=O)[C@H](CC(C)C)NC(=O)[C@@H](NC(=O)[C@H](CCC(=O)O)NC(=O)[C@H](CCCNC(=N)N)NC(=O)[C@H](CC(C)C)NC(=O)[C@H](CC(C)C)NC(=O)[C@H](Cc1c[nH]cn1)NC(=O)[C@H](Cc1ccccc1)NC(=O)[C@@H](NC(=O)[C@H](CC(C)C)NC(=O)[C@H](CC(=O)O)NC(=O)[C@H](CC(C)C)NC(=O)[C@H](CO)NC(=O)[C@@H](NC(=O)[C@@H]1CCCN1C(=O)[C@@H]1CCCN1C(=O)[C@H](CCC(=O)O)NC(=O)[C@H](CCC(N)=O)NC(=O)[C@@H](N)CO)[C@@H](C)CC)[C@@H](C)O)C(C)C)[C@@H](C)O)C(=O)N[C@@H](C)C(N)=O,QEEJLLNYQOBRRM-KSHGRFHLSA-N,1,FDA,1996-05-23,0,0,,,
5198,secretin porcine,CC(C)C[C@H](NC(=O)CNC(=O)[C@H](CCC(N)=O)NC(=O)[C@H](CC(C)C)NC(=O)[C@H](CC(C)C)NC(=O)[C@H](CCCNC(=N)N)NC(=O)[C@H](CCC(N)=O)NC(=O)[C@H](CC(C)C)NC(=O)[C@H](CCCNC(=N)N)NC(=O)[C@H](C)NC(=O)[C@H](CO)NC(=O)[C@H](CC(=O)O)NC(=O)[C@H](CCCNC(=N)N)NC(=O)[C@H](CC(C)C)NC(=O)[C@H](CCCNC(=N)N)NC(=O)[C@H](CO)NC(=O)[C@H](CC(C)C)NC(=O)[C@H](CCC(=O)O)NC(=O)[C@H](CO)NC(=O)[C@@H](NC(=O)[C@H](Cc1ccccc1)NC(=O)[C@@H](NC(=O)CNC(=O)[C@H](CC(=O)O)NC(=O)[C@H](CO)NC(=O)[C@@H](N)Cc1c[nH]cn1)[C@@H](C)O)[C@@H](C)O)C(=O)N[C@H](C(N)=O)C(C)C,JWQZOTGHUDZFMU-WIDFLDSMSA-N,1,FDA,2002-04-04,0,0,,,
5201,crisaborole,N#Cc1ccc(Oc2ccc3c(c2)COB3O)cc1,USZAGAREISWJDP-UHFFFAOYSA-N,1,EMA;FDA,2016-12-14,1,6,PDE1A;PDE4A;PDE4B;PDE4C;PDE4D;PDE7A,PDE4A;PDE4B;PDE4C;PDE4D,
5202,baricitinib,CCS(=O)(=O)N1CC(CC#N)(n2cc(-c3ncnc4[nH]ccc34)cn2)C1,XUZMWHLSFXCVMG-UHFFFAOYSA-N,1,EMA;FDA;PMDA,2017-02-13,1,7,AAK1;BMP2K;GAK;JAK1;JAK2;JAK3;TYK2,JAK1;JAK2,
5203,rucaparib,CNCc1ccc(-c2[nH]c3cc(F)cc4c3c2CCNC4=O)cc1,HMABYWSNWIZPAG-UHFFFAOYSA-N,1,EMA;FDA,2016-12-19,1,10,PARP1;PARP10;PARP12;PARP14;PARP15;PARP2;PARP3;PARP4;TNKS;TNKS2,PARP1;PARP2;PARP3,
5208,plecanatide,CC(C)C[C@H](NC(=O)[C@@H]1CSSC[C@@H]2NC(=O)[C@H](CC(C)C)NC(=O)[C@H](CCC(=O)O)NC(=O)[C@@H](NC(=O)[C@H](CCC(=O)O)NC(=O)[C@H](CC(=O)O)NC(=O)[C@@H](N)CC(N)=O)CSSC[C@H](NC(=O)[C@H](C)NC(=O)[C@H](C(C)C)NC(=O)[C@H](CC(N)=O)NC(=O)[C@H](C(C)C)NC2=O)C(=O)N[C@@H]([C@@H](C)O)C(=O)NCC(=O)N1)C(=O)O,NSPHQWLKCGGCQR-DLJDZFDSSA-N,1,FDA,2017-01-19,1,3,GUCY2C;TNF;TNFRSF1A,GUCY2C,
5209,icotinib,C#Cc1cccc(Nc2ncnc3cc4c(cc23)OCCOCCOCCO4)c1,QQLKULDARVNMAL-UHFFFAOYSA-N,1,China Food and Drug Administration (CFDA),,0,1,EGFR,EGFR,
5210,olmutinib,C=CC(=O)Nc1cccc(Oc2nc(Nc3ccc(N4CCN(C)CC4)cc3)nc3ccsc23)c1,FDMQDKQUTRLUBU-UHFFFAOYSA-N,1,Korean Food and Drug Administration (KFDA),,1,2,BTK;EGFR,EGFR,
5211,apatinib,N#CC1(c2ccc(NC(=O)c3cccnc3NCc3ccncc3)cc2)CCCC1,WPEWQEMJFLWMLV-UHFFFAOYSA-N,1,China Food and Drug Administration (CFDA),,0,5,CSK;KDR;KIT;RET;SRC,KDR,
5214,telotristat ethyl,CCOC(=O)[C@@H](N)Cc1ccc(-c2cc(O[C@H](c3ccc(Cl)cc3-n3ccc(C)n3)C(F)(F)F)nc(N)n2)cc1,MDSQOJYHHZBZKA-GBXCKJPGSA-N,1,EMA;FDA,2017-02-28,1,1,TPH1,TPH1,
5215,beclabuvir,COc1ccc2c(c1)[C@@H]1C[C@]1(C(=O)N1C3CCC1CN(C)C3)Cn1c-2c(C2CCCCC2)c2ccc(C(=O)NS(=O)(=O)N(C)C)cc21,ZTTKEBYSXUCBSE-VSBZUFFNSA-N,1,PMDA,2016-12-19,0,1,KCNH2,,
5217,cytisine,O=c1cccc2n1C[C@@H]1CNC[C@H]2C1,ANJTVLIZGCUXLD-DTWKUNHWSA-N,1,Health Canada,,0,1,CHRNA7,,
5218,ribociclib,CN(C)C(=O)c1cc2cnc(Nc3ccc(N4CCNCC4)cn3)nc2n1C1CCCC1,RHXHGRAEPCAFML-UHFFFAOYSA-N,1,EMA;FDA,2017-03-13,1,3,CDK2;CDK4;CDK6,CDK4;CDK6,
5220,naldemedine,CC(C)(NC(=O)C1=C(O)[C@@H]2Oc3c(O)ccc4c3[C@@]23CCN(CC2CC2)[C@H](C4)[C@]3(O)C1)c1nc(-c2ccccc2)no1,AXQACEQYCPKDMV-RZAWKFBISA-N,1,EMA;FDA,2017-03-23,1,2,OPRD1;OPRM1,OPRM1,
5222,niraparib,NC(=O)c1cccc2cn(-c3ccc([C@@H]4CCCNC4)cc3)nc12,PCHKPVIQAHNQLW-CQSZACIVSA-N,1,EMA;FDA,2017-03-27,1,10,PARP1;PARP10;PARP12;PARP14;PARP15;PARP2;PARP3;PARP4;TNKS;TNKS2,PARP1;PARP2,
5226,deutetrabenazine,[2H]C([2H])([2H])Oc1cc2c(cc1OC([2H])([2H])[2H])C1CC(=O)C(CC(C)C)CN1CC2,MKJIEFSOBYUXJB-LIJFRPJRSA-N,1,FDA,2017-04-03,1,1,SLC18A2,SLC18A2,
5227,valbenazine,COc1cc2c(cc1OC)[C@H]1C[C@@H](OC(=O)[C@@H](N)C(C)C)[C@H](CC(C)C)CN1CC2,GEJDGVNQKABXKG-CFKGEZKQSA-N,1,FDA,2017-04-11,1,1,SLC18A2,SLC18A2,
5229,forodesine,O=c1nc[nH]c2c([C@@H]3N[C@H](CO)[C@@H](O)[C@H]3O)c[nH]c12,IWKXDMQDITUYRK-KUBHLMPHSA-N,1,PMDA,2017-03-30,1,1,PNP,PNP,
5231,midostaurin,CO[C@@H]1[C@H](N(C)C(=O)c2ccccc2)C[C@H]2O[C@]1(C)n1c3ccccc3c3c4c(c5c6ccccc6n2c5c31)C(=O)NC4,BMGQWWVMWDBQGC-IIFHNQTCSA-N,1,EMA;FDA,2017-04-28,1,205,AAK1;ABL1;AKT1;AKT2;AKT3;ALK;AURKA;AURKB;AURKC;AXL;BLK;BMP2K;BRSK1;BRSK2;CAMK1;CAMK1D;CAMK1G;CAMK2A;CAMK2B;CAMK2D;CAMK2G;CAMKK1;CAMKK2;CDK19;CHEK1;CHUK;CLK1;CLK2;CLK3;CLK4;CSF1R;CSK;CSNK2A1;DAPK1;DAPK2;DAPK3;DDR1;DMPK;DSTYK;DYRK1A;DYRK1B;EGFR;EIF2AK2;EIF2AK4;EPHB6;ERBB4;ERN1;FER;FGFR1;FGFR2;FGFR3;FGR;FLT1;FLT3;FLT4;FRK;FYN;GAK;GRK1;GRK4;GRK7;GSK3A;GSK3B;HCK;HIPK2;HIPK3;HIPK4;HUNK;ICK;IKBKB;IKBKE;IRAK3;JAK1;JAK2;JAK3;KDR;KIT;LATS1;LATS2;LCK;LRRK2;LTK;LYN;MAP2K3;MAP2K4;MAP2K6;MAP3K10;MAP3K11;MAP3K13;MAP3K19;MAP3K2;MAP3K3;MAP3K7;MAP3K9;MAP4K1;MAP4K2;MAP4K3;MAP4K4;MAP4K5;MAPK10;MAPK8;MAPK9;MARK1;MARK2;MARK3;MARK4;MAST1;MELK;MERTK;MET;MINK1;MKNK2;MYLK;MYLK3;MYLK4;NTRK1;NTRK2;NTRK3;NUAK1;NUAK2;PAK1;PAK2;PAK3;PDGFRA;PDGFRB;PDPK1;PHKG1;PHKG2;PIK3C2B;PIK3C2G;PIK3CA;PIM1;PIM2;PIM3;PIP4K2B;PIP5K1A;PKN1;PKN2;PLK4;PRKAA1;PRKAA2;PRKACA;PRKACB;PRKCA;PRKCD;PRKCE;PRKCH;PRKCQ;PRKD2;PRKD3;PRKG1;PRKG2;PRKX;PRPF4;PRPF4B;PTK2B;RET;RIOK1;RIOK2;RIOK3;ROCK1;ROCK2;ROS1;RPS6KA1;RPS6KA2;RPS6KA3;RPS6KA4;RPS6KA5;RPS6KA6;RPS6KB1;SGK3;SIK1;SIK2;SIK3;SLK;SRC;SRPK1;SRPK2;SRPK3;STK10;STK11;STK16;STK17A;STK17B;STK25;STK3;STK32A;STK33;STK4;SYK;TBK1;TEK;TIE1;TNIK;TNK1;TNK2;TNKS2;TSSK1B;TTK;TYK2;TYRO3;ULK3;WEE1;YES1;ZAP70,FLT3,
5232,abaloparatide,CC[C@H](C)[C@H](NC(=O)[C@H](CO)NC(=O)[C@H](CCCCN)NC(=O)CNC(=O)[C@H](CCCCN)NC(=O)[C@H](CC(=O)O)NC(=O)[C@H](Cc1c[nH]cn1)NC(=O)[C@H](CC(C)C)NC(=O)[C@H](CC(C)C)NC(=O)[C@H](CCC(N)=O)NC(=O)[C@H](Cc1c[nH]cn1)NC(=O)[C@H](CCC(=O)O)NC(=O)[C@H](CO)NC(=O)[C@@H](NC(=O)[C@H](C)N)C(C)C)C(=O)N[C@@H](CCC(N)=O)C(=O)N[C@@H](CC(=O)O)C(=O)N[C@@H](CC(C)C)C(=O)N[C@@H](CCCNC(=N)N)C(=O)N[C@@H](CCCNC(=N)N)C(=O)N[C@@H](CCCNC(=N)N)C(=O)N[C@@H](CCC(=O)O)C(=O)N[C@@H](CC(C)C)C(=O)N[C@@H](CC(C)C)C(=O)N[C@@H](CCC(=O)O)C(=O)N[C@@H](CCCCN)C(=O)N[C@@H](CC(C)C)C(=O)N[C@@H](CC(C)C)C(=O)NC(C)(C)C(=O)N[C@@H](CCCCN)C(=O)N[C@@H](CC(C)C)C(=O)N[C@@H](Cc1c[nH]cn1)C(=O)N[C@H](C(=O)N[C@@H](C)C(N)=O)[C@@H](C)O,BVISQZFBLRSESR-XSCWXTNMSA-N,1,FDA,2017-04-28,0,1,PTH1R,PTH1R,
5233,brigatinib,COc1cc(N2CCC(N3CCN(C)CC3)CC2)ccc1Nc1ncc(Cl)c(Nc2ccccc2P(C)(C)=O)n1,AILRADAXUVEEIR-UHFFFAOYSA-N,1,EMA;FDA,2017-04-28,1,6,ALK;EGFR;FLT3;IGF1R;INSR;ROS1,ALK,
5236,benproperine,CC(COc1ccccc1Cc1ccccc1)N1CCCCC1,JTUQXGZRVLWBCR-UHFFFAOYSA-N,1,China Food and Drug Administration (CFDA),,0,0,,,
5238,delafloxacin,Nc1nc(-n2cc(C(=O)O)c(=O)c3cc(F)c(N4CC(O)C4)c(Cl)c32)c(F)cc1F,DYDCPNMLZGFQTM-UHFFFAOYSA-N,1,EMA;FDA,2017-06-19,1,0,,,
5239,evogliptin,CC(C)(C)OC[C@@H]1C(=O)NCCN1C(=O)C[C@H](N)Cc1cc(F)c(F)cc1F,LCDDAGSJHKEABN-MLGOLLRUSA-N,1,Korean Food and Drug Administration (KFDA),2015-10-02,1,2,DPP4;KCNH2,DPP4,
5240,polmacoxib,CC1(C)OC(c2ccc(S(N)(=O)=O)cc2)=C(c2cccc(F)c2)C1=O,IJWPAFMIFNSIGD-UHFFFAOYSA-N,1,Korean Food and Drug Administration (KFDA),2015-02-05,0,2,PTGS1;PTGS2,PTGS2,
5241,betrixaban,COc1ccc(NC(=O)c2ccc(C(=N)N(C)C)cc2)c(C(=O)Nc2ccc(Cl)cn2)c1,XHOLNRLADUSQLD-UHFFFAOYSA-N,1,FDA,2017-06-23,1,3,F10;F2;KCNH2,F10,
5242,voxilaprevir,CC[C@@H]1[C@@H]2CN(C(=O)[C@H](C(C)(C)C)NC(=O)O[C@@H]3C[C@H]3CCCCC(F)(F)c3nc4ccc(OC)cc4nc3O2)[C@@H]1C(=O)N[C@]1(C(=O)NS(=O)(=O)C2(C)CC2)C[C@H]1C(F)F,MZBLZLWXUBZHSL-FZNJKFJKSA-N,1,FDA,2017-07-18,0,0,,,
5243,glecaprevir,CC(C)(C)[C@@H]1NC(=O)O[C@@H]2CCC[C@H]2OC/C=C/C(F)(F)c2nc3ccccc3nc2O[C@@H]2C[C@@H](C(=O)N[C@]3(C(=O)NS(=O)(=O)C4(C)CC4)C[C@H]3C(F)F)N(C2)C1=O,MLSQGNCUYAMAHD-ITNVBOSISA-N,1,EMA;FDA,2017-07-26,1,0,,,
5244,pibrentasvir,COC(=O)N[C@H](C(=O)N1CCC[C@H]1c1nc2cc([C@H]3CC[C@H](c4cc5nc([C@@H]6CCCN6C(=O)[C@@H](NC(=O)OC)[C@@H](C)OC)[nH]c5cc4F)N3c3cc(F)c(N4CCC(c5ccc(F)cc5)CC4)c(F)c3)c(F)cc2[nH]1)[C@@H](C)OC,VJYSBPDEJWLKKJ-NLIMODCCSA-N,1,EMA;FDA,2017-07-26,1,0,,,
5248,pemafibrate,CC[C@@H](Oc1cccc(CN(CCCOc2ccc(OC)cc2)c2nc3ccccc3o2)c1)C(=O)O,ZHKNLJLMDFQVHJ-RUZDIDTESA-N,1,PMDA,2017-07-03,1,3,PPARA;PPARD;PPARG,PPARA,
5249,zabofloxacin,CON=C1CN(c2nc3c(cc2F)c(=O)c(C(=O)O)cn3C2CC2)CC12CNC2,ZNPOCLHDJCAZAH-UHFFFAOYSA-N,1,Korean Food and Drug Administration (KFDA),2015-03-20,0,0,,,
5250,imrecoxib,CCCN1CC(c2ccc(S(C)(=O)=O)cc2)=C(c2ccc(C)cc2)C1=O,AXMZZGKKZDJGAZ-UHFFFAOYSA-N,1,China Food and Drug Administration (CFDA),2011-05-20,0,1,PTGS2,PTGS2,
5251,enasidenib,CC(C)(O)CNc1nc(Nc2ccnc(C(F)(F)F)c2)nc(-c2cccc(C(F)(F)F)n2)n1,DYLUUSLLRIQKOE-UHFFFAOYSA-N,1,FDA,2017-08-01,1,2,IDH1;IDH2,IDH2,
5252,neratinib,CCOc1cc2ncc(C#N)c(Nc3ccc(OCc4ccccn4)c(Cl)c3)c2cc1NC(=O)/C=C/CN(C)C,JWNPDZNEKVCWMY-VQHVLOKHSA-N,1,EMA;FDA,2017-07-17,1,103,ABL1;AXL;BLK;BTK;CAMK1D;CDK16;CDK7;CHEK1;CHEK2;CSF1R;CSK;CSNK1E;CSNK1G2;CSNK1G3;DSTYK;EGFR;EIF2AK4;EPHB6;ERBB2;ERBB3;ERBB4;FER;FES;FGR;FLT3;FYN;GAK;HCK;HIPK4;INSR;INSRR;IRAK1;JAK3;KDR;LCK;LYN;MAP2K1;MAP2K2;MAP2K5;MAP2K7;MAP3K10;MAP3K11;MAP3K12;MAP3K13;MAP3K19;MAP3K2;MAP3K3;MAP3K4;MAP3K9;MAP4K1;MAP4K2;MAP4K3;MAP4K4;MAP4K5;MAPK10;MAPK8;MAST1;MELK;MERTK;MET;MINK1;MST1R;NEK2;NEK3;NUAK1;NUAK2;PAK1;PAK2;PAK6;PRKD1;PRKD2;PRKD3;PTK2;PTK2B;RPS6KA1;RPS6KA2;SIK1;SIK2;SLK;SRC;STK10;STK17A;STK17B;STK24;STK25;STK26;STK3;STK32B;STK33;STK35;STK36;STK4;SYK;TAOK3;TEK;TIE1;TNIK;TNK2;TXK;WEE1;WEE2;YES1;ZAK,EGFR;ERBB2;ERBB4,
5253,vaborbactam,O=C(O)C[C@@H]1CC[C@H](NC(=O)Cc2cccs2)B(O)O1,IOOWNWLVCOUUEX-WPRPVWTQSA-N,1,FDA,2017-08-29,1,0,,,
5254,levornidazole,Cc1ncc([N+](=O)[O-])n1C[C@H](C)CCl,YDSAJOSZKLMHFJ-ZCFIWIBFSA-N,1,China Food and Drug Administration (CFDA),2009-08-13,0,0,,,
5255,morinidazole,Cc1ncc([N+](=O)[O-])n1CC(O)CN1CCOCC1,GAZGHCHCYRSPIV-UHFFFAOYSA-N,1,China Food and Drug Administration (CFDA),2014-02-24,0,0,,,
5256,copanlisib,COc1c(OCCCN2CCOCC2)ccc2c1N=C(NC(=O)c1cnc(N)nc1)N1CCN=C21,PZBCKZWLPGJMAO-UHFFFAOYSA-N,1,FDA,2017-09-14,1,5,MTOR;PIK3CA;PIK3CB;PIK3CD;PIK3CG,PIK3CA;PIK3CD,
5257,butylphthalide,CCCCC1OC(=O)c2ccccc21,HJXMNVQARNZTEE-UHFFFAOYSA-N,1,China Food and Drug Administration (CFDA),2002-09-30,0,1,KCNK2,,
5258,tivozanib,COc1cc2nccc(Oc3ccc(NC(=O)Nc4cc(C)on4)c(Cl)c3)c2cc1OC,SPMVMDHWKHCIDT-UHFFFAOYSA-N,1,EMA;FDA,2017-08-24,1,10,EPHB2;FGFR1;FLT1;FLT3;FLT4;KDR;KIT;MET;PDGFRA;PDGFRB,FLT1;FLT4;KDR,
5259,abemaciclib,CCN1CCN(Cc2ccc(Nc3ncc(F)c(-c4cc(F)c5nc(C)n(C(C)C)c5c4)n3)nc2)CC1,UZWDCWONPYILKI-UHFFFAOYSA-N,1,EMA;FDA;PMDA,2017-09-28,1,6,CDK1;CDK4;CDK6;CDK7;CDK9;KCNH2,CDK4;CDK6,
5260,acalabrutinib,CC#CC(=O)N1CCC[C@H]1c1nc(-c2ccc(C(=O)Nc3ccccn3)cc2)c2c(N)nccn12,WDENQIQQYWYTPO-IBGZPJMESA-N,1,FDA,2017-10-31,1,7,BMX;BTK;ERBB2;ERBB4;LYN;TEC;TXK,BTK,
5261,latanoprostene bunod,O=C(CCC/C=C\C[C@@H]1[C@@H](CC[C@@H](O)CCc2ccccc2)[C@H](O)C[C@@H]1O)OCCCCO[N+](=O)[O-],LOVMMUBRQUFEAH-UIEAZXIASA-N,1,FDA,2017-11-02,1,1,PTGFR,PTGFR,
5262,letermovir,COc1cccc(N2CCN(C3=Nc4c(F)cccc4[C@H](CC(=O)O)N3c3cc(C(F)(F)F)ccc3OC)CC2)c1,FWYSMLBETOMXAG-QHCPKHFHSA-N,1,EMA;FDA;PMDA,2017-11-08,1,0,,,
5266,amenamevir,Cc1cccc(C)c1N(CC(=O)Nc1ccc(-c2ncon2)cc1)C(=O)C1CCS(=O)(=O)CC1,MNHNIVNAFBSLLX-UHFFFAOYSA-N,1,PMDA,2017-07-03,1,0,,,
5267,semaglutide,CC[C@H](C)[C@H](NC(=O)[C@H](Cc1ccccc1)NC(=O)[C@H](CCC(=O)O)NC(=O)[C@H](CCCCNC(=O)COCCOCCNC(=O)COCCOCCNC(=O)[C@H](CCC(=O)O)NC(=O)CCCCCCCCCCCCCCCCC(=O)O)NC(=O)[C@H](C)NC(=O)[C@H](C)NC(=O)[C@H](CCC(N)=O)NC(=O)CNC(=O)[C@H](CCC(=O)O)NC(=O)[C@H](CC(C)C)NC(=O)[C@H](Cc1ccc(O)cc1)NC(=O)[C@H](CO)NC(=O)[C@H](CO)NC(=O)[C@@H](NC(=O)[C@H](CC(=O)O)NC(=O)[C@H](CO)NC(=O)[C@@H](NC(=O)[C@H](Cc1ccccc1)NC(=O)[C@@H](NC(=O)CNC(=O)[C@H](CCC(=O)O)NC(=O)C(C)(C)NC(=O)[C@@H](N)Cc1c[nH]cn1)[C@@H](C)O)[C@@H](C)O)C(C)C)C(=O)N[C@@H](C)C(=O)N[C@@H](Cc1c[nH]c2ccccc12)C(=O)N[C@@H](CC(C)C)C(=O)N[C@H](C(=O)N[C@@H](CCCNC(=N)N)C(=O)NCC(=O)N[C@@H](CCCNC(=N)N)C(=O)NCC(=O)O)C(C)C,YAADDGYZMCRWRC-CIIFZSTISA-N,1,EMA;FDA;PMDA,2017-12-05,0,1,GLP1R,GLP1R,
5269,netarsudil,Cc1ccc(C(=O)OCc2ccc([C@@H](CN)C(=O)Nc3ccc4cnccc4c3)cc2)c(C)c1,OURRXQUGYQRVML-AREMUKBSSA-N,1,EMA;FDA,2017-12-18,1,2,ROCK1;ROCK2,ROCK2,
5270,ertugliflozin,CCOc1ccc(Cc2cc([C@]34OC[C@](CO)(O3)[C@@H](O)[C@H](O)[C@H]4O)ccc2Cl)cc1,MCIACXAZCBVDEE-CUUWFGFTSA-N,1,EMA;FDA,2017-12-19,1,3,SLC5A1;SLC5A2;SLC5A4,SLC5A2,
5271,macimorelin,CC(C)(N)C(=O)N[C@H](Cc1cc2ccccc2[nH]1)C(=O)N[C@H](Cc1c[nH]c2ccccc12)NC=O,VPBQKRKRYYPMOF-DHIUTWEWSA-N,1,EMA;FDA,2017-12-20,0,1,GHSR,GHSR,
5272,angiotensin II,CC[C@H](C)[C@H](NC(=O)[C@H](Cc1ccc(O)cc1)NC(=O)[C@@H](NC(=O)[C@H](CCCNC(=N)N)NC(=O)[C@@H](N)CC(=O)O)C(C)C)C(=O)N[C@@H](Cc1c[nH]cn1)C(=O)N1CCC[C@H]1C(=O)N[C@@H](Cc1ccccc1)C(=O)O,CZGUSIXMZVURDU-JZXHSEFVSA-N,1,EMA;FDA,2017-12-21,1,2,AGTR1;AGTR2,AGTR1,
5274,bictegravir,O=C(NCc1c(F)cc(F)cc1F)c1cn2c(c(O)c1=O)C(=O)N1[C@H]3CC[C@H](C3)O[C@@H]1C2,SOLUWJRYJLAZCX-LYOVBCGYSA-N,1,EMA;FDA,2018-02-07,1,0,,,
5276,tezacaftor,CC(C)(CO)c1cc2cc(NC(=O)C3(c4ccc5c(c4)OC(F)(F)O5)CC3)c(F)cc2n1C[C@@H](O)CO,MJUVRTYWUMPBTR-MRXNPFEDSA-N,1,EMA;FDA,2018-02-12,1,1,CFTR,CFTR,
5277,elobixibat,CCCCC1(CCCC)CN(c2ccccc2)c2cc(SC)c(OCC(=O)N[C@@H](C(=O)NCC(=O)O)c3ccccc3)cc2S(=O)(=O)C1,XFLQIRAKKLNXRQ-UUWRZZSWSA-N,1,PMDA,2018-01-19,0,1,SLC10A2,SLC10A2,
5278,apalutamide,CNC(=O)c1ccc(N2C(=S)N(c3cnc(C#N)c(C(F)(F)F)c3)C(=O)C23CCC3)cc1F,HJBWBFZLDZWPHF-UHFFFAOYSA-N,1,EMA;FDA;PMDA,2018-02-14,1,1,AR,AR,
5280,fostamatinib,COc1cc(Nc2ncc(F)c(Nc3ccc4c(n3)N(COP(=O)(O)O)C(=O)C(C)(C)O4)n2)cc(OC)c1OC,GKDRMWXFWHEQQT-UHFFFAOYSA-N,1,EMA;FDA,2018-04-17,1,4,ADORA3;KDR;RET;SYK,SYK,
5283,fosnetupitant,Cc1ccccc1-c1cc(N2CC[N+](C)(COP(=O)(O)O)CC2)ncc1N(C)C(=O)C(C)(C)c1cc(C(F)(F)F)cc(C(F)(F)F)c1,HZIYEEMJNBKMJH-UHFFFAOYSA-O,1,FDA,2018-04-19,1,1,TACR1,TACR1,charged_parent
5285,avatrombopag,O=C(Nc1nc(-c2cc(Cl)cs2)c(N2CCN(C3CCCCC3)CC2)s1)c1cnc(N2CCC(C(=O)O)CC2)c(Cl)c1,OFZJKCQENFPZBH-UHFFFAOYSA-N,1,FDA,2018-05-21,1,1,MPL,MPL,
5286,moxidectin,CO/N=C1\C[C@]2(C[C@@H]3C[C@@H](C/C=C(\C)C[C@@H](C)/C=C/C=C4\CO[C@@H]5[C@H](O)C(C)=C[C@@H](C(=O)O3)[C@]45O)O2)O[C@H](/C(C)=C/C(C)C)[C@H]1C,YZBLFMPOMVTDJY-LSGXYNIPSA-N,1,FDA,2018-06-13,1,0,,,
5287,plazomicin,CN[C@@H]1[C@@H](O)[C@@H](O[C@@H]2[C@@H](O)[C@H](O[C@H]3OC(CNCCO)=CC[C@H]3N)[C@@H](N)C[C@H]2NC(=O)[C@@H](O)CCN)OC[C@]1(C)O,IYDYFVUFSPQPPV-PEXOCOHZSA-N,1,FDA,2018-06-25,1,0,,,
5288,cannabidiol,C=C(C)[C@@H]1CCC(C)=C[C@H]1c1c(O)cc(CCCCC)cc1O,QHMBSVQNZZTUGM-ZWKOTPCHSA-N,1,EMA;FDA,2018-06-25,1,6,CNR1;CNR2;GPR18;GPR55;TRPV1;TRPV2,GPR55;TRPV1,
5289,encorafenib,COC(=O)N[C@@H](C)CNc1nccc(-c2cn(C(C)C)nc2-c2cc(Cl)cc(NS(C)(=O)=O)c2F)n1,CMJCXYNUCSMDBY-ZDUSSCGKSA-N,1,FDA,2018-06-27,1,3,BRAF;MAPK14;RAF1,BRAF;RAF1,
5290,binimetinib,Cn1cnc2c(F)c(Nc3ccc(Br)cc3F)c(C(=O)NOCCO)cc21,ACWZRVQXLIRSDF-UHFFFAOYSA-N,1,EMA;FDA,2018-06-27,1,2,MAP2K1;MAP2K2,MAP2K1;MAP2K2,
5291,tecovirimat,O=C(NN1C(=O)[C@@H]2[C@@H]3C=C[C@@H]([C@H]4C[C@@H]34)[C@@H]2C1=O)c1ccc(C(F)(F)F)cc1,CSKDFZIMJXRJGH-VWLPUNTISA-N,1,FDA,2018-07-13,1,0,,,
5292,ivosidenib,N#Cc1ccnc(N2C(=O)CC[C@H]2C(=O)N(c2cncc(F)c2)[C@H](C(=O)NC2CC(F)(F)C2)c2ccccc2Cl)c1,WIJZXSAJMHAVGX-DHLKQENFSA-N,1,FDA,2018-07-20,1,1,IDH1,IDH1,
5293,elagolix,COc1cccc(-c2c(C)n(Cc3c(F)cccc3C(F)(F)F)c(=O)n(C[C@H](NCCCC(=O)O)c3ccccc3)c2=O)c1F,HEAUOKZIVMZVQL-VWLOTQADSA-N,1,FDA,2018-07-23,1,1,GNRHR,GNRHR,
5294,eravacycline dihydrochloride,CN(C)[C@@H]1C(O)=C(C(N)=O)C(=O)[C@@]2(O)C(O)=C3C(=O)c4c(O)c(NC(=O)CN5CCCC5)cc(F)c4C[C@H]3C[C@@H]12,HLFSMUUOKPBTSM-ISIOAQNYSA-N,1,EMA;FDA,2018-08-27,1,0,,,
5295,doravirine,Cn1c(Cn2ccc(C(F)(F)F)c(Oc3cc(Cl)cc(C#N)c3)c2=O)n[nH]c1=O,ZIAOVIPSKUPPQW-UHFFFAOYSA-N,1,EMA;FDA;PMDA,2018-08-30,1,0,,,
5296,duvelisib,C[C@H](Nc1ncnc2[nH]cnc12)c1cc2cccc(Cl)c2c(=O)n1-c1ccccc1,SJVQHLPISAIATJ-ZDUSSCGKSA-N,1,FDA,2018-09-24,1,4,PIK3CA;PIK3CB;PIK3CD;PIK3CG,PIK3CD;PIK3CG,
5297,dacomitinib,COc1cc2ncnc(Nc3ccc(F)c(Cl)c3)c2cc1NC(=O)/C=C/CN1CCCCC1,LVXJQMNHJWSHET-AATRIKPKSA-N,1,EMA;FDA,2018-09-27,1,6,EGFR;ERBB2;ERBB4;JAK3;LCK;SRC,EGFR;ERBB2;ERBB4,
5298,sarecycline,CON(C)Cc1ccc(O)c2c1C[C@H]1C[C@H]3[C@H](N(C)C)C(O)=C(C(N)=O)C(=O)[C@@]3(O)C(O)=C1C2=O,PQJQFLNBMSCUSH-SBAJWEJLSA-N,1,FDA,2018-10-01,1,0,,,
5299,omadacycline,CN(C)c1cc(CNCC(C)(C)C)c(O)c2c1C[C@H]1C[C@H]3[C@H](N(C)C)C(O)=C(C(N)=O)C(=O)[C@@]3(O)C(O)=C1C2=O,JEECQCWWSTZDCK-IQZGDKDPSA-N,1,FDA,2018-10-02,1,0,,,
5300,talazoparib tosylate,Cn1ncnc1[C@H]1c2n[nH]c(=O)c3cc(F)cc(c23)N[C@@H]1c1ccc(F)cc1,HWGQMRYQVZSGDQ-HZPDHXFCSA-N,1,EMA;FDA,2018-10-16,1,2,PARP1;PARP2,PARP1;PARP2,
5301,baloxavir marboxil,COC(=O)OCOc1c2n(ccc1=O)N([C@@H]1c3ccccc3SCc3c1ccc(F)c3F)[C@@H]1COCCN1C2=O,RZVPBGBYGMDSBG-GGAORHGYSA-N,1,EMA;FDA;PMDA,2018-02-23,1,0,,,
5302,lorlatinib,C[C@H]1Oc2cc(cnc2N)-c2c(nn(C)c2C#N)CN(C)C(=O)c2ccc(F)cc21,IIXWYSCJSQVBQM-LLVKDONJSA-N,1,EMA;FDA;PMDA,2018-09-21,1,12,ALK;FER;FES;FRK;LTK;NTRK1;NTRK2;NTRK3;PTK2;PTK2B;ROS1;TNK2,ALK;FER;FES;LTK;NTRK1;NTRK2;NTRK3;PTK2;PTK2B;ROS1;TNK2,
5303,revefenacin,CN(CCN1CCC(OC(=O)Nc2ccccc2-c2ccccc2)CC1)C(=O)c1ccc(CN2CCC(C(N)=O)CC2)cc1,FYDWDCIFZSGNBU-UHFFFAOYSA-N,1,FDA,2018-11-09,1,5,CHRM1;CHRM2;CHRM3;CHRM4;CHRM5,CHRM1;CHRM2;CHRM3;CHRM4;CHRM5,
5304,glasdegib,CN1CC[C@@H](NC(=O)Nc2ccc(C#N)cc2)C[C@@H]1c1nc2ccccc2[nH]1,SFNSLLSYNZWZQG-VQIMIIECSA-N,1,FDA,2018-11-21,1,1,SMO,SMO,
5305,larotrectinib,O=C(Nc1cnn2ccc(N3CCC[C@@H]3c3cc(F)ccc3F)nc12)N1CC[C@H](O)C1,NYNZQNWKBKUAII-KBXCAEBGSA-N,1,EMA;FDA,2018-11-26,1,3,NTRK1;NTRK2;NTRK3,NTRK1;NTRK2;NTRK3,
5306,gilteritinib,CCc1nc(C(N)=O)c(Nc2ccc(N3CCC(N4CCN(C)CC4)CC3)c(OC)c2)nc1NC1CCOCC1,GYQYAJJFPNQOOW-UHFFFAOYSA-N,1,EMA;FDA;PMDA,2018-09-21,1,8,ALK;AXL;FLT3;LTK;MERTK;NTRK1;RET;ROS1,FLT3,
5307,evocalcet,C[C@@H](N[C@H]1CCN(c2ccc(CC(=O)O)cc2)C1)c1cccc2ccccc12,RZNUIYPHQFXBAN-XLIONFOSSA-N,1,PMDA,2017-03-23,0,1,CASR,CASR,
5311,vibegron,O=C(Nc1ccc(C[C@@H]2CC[C@H]([C@H](O)c3ccccc3)N2)cc1)[C@@H]1CCc2nccc(=O)n21,DJXRIQMCROIRCZ-XOEOCAAJSA-N,1,FDA;PMDA,2018-09-21,1,1,ADRB3,ADRB3,
5312,omidenepag isopropyl,CC(C)OC(=O)CNc1cccc(CN(Cc2ccc(-n3cccn3)cc2)S(=O)(=O)c2cccnc2)n1,VIQCWEGEHRBLAC-UHFFFAOYSA-N,1,PMDA,2018-09-21,1,1,PTGER2,PTGER2,
5324,brexanolone,CC(=O)[C@H]1CC[C@H]2[C@@H]3CC[C@H]4C[C@H](O)CC[C@]4(C)C3CC[C@]12C,AURFZBICLPNKBZ-ZMFJCIRDSA-N,1,FDA,2019-03-19,1,8,G6PD;GABRA1;GABRA4;GABRA6;GABRB2;GABRB3;GABRD;GABRG2,,
5325,solriamfetol,NC(=O)OC[C@H](N)Cc1ccccc1,UCTRAOBQFUDCSR-SECBINFHSA-N,1,EMA;FDA,2019-03-20,1,3,SLC6A2;SLC6A3;SLC6A4,,
5326,siponimod,CCc1cc(/C(C)=N/OCc2ccc(C3CCCCC3)c(C(F)(F)F)c2)ccc1CN1CC(C(=O)O)C1,KIHYPELVXPAIDH-HNSNBQBZSA-N,1,EMA;FDA;PMDA,2019-03-26,1,5,S1PR1;S1PR2;S1PR3;S1PR4;S1PR5,S1PR1;S1PR5,
5327,erdafitinib,COc1cc(OC)cc(N(CCNC(C)C)c2ccc3ncc(-c4cnn(C)c4)nc3c2)c1,OLAHOMJCDNXHFI-UHFFFAOYSA-N,1,FDA,2019-04-12,1,5,FGFR1;FGFR2;FGFR3;FGFR4;KDR,FGFR1;FGFR2;FGFR3;FGFR4;KDR,
5328,alpelisib,Cc1nc(NC(=O)N2CCC[C@H]2C(N)=O)sc1-c1ccnc(C(C)(C)C(F)(F)F)c1,STUWGJZDJHPWGZ-LBPRGKRZSA-N,1,FDA,2019-04-24,1,4,PIK3CA;PIK3CB;PIK3CD;PIK3CG,PIK3CA,
5329,bremelanotide,CCCC[C@H](NC(C)=O)C(=O)N[C@H]1CC(=O)NCCCC[C@@H](C(=O)O)NC(=O)[C@H](Cc2c[nH]c3ccccc23)NC(=O)[C@H](CCCN=C(N)N)NC(=O)[C@@H](Cc2ccccc2)NC(=O)[C@H](Cc2cnc[nH]2)NC1=O,FFHBJDQSGDNCIV-MFVUMRCOSA-N,1,FDA,2019-06-21,1,5,MC1R;MC2R;MC3R;MC4R;MC5R,MC4R,
5330,selinexor,O=C(/C=C\n1cnc(-c2cc(C(F)(F)F)cc(C(F)(F)F)c2)n1)NNc1cnccn1,DEVSOMFAQLZNKR-RJRFIUFISA-N,1,FDA,2019-07-03,1,1,XPO1,XPO1,
5334,darolutamide,C[C@@H](Cn1ccc(-c2ccc(C#N)c(Cl)c2)n1)NC(=O)c1cc([C@@H](C)O)[nH]n1,BLIJXOOIHRSQRB-NWDGAFQWSA-N,1,EMA;FDA;PMDA,2019-07-30,1,2,AR;PGR,AR,
5339,sotagliflozin,CCOc1ccc(Cc2cc([C@@H]3O[C@H](SC)[C@@H](O)[C@H](O)[C@H]3O)ccc2Cl)cc1,QKDRXGFQVGOQKS-CRSSMBPESA-N,1,EMA,2019-04-26,1,2,SLC5A1;SLC5A2,SLC5A1;SLC5A2,
5341,quizartinib,CC(C)(C)c1cc(NC(=O)Nc2ccc(-c3cn4c(n3)sc3cc(OCCN5CCOCC5)ccc34)cc2)no1,CVWXJKQAOSCOAB-UHFFFAOYSA-N,1,PMDA,2019-06-18,1,38,ABL1;CSF1R;DDR1;DDR2;EPHA3;EPHA6;EPHA7;EPHB6;FLT1;FLT3;FLT4;FRK;HIPK4;KDR;KIT;LCK;LYN;MAP3K19;MAP3K7;MAP4K4;MAP4K5;MAPK15;MKNK2;MUSK;MYLK;MYLK3;NTRK1;NTRK2;NTRK3;PDGFRA;PDGFRB;RET;RIPK1;RIPK2;SLK;STK10;TIE1;TNIK,FLT3,
5342,relebactam,O=C(NC1CCNCC1)[C@@H]1CC[C@@H]2CN1C(=O)N2OS(=O)(=O)O,SMOBCLHAZXOKDQ-ZJUUUORDSA-N,1,FDA,2019-06-16,1,0,,,
5343,pexidartinib,FC(F)(F)c1ccc(CNc2ccc(Cc3c[nH]c4ncc(Cl)cc34)cn2)cn1,JGWRKYUXBBNENE-UHFFFAOYSA-N,1,FDA,2019-08-02,1,8,CDK19;CSF1R;FLT1;FLT3;KDR;KIT;LCK;NTRK3,CSF1R;FLT3;KIT,
5344,pretomanid,O=[N+]([O-])c1cn2c(n1)OC[C@@H](OCc1ccc(OC(F)(F)F)cc1)C2,ZLHZLMOSPGACSZ-NSHDSACASA-N,1,FDA,2019-08-14,1,0,,,
5345,entrectinib,CN1CCN(c2ccc(C(=O)Nc3n[nH]c4ccc(Cc5cc(F)cc(F)c5)cc34)c(NC3CCOCC3)c2)CC1,HAYYBYPASCDWEQ-UHFFFAOYSA-N,1,FDA;PMDA,2019-06-18,1,17,ALK;AURKA;AURKB;FLT3;IGF1R;INSR;JAK1;JAK2;JAK3;NTRK1;NTRK2;NTRK3;PTK2;PTK6;RET;ROS1;TNK2,ALK;NTRK1;NTRK2;NTRK3;ROS1,
5346,upadacitinib,CC[C@@H]1CN(C(=O)NCC(F)(F)F)C[C@@H]1c1cnc2cnc3[nH]ccc3n12,WYQFJHHDOKWSHR-MNOVXSKESA-N,1,EMA;FDA;PMDA,2019-08-16,1,4,JAK1;JAK2;JAK3;TYK2,JAK1;JAK2;JAK3,
5347,fedratinib,Cc1cnc(Nc2ccc(OCCN3CCCC3)cc2)nc1Nc1cccc(S(=O)(=O)NC(C)(C)C)c1,JOOXLOJCABQBSG-UHFFFAOYSA-N,1,EMA;FDA,2019-08-16,1,275,AAK1;ABL1;ABL2;ACVR1;ACVR1B;ACVRL1;ALK;ANKK1;AURKA;AURKB;AURKC;AXL;BLK;BMP2K;BMPR1B;BMPR2;BMX;BRAF;BRD4;BRDT;BTK;CAMK1;CAMK1D;CAMK1G;CAMK2A;CAMK2B;CAMK2D;CAMK2G;CAMKK1;CAMKK2;CASK;CDK14;CDK15;CDK16;CDK17;CDK18;CDK4;CDK7;CDK9;CDKL2;CDKL5;CHEK1;CHUK;CIT;CLK1;CLK2;CLK4;COQ8A;COQ8B;CSF1R;CSK;CSNK2A1;CSNK2A2;DAPK1;DAPK2;DAPK3;DCLK1;DCLK2;DCLK3;DDR1;DDR2;DMPK;DSTYK;DYRK1B;EGFR;EIF2AK1;EIF2AK2;EIF2AK4;EPHA1;EPHA2;EPHA3;EPHA4;EPHA6;EPHA7;EPHA8;EPHB1;EPHB2;EPHB4;EPHB6;ERBB4;ERN1;FER;FES;FGFR1;FGFR2;FGFR3;FGFR4;FGR;FLT1;FLT3;FLT4;FRK;FYN;GAK;GRK4;GRK7;HCK;HIPK1;HIPK2;HIPK3;HIPK4;ICK;IGF1R;IKBKB;IKBKE;INSR;INSRR;IRAK1;IRAK3;IRAK4;ITK;JAK1;JAK2;JAK3;KDR;KIT;LATS2;LCK;LIMK1;LIMK2;LRRK2;LTK;LYN;MAP2K1;MAP2K2;MAP2K3;MAP2K4;MAP2K5;MAP3K10;MAP3K11;MAP3K12;MAP3K13;MAP3K19;MAP3K2;MAP3K3;MAP3K4;MAP3K7;MAP3K9;MAP4K1;MAP4K2;MAP4K3;MAPK10;MAPK15;MAPK6;MAPK7;MAPK8;MAPK9;MARK1;MARK2;MARK3;MARK4;MATK;MELK;MERTK;MET;MINK1;MKNK1;MKNK2;MUSK;MYLK;MYLK2;MYLK3;MYLK4;NEK1;NEK11;NEK2;NEK3;NEK4;NEK5;NEK6;NEK7;NEK9;NIM1K;NTRK1;NTRK2;NTRK3;NUAK1;NUAK2;PAK1;PAK2;PAK4;PAK5;PAK6;PDGFRA;PDGFRB;PHKG1;PHKG2;PI4KB;PIK3CA;PIK3CG;PIP4K2B;PIP4K2C;PIP5K1A;PKN1;PLK1;PLK2;PLK3;PLK4;PRKAA1;PRKAA2;PRKCE;PRKD3;PRKG1;PRKG2;PRPF4B;PTK2;PTK2B;PTK6;RET;RIOK1;RIOK2;RIOK3;RIPK1;RIPK2;RIPK4;ROCK1;ROCK2;ROS1;RPS6KA1;RPS6KA2;RPS6KA3;RPS6KA4;RPS6KA5;RPS6KA6;RPS6KB1;SBK1;SBK3;SGK3;SIK1;SIK2;SIK3;SLK;SNRK;SRC;SRMS;SRPK1;SRPK2;SRPK3;STK10;STK11;STK16;STK17A;STK17B;STK25;STK26;STK33;STK36;STK38;STK39;SYK;TAOK1;TAOK2;TAOK3;TBK1;TEK;TESK1;TGFBR2;TIE1;TLK1;TLK2;TNK1;TNK2;TNNI3K;TSSK1B;TTK;TXK;TYK2;ULK1;ULK2;ULK3;WEE1;WEE2;YES1;ZAK;ZAP70,FLT3;JAK2,
5348,lefamulin,C=C[C@]1(C)C[C@@H](OC(=O)CS[C@@H]2CC[C@@H](N)C[C@H]2O)[C@]2(C)[C@H](C)CC[C@]3(CCC(=O)[C@H]32)[C@@H](C)[C@@H]1O,KPVIXBKIJXZQJX-FCEONZPQSA-N,1,FDA,2019-08-19,1,0,,,
5349,tenapanor,CN1Cc2c(Cl)cc(Cl)cc2[C@H](c2cccc(S(=O)(=O)NCCOCCOCCNC(=O)NCCCCNC(=O)NCCOCCOCCNS(=O)(=O)c3cccc([C@@H]4CN(C)Cc5c(Cl)cc(Cl)cc54)c3)c2)C1,DNHPDWGIXIMXSA-CXNSMIOJSA-N,1,FDA,2019-09-12,1,1,SLC9A3,SLC9A3,
5350,trifarotene,CC(C)(C)c1cc(-c2cc(-c3ccc(C(=O)O)cc3)ccc2OCCO)ccc1N1CCCC1,MFBCDACCJCDGBA-UHFFFAOYSA-N,1,FDA,2019-10-04,1,3,RARA;RARB;RARG,RARG,
5351,lasmiditan,CN1CCC(C(=O)c2cccc(NC(=O)c3c(F)cc(F)cc3F)n2)CC1,XEDHVZKDSYZQBF-UHFFFAOYSA-N,1,FDA,2019-11-10,1,1,HTR1F,HTR1F,
5352,cefiderocol,CC(C)(O/N=C(\C(=O)N[C@@H]1C(=O)N2C(C(=O)[O-])=C(C[N+]3(CCNC(=O)c4ccc(O)c(O)c4Cl)CCCC3)CS[C@H]12)c1csc(N)n1)C(=O)O,DBPPRLRVDVJOCL-FQRUVTKNSA-N,1,EMA;FDA,2019-11-14,1,0,,,
5353,zanubrutinib,C=CC(=O)N1CCC([C@@H]2CCNc3c(C(N)=O)c(-c4ccc(Oc5ccccc5)cc4)nn32)CC1,RNOAOAWBMHREKO-QFIPXVFZSA-N,1,FDA,2019-11-14,1,1,BTK,BTK,
5355,cenobamate,NC(=O)O[C@@H](Cn1ncnn1)c1ccccc1Cl,GFHAXPJGXSQLPT-VIFPVBQESA-N,1,EMA;FDA,2019-11-21,1,2,GABRA4;GABRA6,,
5356,voxelotor,CC(C)n1nccc1-c1ncccc1COc1cccc(O)c1C=O,FWCVZAQENIZVMY-UHFFFAOYSA-N,1,FDA,2019-11-25,1,4,CYP2C8;CYP2C9;CYP3A4;HBA1,HBA1,
5358,lumateperone,CN1CCN2c3c(cccc31)[C@@H]1CN(CCCC(=O)c3ccc(F)cc3)CC[C@@H]12,HOIIHACBCFLJET-SFTDATJTSA-N,1,FDA,2019-12-20,1,9,ADRA1A;ADRA1B;DRD1;DRD2;DRD4;HTR1A;HTR2A;HTR2C;SLC6A4,DRD2;HTR2A,
5359,brilliant Blue G,CCOc1ccc(Nc2ccc(/C(=C3C=C/C(=[N+](/CC)Cc4cccc(S(=O)(=O)[O-])c4)C=C/3C)c3ccc(N(CC)Cc4cccc(S(=O)(=O)O)c4)cc3C)cc2)cc1,YVNQAIFQFWTPLQ-UHFFFAOYSA-N,1,FDA,2019-12-20,1,2,P2RX7;SNCA,,
5360,lemborexant,Cc1ncc(OC[C@@]2(c3cccc(F)c3)C[C@H]2C(=O)Nc2ccc(F)cn2)c(C)n1,MUGXRYIUWFITCP-PGRDOPGGSA-N,1,FDA;PMDA,2019-12-20,1,3,HCRTR1;HCRTR2;KCNH2,HCRTR1;HCRTR2,
5361,ubrogepant,C[C@@H]1[C@H](c2ccccc2)C[C@H](NC(=O)c2cnc3c(c2)C[C@@]2(C3)C(=O)Nc3ncccc32)C(=O)N1CC(F)(F)F,DDOOFTLHJSMHLN-ZQHRPCGSSA-N,1,FDA,2019-12-23,1,1,CALCRL,CALCRL,
5370,lascufloxacin,COc1c(N2C[C@H](CNC3CC3)[C@H](F)C2)c(F)cc2c(=O)c(C(=O)O)cn(CCF)c12,ZFIOCUITTUUVPV-MEDUHNTESA-N,1,PMDA,2019-08-22,0,0,,,
5371,roxadustat,Cc1nc(C(=O)NCC(=O)O)c(O)c2ccc(Oc3ccccc3)cc12,YOZBGTLTNGAVFU-UHFFFAOYSA-N,1,PMDA,2019-09-20,1,4,EGLN1;EGLN2;EGLN3;FTO,EGLN1;EGLN2;EGLN3,
5372,elexacaftor,Cc1nn(C)cc1S(=O)(=O)NC(=O)c1ccc(-n2ccc(OCC(C)(C)C(F)(F)F)n2)nc1N1C[C@@H](C)CC1(C)C,MVRHVFSOIWFBTE-INIZCTEOSA-N,1,EMA;FDA,2019-10-10,1,1,CFTR,CFTR,
5375,cepharanthine,COc1ccc2cc1Oc1ccc(cc1)C[C@H]1c3c(cc4c(c3Oc3cc5c(cc3OC)CCN(C)[C@@H]5C2)OCO4)CCN1C,YVPXVXANRNDGTA-WDYNHAJCSA-N,1,PMDA,1951-01-01,0,2,NFKB1;PRKAA1,NFKB1;PRKAA1,
5376,remdesivir,CCC(CC)COC(=O)[C@H](C)N[P@](=O)(OC[C@H]1O[C@@](C#N)(c2ccc3c(N)ncnn23)[C@H](O)[C@@H]1O)Oc1ccccc1,RWWYLEGWBNMMLJ-YSOARWBDSA-N,1,EMA;FDA;PMDA,2020-03-07,1,0,,,
5377,EIDD-1931,CC(C)C(=O)OC[C@H]1O[C@@H](n2ccc(NO)nc2=O)[C@H](O)[C@@H]1O,HTNPEHXGEKVIHG-QCNRFFRDSA-N,0,,,0,0,,,
5378,mefuparib,CNCc1ccc(-c2cc3cc(F)cc(C(N)=O)c3o2)cc1,ROBJKLPZIPNAMV-UHFFFAOYSA-N,0,,,0,2,PARP1;PARP2,,
5379,avapritinib,Cn1cc(-c2cc3c(N4CCN(c5ncc([C@@](C)(N)c6ccc(F)cc6)cn5)CC4)ncnn3c2)cn1,DWYRIWUZIJHQKQ-SANMLTNESA-N,1,EMA;FDA,2020-01-09,1,2,KIT;PDGFRA,KIT;PDGFRA,
5380,tazemetostat,CCN(c1cc(-c2ccc(CN3CCOCC3)cc2)cc(C(=O)NCc2c(C)cc(C)[nH]c2=O)c1C)C1CCOCC1,NSQSAUGJQHDYNO-UHFFFAOYSA-N,1,FDA,2020-01-23,1,3,EED;EZH1;EZH2,EZH2,
5381,rimegepant,N[C@@H]1c2cccnc2[C@H](OC(=O)N2CCC(n3c(=O)[nH]c4ncccc43)CC2)CC[C@H]1c1cccc(F)c1F,KRNAOFGYEFKHPB-ANJVHQHFSA-N,1,FDA,2020-02-27,1,1,CALCRL,CALCRL,
5382,bempedoic acid,CC(C)(CCCCCC(O)CCCCCC(C)(C)C(=O)O)C(=O)O,HYHMLYSLQUKXKP-UHFFFAOYSA-N,1,EMA;FDA,2020-02-21,1,1,ACLY,ACLY,
5383,ozanimod,CC(C)Oc1ccc(-c2nc(-c3cccc4c3CC[C@@H]4NCCO)no2)cc1C#N,XRVDGNKRPOAQTN-FQEVSTJZSA-N,1,EMA;FDA,2020-03-25,1,5,S1PR1;S1PR2;S1PR3;S1PR4;S1PR5,S1PR1;S1PR5,
5384,osilodrostat,N#Cc1ccc([C@H]2CCc3cncn32)c(F)c1,USUZGMWDZDXMDG-CYBMUJFWSA-N,1,EMA;FDA,2020-01-09,1,3,CYP11B1;CYP11B2;CYP19A1,CYP11B1,
5388,selumetinib,Cn1cnc2c(F)c(Nc3ccc(Br)cc3Cl)c(C(=O)NOCCO)cc21,CYOHGALHFOKKQC-UHFFFAOYSA-N,1,FDA,2020-04-10,1,3,EGFR;MAP2K1;MAP2K2,MAP2K1;MAP2K2,
5389,tucatinib,Cc1cc(Nc2ncnc3ccc(NC4=NC(C)(C)CO4)cc23)ccc1Oc1ccn2ncnc2c1,SDEAXTCZPQIFQM-UHFFFAOYSA-N,1,EMA;FDA,2020-04-17,1,4,EGFR;ERBB2;ERBB3;ERBB4,ERBB2;ERBB3,
5390,pemigatinib,CCN1C(=O)N(c2c(F)c(OC)cc(OC)c2F)Cc2cnc3[nH]c(CN4CCOCC4)cc3c21,HCDMJFOHIXMBOV-UHFFFAOYSA-N,1,EMA;FDA,2020-04-17,1,4,FGFR1;FGFR2;FGFR3;FGFR4,FGFR1;FGFR2;FGFR3,
5392,capmatinib,CNC(=O)c1ccc(-c2cnc3ncc(Cc4ccc5ncccc5c4)n3n2)cc1F,LIOLIMKSCNQPLV-UHFFFAOYSA-N,1,FDA;PMDA,2020-05-06,1,1,MET,MET,
5393,selpercatinib,COc1ccc(CN2C3CC2CN(c2ccc(-c4cc(OCC(C)(C)O)cn5ncc(C#N)c45)cn2)C3)cn1,XIIOFHFUYBLOLW-UHFFFAOYSA-N,1,EMA;FDA,2020-05-08,1,2,AURKB;RET,RET,
5394,ripretinib,CCn1c(=O)c(-c2cc(NC(=O)Nc3ccccc3)c(F)cc2Br)cc2cnc(NC)cc21,CEFJVGZHQAGLHS-UHFFFAOYSA-N,1,FDA,2020-05-15,1,6,CSF1R;KDR;KIT;PDGFRA;PDGFRB;TEK,KIT;PDGFRA,
5395,fluoroestradiol F 18,C[C@]12CC[C@@H]3c4ccc(O)cc4CC[C@H]3[C@@H]1C[C@@H]([18F])[C@@H]2O,KDLLNMRYZGUVMA-ZYMZXAKXSA-N,1,FDA,2020-05-20,1,1,ESR1,ESR1,
5396,flortaucipir F 18,[18F]c1ccc(-c2ccc3c(c2)[nH]c2ccncc23)cn1,GETAAWDSFUCLBS-SJPDSGJFSA-N,1,FDA,2020-05-28,1,1,MAPT,MAPT,
5398,lurbinectedin,COc1ccc2[nH]c3c(c2c1)CCN[C@]31CS[C@@H]2c3c(OC(C)=O)c(C)c4c(c3[C@H](COC1=O)N1[C@@H]2[C@H]2c3c(cc(C)c(OC)c3O)C[C@@H]([C@@H]1O)N2C)OCO4,YDDMIZRDDREKEP-HWTBNCOESA-N,1,FDA,2020-06-15,1,0,,,
5399,triheptanoin,CCCCCCC(=O)OCC(COC(=O)CCCCCC)OC(=O)CCCCCC,PJHKBYALYHRYSK-UHFFFAOYSA-N,1,FDA,2020-06-30,1,0,,,
5400,remimazolam,COC(=O)CC[C@@H]1N=C(c2ccccn2)c2cc(Br)ccc2-n2c(C)cnc21,CYHWMBVXXDIZNZ-KRWDZBQOSA-N,1,EMA;FDA;PMDA,2020-01-23,1,7,GABRA1;GABRA2;GABRA3;GABRA5;GABRG1;GABRG2;GABRG3,GABRA1;GABRA2;GABRA3;GABRA5;GABRG1;GABRG2;GABRG3,
5401,fostemsavir,COc1cnc(-n2cnc(C)n2)c2c1c(C(=O)C(=O)N1CCN(C(=O)c3ccccc3)CC1)cn2COP(=O)(O)O,SWMDAPWAQQTBOG-UHFFFAOYSA-N,1,EMA;FDA,2020-07-02,1,0,,,
5402,inqovi,O=C1N[C@H](O)CCN1[C@@H]1O[C@H](CO)[C@@H](O)C1(F)F,VUDZSIYXZUYWSC-DBRKOABJSA-N,1,FDA,2020-07-07,1,1,CDA,CDA,
5403,abametapir,Cc1ccc(-c2ccc(C)cn2)nc1,PTRATZCAGVBFIQ-UHFFFAOYSA-N,1,FDA,2020-07-24,1,3,CCR1;CCR5;CCR8,,
5406,oliceridine,COc1ccsc1CNCC[C@@]1(c2ccccn2)CCOC2(CCCC2)C1,DMNOVGJWPASQDL-OAQYLSRUSA-N,1,FDA,2020-08-07,1,5,CACNA1C;KCNH2;OPRL1;OPRM1;SCN5A,OPRM1,
5407,risdiplam,Cc1cn2nc(-c3cc(=O)n4cc(N5CCNC6(CC6)C5)ccc4n3)cc(C)c2n1,ASKZRYGFUPSJPN-UHFFFAOYSA-N,1,EMA;FDA,2020-08-07,1,0,,,
5410,clascoterone,CCC(=O)O[C@]1(C(=O)CO)CC[C@H]2[C@@H]3CCC4=CC(=O)CC[C@]4(C)[C@H]3CC[C@@]21C,GPNHMOZDMYNCPO-PDUMRIMRSA-N,1,FDA,2020-08-26,1,1,AR,,
5411,copper dotatate Cu-64,C[C@@H](O)[C@H](NC(=O)[C@@H]1CSSC[C@H](NC(=O)[C@@H](Cc2ccccc2)NC(=O)CN2CCN(CC(=O)O)CCN(CC(=O)O)CCN(CC(=O)O)CC2)C(=O)N[C@@H](Cc2ccc(O)cc2)C(=O)N[C@H](Cc2c[nH]c3ccccc23)C(=O)N[C@@H](CCCCN)C(=O)N[C@@H]([C@@H](C)O)C(=O)N1)C(=O)O,QVFLVLMYXXNJDT-CSBVGUNJSA-N,1,FDA,2020-09-03,0,1,SSTR2,SSTR2,multi_fragment
5412,pralsetinib,COC1(C(=O)N[C@@H](C)c2ccc(-n3cc(F)cn3)nc2)CCC(c2nc(C)cc(Nc3cc(C)[nH]n3)n2)CC1,GBLBJPZSROAGMF-SIYOEGHHSA-N,1,FDA,2020-09-04,1,10,DDR1;FGFR1;FLT3;JAK1;JAK2;KDR;NTRK1;NTRK3;PDGFRB;RET,RET,
5414,lonafarnib,NC(=O)N1CCC(CC(=O)N2CCC([C@H]3c4ncc(Br)cc4CCc4cc(Cl)cc(Br)c43)CC2)CC1,DHMTURDWPRKSOA-RUZDIDTESA-N,1,FDA,2020-11-20,1,5,FNTA;FNTB;HRAS;KRAS;NRAS,FNTA;FNTB,
5416,setmelanotide,CC(=O)N[C@@H](CCCN=C(N)N)C(=O)N[C@H]1CSSC[C@@H](C(N)=O)NC(=O)[C@H](Cc2c[nH]c3ccccc23)NC(=O)[C@H](CCCN=C(N)N)NC(=O)[C@@H](Cc2ccccc2)NC(=O)[C@H](Cc2cnc[nH]2)NC(=O)[C@@H](C)NC1=O,HDHDTKMUACZDAA-PHNIDTBTSA-N,1,EMA;FDA,2018-11-19,1,4,MC1R;MC3R;MC4R;MC5R,MC4R,
5419,filgotinib,O=C(Nc1nc2cccc(-c3ccc(CN4CCS(=O)(=O)CC4)cc3)n2n1)C1CC1,RIJLVEAXPNLDTC-UHFFFAOYSA-N,1,EMA;PMDA,2020-09-24,1,8,CSF1R;FLT3;FLT4;JAK1;JAK2;JAK3;KCNH2;TYK2,JAK1,
5420,vadadustat,O=C(O)CNC(=O)c1ncc(-c2cccc(Cl)c2)cc1O,JGRXMPYUTJLTKT-UHFFFAOYSA-N,1,PMDA,2020-06-29,1,6,EGLN1;EGLN2;EGLN3;HIF1AN;OGFOD1;VEGFA,EGLN1;EGLN2;EGLN3,
5421,daprodustat,O=C(O)CNC(=O)C1C(=O)N(C2CCCCC2)C(=O)N(C2CCCCC2)C1=O,RUEYEZADQJCKGV-UHFFFAOYSA-N,1,PMDA,2020-06-29,1,3,EGLN1;EGLN2;EGLN3,EGLN1;EGLN2;EGLN3,
5422,borofalan (10B),NC(Cc1ccc(B(O)O)cc1)C(=O)O,NFIVJOSXJDORSP-UHFFFAOYSA-N,1,PMDA,2020-03-25,0,0,,,
5423,tirabrutinib hydrochloride,CC#CC(=O)N1CC[C@@H](n2c(=O)n(-c3ccc(Oc4ccccc4)cc3)c3c(N)ncnc32)C1,SEJLPXCPMNSRAM-GOSISDBHSA-N,1,PMDA,2020-03-25,1,8,BLK;BMX;BTK;ERBB2;ERBB4;LCK;TEC;TXK,BTK,
5424,tepotinib,CN1CCC(COc2cnc(-c3cccc(Cn4nc(-c5cccc(C#N)c5)ccc4=O)c3)nc2)CC1,AHYMHWXQRWRBKT-UHFFFAOYSA-N,1,FDA;PMDA,2020-03-25,1,2,IRAK4;MET,MET,
5425,dotinurad,O=C(c1cc(Cl)c(O)c(Cl)c1)N1CS(=O)(=O)c2ccccc21,VOFLAIHEELWYGO-UHFFFAOYSA-N,1,PMDA,2020-01-23,0,5,ABCG2;CYP2C9;SLC22A12;SLC22A6;SLC22A8,SLC22A12,
5426,delgocitinib,C[C@H]1CN(C(=O)CC#N)[C@]12CCN(c1ncnc3[nH]ccc13)C2,LOWWYYZBZNSPDT-ZBEGNZNMSA-N,1,PMDA,2020-01-23,0,5,JAK1;JAK2;JAK3;ROCK2;TYK2,JAK1;JAK2;JAK3;TYK2,
5427,enarodustat,O=C(O)CNC(=O)C1=C2N=CNN2C(CCc2ccccc2)C=C1O,DQTXKMATEZTTTQ-UHFFFAOYSA-N,1,PMDA,2020-09-25,0,3,EGLN1;EGLN2;EGLN3,EGLN1;EGLN2;EGLN3,
5428,sofpironium bromide,CCOC(=O)C[N+]1(C)CC[C@@H](OC(=O)[C@](O)(c2ccccc2)C2CCCC2)C1,SEVCTUCCZYBJER-BSJAROSPSA-N,1,PMDA,2020-09-25,1,1,CHRM3,CHRM3,charged_parent
5429,gallium (68Ga) gozetotide,O=C(O)CCc1ccc(O)c(CN(CCN(CC(=O)O)Cc2cc(CCC(=O)NCCCCCC(=O)NCCCC[C@H](NC(=O)N[C@@H](CCC(=O)O)C(=O)O)C(=O)O)ccc2O)CC(=O)O)c1,QJUIUFGOTBRHKP-LQJZCPKCSA-N,1,FDA,2020-12-01,1,1,KLK3,KLK3,multi_fragment
5430,berotralstat,N#Cc1cccc([C@@H](NCC2CC2)c2ccc(F)c(NC(=O)c3cc(C(F)(F)F)nn3-c3cccc(CN)c3)c2)c1,UXNXMBYCBRBRFD-MUUNZHRXSA-N,1,FDA,2020-12-03,1,1,KLKB1,KLKB1,
5431,tirbanibulin,O=C(Cc1ccc(-c2ccc(OCCN3CCOCC3)cc2)cn1)NCc1ccccc1,HUNGUWOZPQBXGX-UHFFFAOYSA-N,1,FDA,2020-12-14,1,2,LYN;SRC,,
5432,relugolix,CONC(=O)Nc1ccc(-c2sc3c(c2CN(C)C)c(=O)n(-c2ccc(OC)nn2)c(=O)n3Cc2c(F)cccc2F)cc1,AOMXMOCNKJTRQP-UHFFFAOYSA-N,1,FDA;PMDA,2019-08-01,1,1,GNRHR,GNRHR,
5439,vericiguat,COC(=O)Nc1c(N)nc(-c2nn(Cc3ccccc3F)c3ncc(F)cc23)nc1N,QZFHIXARHDBPBY-UHFFFAOYSA-N,1,FDA,2021-01-19,1,1,GUCY1B3,GUCY1B3,
5440,cabotegravir,C[C@H]1CO[C@@H]2Cn3cc(C(=O)NCc4ccc(F)cc4F)c(=O)c(O)c3C(=O)N12,WCWSTNLSLKSJPK-LKFCYVNXSA-N,1,FDA,2021-01-21,1,0,,,
5441,umbralisib,CC(C)Oc1ccc(-c2nn([C@@H](C)c3oc4ccc(F)cc4c(=O)c3-c3cccc(F)c3)c3ncnc(N)c23)cc1F,IUVCFHHAEHNCFT-INIZCTEOSA-N,1,FDA,2021-02-05,1,5,CSNK1E;PIK3CA;PIK3CB;PIK3CD;PIK3CG,CSNK1E;PIK3CD,
5442,trilaciclib,CN1CCN(c2ccc(Nc3ncc4cc5n(c4n3)C3(CCCCC3)CNC5=O)nc2)CC1,PDGKHKMBHVFCMG-UHFFFAOYSA-N,1,FDA,2021-02-12,1,10,CDK1;CDK2;CDK4;CDK5;CDK6;CDK7;CDK9;FLT3;NEK10;NUAK2,CDK4;CDK6,
5444,fosdenopterin,Nc1nc2c(c(=O)[nH]1)N[C@@H]1[C@H](N2)O[C@@H]2COP(=O)(O)O[C@@H]2C1(O)O,CZAKJJUNKNPTTO-AJFJRRQVSA-N,1,FDA,2021-02-26,1,1,MOCS1,MOCS1,
5445,melphalan flufenamide,CCOC(=O)[C@H](Cc1ccc(F)cc1)NC(=O)[C@@H](N)Cc1ccc(N(CCCl)CCCl)cc1,YQZNKYXGZSVEHI-VXKWHMMOSA-N,1,FDA,2021-02-26,1,0,,,
5446,ponesimod,CCCN=C1S/C(=C\c2ccc(OC[C@H](O)CO)c(Cl)c2)C(=O)N1c1ccccc1C,LPAUOXUZGSBGDU-ULCCENQXSA-N,1,FDA,2021-03-18,1,4,S1PR1;S1PR3;S1PR4;S1PR5,S1PR1,
5447,dasiglucagon,CC(C)C[C@H](NC(=O)[C@H](Cc1c[nH]c2ccccc12)NC(=O)[C@H](CCCCN)NC(=O)[C@@H](NC(=O)[C@H](Cc1ccccc1)NC(=O)[C@H](CCC(=O)O)NC(=O)[C@H](CCC(=O)O)NC(=O)[C@H](C)NC(=O)[C@H](CCCNC(=N)N)NC(=O)[C@H](C)NC(=O)C(C)(C)NC(=O)[C@H](CC(=O)O)NC(=O)[C@H](CC(C)C)NC(=O)[C@H](Cc1ccc(O)cc1)NC(=O)[C@H](CCCCN)NC(=O)[C@H](CO)NC(=O)[C@H](Cc1ccc(O)cc1)NC(=O)[C@H](CC(=O)O)NC(=O)[C@H](CO)NC(=O)[C@@H](NC(=O)[C@H](Cc1ccccc1)NC(=O)[C@@H](NC(=O)CNC(=O)[C@H](CCC(N)=O)NC(=O)[C@H](CO)NC(=O)[C@@H](N)Cc1c[nH]cn1)[C@@H](C)O)[C@@H](C)O)C(C)C)C(=O)N[C@@H](CCC(=O)O)C(=O)N[C@@H](CO)C(=O)N[C@H](C(=O)O)[C@@H](C)O,RZRMFQMNPDPAIX-AJTOSFMRSA-N,1,FDA,2021-03-22,0,1,GCGR,GCGR,
5448,serdexmethylphenidate,COC(=O)[C@H](c1ccccc1)[C@H]1CCCCN1C(=O)OC[n+]1cccc(C(=O)N[C@@H](CO)C(=O)[O-])c1,UBZPNQRBUOBBLN-PWRODBHTSA-N,1,FDA,2021-03-02,1,0,,,
5450,estetrol,C[C@]12CC[C@@H]3c4ccc(O)cc4CC[C@H]3[C@@H]1[C@@H](O)[C@@H](O)[C@@H]2O,AJIPIJNNOJSSQC-NYLIRDPKSA-N,1,FDA,2021-04-15,1,2,ESR1;ESR2,ESR1;ESR2,
5458,piflufolastat F-18,O=C(O)CC[C@H](NC(=O)N[C@@H](CCCCNC(=O)c1ccc([18F])nc1)C(=O)O)C(=O)O,OLWVRJUNLXQDSP-MVBOSPHXSA-N,1,FDA,2021-05-26,1,1,FOLH1,FOLH1,
5459,infigratinib,CCN1CCN(c2ccc(Nc3cc(N(C)C(=O)Nc4c(Cl)c(OC)cc(OC)c4Cl)ncn3)cc2)CC1,QADPYRIHXKWUSV-UHFFFAOYSA-N,1,FDA,2019-06-28,1,31,ABL1;ALK;BMX;BRAF;EPHB1;FGFR1;FGFR2;FGFR3;FGFR4;FLT1;FLT3;FLT4;FYN;INSR;JAK2;KDR;KIT;LCK;LYN;MET;MST1R;NTRK2;PDGFRA;RET;ROS1;SMO;SRC;SYK;TEK;TYK2;YES1,FGFR1,
5460,samidorphan,NC(=O)c1ccc2c(c1O)C13CCN(CC4CC4)C(C2)C1(O)CCC(=O)C3,RYIDHLJADOKWFM-UHFFFAOYSA-N,1,FDA,2021-05-28,1,3,OPRD1;OPRK1;OPRM1,,
5461,sotorasib,CC(C)[C@@H](C)[C@@]1(C)CC[C@]2(C)[C@H]3CC[C@@H]4[C@@]5(COC[C@@]4(C)[C@@H](OC[C@](C)(N)C(C)(C)C)[C@H](n4ncnc4-c4ccncc4)C5)C3=CC[C@@]2(C)[C@@H]1C(=O)O,BODYFEUFKHPRCK-ZCZMVWJSSA-N,1,FDA,2021-05-28,1,1,KRAS,KRAS,dup_parent_inchikey
5462,ibrexafungerp,CC(C)[C@@H](C)[C@@]1(C)CC[C@]2(C)[C@H]3CC[C@@H]4[C@@]5(COC[C@@]4(C)[C@@H](OC[C@](C)(N)C(C)(C)C)[C@H](n4ncnc4-c4ccncc4)C5)C3=CC[C@@]2(C)[C@@H]1C(=O)O,BODYFEUFKHPRCK-ZCZMVWJSSA-N,1,FDA,2021-06-01,1,0,,,dup_parent_inchikey
