struct_id,name,smiles,targets,moa_targets
4,levobupivacaine,CCCCN1CCCC[C@H]1C(=O)NC1=C(C)C=CC=C1C,CYP2D6;HTR3A;KCNA5;KCND3;KCNH2;PTGER1;SCN1A;SCN4A,SCN4A
5,(S)-nicardipine,COC(=O)C1=C(C)NC(C)=C([C@H]1C1=CC(=CC=C1)[N+]([O-])=O)C(=O)OCCN(C)CC1=CC=CC=C1,CACNA1C;CACNA1D,CACNA1C;CACNA1D
6,(S)-nitrendipine,CCOC(=O)C1=C(C)NC(C)=C([C@@H]1C1=CC(=CC=C1)[N+]([O-])=O)C(=O)OC,CACNA1C;CACNA1D;CACNA1F;KCNN4,CACNA1C;CACNA1D
13,levdobutamine,C[C@@H](CCC1=CC=C(O)C=C1)NCCC1=CC=C(O)C(O)=C1,ADRB1,ADRB1
21,aminopterin,NC1=NC2=NC=C(CNC3=CC=C(C=C3)C(=O)N[C@@H](CCC(O)=O)C(O)=O)N=C2C(N)=N1,DHFR,DHFR
24,phenylbutanoic acid,OC(=O)CCCC1=CC=CC=C1,AKR1B1;HDAC1;HDAC2;HDAC8,
25,azacitidine,NC1=NC(=O)N(C=N1)[C@@H]1O[C@H](CO)[C@@H](O)[C@H]1O,DNMT1;DNMT3A,DNMT1;DNMT3A
26,fluorouracil,FC1=CNC(=O)NC1=O,ABCC11;ABCC5;TYMS,TYMS
30,methoxsalen,COC1=C2OC=CC2=CC2=C1OC(=O)C=C2,ACHE;CYP1A2;MAOA,
35,abarelix,CC(C)C[C@H](NC(=O)[C@@H](CC(N)=O)NC(=O)[C@H](CC1=CC=C(O)C=C1)N(C)C(=O)[C@H](CO)NC(=O)[C@@H](CC1=CN=CC=C1)NC(=O)[C@@H](CC1=CC=C(Cl)C=C1)NC(=O)[C@@H](CC1=CC=C2C=CC=CC2=C1)NC(C)=O)C(=O)N[C@@H](CCCCNC(C)C)C(=O)N1CCC[C@H]1C(=O)N[C@H](C)C(N)=O,GNRHR,GNRHR
38,acamprosate,CC(=O)NCCCS(O)(=O)=O,GABRA1;GABRB3;GABRG2;GRIN1;GRIN2A;GRIN2B;GRIN2C;GRIN2D;GRIN3A;GRIN3B,GABRA1;GABRB3;GABRG2;GRIN1;GRIN2A;GRIN2B;GRIN2C;GRIN2D;GRIN3A;GRIN3B
39,acarbose,C[C@H]1O[C@H](O[C@@H]2[C@@H](CO)O[C@H](O[C@@H]3[C@@H](CO)OC(O)[C@H](O)[C@H]3O)[C@H](O)[C@H]2O)[C@H](O)[C@@H](O)[C@@H]1N[C@H]1C=C(CO)[C@@H](O)[C@H](O)[C@H]1O,AMY1A;AMY2A;GAA;MGAM;SI,AMY2A;MGAM
40,acebutolol,CCCC(=O)NC1=CC(C(C)=O)=C(OCC(O)CNC(C)C)C=C1,ADRB1;ADRB2,ADRB1
43,aceclofenac,OC(=O)COC(=O)CC1=C(NC2=C(Cl)C=CC=C2Cl)C=CC=C1,MAPK1;PTGS2;TTR,PTGS2
47,acemetacin,COC1=CC2=C(C=C1)N(C(=O)C1=CC=C(Cl)C=C1)C(C)=C2CC(=O)OCC(O)=O,GLO1;PTGS1;PTGS2,PTGS1;PTGS2
48,acenocoumarol,CC(=O)CC(C1=CC=C(C=C1)[N+]([O-])=O)C1=C(O)C2=C(OC1=O)C=CC=C2,VKORC1,VKORC1
49,acefylline,CN1C2=C(N(CC(O)=O)C=N2)C(=O)N(C)C1=O,ADORA2B,
50,aceprometazine,CC(CN1C2=CC=CC=C2SC2=C1C=C(C=C2)C(C)=O)N(C)C,HRH1,HRH1
52,paracetamol,CC(=O)NC1=CC=C(O)C=C1,ALOX5AP;CA1;CA12;CA14;CA2;CA3;CA4;CA7;CA9;CNR1;MB;NR1I3;PTGS2;TRPV1,CNR1;PTGS2;TRPV1
54,acetanilide,CC(=O)NC1=CC=CC=C1,NAPRT,
56,acetazolamide,CC(=O)NC1=NN=C(S1)S(N)(=O)=O,AQP1;CA1;CA11;CA12;CA13;CA14;CA2;CA3;CA4;CA5A;CA5B;CA6;CA7;CA9,CA1;CA12;CA2;CA4
57,acetohexamide,CC(=O)C1=CC=C(C=C1)S(=O)(=O)NC(=O)NC1CCCCC1,ABCC8;KCNJ11,ABCC8;KCNJ11
58,acetohydroxamic acid,CC(=O)NO,CA2,
59,acetophenazine,CC(=O)C1=CC=C2SC3=CC=CC=C3N(CCCN3CCN(CCO)CC3)C2=C1,DRD2,DRD2
60,racecadotril,CC(=O)SCC(CC1=CC=CC=C1)C(=O)NCC(=O)OCC1=CC=CC=C1,ACE;ECE1;MME,MME
62,acetoxolone,CC(=O)O[C@H]1CC[C@@]2(C)[C@@H](CC[C@]3(C)[C@@H]2C(=O)C=C2[C@@H]4C[C@](C)(CC[C@]4(C)CC[C@@]32C)C(O)=O)C1(C)C,CES1;CES2;HSD11B1;HSD11B2;HSD17B1;HSD17B2,
65,acetylcholine,CC(=O)OCC[N+](C)(C)C,CHRM1;CHRM2;CHRM3;CHRM4;CHRM5;CHRNA4;CHRNA7;CHRNB2,CHRM3
66,acetylcysteine,CC(=O)N[C@@H](CS)C(O)=O,CYCS;GSS;SLC7A11;SOD2;VEGFA,
67,acetyldigitoxin,C[C@H]1O[C@H](C[C@H](OC(C)=O)[C@@H]1O)O[C@H]1[C@@H](O)C[C@H](O[C@H]2[C@@H](O)C[C@H](O[C@H]3CC[C@@]4(C)[C@H](CC[C@@H]5[C@@H]4CC[C@]4(C)[C@H](CC[C@]54O)C4=CC(=O)OC4)C3)O[C@@H]2C)O[C@@H]1C,ATP1A1;ATP1A2;ATP1A3;ATP1A4;ATP1B1;ATP1B2;ATP1B3;FXYD2,ATP1A1;ATP1A2;ATP1A3;ATP1A4;ATP1B1;ATP1B2;ATP1B3;FXYD2
73,acepromazine,CN(C)CCCN1C2=CC=CC=C2SC2=CC=C(C=C12)C(C)=O,DRD1;DRD2;PRNP,DRD1;DRD2
74,acetylsalicylic acid,CC(=O)OC1=CC=CC=C1C(O)=O,ASIC3;GGT1;NAPRT;PTGS1;PTGS2,PTGS1;PTGS2
76,acipimox,CC1=CN=C(C=[N+]1[O-])C(O)=O,HCAR2,HCAR2
78,acitretin,COC1=C(C)C(C)=C(\C=C\C(\C)=C\C=C\C(\C)=C\C(O)=O)C(C)=C1,ABCB11;RARA;RARG,RARA;RARG
80,aclarubicin,CC[C@@]1(O)C[C@H](O[C@H]2C[C@@H]([C@H](O[C@H]3C[C@H](O)[C@H](O[C@H]4CCC(=O)[C@H](C)O4)[C@H](C)O3)[C@H](C)O2)N(C)C)C2=C(O)C3=C(C=C2[C@H]1C(=O)OC)C(=O)C1=CC=CC(O)=C1C3=O,HTR2B;MMP2;TOP1;TOP2A;TOP2B,TOP1;TOP2A;TOP2B
81,aclatonium,CC(OC(C)=O)C(=O)OCC[N+](C)(C)C,CHRM1;CHRM2;CHRM3;CHRM4;CHRM5,CHRM1;CHRM2;CHRM3;CHRM4;CHRM5
82,acrivastine,CC1=CC=C(C=C1)C(=C/CN1CCCC1)\C1=CC=CC(\C=C\C(O)=O)=N1,ABCB1;HRH1,HRH1
85,acyclovir,NC1=NC2=C(N=CN2COCCO)C(=O)N1,PNP,
87,adapalene,COC1=CC=C(C=C1C12CC3CC(CC(C3)C1)C2)C1=CC=C2C=C(C=CC2=C1)C(O)=O,GLRA1;RARA;RARB;RARG,RARB;RARG
88,adefovir dipivoxil,CC(C)(C)C(=O)OCOP(=O)(COCCN1C=NC2=C1N=CN=C2N)OCOC(=O)C(C)(C)C,POLG,
89,adenine,NC1=NC=NC2=C1NC=N2,PI4K2A;PI4K2B;PI4KA;PI4KB;XDH,
90,adenosine,NC1=C2N=CN([C@@H]3O[C@H](CO)[C@@H](O)[C@H]3O)C2=NC=N1,ADA;ADK;ADORA1;ADORA2A;ADORA2B;ADORA3;AHCY;DOT1L;GAPDH;MAP3K7;PI4K2A;PI4K2B,ADORA1;ADORA2A;ADORA2B
91,adenosine triphosphate,NC1=NC=NC2=C1N=CN2[C@@H]1O[C@H](COP(O)(=O)OP(O)(=O)OP(O)(O)=O)[C@@H](O)[C@H]1O,GPR17;HSPA1A;HSPA8;JAK2;MAP3K7;MAPKAPK2;P2RX1;P2RX3;P2RX4;P2RY1;P2RY11;P2RY13;P2RY2;P2RY4;TRAP1;TRPM4,
92,adenosine phosphate,NC1=NC=NC2=C1N=CN2[C@@H]1O[C@H](COP(O)(O)=O)[C@@H](O)[C@H]1O,DNPH1;FBP1;LDHA;SRC;TRPM2;TRPM4,
93,adinazolam,CN(C)CC1=NN=C2CN=C(C3=CC=CC=C3)C3=CC(Cl)=CC=C3N12,GABRA1;GABRA2;GABRA3;GABRA4;GABRA5;GABRA6;GABRB1;GABRB2;GABRB3;GABRD;GABRG1;GABRG2;GABRG3;TSPO,GABRA1;GABRA2;GABRA3;GABRA4;GABRA5;GABRA6;GABRB1;GABRB2;GABRB3;GABRD;GABRG1;GABRG2;GABRG3
99,agomelatine,COC1=CC2=C(C=CC=C2CCNC(C)=O)C=C1,HTR2A;HTR2B;HTR2C;MTNR1A;MTNR1B,HTR2C;MTNR1A;MTNR1B
100,ajmaline,CC[C@H]1[C@@H]2C[C@H]3[C@@H]4N(C)C5=CC=CC=C5[C@]44C[C@@H]([C@H]2[C@H]4O)N3[C@@H]1O,CYP2D6;KCNA5;KCND3;SCN5A,KCNA5;KCND3;SCN5A
101,alacepril,C[C@H](CSC(C)=O)C(=O)N1CCC[C@H]1C(=O)N[C@@H](CC1=CC=CC=C1)C(O)=O,ACE,ACE
105,salbutamol,CC(C)(C)NCC(O)C1=CC(CO)=C(O)C=C1,ADRB1;ADRB2,ADRB2
107,alclofenac,OC(=O)CC1=CC(Cl)=C(OCC=C)C=C1,PTGS1;PTGS2,PTGS2
109,alcuronium,OC\C=C1\C[N@+]2(CC=C)CC[C@@]34[C@@H]2C[C@@H]1C1=CN2[C@H]5C(=CN([C@H]31)C1=CC=CC=C41)[C@H]1C[C@H]3[C@@]5(CC[N@@+]3(CC=C)C\C1=C\CO)C1=CC=CC=C21,CHRM1;CHRM2;CHRM3;CHRM4;CHRNA1;CHRNA2;CHRNA4;CHRNA7;CHRNB1;CHRNB4;CHRND,
111,aldosterone,C[C@]12CCC(=O)C=C1CC[C@H]1[C@@H]3CC[C@H](C(=O)CO)[C@]3(C[C@H](O)[C@H]21)C=O,NR3C2;SERPINA6;SHBG,
112,alendronic acid,NCCCC(O)(P(O)(O)=O)P(O)(O)=O,FDPS;FNTB,FDPS
113,alexidine,CCCCC(CC)CNC(=N)NC(=N)NCCCCCCNC(=N)NC(=N)NCC(CC)CCCC,PTPMT1;TLR9,
114,alfentanil,CCN1N=NN(CCN2CCC(COC)(CC2)N(C(=O)CC)C2=CC=CC=C2)C1=O,ABCB1;OPRM1,OPRM1
115,alfuzosin,COC1=C(OC)C=C2C(N)=NC(=NC2=C1)N(C)CCCNC(=O)C1CCCO1,ACHE;ADRA1A;ADRA1B;ADRA1D;SLC22A1,ADRA1A;ADRA1B;ADRA1D
119,aliskiren,COCCCOC1=C(OC)C=CC(C[C@@H](C[C@H](N)[C@@H](O)C[C@@H](C(C)C)C(=O)NCC(C)(C)C(N)=O)C(C)C)=C1,ABCB1;CYP3A4;REN,REN
120,alizapride,COC1=CC2=C(C=C1C(=O)NCC1CCCN1CC=C)N=NN2,ADRA2C;DRD2,DRD2
124,allopurinol,OC1=NC=NC2=C1C=NN2,HPRT1;XDH,XDH
128,almotriptan,CN(C)CCC1=CNC2=C1C=C(CS(=O)(=O)N1CCCC1)C=C2,HTR1B;HTR1D;HTR1F,HTR1B;HTR1D
129,alosetron,CN1C2=C(C3=C1C=CC=C3)C(=O)N(CC1=C(C)N=CN1)CC2,CYP1A2;HTR2B;HTR3A;KCNH2,HTR3A
130,alfacalcidol,CC(C)CCC[C@@H](C)[C@H]1CC[C@H]2\C(CCC[C@]12C)=C\C=C1\C[C@@H](O)C[C@H](O)C1=C,SLC6A2;VDR,VDR
133,alfaxalone,CC(=O)[C@H]1CC[C@H]2[C@@H]3CC[C@H]4C[C@H](O)CC[C@]4(C)[C@H]3C(=O)C[C@]12C,GABRA1;GABRA2;GABRB2;GABRG2;SLC6A1,
134,alpidem,CCCN(CCC)C(=O)CC1=C(N=C2C=CC(Cl)=CN12)C1=CC=C(Cl)C=C1,ABCB11;GABRA1;TSPO,GABRA1
136,alprazolam,CC1=NN=C2CN=C(C3=CC=CC=C3)C3=CC(Cl)=CC=C3N12,BRD4;CYP3A4;GABRA1;GABRA2;GABRA3;GABRA5;GABRB2;GABRB3;GABRG2;PTAFR,GABRA1;GABRA2;GABRA3;GABRA5;GABRB2;GABRB3;GABRG2
137,alprenolol,CC(C)NCC(O)COC1=C(CC=C)C=CC=C1,ADRB1;ADRB2;ADRB3;HTR1A;HTR2A,ADRB1;ADRB2
138,alprostadil,CCCCC[C@H](O)\C=C\[C@H]1[C@H](O)CC(=O)[C@@H]1CCCCCCC(O)=O,CATSPER1;CATSPER2;CATSPER3;CATSPER4;PTGDR;PTGER1;PTGER2;PTGER3;PTGER4;PTGIR,PTGER1;PTGER2
141,altretamine,CN(C)C1=NC(=NC(=N1)N(C)C)N(C)C,CYP1A2,
143,alvimopan,C[C@H]1CN(C[C@H](CC2=CC=CC=C2)C(=O)NCC(O)=O)CC[C@@]1(C)C1=CC(O)=CC=C1,OPRD1;OPRK1;OPRM1,OPRM1
144,amantadine,NC12CC3CC(CC(C3)C1)C2,GRIN1;GRIN2A;GRIN2B;GRIN2C;GRIN2D;GRIN3A;GRIN3B;SIGMAR1;SLC47A1,GRIN1;GRIN2A;GRIN2B;GRIN2C;GRIN2D;GRIN3A;GRIN3B
146,ambenonium,CC[N+](CC)(CCNC(=O)C(=O)NCC[N+](CC)(CC)CC1=C(Cl)C=CC=C1)CC1=C(Cl)C=CC=C1,ACHE,ACHE
147,ambroxol,NC1=C(CN[C@H]2CC[C@H](O)CC2)C=C(Br)C=C1Br,CYP2D6;GBA;SCN10A;SLC6A4,GBA
150,amcinonide,CC(=O)OCC(=O)[C@@]12OC3(CCCC3)O[C@@H]1C[C@H]1[C@@H]3CCC4=CC(=O)C=C[C@]4(C)[C@@]3(F)[C@@H](O)C[C@]21C,NR3C1,NR3C1
156,amifostine,NCCCNCCSP(O)(O)=O,ALPL;DRD3,
158,amiloride,NC(=N)NC(=O)C1=C(N)N=C(N)C(Cl)=N1,ADORA2A;ASIC1;ASIC2;ASIC3;MAOA;PLAU;SCNN1A;SCNN1B;SCNN1G;SLC22A1;SLC9A1;SLC9A5,SCNN1A;SCNN1B;SCNN1G
160,aminoacridine,NC1=C2C=CC=CC2=NC2=CC=CC=C12,NQO2,
163,aminocaproic acid,NCCCCCC(O)=O,PLAT;PLG,PLAT;PLG
164,aminoglutethimide,CCC1(CCC(=O)NC1=O)C1=CC=C(N)C=C1,CYP11A1;CYP19A1;TBXAS1,CYP11A1;CYP19A1
165,aminohippuric acid,NC1=CC=C(C=C1)C(=O)NCC(O)=O,SLC22A6,
171,aminophenazone,CN(C)C1=C(C)N(C)N(C1=O)C1=CC=CC=C1,NAPRT;PTGS1;PTGS2,
172,aminopicoline,CC1=CC=NC(N)=C1,NOS2,
174,aminoquinuride,CC1=NC2=CC=C(NC(=O)NC3=CC=C4N=C(C)C=C(N)C4=C3)C=C2C(N)=C1,MMP1;MMP9,
176,amiodarone,CCCCC1=C(C(=O)C2=CC(I)=C(OCCN(CC)CC)C(I)=C2)C2=C(O1)C=CC=C2,ABCB1;ADORA3;ADRA2A;ADRA2B;ADRB1;ADRB3;BDKRB2;CACNA1H;CCR2;CCR4;CHRM1;CHRM2;CHRM3;CHRM4;CHRM5;CYP2C9;CYP3A4;DRD1;DRD2;DRD3;DRD4;EBP;EDNRA;ERBB2;FDFT1;FYN;HCN4;HRH2;HTR2A;HTR2B;HTR2C;HTR6;KCNA7;KCNH2;KDM5A;KDM7A;MC3R;MC4R;MC5R;OPRD1;OPRK1;OPRM1;PHF2;SCN5A;SIGMAR1;SLC6A2;SLC6A3;SLC6A4;SQLE;TACR2;THAP1;THRA;THRB,KCNH2
179,amisulpride,CCN1CCCC1CNC(=O)C1=C(OC)C=C(N)C(=C1)S(=O)(=O)CC,ADRA2A;ADRA2C;DRD2;DRD3;DRD4;HTR1B;HTR1D;HTR2A;HTR2B;HTR6;HTR7,DRD2;DRD3
180,amitriptyline,CN(C)CCC=C1C2=CC=CC=C2CCC2=C1C=CC=C2,ADRA1A;ADRA1D;ADRA2A;ADRA2B;ADRA2C;AOX1;CHRM1;CHRM2;CHRM3;CHRM4;CHRM5;DRD1;DRD2;DRD3;DRD5;HRH1;HRH2;HRH4;HTR1A;HTR2A;HTR2B;HTR2C;HTR6;HTR7;KCNH2;NTRK1;RET;SCN2A;SCN5A;SCN9A;SIGMAR1;SLC22A1;SLC22A2;SLC6A2;SLC6A3;SLC6A4,SLC6A2;SLC6A4
181,amitriptylinoxide,C[N+](C)([O-])CCC=C1C2=CC=CC=C2CCC2=C1C=CC=C2,RET,
182,amlexanox,CC(C)C1=CC=C2OC3=C(C=C(C(O)=O)C(N)=N3)C(=O)C2=C1,GPR35;IKBKE;PDE4A;PDE4B;PDE4C;PDE4D;TBK1,PDE4A;PDE4B;PDE4C;PDE4D
183,amlodipine,CCOC(=O)C1=C(COCCN)NC(C)=C(C1C1=C(Cl)C=CC=C1)C(=O)OC,ADRA1A;ADRA1B;ADRA1D;ADRA2A;ADRA2C;AOX1;CA1;CACNA1C;CACNA1D;CACNA1H;CACNA2D1;CACNG1;HTR6;KCNK2;SLC6A3,CACNA1C;CACNA1D
186,amodiaquine,CCN(CC)CC1=C(O)C=CC(NC2=CC=NC3=CC(Cl)=CC=C23)=C1,APP;HNMT;HPSE;KCNH2,
191,amoxapine,ClC1=CC=C2OC3=C(C=CC=C3)N=C(N3CCNCC3)C2=C1,ABCB1;ADRA1D;ADRA2A;ADRA2B;ADRA2C;CHRM1;CHRM2;CHRM3;CHRM4;CHRM5;CYP2D6;DRD1;DRD2;DRD3;DRD4;GABRA1;GABRB2;GABRG2;HRH1;HTR1A;HTR2A;HTR2B;HTR2C;HTR3A;HTR6;HTR7;SLC6A2;SLC6A3;SLC6A4;SLC6A5,SLC6A2;SLC6A4
192,amoxicillin,CC1(C)S[C@@H]2[C@H](NC(=O)[C@H](N)C3=CC=C(O)C=C3)C(=O)N2[C@H]1C(O)=O,HTR2A;HTR2B;HTR2C,
193,amperozide,CCNC(=O)N1CCN(CCCC(C2=CC=C(F)C=C2)C2=CC=C(F)C=C2)CC1,FAAH;HTR6,
195,amfetamine,CC(N)CC1=CC=CC=C1,ADRA1A;ADRA2A;CARTPT;SLC6A2;SLC6A3;SLC6A4;TAAR1,SLC6A2;SLC6A3
198,ampicillin,CC1(C)S[C@@H]2[C@H](NC(=O)[C@H](N)C3=CC=CC=C3)C(=O)N2[C@H]1C(O)=O,TEK;TRPM4,
200,amprenavir,CC(C)CN(C[C@@H](O)[C@H](CC1=CC=CC=C1)NC(=O)O[C@H]1CCOC1)S(=O)(=O)C1=CC=C(N)C=C1,CTSD;CYP3A4;TBXAS1,
201,amrinone,NC1=CC(=CNC1=O)C1=CC=NC=C1,PDE3A;PDE3B;PDE4A;PDE4B;PDE4C;PDE4D;TTK,PDE3A
203,amsacrine,COC1=C(NC2=C3C=CC=CC3=NC3=CC=CC=C23)C=CC(NS(C)(=O)=O)=C1,CYP2D6;KCNH2;SLC22A1;TOP1;TOP1MT;TOP2A;TOP2B,
209,anagrelide,ClC1=CC=C2N=C3NC(=O)CN3CC2=C1Cl,PDE2A;PDE3A,PDE3A
210,anastrozole,CC(C)(C#N)C1=CC(=CC(CN2C=NC=N2)=C1)C(C)(C)C#N,CYP19A1,CYP19A1
213,androisoxazole,C[C@]1(O)CC[C@H]2[C@@H]3CC[C@H]4CC5=NOC=C5C[C@]4(C)[C@H]3CC[C@]12C,AR,
214,androstenediol,C[C@]12CC[C@H]3[C@@H](CC=C4C[C@@H](O)CC[C@]34C)[C@@H]1CC[C@@H]2O,AR;ESR1;ESR2;SERPINA6;SHBG,
215,androstenedione,C[C@]12CC[C@H]3[C@@H](CCC4=CC(=O)CC[C@]34C)[C@@H]1CCC2=O,CYP19A1;HSD17B3;SERPINA6;SHBG,
217,anecortave,CC(=O)OCC(=O)[C@@]1(O)CC[C@H]2[C@@H]3CCC4=CC(=O)CC[C@]4(C)C3=CC[C@]12C,SERPINE1,
219,anhydrovinblastine,CCC1=C[C@@H]2C[N@](C1)CCC1=C(NC3=CC=CC=C13)[C@@](C2)(C(=O)OC)C1=C(OC)C=C2N(C)[C@@H]3[C@]4(CCN5CC=C[C@](CC)([C@@H]45)[C@@H](OC(C)=O)[C@]3(O)C(=O)OC)C2=C1,ABCB1;ABCC1;ABCC10;ABCC2;TUBB4B,
220,anileridine,CCOC(=O)C1(CCN(CCC2=CC=C(N)C=C2)CC1)C1=CC=CC=C1,OPRM1,OPRM1
222,anisindione,COC1=CC=C(C=C1)C1C(=O)C2=C(C=CC=C2)C1=O,GGCX,GGCX
223,octatropine methylbromide,CCCC(CCC)C(=O)O[C@@H]1C[C@@H]2CC[C@H](C1)[N+]2(C)C,CHRM1;CHRM3,CHRM1;CHRM3
224,antazoline,C(N(CC1=CC=CC=C1)C1=CC=CC=C1)C1=NCCN1,HRH1,HRH1
226,dithranol,OC1=CC=CC2=C1C(=O)C1=C(O)C=CC=C1C2,ALOX12B;HPN;SIRT5,
228,apomorphine,CN1CCC2=C3[C@H]1CC1=CC=C(O)C(O)=C1C3=CC=C2,ADRA1A;ADRA1B;ADRA1D;ADRA2A;ADRA2B;ADRA2C;DRD1;DRD2;DRD3;DRD4;DRD5;HTR1A;HTR1B;HTR1D;HTR2A;HTR2B;HTR2C;MDM2;MPI;SLC22A1;TRPA1,DRD2
229,apraclonidine,NC1=CC(Cl)=C(NC2=NCCN2)C(Cl)=C1,ADRA1A;ADRA1B;ADRA1D;ADRA2A;ADRA2B;ADRA2C,ADRA2A;ADRA2B;ADRA2C
230,aprepitant,C[C@@H](O[C@H]1OCCN(CC2=NNC(=O)N2)[C@H]1C1=CC=C(F)C=C1)C1=CC(=CC(=C1)C(F)(F)F)C(F)(F)F,CYP3A4;TACR1;TACR3,TACR1
231,aprindine,CCN(CC)CCCN(C1CC2=C(C1)C=CC=C2)C1=CC=CC=C1,CALM1;CALM2;CALM3;CYP2D6;HCN4;KCNH2;PSMA1;SCN5A;SLC8A1,CALM1;CALM2;CALM3
234,aranidipine,COC(=O)C1=C(C)NC(C)=C(C1C1=C(C=CC=C1)[N+]([O-])=O)C(=O)OCC(C)=O,CACNA1C;CACNA1D,CACNA1C;CACNA1D
237,arbutamine,O[C@@H](CNCCCCC1=CC=C(O)C=C1)C1=CC(O)=C(O)C=C1,ADRB1,ADRB1
239,argatroban,C[C@@H]1CCN([C@H](C1)C(O)=O)C(=O)[C@H](CCCNC(N)=N)NS(=O)(=O)C1=CC=CC2=C1NCC(C)C2,F10;F2;PLAT,F2
242,aripiprazole,ClC1=CC=CC(N2CCN(CCCCOC3=CC=C4CCC(=O)NC4=C3)CC2)=C1Cl,ABCB1;ADRA1A;ADRA1B;ADRA2A;ADRA2B;ADRA2C;ADRB1;ADRB2;CHRM1;CHRM2;CHRM3;CHRM4;CHRM5;DRD1;DRD2;DRD3;DRD4;DRD5;H1F0;HRH1;HTR1A;HTR1B;HTR1D;HTR1E;HTR2A;HTR2B;HTR2C;HTR3A;HTR5A;HTR6;HTR7;KCNH2;SLC6A2;SLC6A3;SLC6A4,DRD2;HTR1A;HTR2A
244,arsenic trioxide,O=[As]O[As]=O,KCNH2;TXNRD1,TXNRD1
249,astemizole,COC1=CC=C(CCN2CCC(CC2)NC2=NC3=C(C=CC=C3)N2CC2=CC=C(F)C=C2)C=C1,ABCB1;ABCG2;ADORA3;ADRA1D;ADRA2A;ADRA2B;ADRA2C;ADRB1;ADRB3;CALM1;CALM2;CALM3;CHRM1;CHRM2;CHRM3;CHRM4;CHRM5;CYP3A4;DRD1;DRD2;DRD3;DRD4;EED;EGFR;ERBB2;FYN;GLRA1;HLA-A;HRH1;HRH2;HRH4;HTR1A;HTR2A;HTR2B;HTR2C;HTR3A;HTR6;KCNH1;KCNH2;LCK;MC3R;MC4R;MC5R;OPRD1;OPRK1;OPRM1;SIGMAR1;SLC28A1;SLC47A1;SLC6A2;SLC6A3;SLC6A4;SSTR5;TACR1;TACR2;TMEM97,HRH1
252,asulacrine,CNC(=O)C1=CC=CC2=C(NC3=C(OC)C=C(NS(C)(=O)=O)C=C3)C3=CC=CC(C)=C3N=C12,TOP2A,
254,atazanavir,COC(=O)N[C@H](C(=O)N[C@@H](CC1=CC=CC=C1)[C@@H](O)CN(CC1=CC=C(C=C1)C1=CC=CC=N1)NC(=O)[C@@H](NC(=O)OC)C(C)(C)C)C(C)(C)C,ABCB1;CYP1A2;CYP2C9;CYP3A4;UGT1A1,
255,atenolol,CC(C)NCC(O)COC1=CC=C(CC(N)=O)C=C1,ADORA3;ADRB1;ADRB2,ADRB1
256,atomoxetine,CNCC[C@@H](OC1=C(C)C=CC=C1)C1=CC=CC=C1,CYP2D6;KCNH2;KCNJ3;KCNJ5;KCNJ6;KLF10;SLC6A2;SLC6A3;SLC6A4,SLC6A2
257,atorvastatin,CC(C)C1=C(C(=O)NC2=CC=CC=C2)C(=C(N1CC[C@@H](O)C[C@@H](O)CC(O)=O)C1=CC=C(F)C=C1)C1=CC=CC=C1,CYP3A4;HDAC1;HDAC2;HDAC6;HMGCR;NR1I3,HMGCR
258,atovaquone,OC1=C([C@H]2CC[C@@H](CC2)C2=CC=C(Cl)C=C2)C(=O)C2=CC=CC=C2C1=O,DHODH,
259,atracurium,COC1=C(OC)C=C(CC2C3=CC(OC)=C(OC)C=C3CC[N+]2(C)CCC(=O)OCCCCCOC(=O)CC[N+]2(C)CCC3=CC(OC)=C(OC)C=C3C2CC2=CC(OC)=C(OC)C=C2)C=C1,CHRNA1;CHRNA2;CHRNA3;CHRNA4;CHRNA7;CHRNB1;CHRND,CHRNA1;CHRNB1;CHRND
260,atropine,CN1[C@H]2CC[C@@H]1C[C@@H](C2)OC(=O)C(CO)C1=CC=CC=C1,ADRA1D;ADRA2A;CHRM1;CHRM2;CHRM3;CHRM4;CHRM5;HRH1;HTR2A;HTR2C;SLC22A1,CHRM1;CHRM2;CHRM3
266,azapropazone,CCCC1C(=O)N2N(C1=O)C1=CC(C)=CC=C1N=C2N(C)C,PTGS1;XDH,
267,azasetron,CN1C(=O)COC2=C(C=C(Cl)C=C12)C(=O)NC1CN2CCC1CC2,HTR3A,HTR3A
268,azatadine,CN1CCC(CC1)=C1C2=CC=CC=C2CCC2=C1N=CC=C2,HRH1,HRH1
269,azathioprine,CN1C=NC(=C1SC1=NC=NC2=C1NC=N2)[N+]([O-])=O,ABCC4;ABCC5;ABCG2;RAC1;TPMT,
270,azelaic acid,OC(=O)CCCCCCCC(O)=O,SRD5A2,
271,azelastine,CN1CCCC(CC1)N1N=C(CC2=CC=C(Cl)C=C2)C2=C(C=CC=C2)C1=O,ABCB1;ADRA1A;ADRA1B;CHRM1;HRH1;HRH3;HTR2B;HTR2C;KCNH2,HRH1
272,azelnidipine,CC(C)OC(=O)C1=C(C)NC(N)=C(C1C1=CC(=CC=C1)[N+]([O-])=O)C(=O)OC1CN(C1)C(C1=CC=CC=C1)C1=CC=CC=C1,CACNA1C;CACNA1D,CACNA1C;CACNA1D
274,azimilide,CN1CCN(CCCCN2C(=O)CN(N=CC3=CC=C(O3)C3=CC=C(Cl)C=C3)C2=O)CC1,KCNH2,
276,azithromycin,CC[C@H]1OC(=O)[C@H](C)[C@@H](O[C@H]2C[C@@](C)(OC)[C@@H](O)[C@H](C)O2)[C@H](C)[C@@H](O[C@@H]2O[C@H](C)C[C@@H]([C@H]2O)N(C)C)[C@](C)(O)C[C@@H](C)CN(C)[C@H](C)[C@@H](O)[C@]1(C)O,ABCB1;ABCC2;KCNH2;MLNR,
282,baclofen,NCC(CC(O)=O)C1=CC=C(Cl)C=C1,ADORA3;GABBR1;GABBR2,GABBR1;GABBR2
284,balsalazide,OC(=O)CCNC(=O)C1=CC=C(C=C1)\N=N\C1=CC=C(O)C(=C1)C(O)=O,ALOX5;PPARG;PTGS1;PTGS2,ALOX5;PPARG;PTGS1;PTGS2
285,bambuterol,CN(C)C(=O)OC1=CC(=CC(OC(=O)N(C)C)=C1)C(O)CNC(C)(C)C,ACHE;ADRB2;BCHE;CYP2D6,
288,bamipine,CN1CCC(CC1)N(CC1=CC=CC=C1)C1=CC=CC=C1,HRH1,HRH1
290,barnidipine,COC(=O)C1=C(C)NC(C)=C([C@H]1C1=CC(=CC=C1)[N+]([O-])=O)C(=O)O[C@H]1CCN(CC2=CC=CC=C2)C1,CACNA1C;CACNA1D,CACNA1C;CACNA1D
294,beclometasone dipropionate,CCC(=O)OCC(=O)[C@@]1(OC(=O)CC)[C@@H](C)C[C@H]2[C@@H]3CCC4=CC(=O)C=C[C@]4(C)[C@@]3(Cl)[C@@H](O)C[C@]12C,ADGRG3;IL5;MMP9;NR3C1;NR3C2;PGR,NR3C1
296,belotecan,CC[C@@]1(O)C(=O)OCC2=C1C=C1N(CC3=C(CCNC(C)C)C4=CC=CC=C4N=C13)C2=O,TOP1,TOP1
299,benazepril,CCOC(=O)[C@H](CCC1=CC=CC=C1)N[C@H]1CCC2=CC=CC=C2N(CC(O)=O)C1=O,ACE,ACE
302,bendamustine,CN1C(CCCC(O)=O)=NC2=CC(=CC=C12)N(CCCl)CCCl,HDAC1;HDAC10;HDAC2;HDAC3;HDAC6;HDAC8,
305,bendroflumethiazide,NS(=O)(=O)C1=CC2=C(NC(CC3=CC=CC=C3)NS2(=O)=O)C=C1C(F)(F)F,CA1;CA2;CA4;KCNMA1;SLC12A3,SLC12A3
311,benoxaprofen,CC(C(O)=O)C1=CC2=C(OC(=N2)C2=CC=C(Cl)C=C2)C=C1,ALOX5,ALOX5
312,benperidol,FC1=CC=C(C=C1)C(=O)CCCN1CCC(CC1)N1C(=O)NC2=C1C=CC=C2,DRD2;DRD3;DRD4;HTR2A;KCNH2;SIGMAR1,
313,diphenidol,OC(CCCN1CCCCC1)(C1=CC=CC=C1)C1=CC=CC=C1,CHRM1;CHRM2;CHRM3;CHRM4;CHRM5;CYP2D6;DRD2;DRD3;HTR2A;SCN1A;SCN2A;SCN3A;SIGMAR1,CHRM1
314,benserazide,NC(CO)C(=O)NNCC1=C(O)C(O)=C(O)C=C1,DDC;ESR2;HK2;SAE1;UBA2,
317,benzarone,CCC1=C(C(=O)C2=CC=C(O)C=C2)C2=C(O1)C=CC=C2,EYA3;SLC22A12,
318,benzbromarone,CCC1=C(C(=O)C2=CC(Br)=C(O)C(Br)=C2)C2=C(O1)C=CC=C2,ABCC1;ADORA3;AKR1C1;CYP2C9;EYA2;EYA3;HTR2B;MAPK1;MAPK14;PDE4A;PTPN1;SLC22A12,SLC22A12
321,benziodarone,CCC1=C(C(=O)C2=CC(I)=C(O)C(I)=C2)C2=C(O1)C=CC=C2,BIRC5;EYA3,
323,benzocaine,CCOC(=O)C1=CC=C(N)C=C1,SCN10A;SCN11A;SCN1A;SCN2A;SCN3A;SCN4A;SCN5A;SCN7A;SCN8A;SCN9A,SCN10A;SCN11A;SCN1A;SCN2A;SCN3A;SCN4A;SCN5A;SCN7A;SCN8A;SCN9A
329,benzphetamine,C[C@@H](CC1=CC=CC=C1)N(C)CC1=CC=CC=C1,ADRA1A;ADRA2A;SLC18A2;SLC6A2,SLC18A2;SLC6A2
331,benzquinamide,CCN(CC)C(=O)C1CN2CCC3=C(C=C(OC)C(OC)=C3)C2CC1OC(C)=O,ADRA2A;ADRA2B;ADRA2C;DRD2;DRD3;DRD4;PTGS2,DRD2
332,benzthiazide,NS(=O)(=O)C1=CC2=C(C=C1Cl)N=C(CSCC1=CC=CC=C1)NS2(=O)=O,CA1;CA2;CA4;KCNMA1;SLC12A3,SLC12A3
333,benzatropine,CN1[C@H]2CC[C@@H]1C[C@@H](C2)OC(C1=CC=CC=C1)C1=CC=CC=C1,ADRA1D;ADRA2A;ADRA2B;ADRA2C;CHRM1;CHRM2;CHRM3;CHRM4;CHRM5;DRD3;HRH1;HRH2;HTR2A;HTR2B;HTR2C;HTR6;SIGMAR1;SLC6A19;SLC6A2;SLC6A3;SLC6A4,CHRM1
341,bepotastine,OC(=O)CCCN1CCC(CC1)O[C@@H](C1=CC=C(Cl)C=C1)C1=CC=CC=N1,HRH1,HRH1
342,bepridil,CC(C)COCC(CN(CC1=CC=CC=C1)C1=CC=CC=C1)N1CCCC1,CACNA1A;CACNA1C;CACNA1D;CACNA1H;HCN4;KCNH2;KCNQ4;SCN1A;SCN2A;SCN3A;SCN5A,CACNA1C;CACNA1D;CACNA1H
343,beraprost,CC#CCC(C)[C@H](O)\C=C\[C@H]1[C@H](O)C[C@@H]2OC3=C(C=CC=C3CCCC(O)=O)[C@H]12,PTGER3;PTGER4;PTGIR,PTGIR
346,betahistine,CNCCC1=CC=CC=N1,HRH3,HRH3
348,betamethasone,C[C@H]1C[C@H]2[C@@H]3CCC4=CC(=O)C=C[C@]4(C)[C@@]3(F)[C@@H](O)C[C@]2(C)[C@@]1(O)C(=O)CO,ANXA1;NR3C1,NR3C1
349,betamethasone acetate,C[C@H]1C[C@H]2[C@@H]3CCC4=CC(=O)C=C[C@]4(C)[C@@]3(F)[C@@H](O)C[C@]2(C)[C@@]1(O)C(=O)COC(C)=O,NR3C1,NR3C1
351,betamethasone benzoate,C[C@H]1C[C@H]2[C@@H]3CCC4=CC(=O)C=C[C@]4(C)[C@@]3(F)[C@@H](O)C[C@]2(C)[C@@]1(OC(=O)C1=CC=CC=C1)C(=O)CO,NR3C1,NR3C1
353,betamethasone dipropionate,CCC(=O)OCC(=O)[C@@]1(OC(=O)CC)[C@@H](C)C[C@H]2[C@@H]3CCC4=CC(=O)C=C[C@]4(C)[C@@]3(F)[C@@H](O)C[C@]12C,NR3C1,NR3C1
354,betamethasone valerate,CCCCC(=O)O[C@@]1([C@@H](C)C[C@H]2[C@@H]3CCC4=CC(=O)C=C[C@]4(C)[C@@]3(F)[C@@H](O)C[C@]12C)C(=O)CO,NR3C1,NR3C1
355,betamipron,OC(=O)CCNC(=O)C1=CC=CC=C1,SLC22A6;SLC22A8,
356,betaxolol,CC(C)NCC(O)COC1=CC=C(CCOCC2CC2)C=C1,ADRB1;ADRB2,ADRB1
357,betazole,NCCC1=NNC=C1,HRH2,HRH2
358,bethanechol,CC(C[N+](C)(C)C)OC(N)=O,CHRM1;CHRM2;CHRM3;CHRM4,CHRM2;CHRM3
359,betanidine,CNC(NC)=NCC1=CC=CC=C1,SLC6A2,SLC6A2
360,bevantolol,COC1=C(OC)C=C(CCNCC(O)COC2=CC(C)=CC=C2)C=C1,ADRB1,ADRB1
361,bexarotene,CC1=C(C=C2C(=C1)C(C)(C)CCC2(C)C)C(=C)C1=CC=C(C=C1)C(O)=O,CYP26A1;CYP26B1;NR1H2;NR1H3;PPARG;RARA;RARB;RARG;RXRA;RXRB;RXRG,RXRA;RXRB;RXRG
362,bezafibrate,CC(C)(OC1=CC=C(CCNC(=O)C2=CC=C(Cl)C=C2)C=C1)C(O)=O,FABP2;HMGCR;LPL;PPARA;PPARD;PPARG,HMGCR;PPARA
367,bicalutamide,CC(O)(CS(=O)(=O)C1=CC=C(F)C=C1)C(=O)NC1=CC(=C(C=C1)C#N)C(F)(F)F,AR;CYP2C19,AR
369,bifemelane,CNCCCCOC1=C(CC2=CC=CC=C2)C=CC=C1,L3MBTL1,
370,bifonazole,C1=CN(C=N1)C(C1=CC=CC=C1)C1=CC=C(C=C1)C1=CC=CC=C1,CYP17A1;CYP3A4;CYP51A1;IDO1,
371,bimatoprost,CCNC(=O)CCC\C=C/C[C@H]1[C@@H](O)C[C@@H](O)[C@@H]1\C=C\[C@@H](O)CCC1=CC=CC=C1,AKR1C3;PTGFR,PTGFR
373,biotin,OC(=O)CCCC[C@@H]1SC[C@@H]2NC(=O)N[C@H]12,IDE,
374,biperiden,OC(CCN1CCCCC1)(C1CC2CC1C=C2)C1=CC=CC=C1,CHRM1;CHRM2;CHRM3;CHRM4;CHRM5;CHRNA2,CHRM1
375,bisacodyl,CC(=O)OC1=CC=C(C=C1)C(C1=CC=C(OC(C)=O)C=C1)C1=CC=CC=N1,CYP2C9;OPRK1;SLC6A3,
376,bisantrene,C1CN=C(N\N=C\C2=C3C=CC=CC3=C(\C=N\NC3=NCCN3)C3=C2C=CC=C3)N1,NQO1,
380,bisoprolol,CC(C)NCC(O)COC1=CC=C(COCCOC(C)C)C=C1,ADRB1;ADRB2;ADRB3,ADRB1
383,bisulepine,CN(C)CC\C=C1/C2=C(SC=C2)SCC2=C1C=CC=C2,HRH1,HRH1
384,bitolterol,CC1=CC=C(C=C1)C(=O)OC1=C(OC(=O)C2=CC=C(C)C=C2)C=C(C=C1)C(O)CNC(C)(C)C,ADRB2,ADRB2
385,bivalirudin,CC[C@H](C)[C@H](NC(=O)[C@H](CCC(O)=O)NC(=O)[C@H](CCC(O)=O)NC(=O)[C@H](CC1=CC=CC=C1)NC(=O)[C@H](CC(O)=O)NC(=O)CNC(=O)[C@H](CC(N)=O)NC(=O)CNC(=O)CNC(=O)CNC(=O)CNC(=O)[C@@H]1CCCN1C(=O)[C@H](CCCNC(N)=N)NC(=O)[C@@H]1CCCN1C(=O)[C@H](N)CC1=CC=CC=C1)C(=O)N1CCC[C@H]1C(=O)N[C@@H](CCC(O)=O)C(=O)N[C@@H](CCC(O)=O)C(=O)N[C@@H](CC1=CC=C(O)C=C1)C(=O)N[C@@H](CC(C)C)C(O)=O,F2,F2
388,blonanserin,CCN1CCN(CC1)C1=NC2=C(CCCCCC2)C(=C1)C1=CC=C(F)C=C1,ADRA1A;DRD2;HTR2A;SIGMAR1,DRD2;HTR2A
389,bopindolol,CC1=CC2=C(N1)C=CC=C2OCC(CNC(C)(C)C)OC(=O)C1=CC=CC=C1,ADRB1;ADRB2;ADRB3;CYP2D6;HTR1A;HTR2A;HTR2B,ADRB1;ADRB2
391,bortezomib,CC(C)C[C@H](NC(=O)[C@H](CC1=CC=CC=C1)NC(=O)C1=CN=CC=N1)B(O)O,CA1;CA12;CA13;CA14;CA2;CA3;CA4;CA5A;CA5B;CA6;CA7;CA9;CMA1;CTRB1;CTSA;CTSG;CYP2C19;ELANE;F2;NFKB1;NFKB2;PSD;PSMA1;PSMB1;PSMB10;PSMB2;PSMB5;PSMB8;PSMB9;PSMD1;RELA,PSMA1;PSMB1;PSMB2;PSMB5;PSMB8
392,bosentan,COC1=C(OC2=C(OCCO)N=C(N=C2NS(=O)(=O)C2=CC=C(C=C2)C(C)(C)C)C2=NC=CC=N2)C=CC=C1,ABCB11;EDNRA;EDNRB;NR1I2,EDNRA;EDNRB
394,bretylium,CC[N+](C)(C)CC1=C(Br)C=CC=C1,ADRB1;ADRB2;SLC6A2,SLC6A2
395,brimonidine,BrC1=C(NC2=NCCN2)C=CC2=NC=CN=C12,ADRA1A;ADRA1B;ADRA1D;ADRA2A;ADRA2B;ADRA2C;HTR1A,ADRA2A;ADRA2B;ADRA2C
396,brinzolamide,CCN[C@H]1CN(CCCOC)S(=O)(=O)C2=C1C=C(S2)S(N)(=O)=O,CA1;CA12;CA13;CA14;CA2;CA4;CA5A;CA5B;CA6;CA7;CA9,CA2
397,brivudine,OC[C@H]1O[C@H](C[C@@H]1O)N1C=C(\C=C\Br)C(=O)NC1=O,TK1,
399,bromazepam,BrC1=CC=C2NC(=O)CN=C(C3=CC=CC=N3)C2=C1,GABRA1;GABRB2;GABRG2,
401,bromfenac,NC1=C(C=CC=C1CC(O)=O)C(=O)C1=CC=C(Br)C=C1,PTGS1;PTGS2,PTGS1;PTGS2
402,bromhexine,CN(CC1=C(N)C(Br)=CC(Br)=C1)C1CCCCC1,CYP2D6;SIGMAR1;SLC6A4,
403,bromocriptine,CC(C)C[C@@H]1N2C(=O)[C@](NC(=O)[C@H]3CN(C)[C@@H]4CC5=C(Br)NC6=C5C(=CC=C6)C4=C3)(O[C@@]2(O)[C@@H]2CCCN2C1=O)C(C)C,ADRA1A;ADRA1B;ADRA1D;ADRA2A;ADRA2B;ADRA2C;ADRB1;ADRB2;CYP3A4;DRD1;DRD2;DRD3;DRD4;DRD5;HTR1A;HTR1B;HTR1D;HTR2A;HTR2B;HTR2C;HTR6,DRD2
404,bromazine,CN(C)CCOC(C1=CC=CC=C1)C1=CC=C(Br)C=C1,HRH1,HRH1
406,bromopride,CCN(CC)CCNC(=O)C1=C(OC)C=C(N)C(Br)=C1,ACHE;DRD2,
407,bromperidol,OC1(CCN(CCCC(=O)C2=CC=C(F)C=C2)CC1)C1=CC=C(Br)C=C1,ADRA1A;CHRM1;CHRM2;CHRM3;CHRM4;CHRM5;DRD1;DRD2;DRD3;DRD4;HRH1;SIGMAR1,DRD2
408,brompheniramine,CN(C)CCC(C1=CC=C(Br)C=C1)C1=CC=CC=N1,HRH1;KCNH2;SCN1A;SCN2A;SCN3A,HRH1
409,brotizolam,CC1=NN=C2CN=C(C3=C(SC(Br)=C3)N12)C1=C(Cl)C=CC=C1,PTAFR,
416,buclizine,CC(C)(C)C1=CC=C(CN2CCN(CC2)C(C2=CC=CC=C2)C2=CC=C(Cl)C=C2)C=C1,HRH1,HRH1
419,budesonide,CCCC1O[C@@H]2C[C@H]3[C@@H]4CCC5=CC(=O)C=C[C@]5(C)[C@H]4[C@@H](O)C[C@]3(C)[C@@]2(O1)C(=O)CO,ABCB1;IFNG;IL5;MMP9;NR3C1;NR3C2;PGR,NR3C1
420,budipine,CC(C)(C)N1CCC(CC1)(C1=CC=CC=C1)C1=CC=CC=C1,GRIN1;GRIN2A;GRIN2B;GRIN2C;GRIN2D;GRIN3A;GRIN3B;KCNH2,
422,buflomedil,COC1=CC(OC)=C(C(=O)CCCN2CCCC2)C(OC)=C1,ADRA1A;ADRA1B;ADRA1D;ADRA2A;ADRA2C;CACNG1;EBP;SIGMAR1,
424,bufuralol,CCC1=CC=CC2=C1OC(=C2)C(O)CNC(C)(C)C,ABCB1;ADRB1;ADRB2;CYP2D6,
427,bumetanide,CCCCNC1=C(OC2=CC=CC=C2)C(=CC(=C1)C(O)=O)S(N)(=O)=O,ATP1A1;GPR35;SLC12A1;SLC12A2,SLC12A1
429,bunazosin,CCCC(=O)N1CCCN(CC1)C1=NC2=CC(OC)=C(OC)C=C2C(N)=N1,ADRA1A;ADRA1B;ADRA2B;NQO2,ADRA1A;ADRA1B
431,levobunolol,CC(C)(C)NC[C@H](O)COC1=C2CCCC(=O)C2=CC=C1,ADRB1;ADRB2;ADRB3;HTR1A;SIGMAR1;SLC6A4,ADRB1;ADRB2
432,bupivacaine,CCCCN1CCCCC1C(=O)NC1=C(C)C=CC=C1C,CYP2D6;HTR3A;KCNA5;KCND3;KCNH2;KCNK3;PTGER1;SCN1A;SCN4A;SCN5A,SCN4A
433,bupranolol,CC1=CC(OCC(O)CNC(C)(C)C)=C(Cl)C=C1,ADRB1;ADRB2;ADRB3,ADRB1;ADRB2
434,buprenorphine,CO[C@]12CC[C@@]3(C[C@@H]1[C@](C)(O)C(C)(C)C)[C@H]1CC4=CC=C(O)C5=C4[C@@]3(CCN1CC1CC1)[C@H]2O5,KCNH2;OPRD1;OPRK1;OPRL1;OPRM1,OPRK1;OPRM1
435,bupropion,CC(NC(C)(C)C)C(=O)C1=CC(Cl)=CC=C1,ADRA1A;CHRNA3;CHRNA7;CHRNB2;CHRNB4;CYP2C19;CYP2D6;SLC6A2;SLC6A3;SLC6A4,SLC6A2;SLC6A3
436,buserelin,CCNC(=O)[C@@H]1CCCN1C(=O)[C@H](CCCNC(N)=N)NC(=O)[C@H](CC(C)C)NC(=O)[C@@H](COC(C)(C)C)NC(=O)[C@H](CC1=CC=C(O)C=C1)NC(=O)[C@H](CO)NC(=O)[C@H](CC1=CNC2=C1C=CC=C2)NC(=O)[C@H](CC1=CNC=N1)NC(=O)[C@@H]1CCC(=O)N1,GNRHR;LHCGR,GNRHR
437,buspirone,O=C1CC2(CCCC2)CC(=O)N1CCCCN1CCN(CC1)C1=NC=CC=N1,ADRA1A;ADRA1D;CYP3A4;DRD2;DRD3;DRD4;HTR1A;HTR2A;HTR2B;HTR2C;KCNH2;SIGMAR1;SLC22A2;SLC47A1;SLC47A2,HTR1A
438,busulfan,CS(=O)(=O)OCCCCOS(C)(=O)=O,MMP9,
439,secbutabarbital,CCC(C)C1(CC)C(=O)NC(=O)NC1=O,GABRA1;GABRB2;GABRG2,GABRA1;GABRB2;GABRG2
441,butalbital,CC(C)CC1(CC=C)C(=O)NC(=O)NC1=O,GABRA1;GABRB3;GABRG2,GABRA1;GABRB3;GABRG2
444,butenafine,CN(CC1=CC=C(C=C1)C(C)(C)C)CC1=CC=CC2=CC=CC=C12,ACHE;ADRA2A;CYP2D6;SIGMAR1;SLC6A2;SLC6A4,
454,butorphanol,OC1=CC2=C(C[C@H]3N(CC4CCC4)CC[C@@]22CCCC[C@@]32O)C=C1,OPRD1;OPRK1;OPRM1,OPRK1;OPRM1
455,butriptyline,CC(CC1C2=CC=CC=C2CCC2=C1C=CC=C2)CN(C)C,SLC6A2;SLC6A3;SLC6A4,
458,scopolamine butylbromide,CCCC[N+]1(C)[C@H]2C[C@@H](C[C@@H]1[C@H]1O[C@@H]21)OC(=O)[C@H](CO)C1=CC=CC=C1,CHRM1;CHRM2;CHRM3;CHRM4,
460,cabergoline,CCNC(=O)N(CCCN(C)C)C(=O)[C@@H]1C[C@H]2[C@@H](CC3=CNC4=CC=CC2=C34)N(CC=C)C1,ADRA1A;ADRA1B;ADRA1D;ADRA2A;ADRA2B;ADRA2C;DRD1;DRD2;DRD3;DRD4;DRD5;HTR1A;HTR1B;HTR1D;HTR2A;HTR2B;HTR2C,DRD2
461,cadralazine,CCOC(=O)NNC1=CC=C(N=N1)N(CC)CC(C)O,CACNA1C;MPO,
463,caffeine,CN1C=NC2=C1C(=O)N(C)C(=O)N2C,ACHE;ADORA1;ADORA2A;ADORA2B;ADORA3;GDA;KCNH2;PIK3CD,ADORA1;ADORA2A;ADORA2B
464,calcifediol,C[C@H](CCCC(C)(C)O)[C@H]1CC[C@H]2\C(CCC[C@]12C)=C\C=C1\C[C@@H](O)CCC1=C,VDR,VDR
465,calcipotriene,C[C@H](\C=C\[C@@H](O)C1CC1)[C@H]1CC[C@H]2\C(CCC[C@]12C)=C\C=C1\C[C@@H](O)C[C@H](O)C1=C,VDR,VDR
466,calcitriol,C[C@H](CCCC(C)(C)O)[C@H]1CC[C@H]2\C(CCC[C@]12C)=C\C=C1\C[C@@H](O)C[C@H](O)C1=C,CYP27B1;CYP2R1;GC;VDR,VDR
471,camostat,CN(C)C(=O)COC(=O)CC1=CC=C(OC(=O)C2=CC=C(NC(N)=N)C=C2)C=C1,F2;HGFAC;HPN;KLK1;PRSS1;SLC22A2;SLC47A1;SLC47A2;TMPRSS2,PRSS1
472,camylofin,CCN(CC)CCNC(C(=O)OCCC(C)C)C1=CC=CC=C1,SLC22A1,
475,candesartan cilexetil,CCOC1=NC2=C(N1CC1=CC=C(C=C1)C1=C(C=CC=C1)C1=NN=NN1)C(=CC=C2)C(=O)OC(C)OC(=O)OC1CCCCC1,ADORA3;ADRA2B;ADRB3;AGTR1;CYP2C9;CYP3A4;EGFR;ERBB2;POLH;POLI;POLK;SLC6A2;TBXAS1,AGTR1
478,canrenone,C[C@]12CC[C@H]3[C@@H](C=CC4=CC(=O)CC[C@]34C)[C@@H]1CC[C@@]21CCC(=O)O1,NR3C2,NR3C2
480,capecitabine,CCCCCOC(=O)NC1=NC(=O)N(C=C1F)[C@@H]1O[C@H](C)[C@@H](O)[C@H]1O,TYMS,TYMS
484,captopril,C[C@H](CS)C(=O)N1CCC[C@H]1C(O)=O,ACE;F2;LTA4H;PTGS1;PTGS2;REN,ACE
486,caramiphen,CCN(CC)CCOC(=O)C1(CCCC1)C1=CC=CC=C1,PRCP;SIGMAR1,
487,carazolol,CC(C)NCC(O)COC1=CC=CC2=C1C1=CC=CC=C1N2,ADRB2;ADRB3,
488,carbachol,C[N+](C)(C)CCOC(N)=O,CHRM1;CHRM2;CHRM3;CHRM4;CHRM5;CHRNA4;CHRNA7;CHRNB2,CHRM3
489,carbamazepine,NC(=O)N1C2=CC=CC=C2C=CC2=C1C=CC=C2,CHRNA2;CHRNB4;FZD8;GABRA1;GABRB2;GABRG2;HRH1;NR1I2;SCN4A;SCN5A;SCN9A;SLC6A4,SCN4A;SCN5A;SCN9A
492,carbenicillin,CC1(C)S[C@@H]2[C@H](NC(=O)C(C(O)=O)C3=CC=CC=C3)C(=O)N2[C@H]1C(O)=O,CHRM1;CHRM3,
493,carbenoxolone,CC1(C)[C@H](CC[C@@]2(C)[C@H]1CC[C@]1(C)[C@@H]2C(=O)C=C2[C@@H]3C[C@](C)(CC[C@]3(C)CC[C@@]12C)C(O)=O)OC(=O)CCC(O)=O,HSD11B1,HSD11B1
494,pentoxyverine,CCN(CC)CCOCCOC(=O)C1(CCCC1)C1=CC=CC=C1,CHRM1;CHRM2;PRCP;SIGMAR1;SLC22A1,
495,carbetocin,CC[C@H](C)[C@@H]1NC(=O)[C@H](CC2=CC=C(OC)C=C2)NC(=O)CCCSC[C@H](NC(=O)[C@H](CC(N)=O)NC(=O)[C@H](CCC(N)=O)NC1=O)C(=O)N1CCC[C@H]1C(=O)N[C@@H](CC(C)C)C(=O)NCC(N)=O,AVPR1A;AVPR2;OXTR,OXTR
496,carbidopa,C[C@@](CC1=CC(O)=C(O)C=C1)(NN)C(O)=O,DDC;FYN;KDM4E;LCK,DDC
497,carbimazole,CCOC(=O)N1C=CN(C)C1=S,LPO;TPO,TPO
499,carbinoxamine,CN(C)CCOC(C1=CC=C(Cl)C=C1)C1=CC=CC=N1,HRH1,HRH1
502,carboprost,CCCCC[C@](C)(O)\C=C\[C@H]1[C@H](O)C[C@H](O)[C@@H]1C\C=C/CCCC(O)=O,PTGFR,PTGFR
505,carbutamide,CCCCNC(=O)NS(=O)(=O)C1=CC=C(N)C=C1,ABCC8;KCNJ11,ABCC8;KCNJ11
510,carubicin,C[C@@H]1O[C@H](C[C@H](N)[C@@H]1O)O[C@H]1C[C@@](O)(CC2=C1C(O)=C1C(=O)C3=C(O)C=CC=C3C(=O)C1=C2O)C(C)=O,TOP2A,
511,carmofur,CCCCCCNC(=O)N1C=C(F)C(=O)NC1=O,ASAH1;CYP2D6;MAPK3;SQRDL,
512,carmustine,ClCCNC(=O)N(CCCl)N=O,GSR,GSR
513,levocarnitine,C[N+](C)(C)C[C@H](O)CC([O-])=O,CPT1A,
515,carperitide,CC[C@H](C)[C@@H]1NC(=O)[C@H](CCCNC(N)=N)NC(=O)[C@H](CC(O)=O)NC(=O)[C@H](CCSC)NC(=O)[C@H](CCCNC(N)=N)NC(=O)CNC(=O)CNC(=O)[C@H](CC2=CC=CC=C2)NC(=O)[C@H](CSSC[C@H](NC(=O)CNC(=O)[C@H](CC(C)C)NC(=O)CNC(=O)[C@H](CO)NC(=O)[C@H](CCC(N)=O)NC(=O)[C@H](C)NC(=O)CNC1=O)C(=O)N[C@@H](CC(N)=O)C(=O)N[C@@H](CO)C(=O)N[C@@H](CC1=CC=CC=C1)C(=O)N[C@@H](CCCNC(N)=N)C(=O)N[C@@H](CC1=CC=C(O)C=C1)C(O)=O)NC(=O)[C@H](CO)NC(=O)[C@H](CO)NC(=O)[C@H](CCCNC(N)=N)NC(=O)[C@H](CCCNC(N)=N)NC(=O)[C@H](CC(C)C)NC(=O)[C@@H](N)CO,NPR1,
516,carfenazine,CCC(=O)C1=CC=C2SC3=CC=CC=C3N(CCCN3CCN(CCO)CC3)C2=C1,DRD2;HTR2A,DRD2;HTR2A
517,carpipramine,NC(=O)C1(CCN(CCCN2C3=CC=CC=C3CCC3=C2C=CC=C3)CC1)N1CCCCC1,DRD2;DRD3,
518,carprofen,CC(C(O)=O)C1=CC2=C(C=C1)C1=CC(Cl)=CC=C1N2,C5;PTGS1;PTGS2,PTGS2
520,carteolol,CC(C)(C)NCC(O)COC1=C2CCC(=O)NC2=CC=C1,ADRB1;ADRB2,ADRB1;ADRB2
522,carvedilol,COC1=C(OCCNCC(O)COC2=CC=CC3=C2C2=CC=CC=C2N3)C=CC=C1,ADRA1A;ADRA1D;ADRA2A;ADRA2B;ADRA2C;ADRB1;ADRB2;ADRB3;APP;DRD1;DRD2;DRD3;HTR1A;HTR2A;HTR2B;HTR2C;HTR6;KCNH2;KCNK10;KCNK2;RYR2;SLC22A1;SLC22A2;SLC47A1;SLC6A2;SLC6A3;SLC6A4;TLR4,ADRB1;ADRB2
526,cefadroxil,CC1=C(N2[C@H](SC1)[C@H](NC(=O)[C@H](N)C1=CC=C(O)C=C1)C2=O)C(O)=O,SLC15A1,
527,cefamandole,CN1N=NN=C1SCC1=C(N2[C@H](SC1)[C@H](NC(=O)[C@H](O)C1=CC=CC=C1)C2=O)C(O)=O,SLC15A1,
537,cefixime,NC1=NC(=CS1)C(=N\OCC(O)=O)\C(=O)N[C@H]1[C@H]2SCC(C=C)=C(N2C1=O)C(O)=O,DRD2;PLCG1,
539,cefmetazole,CO[C@]1(NC(=O)CSCC#N)[C@H]2SCC(CSC3=NN=NN3C)=C(N2C1=O)C(O)=O,IDE,
542,cefonicid,O[C@@H](C(=O)N[C@H]1[C@H]2SCC(CSC3=NN=NN3CS(O)(=O)=O)=C(N2C1=O)C(O)=O)C1=CC=CC=C1,MMP9;PTGS2;SSTR4,
547,cefotetan,CO[C@]1(NC(=O)C2SC(S2)=C(C(N)=O)C(O)=O)[C@H]2SCC(CSC3=NN=NN3C)=C(N2C1=O)C(O)=O,COMT;MMP1;MMP2;MMP9;PTGS2,
548,cefotiam,CN(C)CCN1N=NN=C1SCC1=C(N2[C@H](SC1)[C@H](NC(=O)CC1=CSC(N)=N1)C2=O)C(O)=O,MMP9;VIPR1,
558,cefsulodin,NC(=O)C1=CC=[N+](CC2=C(N3[C@H](SC2)[C@H](NC(=O)[C@@H](C2=CC=CC=C2)S(O)(=O)=O)C3=O)C([O-])=O)C=C1,GRK2;L3MBTL1;PTPN11;PTPN6,
564,ceftriaxone,CO\N=C(/C(=O)N[C@H]1[C@H]2SCC(CSC3=NC(=O)C(=O)NN3C)=C(N2C1=O)C(O)=O)C1=CSC(N)=N1,DAO,
565,cefuroxime,CO\N=C(/C(=O)N[C@H]1[C@H]2SCC(COC(N)=O)=C(N2C1=O)C(O)=O)C1=CC=CO1,CA2;MMP2;MMP9,
568,celecoxib,CC1=CC=C(C=C1)C1=CC(=NN1C1=CC=C(C=C1)S(N)(=O)=O)C(F)(F)F,ADORA3;ADRA2B;ADRB3;CA1;CA12;CA13;CA14;CA2;CA3;CA4;CA5A;CA5B;CA6;CA7;CA9;CYP2D6;DRD1;HDAC1;HDAC6;MAPK14;MT-CO2;PDE4A;PDE5A;PDPK1;PTGES;PTGS1;PTGS2;SLC6A2;SLC6A3;SLC6A4,PTGS2
569,celiprolol,CCN(CC)C(=O)NC1=CC(C(C)=O)=C(OCC(O)CNC(C)(C)C)C=C1,ADRB1;ADRB2,ADRB1
571,cefalexin,CC1=C(N2[C@H](SC1)[C@H](NC(=O)[C@H](N)C1=CC=CC=C1)C2=O)C(O)=O,SLC15A2,
574,cefalotin,CC(=O)OCC1=C(N2[C@H](SC1)[C@H](NC(=O)CC1=CC=CS1)C2=O)C(O)=O,MMP9;PTGS2;PTPN7;SLC22A11;SLC22A8;SSTR4,
575,cefapirin,CC(=O)OCC1=C(N2[C@H](SC1)[C@H](NC(=O)CSC1=CC=NC=C1)C2=O)C(O)=O,ADRA2C;CNR1;CYP2D6;CYP3A4;CYP3A5;DRD2;DRD3;DRD4;HRH2;HTR1A;HTR2B;MMP1;NISCH;OPRD1;OPRK1;OPRM1;SIGMAR1;SSTR4;TACR1;TACR2,
576,cefradine,CC1=C(N2[C@H](SC1)[C@H](NC(=O)[C@H](N)C1=CCC=CC1)C2=O)C(O)=O,MMP9;SSTR4,
577,cerivastatin,COCC1=C(C2=CC=C(F)C=C2)C(\C=C\[C@@H](O)C[C@@H](O)CC(O)=O)=C(N=C1C(C)C)C(C)C,HMGCR;NR1I3,HMGCR
578,cerulenin,C\C=C\C\C=C\CCC(=O)[C@H]1O[C@H]1C(N)=O,F13A1;FASN,
579,ceruletide,CSCC[C@H](NC(=O)[C@H](CC1=CNC2=C1C=CC=C2)NC(=O)CNC(=O)[C@@H](NC(=O)[C@H](CC1=CC=C(OS(O)(=O)=O)C=C1)NC(=O)[C@H](CC(O)=O)NC(=O)[C@H](CCC(N)=O)NC(=O)[C@@H]1CCC(=O)N1)[C@@H](C)O)C(=O)N[C@@H](CC(O)=O)C(=O)N[C@@H](CC1=CC=CC=C1)C(N)=O,CCKAR,CCKAR
581,cetirizine,OC(=O)COCCN1CCN(CC1)C(C1=CC=CC=C1)C1=CC=C(Cl)C=C1,HRH1;KCNH2;TEK,HRH1
583,cetrorelix,CC(C)C[C@H](NC(=O)[C@@H](CCCNC(N)=O)NC(=O)[C@H](CC1=CC=C(O)C=C1)NC(=O)[C@H](CO)NC(=O)[C@@H](CC1=CN=CC=C1)NC(=O)[C@@H](CC1=CC=C(Cl)C=C1)NC(=O)[C@@H](CC1=CC=C2C=CC=CC2=C1)NC(C)=O)C(=O)N[C@@H](CCCNC(N)=N)C(=O)N1CCC[C@H]1C(=O)N[C@H](C)C(N)=O,GNRHR;LHCGR,GNRHR
584,cevimeline,CC1OC2(CS1)CN1CCC2CC1,CHRM1;CHRM2;CHRM3;CHRM4;CHRM5,CHRM1;CHRM3
588,chlorambucil,OC(=O)CCCC1=CC=C(C=C1)N(CCCl)CCCl,ADAM9;CTSD;CTSE;OPRD1,
589,chloramphenicol,OC[C@@H](NC(=O)C(Cl)Cl)[C@H](O)C1=CC=C(C=C1)[N+]([O-])=O,CYP3A4,
593,chlorcyclizine,CN1CCN(CC1)C(C1=CC=CC=C1)C1=CC=C(Cl)C=C1,BCL2,
594,chlordiazepoxide,CNC1=NC2=CC=C(Cl)C=C2C(C2=CC=CC=C2)=[N+]([O-])C1,CCKAR;CCKBR;GABRA1;GABRA2;GABRA3;GABRA5;GABRB2;GABRB3;GABRG2;HRH1;TRHR,GABRA1;GABRA2;GABRA3;GABRA5;GABRB2;GABRB3;GABRG2
597,chlorhexidine,ClC1=CC=C(NC(=N)NC(=N)NCCCCCCNC(=N)NC(=N)NC2=CC=C(Cl)C=C2)C=C1,MMP2;MMP9;SLC22A1;SLC22A2;SLC22A3;SLC47A1;SLC47A2;SYNJ2,
600,chlormadinone,CC(=O)O[C@@]1(CC[C@H]2[C@@H]3C=C(Cl)C4=CC(=O)CC[C@]4(C)[C@H]3CC[C@]12C)C(C)=O,CYP2C19;NR3C1,
602,clomethiazole,CC1=C(CCCl)SC=N1,GABRA1;GABRB3;GABRG2,
605,chloroprocaine,CCN(CC)CCOC(=O)C1=C(Cl)C=C(N)C=C1,SCN10A,SCN10A
606,chloropyramine,CN(C)CCN(CC1=CC=C(Cl)C=C1)C1=CC=CC=N1,PTK2,
607,chloroquine,CCN(CC)CCCC(C)NC1=CC=NC2=CC(Cl)=CC=C12,ADRA2A;ADRA2B;ADRA2C;APP;BACE1;CHRM1;CHRM2;CHRM3;CHRM4;CHRM5;KCNH2;NQO2;PRNP;SIGMAR1;TMEM97,
609,chlorothiazide,NS(=O)(=O)C1=C(Cl)C=C2N=CNS(=O)(=O)C2=C1,CA2;SLC12A3,SLC12A3
610,chlorotrianisene,COC1=CC=C(C=C1)C(Cl)=C(C1=CC=C(OC)C=C1)C1=CC=C(OC)C=C1,ESR1;ESR2,ESR2
611,chloroxine,OC1=C2N=CC=CC2=C(Cl)C=C1Cl,ALOX12;ALOX15;ALOX15B;ALOX5,
616,chlorphenamine,CN(C)CCC(C1=CC=C(Cl)C=C1)C1=CC=CC=N1,CYP2D6;HRH1;HRH4;HTR2B;KCNH2;L3MBTL1;L3MBTL3;MBTD1;SCN1A;SCN2A;SCN3A;SLC6A2;SLC6A3;SLC6A4,HRH1
618,chlorphentermine,CC(C)(N)CC1=CC=C(Cl)C=C1,SLC6A3;SLC6A4,SLC6A4
619,chlorproethazine,CCN(CC)CCCN1C2=CC=CC=C2SC2=C1C=C(Cl)C=C2,DRD2;DRD3;DRD4,
621,chlorpromazine,CN(C)CCCN1C2=CC=CC=C2SC2=C1C=C(Cl)C=C2,ABCB1;ADRA1A;ADRA1B;ADRA1D;ADRA2A;ADRA2B;ADRA2C;AOX1;CALM1;CALM2;CALM3;CHRM1;CHRM2;CHRM3;CHRM4;CHRM5;CYP2D6;DRD1;DRD2;DRD3;DRD4;DRD5;EGFR;ERBB2;FYN;GFER;GRIN1;GRIN2A;GRIN2B;GRIN2C;GRIN2D;GRIN3A;GRIN3B;HRH1;HRH2;HRH4;HTR1A;HTR1B;HTR1D;HTR1E;HTR2A;HTR2B;HTR2C;HTR3A;HTR5A;HTR6;HTR7;KCNH2;KCNK2;MC3R;MC4R;MC5R;OPRD1;OPRK1;OPRM1;PRNP;RYR1;SCN1A;SCN2A;SCN3A;SIGMAR1;SLC22A1;SLC22A2;SLC6A2;SLC6A3;SLC6A4;SMPD1;TACR2,DRD2
622,chlorpropamide,CCCNC(=O)NS(=O)(=O)C1=CC=C(Cl)C=C1,ABCC8;KCNJ11,ABCC8;KCNJ11
623,chlorprothixene,CN(C)CC\C=C1\C2=CC=CC=C2SC2=C1C=C(Cl)C=C2,CHRM1;CHRM2;CHRM3;CHRM4;CHRM5;DRD1;DRD2;DRD3;DRD4;DRD5;HRH1;HTR2A;HTR6;SLC22A1,DRD2
624,chlortetracycline,CN(C)[C@H]1[C@@H]2C[C@H]3C(=C(O)[C@]2(O)C(=O)C(C(N)=O)=C1O)C(=O)C1=C(C(Cl)=CC=C1O)[C@@]3(C)O,PADI4;PDE4A;PRNP,
625,chlortalidone,NS(=O)(=O)C1=CC(=CC=C1Cl)C1(O)NC(=O)C2=CC=CC=C12,CA1;CA12;CA14;CA2;CA3;CA4;CA5A;CA5B;CA6;CA7;CA9;SLC12A3,SLC12A3
626,chlorzoxazone,ClC1=CC2=C(OC(=O)N2)C=C1,KCNMA1;KCNN4;NOS1;NOS2;NOS3,KCNMA1
629,cianidanol,O[C@H]1CC2=C(O)C=C(O)C=C2O[C@@H]1C1=CC(O)=C(O)C=C1,APP;BACE1;CA1;CA12;CA13;CA14;CA2;CA3;CA4;CA5A;CA5B;CA6;CA7;CA9;F2;KIT;PTGS1;PTGS2,
630,cibenzoline,C1C(C2=NCCN2)C1(C1=CC=CC=C1)C1=CC=CC=C1,HCN4;KCNH2;KCNJ11,
631,cicaprost,CCC#CC[C@H](C)[C@H](O)C#C[C@H]1[C@H](O)C[C@@H]2C\C(C[C@H]12)=C/COCC(O)=O,PTGDR;PTGER1;PTGER3;PTGER4;PTGFR;PTGIR,
633,ciclesonide,CC(C)C(=O)OCC(=O)[C@@]12O[C@@H](O[C@@H]1C[C@H]1[C@@H]3CCC4=CC(=O)C=C[C@]4(C)[C@H]3[C@@H](O)C[C@]21C)C1CCCCC1,NR3C1,NR3C1
636,ciclopirox,CC1=CC(=O)N(O)C(=C1)C1CCCCC1,DOHH;PARP1,
637,cicloprolol,CC(C)NCC(O)COC1=CC=C(OCCOCC2CC2)C=C1,ADRB1;ADRB2,
640,cilastatin,CC1(C)C[C@@H]1C(=O)N\C(=C/CCCCSC[C@H](N)C(O)=O)C(O)=O,DPEP1,DPEP1
641,cilazapril,CCOC(=O)[C@H](CCC1=CC=CC=C1)N[C@H]1CCCN2CCC[C@H](N2C1=O)C(O)=O,ACE,ACE
642,cilnidipine,COCCOC(=O)C1=C(C)NC(C)=C(C1C1=CC(=CC=C1)[N+]([O-])=O)C(=O)OC\C=C\C1=CC=CC=C1,CACNA1C;CACNA1D,CACNA1C;CACNA1D
644,cilostazol,O=C1CCC2=CC(OCCCCC3=NN=NN3C3CCCCC3)=CC=C2N1,CYP2C9;PDE3A;PDE3B,PDE3A
645,cimetidine,CNC(NCCSCC1=C(C)NC=N1)=NC#N,HRH2;HTR2A;SLC47A1;SLC47A2,HRH2
647,cinacalcet,C[C@@H](NCCCC1=CC(=CC=C1)C(F)(F)F)C1=CC=CC2=C1C=CC=C2,CASR;CYP2D6;GLRA1,CASR
648,cinalukast,CCC(CC)(CC(=O)NC1=CC=CC(\C=C\C2=NC(=CS2)C2CCC2)=C1)C(O)=O,CYSLTR1,CYSLTR1
654,cinnarizine,C(\C=C\C1=CC=CC=C1)N1CCN(CC1)C(C1=CC=CC=C1)C1=CC=CC=C1,ADRA1D;ADRA2A;ADRA2B;ADRA2C;CHRM1;CHRM3;CHRM4;CHRM5;DRD2;DRD3;HRH1;HRH4;HTR1A;HTR2A;HTR2B;OPRM1;SCN1A;SCN2A;SCN3A;SIGMAR1;SLC6A2;SLC6A3;SLC6A4,
657,cinoxacin,CCN1N=C(C(O)=O)C(=O)C2=C1C=C1OCOC1=C2,CA2,
658,ciprofibrate,CC(C)(OC1=CC=C(C=C1)C1CC1(Cl)Cl)C(O)=O,PPARA,PPARA
659,ciprofloxacin,OC(=O)C1=CN(C2CC2)C2=CC(N3CCNCC3)=C(F)C=C2C1=O,TOP2A;TOP2B,
660,cisapride,COC1CN(CCCOC2=CC=C(F)C=C2)CCC1NC(=O)C1=C(OC)C=C(N)C(Cl)=C1,ADRA1D;ADRA2A;ADRA2B;ADRA2C;CYP2D6;CYP3A4;DRD1;DRD2;DRD3;HMGCR;HTR1A;HTR2A;HTR2B;HTR2C;HTR3A;HTR3B;HTR3C;HTR3D;HTR3E;HTR4;HTR7;KCNH2;SIGMAR1;SLC6A4,HTR4
661,cisatracurium,COC1=C(OC)C=C(C[C@@H]2C3=CC(OC)=C(OC)C=C3CC[N@+]2(C)CCC(=O)OCCCCCOC(=O)CC[N@@+]2(C)CCC3=CC(OC)=C(OC)C=C3[C@H]2CC2=CC(OC)=C(OC)C=C2)C=C1,CHRNA1;CHRNB1;CHRND,CHRNA1;CHRNB1;CHRND
663,citalopram,CN(C)CCCC1(OCC2=C1C=CC(=C2)C#N)C1=CC=C(F)C=C1,ADRA1D;CHRM1;HRH1;HTR2A;HTR2B;HTR2C;KCNH2;SIGMAR1;SLC22A1;SLC6A2;SLC6A3;SLC6A4,SLC6A4
667,cladribine,NC1=C2N=CN([C@H]3C[C@H](O)[C@@H](CO)O3)C2=NC(Cl)=N1,DCK;PDE4A,
668,clarithromycin,CC[C@H]1OC(=O)[C@H](C)[C@@H](O[C@H]2C[C@@](C)(OC)[C@@H](O)[C@H](C)O2)[C@H](C)[C@@H](O[C@@H]2O[C@H](C)C[C@@H]([C@H]2O)N(C)C)[C@@](C)(C[C@@H](C)C(=O)[C@H](C)[C@@H](O)[C@]1(C)O)OC,KCNH2,
670,clebopride,COC1=C(C=C(Cl)C(N)=C1)C(=O)NC1CCN(CC2=CC=CC=C2)CC1,ACHE;DRD2;DRD3;DRD4;KCNH2,
671,clemastine,CN1CCC[C@@H]1CCO[C@](C)(C1=CC=CC=C1)C1=CC=C(Cl)C=C1,ADRA1D;ADRA2A;ADRA2B;ADRA2C;CHRM1;CHRM2;CHRM3;CHRM4;CHRM5;CYP2C19;CYP2D6;DRD1;DRD2;DRD3;HRH1;HRH2;HTR2A;HTR2B;HTR2C;HTR6;KCNH2;SIGMAR1;SLC22A1;SLC6A2;SLC6A3;TMEM97,HRH1
672,clemizole,ClC1=CC=C(CN2C(CN3CCCC3)=NC3=C2C=CC=C3)C=C1,HRH4;TRPC3;TRPC4;TRPC5;TRPC6,
673,clenbuterol,CC(C)(C)NCC(O)C1=CC(Cl)=C(N)C(Cl)=C1,ADRB1;ADRB2;HTR1A,
674,clevidipine,CCCC(=O)OCOC(=O)C1=C(C)NC(C)=C(C1C1=C(Cl)C(Cl)=CC=C1)C(=O)OC,CACNA1C;CACNA1D,CACNA1C;CACNA1D
676,clidinium,C[N+]12CCC(CC1)C(C2)OC(=O)C(O)(C1=CC=CC=C1)C1=CC=CC=C1,CHRM1;CHRM3,CHRM1;CHRM3
681,clioquinol,OC1=C2N=CC=CC2=C(Cl)C=C1I,APP,
682,clobazam,CN1C2=CC=C(Cl)C=C2N(C2=CC=CC=C2)C(=O)CC1=O,GABRA1;GABRB2;GABRG2,GABRA1;GABRB2;GABRG2
690,clodronic acid,OP(O)(=O)C(Cl)(Cl)P(O)(O)=O,PTPN1;SLC17A9;SLC25A4;SLC25A5;SLC25A6,
691,clofarabine,NC1=C2N=CN([C@@H]3O[C@H](CO)[C@@H](O)[C@@H]3F)C2=NC(Cl)=N1,PDE2A;POLA1;PRPS1;RRM1;RRM2;UCK1;UCK2,POLA1;RRM1;RRM2
694,clofibrate,CCOC(=O)C(C)(C)OC1=CC=C(Cl)C=C1,PPARA,PPARA
695,clofibric acid,CC(C)(OC1=CC=C(Cl)C=C1)C(O)=O,LPL;PPARA,
700,clomifene,CCN(CC)CCOC1=CC=C(C=C1)C(=C(Cl)C1=CC=CC=C1)C1=CC=CC=C1,ADORA3;ADRA2A;ADRA2B;ADRA2C;ADRB3;CHRM1;CHRM2;CHRM3;CHRM4;CHRM5;CYP2D6;DRD3;EBP;EGFR;ERBB2;ESR1;FYN;HRH1;HTR2A;HTR2B;HTR2C;HTR6;KCNH2;PTGS1;SIGMAR1;SLC6A2;SLC6A3;SLC6A4;TACR2,ESR1
701,clomipramine,CN(C)CCCN1C2=CC(Cl)=CC=C2CCC2=C1C=CC=C2,ADRA1A;ADRA1D;ADRA2A;ADRA2B;ADRA2C;AOX1;CHRM1;CHRM2;CHRM3;CHRM4;CHRM5;CYP2D6;DRD1;DRD2;DRD3;GSTP1;HRH1;HRH2;HTR2A;HTR2B;HTR2C;HTR6;SIGMAR1;SLC22A1;SLC6A2;SLC6A3;SLC6A4,SLC6A2;SLC6A4
703,clonazepam,[O-][N+](=O)C1=CC=C2NC(=O)CN=C(C2=C1)C1=C(Cl)C=CC=C1,GABRA1;GABRA2;GABRA3;GABRA4;GABRA5;GABRA6;GABRB1;GABRB2;GABRB3;GABRD;GABRE;GABRG1;GABRG2;GABRG3;GABRP;GABRQ,GABRA1;GABRB2;GABRG2
704,clonidine,ClC1=CC=CC(Cl)=C1NC1=NCCN1,ADRA1A;ADRA1B;ADRA1D;ADRA2A;ADRA2B;ADRA2C;HTR1A;NISCH;SLC22A1;SLC22A2;SLC47A1,ADRA2A;ADRA2B;ADRA2C
705,clonixin,CC1=C(NC2=C(C=CC=N2)C(O)=O)C=CC=C1Cl,DHODH,
707,cloperastine,ClC1=CC=C(C=C1)C(OCCN1CCCCC1)C1=CC=CC=C1,SLC22A1,
708,clopidogrel,COC(=O)[C@@H](N1CCC2=C(C1)C=CS2)C1=C(Cl)C=CC=C1,CYP2B6;P2RY12;SLC6A4,P2RY12
711,clorazepate,OC(=O)C1N=C(C2=CC=CC=C2)C2=CC(Cl)=CC=C2NC1=O,GABRA1;GABRA2;GABRA3;GABRA5;GABRB2;GABRB3;GABRG2,GABRA1;GABRA2;GABRA3;GABRA5;GABRB2;GABRB3;GABRG2
714,clorprenaline,CC(C)NCC(O)C1=C(Cl)C=CC=C1,ADRB1;ADRB2,
717,clotiapine,CN1CCN(CC1)C1=NC2=CC=CC=C2SC2=C1C=C(Cl)C=C2,DRD2,
719,clotrimazole,ClC1=C(C=CC=C1)C(N1C=CN=C1)(C1=CC=CC=C1)C1=CC=CC=C1,ABCB1;ACHE;ADORA1;ADORA2A;ADORA3;ADRA1D;ADRA2A;ADRA2B;ADRB1;ADRB3;AVPR2;CA2;CCR4;CHRM1;CHRM2;CHRM3;CHRM4;CXCR1;CYP17A1;CYP19A1;CYP2C19;CYP2C9;CYP3A4;CYP51A1;CYP8B1;CYSLTR1;DRD1;DRD2;DRD3;DRD4;EGFR;ERBB2;FYN;HRH1;HRH2;HTR1A;HTR2A;HTR2B;HTR2C;HTR6;KCNA3;KCNH2;KCNN4;MDH1;NR1H4;NR1I2;NR1I3;NR3C1;OPRD1;OPRK1;OPRM1;PTAFR;PTGS2;SLC22A1;SLC6A2;SLC6A3;SLC6A4;TACR1;TACR2;TBXAS1;VCP,
721,cloxazolam,ClC1=CC=C2NC(=O)CN3CCOC3(C2=C1)C1=C(Cl)C=CC=C1,AKR1C3,
722,clozapine,CN1CCN(CC1)C1=NC2=CC(Cl)=CC=C2NC2=C1C=CC=C2,ADORA3;ADRA1A;ADRA1B;ADRA1D;ADRA2A;ADRA2B;ADRA2C;ADRB1;ADRB2;AOX1;CALM1;CHRM1;CHRM2;CHRM3;CHRM4;CHRM5;DRD1;DRD2;DRD3;DRD4;DRD5;H1F0;HRH1;HRH2;HRH4;HTR1A;HTR1B;HTR1D;HTR1E;HTR1F;HTR2A;HTR2B;HTR2C;HTR3A;HTR5A;HTR6;HTR7;KCNH2;SIGMAR1;SLC6A2;SLC6A4;UGT1A4,DRD2;HTR2A
723,cocaine,COC(=O)[C@@H]1[C@H]2CC[C@@H](C[C@@H]1OC(=O)C1=CC=CC=C1)N2C,ADRA1A;CARTPT;HRH1;HTR1B;HTR3A;HTR3B;KCNH2;OPRK1;SCN11A;SCN1A;SCN2A;SCN3A;SCN5A;SIGMAR1;SLC6A1;SLC6A2;SLC6A3;SLC6A4,SLC6A3
725,codeine,COC1=CC=C2C[C@@H]3[C@@H]4C=C[C@H](O)[C@@H]5OC1=C2[C@]45CCN3C,OPRD1;OPRK1;OPRM1,OPRM1
726,colchicine,COC1=C(OC)C(OC)=C2C(CC[C@H](NC(C)=O)C3=CC(=O)C(OC)=CC=C23)=C1,ABCB1;ABCC1;BRD4;CYP3A4;GLRA1;GLRA2;PIM1;TUBB;TUBB4B,
729,colforsin daropate,CN(C)CCC(=O)O[C@@H]1[C@H](OC(C)=O)[C@@]2(C)O[C@](C)(CC(=O)[C@]2(O)[C@@]2(C)[C@@H](O)CCC(C)(C)[C@H]12)C=C,ADCY1;SCN1A;SCN2A;SCN3A;SLC2A1,
732,conivaptan,CC1=NC2=C(N1)C1=C(C=CC=C1)N(CC2)C(=O)C1=CC=C(NC(=O)C2=C(C=CC=C2)C2=CC=CC=C2)C=C1,AVPR1A;AVPR2,AVPR1A;AVPR2
734,cortisone acetate,CC(=O)OCC(=O)[C@@]1(O)CC[C@H]2[C@@H]3CCC4=CC(=O)CC[C@]4(C)[C@H]3C(=O)C[C@]12C,ANXA1;FNTA;FNTB;KCNA1;NR3C1;SERPINA6;SHBG;SLC47A1,NR3C1
736,cortivazol,C[C@@H]1C[C@H]2[C@@H]3C=C(C)C4=CC5=C(C[C@]4(C)[C@H]3[C@@H](O)C[C@]2(C)[C@@]1(O)C(=O)COC(C)=O)C=NN5C1=CC=CC=C1,NR3C1,NR3C1
737,cotinine,CN1[C@@H](CCC1=O)C1=CN=CC=C1,CHRNA2,
738,coumarin,O=C1OC2=CC=CC=C2C=C1,CA1;CA12;CA14;CA2;CA3;CA4;CA5A;CA5B;CA6;CA7;CA9,
741,cromoglicic acid,OC(COC1=CC=CC2=C1C(=O)C=C(O2)C(O)=O)COC1=C2C(=O)C=C(OC2=CC=C1)C(O)=O,GPR35;S100P,
746,cyamemazine,CC(CN(C)C)CN1C2=CC=CC=C2SC2=C1C=C(C=C2)C#N,CHRM1;CHRM2;CHRM3;CHRM4;CHRM5;DRD1;DRD2;DRD3;HTR1A;HTR2A;HTR2C;HTR3A;HTR7,
749,cyclizine,CN1CCN(CC1)C(C1=CC=CC=C1)C1=CC=CC=C1,ADRA1D;ADRA2A;CHRM1;CHRM2;CHRM3;CHRM4;CHRM5;CYP2D6;DRD3;HRH1;HTR2A;HTR2B;HTR2C;MAOB;SLC6A3,HRH1
751,cyclobenzaprine,CN(C)CCC=C1C2=CC=CC=C2C=CC2=C1C=CC=C2,ABCB1;AOX1;CHRM1;CHRM2;CHRM3;HRH1;HTR2A;HTR2B;HTR2C;HTR6;HTR7;RET;SLC6A2;SLC6A4,HTR2A
753,cyclofenil,CC(=O)OC1=CC=C(C=C1)C(=C1CCCCC1)C1=CC=C(OC(C)=O)C=C1,ESR1,
754,cycloguanil,CC1(C)N=C(N)N=C(N)N1C1=CC=C(Cl)C=C1,DHFR,
757,cyclopentolate,CN(C)CCOC(=O)C(C1=CC=CC=C1)C1(O)CCCC1,CHRM3,CHRM3
758,cyclophosphamide,ClCCN(CCCl)P1(=O)NCCCO1,CYP3A4,
759,cycloserine,N[C@@H]1CONC1=O,CYP3A4;GRIN1;GRIN2A;GRIN2B;GRIN2C;GRIN2D;GRIN3A;GRIN3B,
760,ciclosporin,CC[C@@H]1NC(=O)[C@H]([C@H](O)[C@H](C)C\C=C\C)N(C)C(=O)[C@H](C(C)C)N(C)C(=O)[C@H](CC(C)C)N(C)C(=O)[C@H](CC(C)C)N(C)C(=O)[C@@H](C)NC(=O)[C@H](C)NC(=O)[C@H](CC(C)C)N(C)C(=O)[C@@H](NC(=O)[C@H](CC(C)C)N(C)C(=O)CN(C)C1=O)C(C)C,ABCB1;ABCB11;ABCC1;ABCC2;ABCG2;CYP3A4;DHODH;FKBP1A;FKBP1B;FKBP4;FPR1;PPIA;PPIB;PPID;PPP3CA;SLC10A1;SLCO1B1;SLCO1B3;TACR2,PPIA
761,cyclothiazide,NS(=O)(=O)C1=CC2=C(NC(NS2(=O)=O)C2CC3CC2C=C3)C=C1Cl,GRIA1;GRIA2;GRIA3;GRIA4;SLC12A3,SLC12A3
762,cyclovalone,COC1=C(O)C=CC(C=C2CCCC(=CC3=CC(OC)=C(O)C=C3)C2=O)=C1,JUN;NFKB1,
763,cycrimine,OC(CCN1CCCCC1)(C1CCCC1)C1=CC=CC=C1,CHRM1,CHRM1
765,cyproheptadine,CN1CCC(CC1)=C1C2=CC=CC=C2C=CC2=C1C=CC=C2,ABCB1;ADRA1A;ADRA1B;ADRA1D;ADRA2A;ADRA2B;ADRA2C;CALM1;CALM2;CALM3;CHRM1;CHRM2;CHRM3;CHRM4;CHRM5;DRD1;DRD2;DRD3;HRH1;HRH2;HRH4;HTR1A;HTR1D;HTR2A;HTR2B;HTR2C;HTR6;HTR7;KCNH2;SCN1A;SCN2A;SCN3A;SETD7;SLC6A2;SLC6A4,HRH1
766,cyproterone acetate,CC(=O)O[C@@]1(CC[C@H]2[C@@H]3C=C(Cl)C4=CC(=O)[C@@H]5C[C@@H]5[C@]4(C)[C@H]3CC[C@]12C)C(C)=O,AR;NR3C1;OPRM1;PGR,AR
769,cysteine,N[C@@H](CS)C(O)=O,SLC7A11,
770,cytarabine,NC1=NC(=O)N(C=C1)[C@@H]1O[C@H](CO)[C@@H](O)[C@@H]1O,ACPP;MDM2;POLA1;POLB;POLD1;POLE,POLA1;POLD1;POLE
773,dacarbazine,CN(C)\N=N\C1=C(NC=N1)C(N)=O,MMP9;POLA2,
774,dactinomycin,CC(C)[C@H]1NC(=O)[C@@H](NC(=O)C2=C3N=C4C(OC3=C(C)C=C2)=C(C)C(=O)C(N)=C4C(=O)N[C@H]2[C@@H](C)OC(=O)[C@H](C(C)C)N(C)C(=O)CN(C)C(=O)[C@@H]3CCCN3C(=O)[C@H](NC2=O)C(C)C)[C@@H](C)OC(=O)[C@H](C(C)C)N(C)C(=O)CN(C)C(=O)[C@@H]2CCCN2C1=O,DDR2;GRB2;NGLY1,
776,dabigatran etexilate,CCCCCCOC(=O)NC(=N)C1=CC=C(NCC2=NC3=CC(=CC=C3N2C)C(=O)N(CCC(=O)OCC)C2=NC=CC=C2)C=C1,F10;F2;HPN;NQO2;PLAT;PLG;PROC;PRSS1;PRSS2;PRSS3;SLC22A2;SLC47A1;SLC47A2,F2
779,danazol,C[C@]12CC[C@H]3[C@@H](CCC4=CC5=C(C[C@]34C)C=NO5)[C@@H]1CC[C@@]2(O)C#C,ADORA3;ADRA2A;ADRA2B;ADRA2C;ADRB3;AR;CHRM3;CYP2C9;DRD1;DRD3;ESR1;HTR2A;NR3C1;OPRK1;OPRM1;PGR;SHBG;SLC6A2;SLC6A3;SLC6A4;STS;TACR2,AR;PGR
780,dantrolene,[O-][N+](=O)C1=CC=C(C=C1)C1=CC=C(O1)\C=N\N1CC(=O)NC1=O,CISD1;RYR1;RYR3,RYR1;RYR3
781,dapiprazole,CC1=C(C=CC=C1)N1CCN(CCC2=NN=C3CCCCN23)CC1,ADRA1A;ADRA1B;ADRA1D;ADRA2B;HTR1A;HTR2A;HTR2B;HTR2C,ADRA1A;ADRA1D
782,dapsone,NC1=CC=C(C=C1)S(=O)(=O)C1=CC=C(N)C=C1,CYP3A4;G6PD;HTR6;MPO,
784,darifenacin,NC(=O)C([C@@H]1CCN(CCC2=CC=C3OCCC3=C2)C1)(C1=CC=CC=C1)C1=CC=CC=C1,ADRB1;ADRB2;CHRM1;CHRM2;CHRM3;CHRM4;CHRM5;DRD2,CHRM3
785,dasatinib,CC1=NC(NC2=NC=C(S2)C(=O)NC2=C(C)C=CC=C2Cl)=CC(=N1)N1CCN(CCO)CC1,ABL1;ABL2;ACVR1;ACVR1B;ACVR2A;ACVR2B;ACVRL1;AURKA;AURKB;BCR;BLK;BMPR1A;BMPR1B;BMX;BRAF;BTK;CDC42BPA;CDC42BPB;CDC42BPG;COQ8A;CSF1R;CSK;CSNK1E;DDR1;DDR2;DMPK;EGFR;EIF2AK4;EPHA1;EPHA2;EPHA3;EPHA4;EPHA5;EPHA6;EPHA8;EPHB1;EPHB2;EPHB3;EPHB4;EPHB6;ERBB2;ERBB3;ERBB4;FGFR1;FGFR2;FGFR3;FGR;FLT1;FLT3;FRK;FYN;GAK;HCK;ITK;JAK2;JAK3;KDR;KIT;LCK;LIMK1;LIMK2;LYN;MAP2K1;MAP2K2;MAP2K5;MAP3K13;MAP3K19;MAP3K2;MAP3K3;MAP3K4;MAP3K7;MAP4K1;MAP4K2;MAP4K3;MAP4K4;MAP4K5;MAPK11;MAPK12;MAPK13;MAPK14;MINK1;MTOR;MYLK2;MYT1;NEK11;NEK2;NLK;PDGFRA;PDGFRB;PIK3CA;PIK3CD;PKMYT1;PTK6;RAF1;RET;RIPK2;SBK1;SIK1;SIK2;SIK3;SLK;SRC;SRMS;STK10;STK25;STK26;STK35;STK36;STK4;SYK;TAOK2;TAOK3;TEC;TESK1;TGFBR1;TGFBR2;TNIK;TNK2;TNNI3K;TXK;TYK2;ULK3;VRK2;WEE1;WEE2;YES1;ZAK,ABL1;EPHA2;FYN;KIT;LCK;PDGFRB;SRC;YES1
786,daunorubicin,COC1=C2C(=O)C3=C(C(O)=C4C[C@](O)(C[C@H](O[C@H]5C[C@H](N)[C@H](O)[C@H](C)O5)C4=C3O)C(C)=O)C(=O)C2=CC=C1,ABCB1;ABCC1;ABCC6;ABCG2;MMP2;TOP2A,TOP2A
788,debrisoquine,NC(=N)N1CCC2=CC=CC=C2C1,MAOA;MAOB,
789,decamethonium,C[N+](C)(C)CCCCCCCCCC[N+](C)(C)C,ACHE;CHRM2;CHRNA1;CHRNB1;CHRND;CHRNE;CHRNG;HRH3,CHRNA1;CHRNB1;CHRND;CHRNE;CHRNG
790,decitabine,NC1=NC(=O)N(C=N1)[C@H]1C[C@H](O)[C@@H](CO)O1,DNMT1;DNMT3A,DNMT1;DNMT3A
792,deferoxamine,CC(=O)N(O)CCCCCNC(=O)CCC(=O)N(O)CCCCCNC(=O)CCC(=O)N(O)CCCCCN,DOHH;HIF1A,
795,prasterone,C[C@]12CC[C@H]3[C@@H](CC=C4C[C@@H](O)CC[C@]34C)[C@@H]1CCC2=O,G6PD;SERPINA6;SHBG,
798,delapril,CCOC(=O)[C@H](CCC1=CC=CC=C1)N[C@@H](C)C(=O)N(CC(O)=O)C1CC2=C(C1)C=CC=C2,ACE,ACE
799,delavirdine,CC(C)NC1=C(N=CC=C1)N1CCN(CC1)C(=O)C1=CC2=C(N1)C=CC(NS(C)(=O)=O)=C2,HRH4;MDH1,
800,delorazepam,ClC1=CC=C2NC(=O)CN=C(C2=C1)C1=C(Cl)C=CC=C1,GABRA1;GABRA2;GABRA3;GABRA4;GABRA5;GABRA6;GABRB1;GABRB2;GABRB3;GABRD;GABRE;GABRG1;GABRG2;GABRG3;GABRP;GABRQ,
801,demecarium,CN(CCCCCCCCCCN(C)C(=O)OC1=CC(=CC=C1)[N+](C)(C)C)C(=O)OC1=CC(=CC=C1)[N+](C)(C)C,ACHE,ACHE
802,demeclocycline,CN(C)[C@H]1[C@@H]2C[C@@H]3[C@H](O)C4=C(Cl)C=CC(O)=C4C(=O)C3=C(O)[C@]2(O)C(=O)C(C(N)=O)=C1O,ESR2,
806,denopamine,COC1=CC=C(CCNC[C@H](O)C2=CC=C(O)C=C2)C=C1OC,ADRB1;SLC22A1,ADRB1
809,desalkylflurazepam,FC1=C(C=CC=C1)C1=NCC(=O)NC2=CC=C(Cl)C=C12,GABRA1;GABRB2;GABRG2,
810,deserpidine,CO[C@H]1[C@@H](C[C@@H]2CN3CCC4=C(NC5=CC=CC=C45)[C@H]3C[C@@H]2[C@@H]1C(=O)OC)OC(=O)C1=CC(OC)=C(OC)C(OC)=C1,SLC18A2,SLC18A2
811,desflurane,FC(F)OC(F)C(F)(F)F,GABRA1;GABRA2;GABRA3;GABRA4;GABRA5;GABRA6;GABRB1;GABRB2;GABRB3;GABRD;GABRE;GABRG1;GABRG2;GABRG3;GABRP;GABRQ;GLRA1;GLRB;KCNK10;KCNK18;KCNK2;KCNK3;KCNK9,GABRA1;GABRA2;GABRA3;GABRA4;GABRA5;GABRA6;GABRB1;GABRB2;GABRB3;GABRD;GABRE;GABRG1;GABRG2;GABRG3;GABRP;GABRQ;GLRA1;GLRB;KCNK10;KCNK18;KCNK2;KCNK3;KCNK9
812,desipramine,CNCCCN1C2=CC=CC=C2CCC2=C1C=CC=C2,ADRA1A;ADRA2A;ADRA2B;CACNG1;CHRM1;CHRM2;CHRM3;CHRM4;CHRM5;DRD1;DRD2;HRH1;HTR1A;HTR1B;HTR2A;HTR2B;HTR2C;KCNH2;SCN1A;SCN2A;SCN3A;SLC22A1;SLC29A4;SLC6A2;SLC6A3;SLC6A4,SLC6A2
813,deslanoside,C[C@H]1O[C@H](C[C@H](O)[C@@H]1O[C@H]1C[C@H](O)[C@H](O[C@H]2C[C@H](O)[C@H](O[C@@H]3O[C@H](CO)[C@@H](O)[C@H](O)[C@H]3O)[C@@H](C)O2)[C@@H](C)O1)O[C@H]1CC[C@@]2(C)[C@H](CC[C@@H]3[C@@H]2C[C@@H](O)[C@]2(C)[C@H](CC[C@]32O)C2=CC(=O)OC2)C1,ATP1A1;ATP1A2;ATP1A3;ATP1A4;ATP1B1;ATP1B2;ATP1B3;FXYD2,ATP1A1;ATP1A2;ATP1A3;ATP1A4;ATP1B1;ATP1B2;ATP1B3;FXYD2
814,desloratadine,ClC1=CC=C2C(CCC3=C(N=CC=C3)C2=C2CCNCC2)=C1,ABCB1;ADRA2B;CHRM1;CHRM2;CHRM3;CHRM4;CHRM5;DRD3;HRH1;HRH2;HRH4;HTR2A;HTR2B;HTR2C;HTR6;SLC6A2;SLC6A3;SLC6A4,HRH1
816,nordazepam,ClC1=CC=C2NC(=O)CN=C(C3=CC=CC=C3)C2=C1,GABBR2;GABRA1;GABRB2;GABRG2;GABRR2,
817,desmopressin,NC(=O)CC[C@@H]1NC(=O)[C@H](CC2=CC=CC=C2)NC(=O)[C@H](CC2=CC=C(O)C=C2)NC(=O)CCSSC[C@H](NC(=O)[C@H](CC(N)=O)NC1=O)C(=O)N1CCC[C@H]1C(=O)N[C@H](CCCNC(N)=N)C(=O)NCC(N)=O,AVPR1A;AVPR1B;AVPR2;OXTR,AVPR2
818,desogestrel,CC[C@]12CC(=C)[C@H]3[C@@H](CCC4=CCCC[C@H]34)[C@@H]1CC[C@@]2(O)C#C,PGR;SHBG,PGR
819,desoximetasone,C[C@@H]1C[C@H]2[C@@H]3CCC4=CC(=O)C=C[C@]4(C)[C@@]3(F)[C@@H](O)C[C@]2(C)[C@H]1C(=O)CO,ANXA1;NR3C1,NR3C1
820,desoxycortone,C[C@]12CC[C@H]3[C@@H](CCC4=CC(=O)CC[C@]34C)[C@@H]1CC[C@@H]2C(=O)CO,HTR2A;HTR2B;HTR2C;NR3C1;NR3C2;SERPINA6;SHBG,NR3C2
821,desoxycorticosterone acetate,CC(=O)OCC(=O)[C@H]1CC[C@H]2[C@@H]3CCC4=CC(=O)CC[C@]4(C)[C@H]3CC[C@]12C,NR3C2,NR3C2
822,desoxycorticosterone pivalate,CC(C)(C)C(=O)OCC(=O)[C@H]1CC[C@H]2[C@@H]3CCC4=CC(=O)CC[C@]4(C)[C@H]3CC[C@]12C,NR3C2,NR3C2
824,dexamethasone,C[C@@H]1C[C@H]2[C@@H]3CCC4=CC(=O)C=C[C@]4(C)[C@@]3(F)[C@@H](O)C[C@]2(C)[C@@]1(O)C(=O)CO,ANXA1;AR;IL4;IL5;NR3C1;NR3C2;PGR;PTGS2,NR3C1
826,dexamethasone acetate,C[C@@H]1C[C@H]2[C@@H]3CCC4=CC(=O)C=C[C@]4(C)[C@@]3(F)[C@@H](O)C[C@]2(C)[C@@]1(O)C(=O)COC(C)=O,NR3C1,NR3C1
828,dexamethasone palmitate,CCCCCCCCCCCCCCCC(=O)OCC(=O)[C@@]1(O)[C@H](C)C[C@H]2[C@@H]3CCC4=CC(=O)C=C[C@]4(C)[C@@]3(F)[C@@H](O)C[C@]12C,AR;NR3C1;NR3C2;PGR,
829,dexamethasone valerate,CCCCC(=O)O[C@@]1([C@H](C)C[C@H]2[C@@H]3CCC4=CC(=O)C=C[C@]4(C)[C@@]3(F)[C@@H](O)C[C@]12C)C(=O)CO,AR;NR3C1;NR3C2;PGR,
830,dexbrompheniramine,CN(C)CC[C@@H](C1=CC=C(Br)C=C1)C1=CC=CC=N1,HRH1,HRH1
831,dexetimide,O=C1CC[C@@](C2CCN(CC3=CC=CC=C3)CC2)(C(=O)N1)C1=CC=CC=C1,CHRM2,CHRM2
832,dexfenfluramine,CCN[C@@H](C)CC1=CC(=CC=C1)C(F)(F)F,ADRA1A;ADRA1B;ADRA2A;ADRA2B;ADRA2C;ADRB1;CHRM1;CHRM2;CHRM3;CHRM4;HTR1A;HTR1B;HTR1D;HTR2A;HTR2B;HTR2C;HTR6;HTR7;SIGMAR1;SLC6A4,
833,dexketoprofen,C[C@H](C(O)=O)C1=CC=CC(=C1)C(=O)C1=CC=CC=C1,PTGS1;PTGS2,PTGS1;PTGS2
834,dexloxiglumide,CCCCCN(CCCOC)C(=O)[C@@H](CCC(O)=O)NC(=O)C1=CC(Cl)=C(Cl)C=C1,CCKAR,
835,dexmedetomidine,C[C@H](C1=CNC=N1)C1=C(C)C(C)=CC=C1,ADRA1A;ADRA1B;ADRA1D;ADRA2A;ADRA2B;ADRA2C,ADRA2A;ADRA2B;ADRA2C
836,dexmethylphenidate,COC(=O)[C@@H]([C@H]1CCCCN1)C1=CC=CC=C1,SLC6A2;SLC6A3,SLC6A2;SLC6A3
837,dexniguldipine,COC(=O)C1=C(C)NC(C)=C([C@@H]1C1=CC(=CC=C1)[N+]([O-])=O)C(=O)OCCCN1CCC(CC1)(C1=CC=CC=C1)C1=CC=CC=C1,ABCB1;ADORA3;ADRA1A;ADRA1B;ADRA1D;ADRA2A;ADRA2B;ADRA2C;CACNA1C;CACNA1D;CACNA1H,CACNA1C;CACNA1D
841,dexamfetamine,C[C@H](N)CC1=CC=CC=C1,ADRA1A;ADRA2A;CARTPT;HTR1A;MAOA;SLC18A2;SLC6A2;SLC6A3;SLC6A4;TAAR1,SLC18A2;SLC6A2;SLC6A3
842,dextromethorphan,COC1=CC2=C(C[C@H]3[C@H]4CCCC[C@@]24CCN3C)C=C1,CYP2D6;GRIN2C;GRIN3A;SIGMAR1;SLC22A1;SLC6A4;TAS2R46,
844,dextropropoxyphene,CCC(=O)O[C@@](CC1=CC=CC=C1)([C@H](C)CN(C)C)C1=CC=CC=C1,GRIN3A;OPRM1;SCN5A,OPRM1
846,dextrothyroxine,N[C@H](CC1=CC(I)=C(OC2=CC(I)=C(O)C(I)=C2)C(I)=C1)C(O)=O,THRA;THRB,THRA;THRB
847,dezocine,C[C@@]12CCCCC[C@@H](CC3=CC=C(O)C=C13)[C@@H]2N,OPRK1;OPRM1,OPRK1;OPRM1
849,diacerein,CC(=O)OC1=C2C(=O)C3=C(OC(C)=O)C=C(C=C3C(=O)C2=CC=C1)C(O)=O,CASP3;CASP7;NAAA,
852,diazepam,CN1C2=CC=C(Cl)C=C2C(=NCC1=O)C1=CC=CC=C1,ADORA3;ADRA1A;AKR1C1;AKR1C2;AKR1C3;CYP3A4;GABRA1;GABRA2;GABRA3;GABRA5;GABRB2;GABRB3;GABRG2;GABRG3,GABRA1;GABRA2;GABRA3;GABRA5;GABRB2;GABRB3;GABRG2;GABRG3
854,diazoxide,CC1=NC2=CC=C(Cl)C=C2S(=O)(=O)N1,ABCC8;KCNJ11;NAMPT,ABCC8;KCNJ11
859,cinchocaine,CCCCOC1=NC2=CC=CC=C2C(=C1)C(=O)NCCN(CC)CC,SCN10A;SCN1A;SCN2A;SCN3A;SCN5A,SCN10A;SCN5A
861,phenazone,CN1N(C(=O)C=C1C)C1=CC=CC=C1,NAPRT;TRPA1,TRPA1
862,dichloroacetic acid,OC(=O)C(Cl)Cl,PDK1;PDK2;PDK3;PDK4,
863,dichlorophen,OC1=C(CC2=C(O)C=CC(Cl)=C2)C=C(Cl)C=C1,HSPA5;IDO1;SLC22A1,
864,dichlorphenamide,NS(=O)(=O)C1=CC(Cl)=C(Cl)C(=C1)S(N)(=O)=O,CA1;CA12;CA13;CA14;CA2;CA4;CA5A;CA5B;CA6;CA7;CA9;CYP2C9,CA1;CA12;CA2;CA4
865,diclofenac,OC(=O)CC1=C(NC2=C(Cl)C=CC=C2Cl)C=CC=C1,AKR1B10;AKR1C3;ASIC3;CXCL8;CXCR1;PPARG;PTGS1;PTGS2;TRPA1;TRPM3;TTR;UGT1A1;UGT1A10;UGT1A6;UGT1A7;UGT1A9,PTGS1;PTGS2
866,dicloxacillin,CC1=C(C(=O)N[C@H]2[C@H]3SC(C)(C)[C@@H](N3C2=O)C(O)=O)C(=NO1)C1=C(Cl)C=CC=C1Cl,ABCB11;CHRM1;CHRM2;CHRM3;HRH2;PDE2A;SLC6A3,
867,dicoumarol,OC1=C(CC2=C(O)C3=C(OC2=O)C=CC=C3)C(=O)OC2=CC=CC=C12,CYP2C9;GPR35;MAPK1;NQO1;PCSK7;VKORC1,VKORC1
868,dicycloverine,CCN(CC)CCOC(=O)C1(CCCCC1)C1CCCCC1,CHRM1;CHRM2;CHRM3;CHRM4;CHRM5;DRD3;HRH2;HTR2A;HTR2B;HTR2C;HTR6;KCNH2;SCN1A;SCN2A;SCN3A;SIGMAR1,CHRM1;CHRM3
870,dienestrol,C\C=C(\C(=C\C)\C1=CC=C(O)C=C1)/C1=CC=C(O)C=C1,ESR1,ESR1
871,dienogest,C[C@]12CCC3=C4CCC(=O)C=C4CC[C@H]3[C@@H]1CC[C@@]2(O)CC#N,PGR,PGR
873,diethylcarbamazine,CCN(CC)C(=O)N1CCN(C)CC1,ALOX5;PTGS1,
874,diethylpropion,CCN(CC)C(C)C(=O)C1=CC=CC=C1,SLC6A2;SLC6A3,SLC6A2;SLC6A3
875,diethylstilbestrol,CC\C(=C(\CC)C1=CC=C(O)C=C1)C1=CC=C(O)C=C1,ACHE;ADORA1;ADORA2A;ADORA3;ADRA1D;ADRA2A;ADRA2B;ADRA2C;ADRB1;AVPR1A;CHRM1;CHRM3;CYSLTR1;DRD1;DRD2;DRD3;ESR1;ESR2;ESRRB;ESRRG;FYN;GALE;HTR2A;HTR2B;HTR2C;HTR6;MAPK14;NR1I2;NR3C1;OPRD1;OPRK1;OPRM1;PTGS1;SLC28A1;SLC6A2;SLC6A3;SLC6A4;TACR2;TBXAS1,ESR1
878,difenoxin,OC(=O)C1(CCN(CCC(C#N)(C2=CC=CC=C2)C2=CC=CC=C2)CC1)C1=CC=CC=C1,OPRM1,OPRM1
880,diflunisal,OC(=O)C1=C(O)C=CC(=C1)C1=C(F)C=C(F)C=C1,CA1;CA2;DHFR;PTGS1;PTGS2;TTR,PTGS1;PTGS2
881,digitoxin,C[C@H]1O[C@H](C[C@H](O)[C@@H]1O)O[C@H]1[C@@H](O)C[C@H](O[C@H]2[C@@H](O)C[C@H](O[C@H]3CC[C@@]4(C)[C@H](CC[C@@H]5[C@@H]4CC[C@]4(C)[C@H](CC[C@]54O)C4=CC(=O)OC4)C3)O[C@@H]2C)O[C@@H]1C,ATP1A1;ATP1A2;ATP1A3;ATP1A4;ATP1B1;ATP1B2;ATP1B3;FXYD2;KCNH2;STAT3,ATP1A1
882,digoxin,C[C@H]1O[C@H](C[C@H](O)[C@@H]1O)O[C@H]1[C@@H](O)C[C@H](O[C@H]2[C@@H](O)C[C@H](O[C@H]3CC[C@@]4(C)[C@H](CC[C@@H]5[C@@H]4C[C@@H](O)[C@]4(C)[C@H](CC[C@]54O)C4=CC(=O)OC4)C3)O[C@@H]2C)O[C@@H]1C,ATP1A1;ATP1A2;ATP1A3;ATP1A4;ATP1B1;ATP1B2;ATP1B3;FXYD2;KCNH2;RORC;STAT3,ATP1A1;ATP1A2;ATP1A3;ATP1A4;ATP1B1;ATP1B2;ATP1B3;FXYD2
885,alpha-Ergocryptine,CC(C)C[C@@H]1N2C(=O)[C@](NC(=O)[C@H]3CN(C)[C@@H]4CC5=CNC6=CC=CC(=C56)C4=C3)(O[C@@]2(O)[C@@H]2CCCN2C1=O)C(C)C,ADRA1D;ADRA2A;ADRA2B;ADRA2C;ADRB3;CYP2C9;CYP3A4;DRD1;DRD2;DRD3;HTR1A;HTR2A;HTR2B;HTR2C;HTR6;OPRM1,
886,dihydrocodeine,COC1=CC=C2C[C@@H]3[C@@H]4CC[C@H](O)[C@@H]5OC1=C2[C@]45CCN3C,OPRM1,OPRM1
887,dihydroergocristine,CC(C)[C@@]1(NC(=O)[C@@H]2C[C@H]3[C@@H](CC4=CNC5=CC=CC3=C45)N(C)C2)O[C@@]2(O)[C@@H]3CCCN3C(=O)[C@H](CC3=CC=CC=C3)N2C1=O,ADRA1A;ADRA1B;ADRA1D;ADRA2A;ADRA2B;ADRA2C;ADRB3;CYP2C19;CYP2C9;CYP3A4;DRD1;DRD2;DRD3;HTR1A;HTR1D;HTR2A;HTR2B;HTR2C;HTR6;OPRM1,
888,dihydroergotamine,CN1C[C@@H](C[C@H]2[C@H]1CC1=CNC3=CC=CC2=C13)C(=O)N[C@]1(C)O[C@@]2(O)[C@@H]3CCCN3C(=O)[C@H](CC3=CC=CC=C3)N2C1=O,ADRA1A;ADRA1B;ADRA1D;ADRA2A;ADRA2B;ADRA2C;CYP3A4;DRD1;DRD2;DRD3;HTR1A;HTR1B;HTR1D;HTR1E;HTR1F;HTR2A;HTR2B;HTR2C;HTR5A;HTR6;HTR7;SLC22A2;SLC47A1;SLC47A2,HTR1D
889,hydroquinidine,CC[C@H]1C[N@@]2CC[C@H]1C[C@@H]2[C@@H](O)C1=CC=NC2=CC=C(OC)C=C12,KCNH2;SCN1B;SCN2B;SCN3B;SCN4B;SCN5A,
893,dilazep,COC1=CC(=CC(OC)=C1OC)C(=O)OCCCN1CCCN(CCCOC(=O)C2=CC(OC)=C(OC)C(OC)=C2)CC1,SCN1A;SCN2A;SCN3A;SLC29A1,
894,dilevalol,C[C@H](CCC1=CC=CC=C1)NC[C@H](O)C1=CC(C(N)=O)=C(O)C=C1,ADRA1A;ADRA1B;ADRB1;ADRB2,
897,diltiazem,COC1=CC=C(C=C1)[C@@H]1SC2=CC=CC=C2N(CCN(C)C)C(=O)[C@@H]1OC(C)=O,ABCB1;CACNA1C;CACNA1H;CACNA1S;CACNG1;CYP3A4;HTR2A;HTR3A;KCNH2;SCN1A;SCN2A;SCN3A;SLC22A1,CACNA1C
903,dimetindene,CC(C1=C(CCN(C)C)CC2=C1C=CC=C2)C1=CC=CC=N1,CHRM1;CHRM2;CHRM3;CHRM4;CHRM5;HRH1,
908,dimethyltubocurarinium,COC1=CC=C2C[C@@H]3C4=C(OC5=CC=C(C[C@H]6C7=C(CC[N+]6(C)C)C=C(OC)C(OC1=C2)=C7)C=C5)C(OC)=C(OC)C=C4CC[N+]3(C)C,CHRNA1;CHRNA2;CHRNB1;CHRNB2;CHRND,CHRNA1;CHRNB1;CHRND
911,dioxyline,CCOC1=C(OC)C=C(CC2=NC(C)=CC3=CC(OC)=C(OC)C=C23)C=C1,METAP1;METAP2,
912,dinoprost,CCCCC[C@H](O)\C=C\[C@H]1[C@H](O)C[C@H](O)[C@@H]1C\C=C/CCCC(O)=O,PTGDR;PTGDR2;PTGER1;PTGER2;PTGER3;PTGER4;PTGFR;TBXA2R,PTGFR
913,dinoprostone,CCCCC[C@H](O)\C=C\[C@H]1[C@H](O)CC(=O)[C@@H]1C\C=C/CCCC(O)=O,CATSPER1;CATSPER2;CATSPER3;CATSPER4;PTGDR;PTGDR2;PTGER1;PTGER2;PTGER3;PTGER4;PTGFR;PTGIR;TBXA2R,PTGER1;PTGER2;PTGER3;PTGER4
915,diphemanil,C[N+]1(C)CCC(CC1)=C(C1=CC=CC=C1)C1=CC=CC=C1,CHRM1;CHRM3,CHRM1;CHRM3
916,diphenhydramine,CN(C)CCOC(C1=CC=CC=C1)C1=CC=CC=C1,CHRM1;CHRM2;CHRM3;CHRM4;CHRM5;CYP2D6;HRH1;HRH4;HTR2A;HTR2B;HTR2C;KCNH2;SCN1A;SCN2A;SCN3A;SLC22A2;SLC6A2;SLC6A3;SLC6A4,HRH1
918,diphenoxylate,CCOC(=O)C1(CCN(CCC(C#N)(C2=CC=CC=C2)C2=CC=CC=C2)CC1)C1=CC=CC=C1,KCNA3;OPRM1,OPRM1
920,diphenylpyraline,CN1CCC(CC1)OC(C1=CC=CC=C1)C1=CC=CC=C1,CHRM1;CYP2D6;HRH1;SLC6A3,HRH1
922,dipivefrine,CNCC(O)C1=CC(OC(=O)C(C)(C)C)=C(OC(=O)C(C)(C)C)C=C1,ADRA2A;ADRA2B;ADRA2C,ADRA2A;ADRA2B;ADRA2C
923,diprafenone,CCC(C)(C)NCC(O)COC1=C(C=CC=C1)C(=O)CCC1=CC=CC=C1,ADRB1;KCNH2;SCN5A,
924,dipyridamole,OCCN(CCO)C1=NC(N2CCCCC2)=C2N=C(N=C(N3CCCCC3)C2=N1)N(CCO)CCO,PDE10A;PDE11A;PDE1A;PDE1B;PDE1C;PDE2A;PDE3A;PDE3B;PDE4A;PDE5A;PDE6A;PDE6B;PDE6C;PDE6D;PDE6G;PDE6H;PDE7A;PDE7B;PDE8A;PDE8B;PRUNE;SLC28A1;SLC29A1;SLC29A4,PDE10A;PDE1A;PDE1B;PDE1C;PDE2A;PDE3A;PDE3B;PDE4A;PDE5A;PDE6A;PDE6B;PDE6C;PDE6D;PDE6G;PDE6H;PDE7A;PDE7B;PDE8A;PDE8B;SLC29A1
926,disopyramide,CC(C)N(CCC(C(N)=O)(C1=CC=CC=C1)C1=CC=CC=N1)C(C)C,CHRM1;CHRM2;CHRM3;HCN4;HRH1;KCNH2;KCNJ5;SCN5A;SLC22A1,SCN5A
927,distigmine,CN(CCCCCCN(C)C(=O)OC1=C[N+](C)=CC=C1)C(=O)OC1=C[N+](C)=CC=C1,ACHE,ACHE
928,disulfiram,CCN(CC)C(=S)SSC(=S)N(CC)CC,ADORA3;ADRA2A;ADRA2B;ALDH2;CCR2;CCR4;CCR5;CXCR2;CYP1A2;DRD1;DRD2;DRD3;DRD4;EHMT1;EHMT2;GSDMD;HTR2B;HTR6;KDM5A;LOX;LOXL2;LOXL3;LOXL4;MAOA;MAPK3;MGLL;OPRK1;OPRM1;PDE4A;SLC28A1;SLC6A2;SLC6A3;TSPO,ALDH2
931,ditiocarb,CCN(CC)C(S)=S,CA1;CA12;CA2;CA4;CA9;CYP2E1;EHMT1;EHMT2;GSDMD,
934,levomenthol,CC(C)[C@@H]1CC[C@@H](C)C[C@H]1O,TRPA1;TRPM8,TRPM8
937,dobutamine,CC(CCC1=CC=C(O)C=C1)NCCC1=CC=C(O)C(O)=C1,ADRA1D;ADRA2B;ADRB1;ADRB2;CA1;CA12;CA13;CA14;CA2;CA3;CA4;CA5A;CA5B;CA6;CA7;CA9;COMT;DRD3;EGFR;FYN;LCK;SIGMAR1;SLC22A1;SLC6A2;SLC6A3;SLC6A4,ADRB1;ADRB2
939,docetaxel,CC(=O)O[C@@]12CO[C@@H]1C[C@H](O)[C@]1(C)[C@@H]2[C@H](OC(=O)C2=CC=CC=C2)[C@]2(O)C[C@H](OC(=O)[C@H](O)[C@@H](NC(=O)OC(C)(C)C)C3=CC=CC=C3)C(C)=C([C@@H](O)C1=O)C2(C)C,ABCB1;ABCC10;CYP3A4;EGFR;GHRHR;NOD2;TACR2;TUBB;TUBB1;TUBB2A;TUBB2B;TUBB3;TUBB4A;TUBB4B;TUBB6;TUBB8,TUBB;TUBB1;TUBB2A;TUBB2B;TUBB3;TUBB4A;TUBB4B;TUBB6;TUBB8
942,dofetilide,CN(CCOC1=CC=C(NS(C)(=O)=O)C=C1)CCC1=CC=C(NS(C)(=O)=O)C=C1,KCNH1;KCNH2;KCNK2,KCNH2
945,domperidone,ClC1=CC2=C(C=C1)N(C1CCN(CCCN3C(=O)NC4=C3C=CC=C4)CC1)C(=O)N2,ABCB1;ADRA1A;ADRA1B;ADRA1D;ADRA2A;ADRA2B;ADRA2C;AOX1;CALM1;CALM2;CALM3;CYP2D6;DRD2;DRD3;HRH1;HTR2A;HTR2B;HTR2C;KCNH2;OPRK1;OPRM1;RXRA;SLC22A2;SLC47A1;SLC47A2;SLC6A2;SLC6A4,DRD2
946,donepezil,COC1=CC2=C(C=C1OC)C(=O)C(CC1CCN(CC3=CC=CC=C3)CC1)C2,ABCB1;ACHE;BACE1;BCHE;HRH3;KCNH2;MAOB;SIGMAR1;SLC6A4,ACHE
947,dopamine,NCCC1=CC(O)=C(O)C=C1,ADRB1;ADRB2;DBH;DRD1;DRD2;DRD3;DRD4;DRD5;GFER;HTR1A;KDM4E;MTNR1A;MTNR1B;SLC6A2;SLC6A3;TAAR1,ADRB1
948,dopexamine,OC1=C(O)C=C(CCNCCCCCCNCCC2=CC=CC=C2)C=C1,ADRB2;DRD1,
949,dorzolamide,CCN[C@H]1C[C@H](C)S(=O)(=O)C2=C1C=C(S2)S(N)(=O)=O,CA1;CA12;CA13;CA14;CA2;CA3;CA4;CA5A;CA5B;CA6;CA7;CA9,CA2
951,dosulepin,CN(C)CC\C=C1/C2=CC=CC=C2CSC2=CC=CC=C12,ADRA1A;ADRA2B;CHRM1;CHRM2;CHRM3;CHRM4;CHRM5;HRH1;HTR2A;SLC6A2;SLC6A3;SLC6A4,SLC6A2;SLC6A4
953,doxapram,CCN1CC(CCN2CCOCC2)C(C1=O)(C1=CC=CC=C1)C1=CC=CC=C1,CYP2D6;KCNK3;KCNK9,KCNK3;KCNK9
954,doxazosin,COC1=C(OC)C=C2C(N)=NC(=NC2=C1)N1CCN(CC1)C(=O)C1COC2=C(O1)C=CC=C2,ABCB1;ADRA1A;ADRA1B;ADRA1D;ADRA2A;ADRA2C;ADRB2;HLA-A;HTR2B;HTR2C;KCNH2;MMP1;SLC6A3;SLC6A4,ADRA1A;ADRA1B;ADRA1D
956,doxepin,CN(C)CCC=C1C2=CC=CC=C2COC2=C1C=CC=C2,ADRA1A;ADRA1D;ADRA2A;ADRA2B;ADRA2C;CHRM1;CHRM2;CHRM3;CHRM4;CHRM5;DRD1;DRD2;DRD3;HRH1;HRH2;HRH4;HTR1A;HTR2A;HTR2B;HTR2C;HTR6;HTR7;SIGMAR1;SLC22A1;SLC22A2;SLC6A2;SLC6A4,HRH1;SLC6A2
957,doxercalciferol,CC(C)[C@@H](C)\C=C\[C@@H](C)[C@H]1CC[C@H]2\C(CCC[C@]12C)=C\C=C1\C[C@@H](O)C[C@H](O)C1=C,VDR,VDR
958,doxifluridine,C[C@H]1O[C@H]([C@H](O)[C@@H]1O)N1C=C(F)C(=O)NC1=O,TYMS,
960,doxorubicin,COC1=C2C(=O)C3=C(C(O)=C4C[C@](O)(C[C@H](O[C@H]5C[C@H](N)[C@H](O)[C@H](C)O5)C4=C3O)C(=O)CO)C(=O)C2=CC=C1,ABCB1;ABCC1;ABCC2;ABCC6;ABCG2;AURKA;CASP1;CHRM1;CISD1;ERBB2;FYN;LCK;MMP2;TERT;TOP1;TOP2A;TOP2B,TOP2A
961,doxycycline,C[C@@H]1[C@H]2[C@H](O)[C@H]3[C@H](N(C)C)C(O)=C(C(N)=O)C(=O)[C@@]3(O)C(O)=C2C(=O)C2=C(O)C=CC=C12,MMP13;MMP2;MMP3;MMP7;MMP8,
962,doxylamine,CN(C)CCOC(C)(C1=CC=CC=C1)C1=NC=CC=C1,HRH1,HRH1
965,drostanolone propionate,CCC(=O)O[C@H]1CC[C@H]2[C@@H]3CC[C@H]4CC(=O)[C@H](C)C[C@]4(C)[C@H]3CC[C@]12C,AR,AR
966,droperidol,FC1=CC=C(C=C1)C(=O)CCCN1CCC(=CC1)N1C(=O)NC2=C1C=CC=C2,ADRA1D;ADRA2A;ADRA2B;ADRA2C;CHRM4;CHRM5;DRD1;DRD2;DRD3;DRD4;HRH1;HTR1A;HTR2A;HTR2B;HTR2C;KCNH2;SCN1A;SCN2A;SCN3A,DRD2;HTR2A
968,drospirenone,C[C@]12CC[C@H]3[C@@H]([C@H]4C[C@H]4C4=CC(=O)CC[C@]34C)[C@@H]1[C@@H]1C[C@@H]1[C@@]21CCC(=O)O1,AR;NR3C2;PGR,NR3C2;PGR
969,drotaverine,CCOC1=C(OCC)C=C(\C=C2/NCCC3=CC(OCC)=C(OCC)C=C23)C=C1,CACNA1C;PDE4B,
971,droxidopa,N[C@@H]([C@H](O)C1=CC(O)=C(O)C=C1)C(O)=O,ADRA1A;ADRA1B;ADRA1D;ADRA2A;ADRA2B;ADRA2C;ADRB1;ADRB2;ADRB3;CHRM1,ADRA1A;ADRA1B;ADRA1D;ADRA2A;ADRA2B;ADRA2C;ADRB1;ADRB2;ADRB3
972,duloxetine,CNCC[C@H](OC1=CC=CC2=C1C=CC=C2)C1=CC=CS1,HRH1;HTR1A;HTR1B;HTR1D;HTR1E;HTR1F;HTR2A;HTR2B;HTR2C;HTR6;HTR7;SHMT2;SLC6A2;SLC6A3;SLC6A4,SLC6A2;SLC6A4
973,dutasteride,C[C@]12CC[C@H]3[C@@H](CC[C@H]4NC(=O)C=C[C@]34C)[C@@H]1CC[C@@H]2C(=O)NC1=C(C=CC(=C1)C(F)(F)F)C(F)(F)F,GLRA1;SRD5A1;SRD5A2,SRD5A1;SRD5A2
974,dyclonine,CCCCOC1=CC=C(C=C1)C(=O)CCN1CCCCC1,ACHE;SCN10A,SCN10A
975,dydrogesterone,CC(=O)[C@H]1CC[C@H]2[C@@H]3C=CC4=CC(=O)CC[C@@]4(C)[C@@H]3CC[C@]12C,NR2E1;PGR,PGR
976,diprophylline,CN1C2=C(N(CC(O)CO)C=N2)C(=O)N(C)C1=O,PDE3A;PDE4B,PDE3A;PDE4B
977,ebastine,CC(C)(C)C1=CC=C(C=C1)C(=O)CCCN1CCC(CC1)OC(C1=CC=CC=C1)C1=CC=CC=C1,ABCB1;ACHE;ADORA3;ADRA1D;ADRA2A;ADRA2B;ADRA2C;ADRB3;CHRM1;CHRM2;CHRM3;CHRM4;CHRM5;DRD1;DRD2;DRD3;DRD4;EGFR;ERBB2;FYN;HRH1;HRH2;HTR1A;HTR2A;HTR2B;HTR2C;HTR6;KCNH2;SLC6A2;SLC6A3;SLC6A4;TACR2,HRH1
979,ebrotidine,NC(=N)NC1=NC(CSCCN\C=N\S(=O)(=O)C2=CC=C(Br)C=C2)=CS1,HRH2,HRH2
982,echothiophate,CCOP(=O)(OCC)SCC[N+](C)(C)C,ACHE,ACHE
983,econazole,ClC1=CC=C(COC(CN2C=CN=C2)C2=C(Cl)C=C(Cl)C=C2)C=C1,ACHE;ADORA1;ADORA2A;ADORA3;ADRA1D;ADRA2A;ADRA2B;ADRB1;ADRB3;CHRM1;CHRM2;CHRM3;CHRM4;CNR1;CYP17A1;CYP1A2;CYP2C19;CYP2C9;CYP2D6;CYP3A4;CYP51A1;CYP8B1;DRD1;DRD2;DRD3;DRD4;EGFR;ERBB2;FYN;HRH2;HTR1A;HTR2A;HTR2B;HTR2C;HTR6;IDO1;MC3R;MC5R;MDH1;MMP9;NPY2R;OPRD1;OPRK1;OPRM1;ORAI1;SIGMAR1;SLC6A2;SLC6A3;SLC6A4;TACR1;TACR2;TBXAS1,
986,edatrexate,CCC(CC1=CN=C2N=C(N)N=C(N)C2=N1)C1=CC=C(C=C1)C(=O)N[C@@H](CCC(O)=O)C(O)=O,DHFR;FPGS,DHFR
987,edetic acid,OC(=O)CN(CCN(CC(O)=O)CC(O)=O)CC(O)=O,ACE;APP;EYA2;UGCG,
988,edrophonium,CC[N+](C)(C)C1=CC=CC(O)=C1,ACHE,ACHE
989,efavirenz,FC(F)(F)[C@]1(OC(=O)NC2=C1C=C(Cl)C=C2)C#CC1CC1,CYP3A4;NR1I2,
990,eflornithine,NCCCC(N)(C(F)F)C(O)=O,ODC1,ODC1
992,efonidipine,CC1=C(C(C2=CC(=CC=C2)[N+]([O-])=O)C(=C(C)N1)P1(=O)OCC(C)(C)CO1)C(=O)OCCN(CC1=CC=CC=C1)C1=CC=CC=C1,CACNA1C;CACNA1D;CACNA1H,CACNA1C;CACNA1D
995,eletriptan,CN1CCC[C@@H]1CC1=CNC2=C1C=C(CCS(=O)(=O)C1=CC=CC=C1)C=C2,HTR1A;HTR1B;HTR1D;HTR1E;HTR1F,HTR1B;HTR1D
996,elliptinium,CC1=C2C=C[N+](C)=CC2=C(C)C2=C1NC1=CC=C(O)C=C21,FGFR3;KIT;PDGFRA,
997,eltanolone,CC(=O)[C@H]1CC[C@H]2[C@@H]3CC[C@@H]4C[C@H](O)CC[C@]4(C)[C@H]3CC[C@]12C,GABRA1;GABRB2;GABRG2,
999,emedastine,CCOCCN1C(=NC2=C1C=CC=C2)N1CCCN(C)CC1,HRH1,HRH1
1001,emetine,CC[C@H]1CN2CCC3=CC(OC)=C(OC)C=C3[C@@H]2C[C@@H]1C[C@H]1NCCC2=CC(OC)=C(OC)C=C12,ADRA1D;ADRA2A;ADRA2C;RBBP9,
1005,enalapril,CCOC(=O)[C@H](CCC1=CC=CC=C1)N[C@@H](C)C(=O)N1CCC[C@H]1C(O)=O,ACE,ACE
1006,enalaprilat,C[C@H](N[C@@H](CCC1=CC=CC=C1)C(O)=O)C(=O)N1CCC[C@H]1C(O)=O,ACE,ACE
1007,encainide,COC1=CC=C(C=C1)C(=O)NC1=CC=CC=C1CCC1CCCCN1C,SCN1B;SCN2B;SCN3B;SCN4B;SCN5A,
1008,endralazine,NNC1=CC2=C(CCN(C2)C(=O)C2=CC=CC=C2)N=N1,CACNA1C,
1009,enflurane,FC(F)OC(F)(F)C(F)Cl,GLRA1;KCNK10;KCNK18;KCNK2;KCNK3;KCNK9,GLRA1;KCNK10;KCNK18;KCNK2;KCNK3;KCNK9
1013,enoxacin,CCN1C=C(C(O)=O)C(=O)C2=CC(F)=C(N=C12)N1CCNCC1,ATP6V1B2,
1014,enoximone,CSC1=CC=C(C=C1)C(=O)C1=C(C)NC(=O)N1,PDE3A;PDE4A;PDE4B;PDE4C;PDE4D,
1015,enprofylline,CCCN1C2=C(N=CN2)C(=O)NC1=O,ADORA1;ADORA2A;ADORA2B;ADORA3;PDE4B,
1016,enprostil,COC(=O)CCC=C=CC[C@H]1[C@H](\C=C\[C@H](O)COC2=CC=CC=C2)[C@@H](O)CC1=O,PTGER1;PTGER3;PTGER4;PTGFR;PTGIR,
1018,entacapone,CCN(CC)C(=O)C(=C\C1=CC(=C(O)C(O)=C1)[N+]([O-])=O)\C#N,COMT;FTO;GPR35,COMT
1021,epalrestat,C\C(\C=C1/SC(=S)N(CC(O)=O)C1=O)=C/C1=CC=CC=C1,AKR1A1;AKR1B1;AKR1B10;CYP4A11;SORD,AKR1B1
1022,eperisone,CCC1=CC=C(C=C1)C(=O)C(C)CN1CCCCC1,ADRA2B;CHRM2;CYP2D6;SIGMAR1,
1024,ephedrine,CN[C@@H](C)[C@H](O)C1=CC=CC=C1,ADRB2,ADRB2
1027,epinastine,NC1=NCC2N1C1=C(CC3=C2C=CC=C3)C=CC=C1,ABCB1;ADRA1A;ADRA2A;HRH1;HRH2;HTR2A;KCNH2;SLC22A2;SLC47A1;SLC47A2,HRH1
1028,epinephrine,CNC[C@H](O)C1=CC=C(O)C(O)=C1,ADRA1A;ADRA1B;ADRA1D;ADRA2A;ADRA2B;ADRA2C;ADRB1;ADRB2;DRD1;DRD2;SLC6A2,ADRA1A;ADRA1B;ADRA1D;ADRA2A;ADRA2B;ADRA2C;ADRB2
1030,epirubicin,COC1=C2C(=O)C3=C(C(O)=C4C[C@](O)(C[C@H](O[C@H]5C[C@H](N)[C@@H](O)[C@H](C)O5)C4=C3O)C(=O)CO)C(=O)C2=CC=C1,FYN,
1032,eplerenone,COC(=O)[C@@H]1CC2=CC(=O)CC[C@]2(C)[C@@]23O[C@@H]2C[C@@]2(C)[C@@H](CC[C@@]22CCC(=O)O2)[C@H]13,NR3C1;NR3C2;PGR,NR3C2
1034,epoprostenol,CCCCC[C@H](O)\C=C\[C@H]1[C@H](O)C[C@@H]2O\C(C[C@H]12)=C/CCCC(O)=O,P2RY12;PTGER1;PTGER4;PTGIR,PTGER1;PTGIR
1037,eprosartan,CCCCC1=NC=C(\C=C(/CC2=CC=CS2)C(O)=O)N1CC1=CC=C(C=C1)C(O)=O,AGTR1,AGTR1
1040,eptifibatide,NC(=N)NCCCC[C@@H]1NC(=O)CCSSC[C@H](NC(=O)[C@@H]2CCCN2C(=O)[C@H](CC2=CNC3=C2C=CC=C3)NC(=O)[C@H](CC(O)=O)NC(=O)CNC1=O)C(N)=O,ITGA2B;ITGB3,ITGA2B;ITGB3
1042,ergometrine,C[C@@H](CO)NC(=O)[C@H]1CN(C)[C@@H]2CC3=CNC4=CC=CC(=C34)C2=C1,ADRA1B;ADRA2A;ADRA2B;DRD1;DRD2;DRD3;HTR1A;HTR1D;HTR1E;HTR2A;HTR2B;HTR2C;HTR6,
1043,ergotamine,CN1C[C@@H](C=C2[C@H]1CC1=CNC3=CC=CC2=C13)C(=O)N[C@]1(C)O[C@@]2(O)[C@@H]3CCCN3C(=O)[C@H](CC3=CC=CC=C3)N2C1=O,ADRA1A;ADRA1D;ADRA2A;ADRA2B;ADRA2C;ADRB1;ADRB2;CHRM1;CHRM2;CYP3A4;DRD1;DRD2;DRD3;DRD5;FYN;HTR1A;HTR1B;HTR1D;HTR1E;HTR1F;HTR2A;HTR2B;HTR2C;HTR5A;HTR6;LCK;TBXAS1,HTR1D
1044,eritoran,CCCCCCCCCCCC(=O)CC(=O)N[C@H]1[C@H](OP(O)(O)=O)O[C@H](CO[C@@H]2O[C@H](COC)[C@@H](OP(O)(O)=O)[C@H](OCC[C@@H](CCCCCCC)OC)[C@H]2NC(=O)CCCCCCCCC\C=C/CCCCCC)[C@@H](O)[C@@H]1OCCCCCCCCCC,TLR4,
1045,erlotinib,COCCOC1=CC2=C(C=C1OCCOC)C(NC1=CC=CC(=C1)C#C)=NC=N2,AAK1;ABL1;ABL2;ALK;AURKA;AURKB;AURKC;AXL;BLK;BMP2K;BRAF;CAMK2D;CDC42BPG;CIT;COQ8A;COQ8B;CSK;CSNK1D;CSNK1E;DAPK3;DDR1;DMPK;DYRK2;EGFR;EIF2AK2;EIF2AK4;EPHA3;EPHA5;EPHA6;EPHA7;EPHA8;EPHB1;EPHB4;EPHB6;ERBB2;ERBB3;ERBB4;FGFR2;FGR;FLT1;FLT3;FLT4;FRK;GAK;GRK4;HCK;HIPK4;JAK2;JAK3;KDR;KIT;LCK;LRRK2;LTK;LYN;MAP2K5;MAP3K19;MAP3K2;MAP3K3;MAPK10;MAPK4;MAPK9;MERTK;MET;MINK1;MKNK1;MKNK2;MYLK2;PDGFRA;PDGFRB;PIP4K2C;PLK4;PTK2;RET;RIPK2;RIPK4;RPS6KA4;SBK1;SIK2;SLC22A1;SLCO2B1;SLK;SRC;SRPK3;STK10;STK17A;STK17B;STK36;TBK1;TIE1;TNIK;TNK1;TNNI3K;TTK;TXK;TYK2;TYRO3;ULK3;YES1,EGFR
1048,erythromycin,CC[C@H]1OC(=O)[C@H](C)[C@@H](O[C@H]2C[C@@](C)(OC)[C@@H](O)[C@H](C)O2)[C@H](C)[C@@H](O[C@@H]2O[C@H](C)C[C@@H]([C@H]2O)N(C)C)[C@](C)(O)C[C@@H](C)C(=O)[C@H](C)[C@@H](O)[C@]1(C)O,ABCB11;AOX1;CYP1B1;KCNH2;MLNR,
1052,erythromycin propionate,CC[C@H]1OC(=O)[C@H](C)[C@@H](O[C@H]2C[C@@](C)(OC)[C@@H](O)[C@H](C)O2)[C@H](C)[C@@H](O[C@@H]2O[C@H](C)C[C@@H]([C@H]2OC(=O)CC)N(C)C)[C@](C)(O)C[C@@H](C)C(=O)[C@H](C)[C@@H](O)[C@]1(C)O,ABCB11,
1053,escitalopram,CN(C)CCC[C@]1(OCC2=C1C=CC(=C2)C#N)C1=CC=C(F)C=C1,ADRA1A;CHRM1;HRH1;HTR2C;SLC6A2;SLC6A4,SLC6A4
1054,esmolol,COC(=O)CCC1=CC=C(OCC(O)CNC(C)C)C=C1,ADRB1,ADRB1
1055,esomeprazole,COC1=CC=C2N=C(NC2=C1)[S@@](=O)CC1=C(C)C(OC)=C(C)C=N1,ATP4A;ATP4B,ATP4A;ATP4B
1056,estazolam,ClC1=CC=C2N3C=NN=C3CN=C(C3=CC=CC=C3)C2=C1,GABRA1;GABRA2;GABRA3;GABRA5;GABRB2;GABRB3;GABRG2,GABRA1;GABRA2;GABRA3;GABRA5;GABRB2;GABRB3;GABRG2
1057,estradiol,C[C@]12CC[C@H]3[C@@H](CCC4=C3C=CC(O)=C4)[C@@H]1CC[C@@H]2O,AOX1;AR;CYP1B1;ESR1;ESR2;ESRRA;ESRRB;GPER1;KCNMA1;NR3C1;SERPINA6;SHBG;SLC6A3;SLC6A4;STS,ESR1
1058,estradiol benzoate,C[C@]12CC[C@H]3[C@@H](CCC4=C3C=CC(OC(=O)C3=CC=CC=C3)=C4)[C@@H]1CC[C@@H]2O,ADORA3;ADRA2C;ESR1;FYN;HTR2B;NR3C1;SHBG;SLC6A2;SLC6A4,
1059,estradiol cypionate,C[C@]12CC[C@H]3[C@@H](CCC4=C3C=CC(O)=C4)[C@@H]1CC[C@@H]2OC(=O)CCC1CCCC1,ESR1,ESR1
1064,estradiol valerate,CCCCC(=O)O[C@H]1CC[C@H]2[C@@H]3CCC4=C(C=CC(O)=C4)[C@H]3CC[C@]12C,ESR1,ESR1
1066,estramustine phosphate,C[C@]12CC[C@H]3[C@@H](CCC4=C3C=CC(OC(=O)N(CCCl)CCCl)=C4)[C@@H]1CC[C@@H]2OP(O)(O)=O,ESR2;PTPN1;PTPN11;PTPN6,ESR2
1067,estriol succinate,C[C@]12CC[C@H]3[C@@H](CCC4=CC(O)=CC=C34)[C@@H]1C[C@@H](OC(=O)CCC(O)=O)[C@@H]2OC(=O)CCC(O)=O,ESR1;ESR2;NR3C1;OR51E2;SERPINA6;SHBG;SLC6A4,
1068,eszopiclone,CN1CCN(CC1)C(=O)O[C@@H]1N(C(=O)C2=NC=CN=C12)C1=CC=C(Cl)C=N1,GABRA1;GABRA2;GABRA3;GABRA4;GABRA5;GABRB2;GABRG2;GABRG3,GABRA1;GABRA2;GABRA3;GABRA4;GABRA5;GABRB2;GABRG2;GABRG3
1071,ethacrynic acid,CCC(=C)C(=O)C1=C(Cl)C(Cl)=C(OCC(O)=O)C=C1,GALE;GSTA1;GSTO1;GSTP1;SLC12A1,SLC12A1
1073,ethambutol,CC[C@@H](CO)NCCN[C@@H](CC)CO,CYP3A4;CYP3A5;HTR2A;HTR2B;HTR2C,
1076,ethanol,CCO,GABRA4;GABRB2;GABRD;GLRA1;GLRA2;GRIN3A,
1078,ethchlorvynol,CCC(O)(C=CCl)C#C,GABRA1;GABRB3;GABRG2,GABRA1;GABRB3;GABRG2
1082,ethinylestradiol,C[C@]12CC[C@H]3[C@@H](CCC4=C3C=CC(O)=C4)[C@@H]1CC[C@@]2(O)C#C,ADORA2A;ADORA3;AOX1;AR;ESR1;ESR2;NR1I3;NR3C1;OPRK1;OPRM1;SHBG;SLC22A2;SLC47A1;SLC47A2;SLC6A2;SLC6A3;SLC6A4,ESR1
1084,ethisterone,C[C@]12CC[C@H]3[C@@H](CCC4=CC(=O)CC[C@]34C)[C@@H]1CC[C@@]2(O)C#C,NR3C1;SHBG,
1086,profenamine,CCN(CC)C(C)CN1C2=CC=CC=C2SC2=C1C=CC=C2,ACHE;BCHE;CHRM1;GRIN3A;SLC22A1,CHRM1
1087,ethosuximide,CCC1(C)CC(=O)NC1=O,CACNA1G,CACNA1G
1088,ethotoin,CCN1C(=O)NC(C1=O)C1=CC=CC=C1,SCN10A;SCN11A;SCN1A;SCN2A;SCN3A;SCN4A;SCN5A;SCN7A;SCN8A;SCN9A,SCN10A;SCN11A;SCN1A;SCN2A;SCN3A;SCN4A;SCN5A;SCN7A;SCN8A;SCN9A
1089,ethoxzolamide,CCOC1=CC2=C(C=C1)N=C(S2)S(N)(=O)=O,CA1;CA12;CA13;CA14;CA2;CA3;CA4;CA5A;CA5B;CA6;CA7;CA9,CA1;CA12;CA13;CA14;CA2;CA3;CA4;CA5A;CA5B;CA6;CA7;CA9
1091,ethyl biscoumacetate,CCOC(=O)C(C1=C(O)C2=CC=CC=C2OC1=O)C1=C(O)C2=CC=CC=C2OC1=O,VKORC1,
1094,ethylestrenol,CC[C@]1(O)CC[C@H]2[C@@H]3CCC4=CCCC[C@@H]4[C@H]3CC[C@]12C,ACHE;AR;CHRM2;CYP2C19;ESR1;SLC6A2;SLC6A4,AR
1095,etynodiol,CC(=O)O[C@H]1CC[C@@H]2[C@H]3CC[C@@]4(C)[C@@H](CC[C@@]4(OC(C)=O)C#C)[C@@H]3CCC2=C1,ESR1;MAOA;PGR,PGR
1097,etidocaine,CCCN(CC)C(CC)C(=O)NC1=C(C)C=CC=C1C,KCNK3;SCN2A;SCN4A;SCN5A,SCN2A;SCN4A;SCN5A
1100,etilamfetamine,CCNC(C)CC1=CC=CC=C1,SIGMAR1,
1101,etilefrine,CCNCC(O)C1=CC(O)=CC=C1,ADRB1,ADRB1
1102,etizolam,CCC1=CC2=C(S1)N1C(C)=NN=C1CN=C2C1=C(Cl)C=CC=C1,GABRA1;GABRA2;GABRA3;GABRA5;GABRB2;GABRB3;GABRG2,
1103,etodolac,CCC1=CC=CC2=C1NC1=C2CCOC1(CC)CC(O)=O,PTGS1;PTGS2,PTGS2
1107,etofylline,CN1C2=C(N(CCO)C=N2)C(=O)N(C)C1=O,ADORA2B,
1109,etomidate,CCOC(=O)C1=CN=CN1[C@H](C)C1=CC=CC=C1,CYP11B1;CYP11B2;GABRA1;GABRA2;GABRB2;GABRG2,GABRA1;GABRB2;GABRG2
1110,etonogestrel,CC[C@]12CC(=C)[C@H]3[C@@H](CCC4=CC(=O)CC[C@H]34)[C@@H]1CC[C@@]2(O)C#C,ESR1;PGR;SHBG,PGR
1111,etoperidone,CCN1C(=O)N(CCCN2CCN(CC2)C2=CC(Cl)=CC=C2)N=C1CC,DRD2;HRH1;HTR1A;SLC6A4,
1112,etoposide,COC1=CC(=CC(OC)=C1O)[C@H]1[C@@H]2[C@H](COC2=O)[C@H](O[C@@H]2O[C@@H]3CO[C@@H](C)O[C@H]3[C@H](O)[C@H]2O)C2=C1C=C1OCOC1=C2,ABCB1;ABCC1;ABCC2;ABCC3;ABCC6;ABCG2;NR1I2;TOP2A;TOP2B,TOP2A
1113,etoricoxib,CC1=NC=C(C=C1)C1=C(C=C(Cl)C=N1)C1=CC=C(C=C1)S(C)(=O)=O,MAPK14;PTGER2;PTGS1;PTGS2,PTGS2
1115,etravirine,CC1=CC(=CC(C)=C1OC1=NC(NC2=CC=C(C=C2)C#N)=NC(N)=C1Br)C#N,ABCB1;ABCC1;ABCC2;ABCC3;ABCG2,
1116,etretinate,CCOC(=O)\C=C(/C)\C=C\C=C(/C)\C=C\C1=C(C)C(C)=C(OC)C=C1C,RARA;RXRG,RARA;RXRG
1118,everolimus,CO[C@@H]1C[C@H](C[C@@H](C)[C@@H]2CC(=O)[C@H](C)\C=C(C)\[C@@H](O)[C@@H](OC)C(=O)[C@H](C)C[C@H](C)\C=C\C=C\C=C(C)\[C@H](C[C@@H]3CC[C@@H](C)[C@@](O)(O3)C(=O)C(=O)N3CCCC[C@H]3C(=O)O2)OC)CC[C@H]1OCCO,ABCB1;FKBP1A;MTOR,FKBP1A
1122,exemestane,C[C@]12CC[C@H]3[C@@H](CC(=C)C4=CC(=O)C=C[C@]34C)[C@@H]1CCC2=O,AR;CYP19A1,CYP19A1
1123,exenatide,CC[C@H](C)[C@H](NC(=O)[C@H](CC1=CC=CC=C1)NC(=O)[C@H](CC(C)C)NC(=O)[C@H](CCCNC(N)=N)NC(=O)[C@@H](NC(=O)[C@H](C)NC(=O)[C@H](CCC(O)=O)NC(=O)[C@H](CCC(O)=O)NC(=O)[C@H](CCC(O)=O)NC(=O)[C@H](CCSC)NC(=O)[C@H](CCC(N)=O)NC(=O)[C@H](CCCCN)NC(=O)[C@H](CO)NC(=O)[C@H](CC(C)C)NC(=O)[C@H](CC(O)=O)NC(=O)[C@H](CO)NC(=O)[C@@H](NC(=O)[C@H](CC1=CC=CC=C1)NC(=O)[C@@H](NC(=O)CNC(=O)[C@H](CCC(O)=O)NC(=O)CNC(=O)[C@@H](N)CC1=CNC=N1)[C@@H](C)O)[C@@H](C)O)C(C)C)C(=O)N[C@@H](CCC(O)=O)C(=O)N[C@@H](CC1=CNC2=C1C=CC=C2)C(=O)N[C@@H](CC(C)C)C(=O)N[C@@H](CCCCN)C(=O)N[C@@H](CC(N)=O)C(=O)NCC(=O)NCC(=O)N1CCC[C@H]1C(=O)N[C@@H](CO)C(=O)N[C@@H](CO)C(=O)NCC(=O)N[C@@H](C)C(=O)N1CCC[C@H]1C(=O)N1CCC[C@H]1C(=O)N1CCC[C@H]1C(=O)N[C@@H](CO)C(N)=O,GLP1R,GLP1R
1125,ezetimibe,O[C@@H](CC[C@@H]1[C@H](N(C1=O)C1=CC=C(F)C=C1)C1=CC=C(O)C=C1)C1=CC=C(F)C=C1,NPC1L1,NPC1L1
1126,fadrozole,N#CC1=CC=C(C=C1)C1CCCC2=CN=CN12,CYP11B1;CYP11B2;CYP19A1,CYP19A1
1129,famotidine,NC(=N)NC1=NC(CSCCC(=N)NS(N)(=O)=O)=CS1,CA1;CA12;CA13;CA14;CA2;CA4;CA5A;CA5B;CA6;CA7;CA9;HRH2;HSP90AA1;SLC22A2;SLC22A3;SLC47A1;SLC47A2,HRH2
1130,famprofazone,CC(C)C1=C(CCN(C)C(C)CC2=CC=CC=C2)N(C)N(C1=O)C1=CC=CC=C1,NR2E1,
1132,fasudil,O=S(=O)(N1CCCNCC1)C1=CC=CC2=C1C=CN=C2,CCL2;KCNH2;MYLK;PKN1;PKN2;PRKACA;PRKCE;ROCK1;ROCK2;RPS6KA5,ROCK1;ROCK2
1137,febuxostat,CC(C)COC1=C(C=C(C=C1)C1=NC(C)=C(S1)C(O)=O)C#N,KCNH2;XDH,XDH
1140,felbamate,NC(=O)OCC(COC(N)=O)C1=CC=CC=C1,GRIN2A;GRIN2B,GRIN2A;GRIN2B
1141,felbinac,OC(=O)CC1=CC=C(C=C1)C1=CC=CC=C1,PTGS1;PTGS2,PTGS1;PTGS2
1142,felodipine,CCOC(=O)C1=C(C)NC(C)=C(C1C1=C(Cl)C(Cl)=CC=C1)C(=O)OC,ADORA3;AOX1;CACNA1C;CACNA1D;CACNA1H;CFTR;CYP2C9;NR1H4;SCN1A;SCN2A;SCN3A,CACNA1C;CACNA1D
1145,fenbufen,OC(=O)CCC(=O)C1=CC=C(C=C1)C1=CC=CC=C1,PTGS1;PTGS2,PTGS1;PTGS2
1148,fendiline,CC(NCCC(C1=CC=CC=C1)C1=CC=CC=C1)C1=CC=CC=C1,CASR;HTR2B,
1150,fenfluramine,CCNC(C)CC1=CC(=CC=C1)C(F)(F)F,ADRA1A;ADRA1B;ADRA2A;ADRA2B;ADRA2C;ADRB1;ADRB2;CHRM1;CHRM2;CHRM3;CHRM4;HTR1A;HTR1B;HTR1D;HTR2A;HTR2B;HTR2C;HTR6;HTR7;SLC6A4,
1152,fenofibrate,CC(C)OC(=O)C(C)(C)OC1=CC=C(C=C1)C(=O)C1=CC=C(Cl)C=C1,ACHE;ADORA3;ADRB3;DRD3;HTR2A;HTR2C;PPARA;PPARG;SLC6A2;SLC6A3,PPARA
1153,fenoldopam,OC1=CC=C(C=C1)C1CNCCC2=C(Cl)C(O)=C(O)C=C12,ADRA1A;ADRA1B;ADRA1D;DRD1;DRD2;DRD4;DRD5;GFER;KDM4E,DRD1
1154,fenoprofen,CC(C(O)=O)C1=CC=CC(OC2=CC=CC=C2)=C1,PTGS1;PTGS2;SLC5A8,PTGS1;PTGS2
1155,fenoterol,CC(CC1=CC=C(O)C=C1)NCC(O)C1=CC(O)=CC(O)=C1,ADRB2,ADRB2
1164,fentanyl,CCC(=O)N(C1CCN(CCC2=CC=CC=C2)CC1)C1=CC=CC=C1,KCNH2;MAOA;MAOB;OPRD1;OPRK1;OPRM1;SIGMAR1;SLC22A1,OPRM1
1165,fentiazac,OC(=O)CC1=C(N=C(S1)C1=CC=CC=C1)C1=CC=C(Cl)C=C1,PTGDR2,
1170,fexofenadine,CC(C)(C(O)=O)C1=CC=C(C=C1)C(O)CCCN1CCC(CC1)C(O)(C1=CC=CC=C1)C1=CC=CC=C1,ABCB1;HRH1;KCNH2;SLCO1A2,HRH1
1171,finasteride,CC(C)(C)NC(=O)[C@H]1CC[C@H]2[C@@H]3CC[C@H]4NC(=O)C=C[C@]4(C)[C@H]3CC[C@]12C,CYP2C19;CYP2C9;HSD3B1;SRD5A1;SRD5A2,SRD5A1;SRD5A2
1175,flavoxate,CC1=C(OC2=C(C=CC=C2C1=O)C(=O)OCCN1CCCCC1)C1=CC=CC=C1,KCNH2;PDE4A;PDE4B;PDE4C;PDE4D;PDE7A;PDE7B;PDE8A;PDE8B,PDE4A;PDE4B;PDE4C;PDE4D;PDE7A;PDE7B;PDE8A;PDE8B
1176,flecainide,FC(F)(F)COC1=CC(C(=O)NCC2CCCCN2)=C(OCC(F)(F)F)C=C1,HCN4;KCNA5;KCNA7;KCNH2;SCN4A;SCN5A,SCN5A
1178,floctafenine,OCC(O)COC(=O)C1=C(NC2=CC=NC3=C(C=CC=C23)C(F)(F)F)C=CC=C1,PTGS1;PTGS2,PTGS1;PTGS2
1180,flopropione,CCC(=O)C1=C(O)C=C(O)C=C1O,COMT,COMT
1183,floxacillin,CC1=C(C(=O)N[C@H]2[C@H]3SC(C)(C)[C@@H](N3C2=O)C(O)=O)C(=NO1)C1=C(Cl)C=CC=C1F,AR;MMP9,
1184,floxuridine,OC[C@H]1O[C@H](C[C@@H]1O)N1C=C(F)C(=O)NC1=O,TYMS,TYMS
1187,fluconazole,OC(CN1C=NC=N1)(CN1C=NC=N1)C1=C(F)C=C(F)C=C1,CYP2C19;CYP2C9;CYP3A4;CYP51A1,
1188,flucytosine,NC1=NC(=O)NC=C1F,HTR2A,
1189,fludarabine phosphate,NC1=C2N=CN([C@@H]3O[C@H](COP(O)(O)=O)[C@@H](O)[C@@H]3O)C2=NC(F)=N1,CA5A;POLA1;RRM1;RRM2,POLA1
1191,fludrocortisone acetate,CC(=O)OCC(=O)[C@@]1(O)CC[C@H]2[C@@H]3CCC4=CC(=O)CC[C@]4(C)[C@@]3(F)[C@@H](O)C[C@]12C,ANXA1;NR3C1;NR3C2,NR3C2
1193,flufenamic acid,OC(=O)C1=C(NC2=CC(=CC=C2)C(F)(F)F)C=CC=C1,AKR1B1;AKR1B10;AKR1C1;AKR1C2;AKR1C3;AR;KCNK2;KCNT2;MPO;NAPRT;PTGS1;PTGS2;TAS2R14;TEAD4;TRPA1;TRPM2;TRPM4;TRPM5;TTR,PTGS1;PTGS2
1195,flumazenil,CCOC(=O)C1=C2CN(C)C(=O)C3=CC(F)=CC=C3N2C=N1,GABRA1;GABRA2;GABRA3;GABRA4;GABRA5;GABRA6;GABRB1;GABRB2;GABRB3;GABRD;GABRE;GABRG1;GABRG2;GABRG3;GABRP;GABRQ,GABRA1;GABRA2;GABRA3;GABRA4;GABRA5;GABRA6;GABRB3;GABRG2
1198,flumetasone pivalate,C[C@@H]1C[C@H]2[C@@H]3C[C@H](F)C4=CC(=O)C=C[C@]4(C)[C@@]3(F)[C@@H](O)C[C@]2(C)[C@@]1(O)C(=O)COC(=O)C(C)(C)C,NR3C1,NR3C1
1200,flunarizine,FC1=CC=C(C=C1)C(N1CCN(C\C=C\C2=CC=CC=C2)CC1)C1=CC=C(F)C=C1,ADORA3;ADRA1D;ADRA2A;ADRA2B;ADRA2C;CACNA1B;CACNA1G;CACNA1H;CACNA1I;CHRM1;CHRM3;CHRM4;CHRM5;CNR1;DRD1;DRD2;DRD3;HRH1;HTR1A;HTR2A;HTR2B;HTR2C;KCNH2;OPRD1;OPRK1;OPRM1;RCE1;SCN1A;SIGMAR1;SLC6A2;SLC6A3;SLC6A4,CACNA1G;CACNA1H;CACNA1I
1201,flunisolide,CC1(C)O[C@@H]2C[C@H]3[C@@H]4C[C@H](F)C5=CC(=O)C=C[C@]5(C)[C@H]4[C@@H](O)C[C@]3(C)[C@@]2(O1)C(=O)CO,NR3C1,NR3C1
1202,flunitrazepam,CN1C2=CC=C(C=C2C(=NCC1=O)C1=C(F)C=CC=C1)[N+]([O-])=O,GABRA1;GABRA2;GABRA3;GABRA5;GABRB2;GABRB3;GABRG2;GABRG3,GABRA1;GABRA2;GABRA3;GABRA5
1204,fluocinolone acetonide,CC1(C)O[C@@H]2C[C@H]3[C@@H]4C[C@H](F)C5=CC(=O)C=C[C@]5(C)[C@@]4(F)[C@@H](O)C[C@]3(C)[C@@]2(O1)C(=O)CO,NR3C1,NR3C1
1205,fluocinonide,CC(=O)OCC(=O)[C@@]12OC(C)(C)O[C@@H]1C[C@H]1[C@@H]3C[C@H](F)C4=CC(=O)C=C[C@]4(C)[C@@]3(F)[C@@H](O)C[C@]21C,NR3C1,NR3C1
1208,fluorometholone,C[C@H]1C[C@H]2[C@@H]3CC[C@](O)(C(C)=O)[C@@]3(C)C[C@H](O)[C@]2(F)[C@@]2(C)C=CC(=O)C=C12,NR3C1,NR3C1
1209,fluoxetine,CNCCC(OC1=CC=C(C=C1)C(F)(F)F)C1=CC=CC=C1,ACHE;ADRA1A;ADRA2A;ADRA2B;ADRB1;CHRM1;CHRM2;CHRM3;CHRM4;CHRM5;CYP2D6;DRD3;HRH1;HRH3;HTR2A;HTR2B;HTR2C;HTR6;KCNH2;KCNK2;SIGMAR1;SLC29A4;SLC6A2;SLC6A3;SLC6A4,SLC6A4
1210,fluoxymesterone,C[C@]1(O)CC[C@H]2[C@@H]3CCC4=CC(=O)CC[C@]4(C)[C@@]3(F)[C@@H](O)C[C@]12C,AR,AR
1211,flupentixol,OCCN1CCN(CCC=C2C3=CC=CC=C3SC3=CC=C(C=C23)C(F)(F)F)CC1,ADRA1A;DRD1;DRD2;DRD3;DRD4;DRD5;HRH1;HTR1A;HTR2A;KCNK2;SIGMAR1;SLC22A1,DRD1;DRD2
1212,fluphenazine,OCCN1CCN(CCCN2C3=CC=CC=C3SC3=CC=C(C=C23)C(F)(F)F)CC1,ADORA3;ADRA1A;ADRA1B;ADRA1D;ADRA2A;ADRA2B;ADRA2C;ADRB3;CHRM1;CHRM2;CHRM3;CHRM4;CHRM5;DRD1;DRD2;DRD3;DRD4;DRD5;EGFR;ERBB2;FYN;HRH1;HRH2;HTR1A;HTR1B;HTR1D;HTR1E;HTR2A;HTR2B;HTR2C;HTR5A;HTR6;HTR7;KCNH2;KCNK2;MC5R;OPRD1;OPRK1;OPRM1;SCN1A;SCN2A;SCN3A;SIGMAR1;SLC6A2;SLC6A3;SLC6A4;TACR2,DRD2
1213,fluphenazine decanoate,CCCCCCCCCC(=O)OCCN1CCN(CCCN2C3=CC=CC=C3SC3=C2C=C(C=C3)C(F)(F)F)CC1,DRD2,DRD2
1214,fluphenazine enanthate,CCCCCCC(=O)OCCN1CCN(CCCN2C3=CC=CC=C3SC3=C2C=C(C=C3)C(F)(F)F)CC1,ADRA1A;ADRA1B;ADRA2A;ADRA2B;ADRA2C;CHRM1;CHRM2;CHRM3;CHRM4;CHRM5;DRD1;DRD2;DRD3;DRD4;DRD5;HRH1;HRH2;HTR1A;HTR1B;HTR1D;HTR1E;HTR2A;HTR2C;HTR5A;HTR6;HTR7;SLC6A4,DRD2
1215,flupirtine,CCOC(=O)NC1=C(N)N=C(NCC2=CC=C(F)C=C2)C=C1,KCNQ2;KCNQ3;SHMT2,
1216,fluprednisolone,C[C@]12C[C@H](O)[C@H]3[C@@H](C[C@H](F)C4=CC(=O)C=C[C@]34C)[C@@H]1CC[C@]2(O)C(=O)CO,NR3C1,NR3C1
1217,fludroxycortide,CC1(C)O[C@@H]2C[C@H]3[C@@H]4C[C@H](F)C5=CC(=O)CC[C@]5(C)[C@H]4[C@@H](O)C[C@]3(C)[C@@]2(O1)C(=O)CO,NR3C1,NR3C1
1218,flurazepam,CCN(CC)CCN1C2=CC=C(Cl)C=C2C(=NCC1=O)C1=C(F)C=CC=C1,GABRA1;GABRB2;GABRG2;SLC22A2,GABRA1;GABRB2;GABRG2
1219,flurbiprofen,CC(C(O)=O)C1=CC(F)=C(C=C1)C1=CC=CC=C1,AKR1C2;AKR1C3;FABP2;PTGS1;PTGS2,PTGS1;PTGS2
1222,fluspirilene,FC1=CC=C(C=C1)C(CCCN1CCC2(CC1)N(CNC2=O)C1=CC=CC=C1)C1=CC=C(F)C=C1,ADRA2A;ADRA2B;ADRA2C;ADRB1;ADRB2;DRD2;DRD3;DRD4;GLRA1;HRH1;HTR1A;HTR1B;HTR1D;HTR1E;HTR2A;HTR2B;HTR6;KCNH2;OPRL1,
1223,flutamide,CC(C)C(=O)NC1=CC(=C(C=C1)[N+]([O-])=O)C(F)(F)F,AR;CYP1A2;HTR6,AR
1225,fluticasone propionate,CCC(=O)O[C@@]1([C@H](C)C[C@H]2[C@@H]3C[C@H](F)C4=CC(=O)C=C[C@]4(C)[C@@]3(F)[C@@H](O)C[C@]12C)C(=O)SCF,NR3C1;NR3C2;PGR;PLA2G4A,NR3C1
1227,flutrimazole,FC1=CC=C(C=C1)C(N1C=CN=C1)(C1=CC=CC=C1)C1=C(F)C=CC=C1,NR1H4;NR1I2,
1229,fluvastatin,CC(C)N1C(\C=C\[C@H](O)C[C@H](O)CC(O)=O)=C(C2=C1C=CC=C2)C1=CC=C(F)C=C1,CYP2C9;HMGCR;NR1I3;RXRA;SLC10A1,HMGCR
1230,fluvoxamine,COCCCC\C(=N/OCCN)C1=CC=C(C=C1)C(F)(F)F,CYP1A2;SIGMAR1;SLC6A2;SLC6A3;SLC6A4,SLC6A4
1231,folic acid,NC1=NC(=O)C2=NC(CNC3=CC=C(C=C3)C(=O)N[C@@H](CCC(O)=O)C(O)=O)=CNC2=N1,TYMS,
1232,leucovorin,NC1=NC(=O)C2=C(NCC(CNC3=CC=C(C=C3)C(=O)N[C@@H](CCC(O)=O)C(O)=O)N2C=O)N1,DHFR;TYMS,
1233,fomepizole,CC1=CNN=C1,ADH1A;ADH1B;ADH1C,ADH1A;ADH1B;ADH1C
1236,fondaparinux,CO[C@H]1O[C@H](COS(O)(=O)=O)[C@@H](O[C@@H]2O[C@H]([C@@H](O[C@H]3O[C@H](COS(O)(=O)=O)[C@@H](O[C@@H]4O[C@@H]([C@@H](O[C@H]5O[C@H](COS(O)(=O)=O)[C@@H](O)[C@H](O)[C@H]5NS(O)(=O)=O)[C@H](O)[C@H]4O)C(O)=O)[C@H](OS(O)(=O)=O)[C@H]3NS(O)(=O)=O)[C@H](O)[C@H]2OS(O)(=O)=O)C(O)=O)[C@H](O)[C@H]1NS(O)(=O)=O,SERPINC1,SERPINC1
1238,formestane,C[C@]12CC[C@H]3[C@@H](CCC4=C(O)C(=O)CC[C@]34C)[C@@H]1CCC2=O,CYP19A1,
1239,formoterol,COC1=CC=C(CC(C)NCC(O)C2=CC(NC=O)=C(O)C=C2)C=C1,ADRB1;ADRB2;ADRB3;DRD2;DRD3;HSP90AA1,ADRB2
1245,fosinopril,CCC(=O)O[C@@H](O[P@](=O)(CCCCC1=CC=CC=C1)CC(=O)N1C[C@@H](C[C@H]1C(O)=O)C1CCCCC1)C(C)C,ACE,ACE
1247,fosphenytoin,OP(O)(=O)OCN1C(=O)NC(C1=O)(C1=CC=CC=C1)C1=CC=CC=C1,SCN5A,SCN5A
1251,frovatriptan,CN[C@@H]1CCC2=C(C1)C1=CC(=CC=C1N2)C(N)=O,HTR1A;HTR1B;HTR1D,HTR1B;HTR1D
1252,fructose,OCC1(O)OC[C@@H](O)[C@@H](O)[C@@H]1O,GLRA1,
1253,ftivazide,COC1=C(O)C=CC(C=NNC(=O)C2=CC=NC=C2)=C1,MPO,
1255,fulvestrant,C[C@]12CC[C@H]3[C@H]([C@@H]1CC[C@@H]2O)[C@H](CCCCCCCCCS(=O)CCCC(F)(F)C(F)(F)F)CC1=CC(O)=CC=C31,EPHX2;ESR1;ESR2;ESRRA;GPER1;NR1H4;NR1I2;PGR,ESR1;ESR2
1256,furaltadone,[O-][N+](=O)C1=CC=C(O1)\C=N\N1CC(CN2CCOCC2)OC1=O,MAPK9,
1258,furosemide,NS(=O)(=O)C1=CC(C(O)=O)=C(NCC2=CC=CO2)C=C1Cl,ATP1A1;CA1;CA12;CA14;CA2;CA4;CA5A;CA5B;CA6;CA7;CA9;CISD1;GPR35;HSD11B1;SLC12A1;SLC12A2,SLC12A1
1261,fusidic acid,C[C@@H]1[C@H](O)CC[C@@]2(C)[C@H]1CC[C@@]1(C)[C@H]2[C@H](O)C[C@H]2\C([C@H](C[C@]12C)OC(C)=O)=C(/CCC=C(C)C)C(O)=O,ABCB11,
1262,aminobutyric acid,NCCCC(O)=O,GABRR1;SLC6A1;SLC6A11;SLC6A12;SLC6A13,
1264,gabapentin,NCC1(CC(O)=O)CCCCC1,ADORA1;ADRA2A;CACNA2D1;CACNA2D2;GABBR2;GRIN3A;KCNQ3;KCNQ5;SCN5A;SLC7A5,CACNA2D1;CACNA2D2
1272,galantamine,COC1=CC=C2CN(C)CC[C@@]34C=C[C@H](O)C[C@@H]3OC1=C24,ACHE;BCHE,ACHE
1273,gallamine,CC[N+](CC)(CC)CCOC1=CC=CC(OCC[N+](CC)(CC)CC)=C1OCC[N+](CC)(CC)CC,ACHE;CHRM1;CHRM2;CHRNA1,CHRM2
1275,gallopamil,COC1=CC(=CC(OC)=C1OC)C(CCCN(C)CCC1=CC(OC)=C(OC)C=C1)(C#N)C(C)C,SCN1A;SCN2A;SCN3A,
1276,gamolenic acid,CCCCC\C=C/C\C=C/C\C=C/CCCCC(O)=O,F3;FFAR1;PPARA;PPARD;PPARG;SRD5A2,
1277,ganciclovir,NC1=NC2=C(N=CN2COC(CO)CO)C(=O)N1,GRM1;GRM5,
1279,ganirelix,CCNC(NCC)=NCCCC[C@@H](NC(=O)[C@H](CC1=CC=C(O)C=C1)NC(=O)[C@H](CO)NC(=O)[C@@H](CC1=CN=CC=C1)NC(=O)[C@@H](CC1=CC=C(Cl)C=C1)NC(=O)[C@@H](CC1=CC2=CC=CC=C2C=C1)NC(C)=O)C(=O)N[C@@H](CC(C)C)C(=O)N[C@@H](CCCCN=C(NCC)NCC)C(=O)N1CCC[C@H]1C(=O)N[C@H](C)C(N)=O,GNRHR,GNRHR
1282,gefitinib,COC1=C(OCCCN2CCOCC2)C=C2C(NC3=CC(Cl)=C(F)C=C3)=NC=NC2=C1,ABCG2;ABL1;ABL2;AXL;BACE1;BLK;BRAF;CDK7;CHEK2;CIT;CSNK1D;CSNK1E;DAPK3;DCLK3;DMPK;EGFR;EPHA1;EPHA3;EPHA5;EPHA6;EPHA8;EPHB1;EPHB4;EPHB6;ERBB2;ERBB3;ERBB4;FGR;FLT3;FRK;GAK;HCK;HIPK4;IRAK1;IRAK3;IRAK4;KDR;KIT;LCK;LTK;LYN;MAP2K5;MAP3K19;MAP3K2;MAP3K3;MAPK10;MAPK4;MAPK6;MAPK9;MET;MINK1;MKNK1;MKNK2;MYLK2;NLK;NUAK2;PHKG1;PHKG2;PIM3;PIP4K2C;PRKD1;PTK6;RET;RIPK2;RPS6KA4;SBK1;SIK2;SLK;SRC;STK10;STK17A;STK17B;STK36;TNIK;TNK2;TXK,EGFR
1283,gemcitabine,NC1=NC(=O)N(C=C1)[C@@H]1O[C@H](CO)[C@@H](O)C1(F)F,CMPK1;DCK;POLA1;POLD1;POLE;RRM1;RRM2;TYMS,POLA1;POLD1;POLE;RRM1;RRM2
1285,gemfibrozil,CC1=CC(OCCCC(C)(C)C(O)=O)=C(C)C=C1,CISD1;CYP2C8;CYP2C9;LPL;PPARA;TTR,PPARA
1291,gestodene,CC[C@]12CC[C@H]3[C@@H](CCC4=CC(=O)CC[C@H]34)[C@@H]1C=C[C@@]2(O)C#C,CYP3A5;PGR,
1292,gestrinone,CC[C@]12C=CC3=C4CCC(=O)C=C4CC[C@H]3[C@@H]1CC[C@@]2(O)C#C,SHBG,
1293,gimeracil,OC1=CC(=O)NC=C1Cl,DPYD,DPYD
1297,glafenine,OCC(O)COC(=O)C1=C(NC2=CC=NC3=CC(Cl)=CC=C23)C=CC=C1,ABCB11,
1298,glibornuride,CC1=CC=C(C=C1)S(=O)(=O)NC(=O)N[C@@H]1[C@H](O)[C@]2(C)CC[C@H]1C2(C)C,ABCC8;ABCC9;KCNJ11,ABCC8;KCNJ11
1299,gliclazide,CC1=CC=C(C=C1)S(=O)(=O)NC(=O)NN1CC2CCCC2C1,ABCC8;ABCC9;KCNJ11,ABCC8;KCNJ11
1300,glimepiride,CCC1=C(C)CN(C(=O)NCCC2=CC=C(C=C2)S(=O)(=O)NC(=O)N[C@H]2CC[C@H](C)CC2)C1=O,ABCC8;ABCC9;KCNJ11,ABCC8;KCNJ11
1301,glipizide,CC1=CN=C(C=N1)C(=O)NCCC1=CC=C(C=C1)S(=O)(=O)NC(=O)NC1CCCCC1,ABCC8;KCNJ11,ABCC8;KCNJ11
1302,gliquidone,COC1=CC=C2C(=C1)C(=O)N(CCC1=CC=C(C=C1)S(=O)(=O)NC(=O)NC1CCCCC1)C(=O)C2(C)C,ABCC8;KCNJ11,ABCC8;KCNJ11
1305,glisoxepide,CC1=CC(=NO1)C(=O)NCCC1=CC=C(C=C1)S(=O)(=O)NC(=O)NN1CCCCCC1,ABCC8;KCNJ11,ABCC8;KCNJ11
1310,glutamic acid,N[C@@H](CCC(O)=O)C(O)=O,ADORA3;GLUD1;GLUD2;GRIA1;GRIA2;GRIA3;GRIA4;GRIK1;GRIK2;GRIK3;GRIK4;GRIK5;GRM1;GRM2;GRM3;GRM4;GRM5;GRM6;GRM7;GRM8;GSR;SLC1A1;SLC1A2;SLC1A3,
1312,glutathione,N[C@@H](CCC(=O)N[C@@H](CS)C(=O)NCC(O)=O)C(O)=O,GSTK1,
1313,glutethimide,CCC1(CCC(=O)NC1=O)C1=CC=CC=C1,GABRA1;GABRB3;GABRG2,GABRA1;GABRB3;GABRG2
1314,glibenclamide,COC1=C(C=C(Cl)C=C1)C(=O)NCCC1=CC=C(C=C1)S(=O)(=O)NC(=O)NC1CCCCC1,ABCB11;ABCC8;ABCC9;CFTR;CISD1;CYP2C9;KCNH2;KCNJ11;NLRP3;PPARG,ABCC8;KCNJ11
1319,glycine,NCC(O)=O,OR51E2;SLC6A9,
1325,glycyrrhizic acid,CC1(C)[C@H](CC[C@@]2(C)[C@H]1CC[C@]1(C)[C@@H]2C(=O)C=C2[C@@H]3C[C@](C)(CC[C@]3(C)CC[C@@]12C)C(O)=O)O[C@H]1O[C@@H]([C@@H](O)[C@H](O)[C@H]1O[C@@H]1O[C@@H]([C@@H](O)[C@H](O)[C@H]1O)C(O)=O)C(O)=O,HMGB1;HSD11B1;HSD11B2,
1327,goserelin,CC(C)C[C@H](NC(=O)[C@@H](COC(C)(C)C)NC(=O)[C@H](CC1=CC=C(O)C=C1)NC(=O)[C@H](CO)NC(=O)[C@H](CC1=CNC2=C1C=CC=C2)NC(=O)[C@H](CC1=CNC=N1)NC(=O)[C@@H]1CCC(=O)N1)C(=O)N[C@@H](CCCNC(N)=N)C(=O)N1CCC[C@H]1C(=O)NNC(N)=O,GNRHR;LHCGR,GNRHR
1328,gossypol,CC(C)C1=C(O)C(O)=C(C=O)C2=C(O)C(=C(C)C=C12)C1=C(O)C2=C(C=O)C(O)=C(O)C(C(C)C)=C2C=C1C,AKR1B1;BCL2;BCL2L1;BCL2L2;ESR1;KIF11;LDHA;LDHB;MCL1;MPG;SLC2A1,
1329,granisetron,CN1N=C(C(=O)N[C@@H]2C[C@@H]3CCC[C@H](C2)N3C)C2=C1C=CC=C2,CHRNA3;CHRNA4;CHRNB2;HTR3A;HTR3B;KCNH2;SLC22A2;SLC47A1,HTR3A
1330,grepafloxacin,CC1CN(CCN1)C1=C(F)C(C)=C2C(=O)C(=CN(C3CC3)C2=C1)C(O)=O,KCNH2,
1331,griseofulvin,COC1=CC(OC)=C(Cl)C2=C1C(=O)[C@]1(O2)[C@H](C)CC(=O)C=C1OC,CYP51A1;SLC22A1,
1334,guaiacol,COC1=CC=CC=C1O,CA1;CA2,
1339,guanadrel,NC(=N)NCC1COC2(CCCCC2)O1,ADRA1A;SLC6A2,SLC6A2
1342,guanethidine,NC(=N)NCCN1CCCCCCC1,ADRA1A;ADRA1B;ADRA1D;ADRA2A;ADRA2B;ADRA2C;SLC6A2,SLC6A2
1343,guanfacine,NC(=N)NC(=O)CC1=C(Cl)C=CC=C1Cl,ADRA1D;ADRA2A;ADRA2B;ADRA2C;HTR2A;HTR2B;HTR2C;NISCH,ADRA2A
1344,guanidine,NC(N)=N,KCNA1;KCNA10;KCNA2;KCNA3;KCNA4;KCNA5;KCNA6;KCNA7;KCNB1;KCNB2;KCNC1;KCNC2;KCNC3;KCNC4;KCND1;KCND2;KCND3;KCNF1;KCNG1;KCNG2;KCNG3;KCNG4;KCNH1;KCNH2;KCNH3;KCNH4;KCNH5;KCNH6;KCNH7;KCNH8;KCNQ1;KCNQ2;KCNQ3;KCNQ4;KCNQ5;KCNS1;KCNS2;KCNS3;KCNV1;KCNV2,KCNA1;KCNA10;KCNA2;KCNA3;KCNA4;KCNA5;KCNA6;KCNA7;KCNB1;KCNB2;KCNC1;KCNC2;KCNC3;KCNC4;KCND1;KCND2;KCND3;KCNF1;KCNG1;KCNG2;KCNG3;KCNG4;KCNH1;KCNH2;KCNH3;KCNH4;KCNH5;KCNH6;KCNH7;KCNH8;KCNQ1;KCNQ2;KCNQ3;KCNQ4;KCNQ5;KCNS1;KCNS2;KCNS3;KCNV1;KCNV2
1348,halazepam,FC(F)(F)CN1C2=CC=C(Cl)C=C2C(=NCC1=O)C1=CC=CC=C1,GABRA1;GABRA2;GABRA3;GABRA4;GABRA5;GABRA6;GABRB1;GABRB2;GABRB3;GABRD;GABRE;GABRG1;GABRG2;GABRG3;GABRP;GABRQ,GABRA1;GABRA2;GABRA3;GABRA4;GABRA5;GABRA6;GABRB1;GABRB2;GABRB3;GABRD;GABRE;GABRG1;GABRG2;GABRG3;GABRP;GABRQ
1349,ulobetasol propionate,CCC(=O)O[C@@]1([C@@H](C)C[C@H]2[C@@H]3C[C@H](F)C4=CC(=O)C=C[C@]4(C)[C@@]3(F)[C@@H](O)C[C@]12C)C(=O)CCl,NR3C1,NR3C1
1350,halofantrine,CCCCN(CCCC)CCC(O)C1=C2C=CC(=CC2=C2C=C(Cl)C=C(Cl)C2=C1)C(F)(F)F,KCNH2,
1353,haloperidol,OC1(CCN(CCCC(=O)C2=CC=C(F)C=C2)CC1)C1=CC=C(Cl)C=C1,ABCB1;ADRA1A;ADRA1B;ADRA1D;ADRA2A;ADRA2B;ADRA2C;ADRB2;CALM1;CALM2;CALM3;CHRM1;CHRM3;CHRM5;DRD1;DRD2;DRD3;DRD4;DRD5;EBP;H1F0;HRH1;HRH2;HTR1A;HTR1B;HTR1D;HTR1E;HTR1F;HTR2A;HTR2B;HTR2C;HTR5A;HTR6;HTR7;KCNH1;KCNH2;KCNK2;OPRM1;SCN1A;SCN2A;SCN3A;SIGMAR1;SLC6A2;SLC6A4;TMEM97,DRD2
1354,halopredone acetate,CC(=O)OCC(=O)[C@]1(CC[C@H]2[C@@H]3C[C@@H](F)C4=CC(=O)C(Br)=C[C@]4(C)[C@@]3(F)[C@@H](O)C[C@]12C)OC(C)=O,NR3C1,NR3C1
1355,haloprogin,ClC1=CC(Cl)=C(OCC#CI)C=C1Cl,ADORA3;ADRA2A;ADRA2B;ADRA2C;DRD1;DRD3;GALE;HTR2A;HTR2C;HTR6;OPRK1;SLC6A2;SLC6A3;SLC6A4;TACR2,
1356,halothane,FC(F)(F)C(Cl)Br,GABRA1;GABRA2;GABRA3;GABRA4;GABRA5;GABRA6;GABRB1;GABRB2;GABRB3;GABRD;GABRE;GABRG1;GABRG2;GABRG3;GABRP;GABRQ;GLRA1;GLRB;KCNK10;KCNK18;KCNK2;KCNK3;KCNK9,GABRA1;GABRA2;GABRA3;GABRA4;GABRA5;GABRA6;GABRB1;GABRB2;GABRB3;GABRD;GABRE;GABRG1;GABRG2;GABRG3;GABRP;GABRQ;GLRA1;GLRB;KCNK10;KCNK18;KCNK2;KCNK3;KCNK9
1362,hesperetin,COC1=C(O)C=C(C=C1)[C@@H]1CC(=O)C2=C(O)C=C(O)C=C2O1,CA12;CA4;CA7;CYP1B1;DPP4;GSK3B;KDM1A,
1364,hexachlorophene,OC1=C(Cl)C=C(Cl)C(Cl)=C1CC1=C(Cl)C(Cl)=CC(Cl)=C1O,ACHE;ADORA2A;ADORA3;ADRA2A;ADRA2C;CYP1A2;CYP2C19;EGFR;ERBB2;ESR1;ESR2;FYN;HSPA1A;HSPA5;HSPA8;HTR2B;HTR2C;LCK;MAPK1;MAPK14;MAPK3;MIF;NAPEPLD;PTGS2;SLC6A4;TACR2;TBXAS1;VCP,
1365,hexafluronium,C[N+](C)(CCCCCC[N+](C)(C)C1C2=CC=CC=C2C2=C1C=CC=C2)C1C2=CC=CC=C2C2=C1C=CC=C2,ACHE,ACHE
1366,hexamethonium,C[N+](C)(C)CCCCCC[N+](C)(C)C,CHRNA4;CHRNA6;CHRNB2;CHRNB4,
1368,hexestrol,CC[C@@H]([C@@H](CC)C1=CC=C(O)C=C1)C1=CC=C(O)C=C1,ESR1,
1369,hexobarbital,CN1C(=O)NC(=O)C(C)(C1=O)C1=CCCCC1,GABRA1;GABRA2;GABRA3;GABRA5;GABRB3;GABRG2,
1370,hexobendine,COC1=CC(=CC(OC)=C1OC)C(=O)OCCCN(C)CCN(C)CCCOC(=O)C1=CC(OC)=C(OC)C(OC)=C1,SCN1A;SCN2A;SCN3A,
1371,hexocyclium,C[N+]1(C)CCN(CC(O)(C2CCCCC2)C2=CC=CC=C2)CC1,CHRM1;CHRM2;CHRM3;CHRM4;CHRM5,CHRM1;CHRM3
1373,hexylcaine,CC(CNC1CCCCC1)OC(=O)C1=CC=CC=C1,SCN1A;SCN2A;SCN3A,SCN1A;SCN2A;SCN3A
1374,hexylresorcinol,CCCCCCC1=C(O)C=C(O)C=C1,ALOX5;TYR,
1375,histamine,NCCC1=CN=CN1,HRH1;HRH2;HRH3;HRH4;TAAR1,HRH1
1377,histidine,N[C@@H](CC1=CN=CN1)C(O)=O,SLC7A5,
1379,homatropine,CN1[C@H]2CC[C@@H]1C[C@@H](C2)OC(=O)C(O)C1=CC=CC=C1,CHRM1;CHRM2;CHRM3;CHRM4;CHRM5,
1383,hycanthone,CCN(CC)CCNC1=CC=C(CO)C2=C1C(=O)C1=CC=CC=C1S2,APEX1,
1384,hydralazine,NNC1=NN=CC2=CC=CC=C12,AOX1;CACNA1C;DNMT1;DNMT3A;DNMT3B;MPO;RYR2,RYR2
1385,hydrochlorothiazide,NS(=O)(=O)C1=C(Cl)C=C2NCNS(=O)(=O)C2=C1,CA1;CA2;CA4;KCNMA1;SLC12A3,SLC12A3
1386,hydrocodone,COC1=CC=C2C[C@@H]3[C@@H]4CCC(=O)[C@@H]5OC1=C2[C@]45CCN3C,OPRK1;OPRM1,OPRM1
1387,hydrocortamate,CCN(CC)CC(=O)OCC(=O)[C@@]1(O)CC[C@H]2[C@@H]3CCC4=CC(=O)CC[C@]4(C)[C@H]3[C@@H](O)C[C@]12C,NR3C1,NR3C1
1388,hydrocortisone,C[C@]12C[C@H](O)[C@H]3[C@@H](CCC4=CC(=O)CC[C@]34C)[C@@H]1CC[C@]2(O)C(=O)CO,ANXA1;NOS2;NR3C1;NR3C2;SERPINA6;SHBG,NR3C1
1390,hydrocortisone cypionate,C[C@]12C[C@H](O)[C@H]3[C@@H](CCC4=CC(=O)CC[C@]34C)[C@@H]1CC[C@]2(O)C(=O)COC(=O)CCC1CCCC1,NR3C1,NR3C1
1392,hydroflumethiazide,NS(=O)(=O)C1=CC2=C(NCNS2(=O)=O)C=C1C(F)(F)F,SLC12A3,SLC12A3
1393,hydromorphone,CN1CC[C@@]23[C@H]4OC5=C2C(C[C@@H]1[C@@H]3CCC4=O)=CC=C5O,OPRD1;OPRK1;OPRM1,OPRM1
1394,hydroxyamfetamine,CC(N)CC1=CC=C(O)C=C1,BACE1;TAAR1,TAAR1
1395,hydroxychloroquine,CCN(CCO)CCCC(C)NC1=CC=NC2=CC(Cl)=CC=C12,ADRA1D;ADRA2A;ADRA2B;ADRA2C;CHRM1;CHRM2;CHRM3;CHRM4;CHRM5;HBA1;KCNH2;SIGMAR1;TLR7;TLR9;TMEM97,TLR7;TLR9
1399,hydroxycarbamide,NC(=O)NO,CA2;CA5A;CA9;RRM1;RRM2,RRM1;RRM2
1400,hydroxyzine,OCCOCCN1CCN(CC1)C(C1=CC=CC=C1)C1=CC=C(Cl)C=C1,CYP2D6;DRD2;HRH1;HTR2A,HRH1
1401,hymecromone,CC1=CC(=O)OC2=C1C=CC(O)=C2,AKR1B1;CA12;CA9;HSD17B3;MAOB,
1402,hyoscyamine,CN1[C@H]2CC[C@@H]1C[C@@H](C2)OC(=O)[C@H](CO)C1=CC=CC=C1,CHRM1;CHRM2;CHRM3;CHRM4;CHRM5,CHRM1;CHRM2;CHRM3
1404,ibandronic acid,CCCCCN(C)CCC(O)(P(O)(O)=O)P(O)(O)=O,FDPS;GGPS1,FDPS
1406,ibudilast,CC(C)C(=O)C1=C2C=CC=CN2N=C1C(C)C,PDE4A;PDE4B;PDE4C;PDE4D,
1407,ibuprofen,CC(C)CC1=CC=C(C=C1)C(C)C(O)=O,AKR1C2;AKR1C3;ALOX5;ASIC1;CXCL8;CYP2C9;PTGS1;PTGS2;SLC5A8,PTGS1;PTGS2
1412,ibutilide,CCCCCCCN(CC)CCCC(O)C1=CC=C(NS(C)(=O)=O)C=C1,KCNH2,
1413,icosapent ethyl,CCOC(=O)CCC\C=C/C\C=C/C\C=C/C\C=C/C\C=C/CC,DGAT1,DGAT1
1414,idarubicin,C[C@@H]1O[C@H](C[C@H](N)[C@@H]1O)O[C@H]1C[C@@](O)(CC2=C(O)C3=C(C(O)=C12)C(=O)C1=CC=CC=C1C3=O)C(C)=O,ABCB1;ABCC1;TOP2A,TOP2A
1416,idebenone,COC1=C(OC)C(=O)C(CCCCCCCCCCO)=C(C)C1=O,CYP2C19;CYP2C9;CYP2D6;CYP3A4,
1417,idoxuridine,OC[C@H]1O[C@H](C[C@@H]1O)N1C=C(I)C(=O)NC1=O,TK1,
1419,ifenprodil,CC(C(O)C1=CC=C(O)C=C1)N1CCC(CC2=CC=CC=C2)CC1,GRIN1;GRIN2A;GRIN2B;GRIN2C;GRIN2D;HRH1;KCNH2;SIGMAR1,
1422,iloprost,CC#CCC(C)[C@H](O)\C=C\[C@H]1[C@H](O)C[C@@H]2C\C(C[C@H]12)=C/CCCC(O)=O,PTGDR;PTGER1;PTGER2;PTGER3;PTGER4;PTGFR;PTGIR;TBXA2R,PTGIR
1423,imatinib,CN1CCN(CC2=CC=C(C=C2)C(=O)NC2=CC=C(C)C(NC3=NC=CC(=N3)C3=CN=CC=C3)=C2)CC1,ABCB1;ABCC1;ABCG2;ABL1;ABL2;BCR;BLK;BMX;BRAF;CA1;CA12;CA14;CA2;CA3;CA4;CA5A;CA5B;CA6;CA7;CA9;CDK19;CLK1;CLK4;CSF1R;DDR1;DDR2;EGFR;EPHA8;EPHB1;EPHB4;FGFR1;FGFR2;FGR;FLT3;FRK;FYN;GAK;HIPK4;HRH2;HTR2A;INSR;IRAK1;JAK2;KARS;KDR;KIT;LCK;LYN;MAPK10;MAPK14;MAPK8;MAPK9;MELK;NQO2;PDGFRA;PDGFRB;PIP4K2C;PLK4;RAF1;SLC22A2;SLC22A3;SLC47A1;SLC47A2;SLC6A4;SRC;STK17A;SYK;TBXAS1;TNNI3K;TYK2;ZAK,ABL1;KIT;PDGFRB
1424,imidapril,CCOC(=O)[C@H](CCC1=CC=CC=C1)N[C@@H](C)C(=O)N1[C@@H](CN(C)C1=O)C(O)=O,ACE,ACE
1427,imipramine,CN(C)CCCN1C2=CC=CC=C2CCC2=C1C=CC=C2,ADORA3;ADRA1A;ADRA2B;CHRM1;CHRM2;CHRM3;CHRM4;CHRM5;DRD2;DRD3;HRH1;HTR1A;HTR2A;HTR2C;KCNH1;KCNH2;PRNP;SCN1A;SCN2A;SCN3A;SIGMAR1;SLC22A1;SLC22A2;SLC6A2;SLC6A3;SLC6A4;SMPD1,SLC6A2;SLC6A4
1429,imiquimod,CC(C)CN1C=NC2=C(N)N=C3C=CC=CC3=C12,ADORA2A;ADRA1D;HRH2;TLR7,TLR7
1431,incadronic acid,OP(O)(=O)C(NC1CCCCCC1)P(O)(O)=O,FDPS,FDPS
1433,indapamide,CC1CC2=C(C=CC=C2)N1NC(=O)C1=CC(=C(Cl)C=C1)S(N)(=O)=O,CA1;CA12;CA13;CA14;CA2;CA4;CA5A;CA5B;CA6;CA7;CA9;KCNQ1;SLC12A3,SLC12A3
1434,indecainide,CC(C)NCCCC1(C(N)=O)C2=CC=CC=C2C2=C1C=CC=C2,SCN5A,SCN5A
1437,indinavir,CC(C)(C)NC(=O)[C@@H]1CN(CC2=CN=CC=C2)CCN1C[C@@H](O)C[C@@H](CC1=CC=CC=C1)C(=O)N[C@@H]1[C@H](O)CC2=C1C=CC=C2,CYP3A4;SLC47A1;SLC47A2;TACR2;TBXAS1,
1438,indisetron,CN1C[C@@H]2C[C@@H](C[C@H](C1)N2C)NC(=O)C1=NNC2=C1C=CC=C2,HTR3A,HTR3A
1439,indobufen,CCC(C(O)=O)C1=CC=C(C=C1)N1CC2=C(C=CC=C2)C1=O,PTGS1;PTGS2,
1440,indomethacin,COC1=CC2=C(C=C1)N(C(=O)C1=CC=C(Cl)C=C1)C(C)=C2CC(O)=O,ABCB1;ABCC1;AKR1B1;AKR1C2;AKR1C3;AKR1C4;AR;CXCL8;DHRS9;GLO1;KCNA7;MT-CO2;NAPRT;PPARG;PTGDR2;PTGER2;PTGES;PTGS1;PTGS2,PTGS1;PTGS2
1443,indoramin,O=C(NC1CCN(CCC2=CNC3=C2C=CC=C3)CC1)C1=CC=CC=C1,ADRA1A;ADRA1B;ADRA1D;ADRA2A;ADRA2B;ADRA2C;DRD4,
1446,intoplicine,CN(C)CCCNC1=NC=C(C)C2=C1C1=C3C=CC(O)=CC3=CC=C1N2,TOP1;TOP1MT;TOP2A,
1457,diiodohydroxyquinoline,OC1=C2N=CC=CC2=C(I)C=C1I,ADORA3;EGFR;ERBB2;FYN;LCK;MAPK1;MAPK14;MAPK3,
1475,ipratropium,CC(C)[N+]1(C)[C@H]2CC[C@@H]1C[C@@H](C2)OC(=O)C(CO)C1=CC=CC=C1,CHRM1;CHRM2;CHRM3;CHRM4;CHRM5;SLC22A2,CHRM3
1477,ipriflavone,CC(C)OC1=CC=C2C(=O)C(=COC2=C1)C1=CC=CC=C1,PTGS1;SLC6A2,
1478,iprindole,CN(C)CCCN1C2=C(CCCCCC2)C2=CC=CC=C12,HRH1;SLC6A2;SLC6A3;SLC6A4,
1480,iproniazid,CC(C)NNC(=O)C1=CC=NC=C1,MAOA;MAOB,MAOA;MAOB
1481,irbesartan,CCCCC1=NC2(CCCC2)C(=O)N1CC1=CC=C(C=C1)C1=CC=CC=C1C1=NN=NN1,AGTR1;EDNRA;SLC10A1,AGTR1
1482,irinotecan,CCC1=C2CN3C(=CC4=C(COC(=O)[C@]4(O)CC)C3=O)C2=NC2=CC=C(OC(=O)N3CCC(CC3)N3CCCCC3)C=C12,ABCB1;ABCC1;ABCC2;ABCC4;ABCG2;ACHE;ADRA2C;CHRM4;MMP1;SLC22A1;SLC22A2;SLC22A3;SLC47A1;SLC47A2;TOP1,TOP1
1483,irofulven,CC1=C(CO)C2=C(C)C3(CC3)[C@@](C)(O)C(=O)C2=C1,CHEK2,
1490,isocarboxazid,CC1=CC(=NO1)C(=O)NNCC1=CC=CC=C1,MAOA;MAOB,MAOA;MAOB
1491,isoetarine,CCC(NC(C)C)C(O)C1=CC(O)=C(O)C=C1,ADRB2,ADRB2
1493,isoflurane,FC(F)OC(Cl)C(F)(F)F,GABRA1;GABRA2;GABRA3;GABRA4;GABRA5;GABRA6;GABRB1;GABRB2;GABRB3;GABRD;GABRE;GABRG1;GABRG2;GABRG3;GABRP;GABRQ;GLRA1;GLRB;HTR2B;KCNK10;KCNK18;KCNK2;KCNK3;KCNK9,GABRA1;GABRA2;GABRA3;GABRA4;GABRA5;GABRA6;GABRB1;GABRB2;GABRB3;GABRD;GABRE;GABRG1;GABRG2;GABRG3;GABRP;GABRQ;GLRA1;GLRB;KCNK10;KCNK18;KCNK2;KCNK3;KCNK9
1494,fluostigmine,CC(C)OP(F)(=O)OC(C)C,ACHE;CTSA;PTGS2,ACHE
1497,isoniazid,NNC(=O)C1=CC=NC=C1,CYP3A4;CYP3A5;MPO,
1499,isoprenaline,CC(C)NCC(O)C1=CC=C(O)C(O)=C1,ADRB1;ADRB2;ADRB3;DRD2;DRD3;DRD4;TAS2R1;TAS2R10;TAS2R13;TAS2R14;TAS2R16;TAS2R19;TAS2R20;TAS2R3;TAS2R30;TAS2R31;TAS2R38;TAS2R39;TAS2R4;TAS2R40;TAS2R41;TAS2R42;TAS2R43;TAS2R45;TAS2R46;TAS2R5;TAS2R50;TAS2R60;TAS2R7;TAS2R8;TAS2R9,ADRB1;ADRB2
1500,isopropamide,CC(C)[N+](C)(CCC(C(N)=O)(C1=CC=CC=C1)C1=CC=CC=C1)C(C)C,CHRM1;CHRM3,CHRM1;CHRM3
1505,isosorbide dinitrate,[O-][N+](=O)O[C@@H]1CO[C@@H]2[C@H](CO[C@H]12)O[N+]([O-])=O,GUCY1A2;GUCY1A3;GUCY1B2;GUCY1B3;NPR1,GUCY1A2;GUCY1A3;GUCY1B2;GUCY1B3
1506,isosorbide mononitrate,O[C@H]1CO[C@@H]2[C@@H](CO[C@H]12)O[N+]([O-])=O,GUCY1A2;GUCY1A3;GUCY1B2;GUCY1B3;NPR1,GUCY1A2;GUCY1A3;GUCY1B2;GUCY1B3
1508,isotretinoin,C\C(\C=C\C1=C(C)CCCC1(C)C)=C/C=C/C(/C)=C\C(O)=O,ADH4;ADORA3;ADRA2B;DHRS9;HSD17B6;HTR2B;MAPK1;MAPK14;OR51E2;RARA;RARB;RDH5,RARB
1509,isoxicam,CN1C(C(=O)NC2=NOC(C)=C2)=C(O)C2=CC=CC=C2S1(=O)=O,PTGS1;PTGS2,
1511,isradipine,COC(=O)C1=C(C)NC(C)=C(C1C1=CC=CC2=NON=C12)C(=O)OC(C)C,CACNA1C;CACNA1D;CACNA1H;KCNH2;NR1I2,CACNA1C;CACNA1D
1513,itraconazole,CCC(C)N1N=CN(C1=O)C1=CC=C(C=C1)N1CCN(CC1)C1=CC=C(OCC2COC(CN3C=NC=N3)(O2)C2=C(Cl)C=C(Cl)C=C2)C=C1,ADRB2;AVPR2;CCR4;CXCR1;CYP3A4;CYP51A1;CYP8B1;FYN,
1517,ixabepilone,C[C@H]1CCC[C@@]2(C)O[C@H]2C[C@H](NC(=O)C[C@H](O)C(C)(C)C(=O)[C@H](C)[C@H]1O)C(\C)=C\C1=CSC(C)=N1,TUBB;TUBB1;TUBB2A;TUBB2B;TUBB3;TUBB4A;TUBB4B;TUBB6;TUBB8,TUBB;TUBB1;TUBB2A;TUBB2B;TUBB3;TUBB4A;TUBB4B;TUBB6;TUBB8
1519,kanamycin,NC[C@H]1O[C@H](O[C@@H]2[C@@H](N)C[C@@H](N)[C@H](O[C@H]3O[C@H](CO)[C@@H](O)[C@H](N)[C@H]3O)[C@H]2O)[C@H](O)[C@@H](O)[C@@H]1O,GJB2,
1523,ketamine,CNC1(CCCCC1=O)C1=C(Cl)C=CC=C1,GRIA1;GRIA2;GRIA3;GRIA4;GRIN1;GRIN2A;GRIN2B;GRIN2C;GRIN2D;GRIN3A;GRIN3B,GRIA1;GRIA2;GRIA3;GRIA4;GRIN1;GRIN2A;GRIN2B;GRIN2C;GRIN2D;GRIN3A;GRIN3B
1524,ketanserin,FC1=CC=C(C=C1)C(=O)C1CCN(CCN2C(=O)NC3=CC=CC=C3C2=O)CC1,ADORA3;ADRA1A;ADRA1B;ADRA1D;ADRA2A;ADRA2B;DRD1;DRD2;DRD4;DRD5;HRH1;HTR1A;HTR1B;HTR1D;HTR1F;HTR2A;HTR2B;HTR2C;HTR5A;HTR6;HTR7;KCNH2;SIGMAR1;SLC18A1;SLC18A2,
1526,ketobemidone,CCC(=O)C1(CCN(C)CC1)C1=CC(O)=CC=C1,GRIN3A;OPRD1;OPRK1;OPRM1,
1527,ketoconazole,CC(=O)N1CCN(CC1)C1=CC=C(OCC2COC(CN3C=CN=C3)(O2)C2=C(Cl)C=C(Cl)C=C2)C=C1,ABCB1;ABCB11;ADRA1D;ADRA2A;ADRA2B;AOX1;CHRM2;CYP11B1;CYP11B2;CYP17A1;CYP19A1;CYP21A2;CYP24A1;CYP27B1;CYP2C19;CYP2C9;CYP3A4;CYP3A5;CYP51A1;HRH2;IDO1;KCNA10;KCNH2;NR1I2;OPRD1;SLC22A1;SLC28A1;SLC6A2;SLC6A3;SLC6A4;TACR2;TBXAS1,CYP11B1;CYP17A1
1528,ketoprofen,CC(C(O)=O)C1=CC=CC(=C1)C(=O)C1=CC=CC=C1,PTGS1;PTGS2,PTGS1;PTGS2
1529,ketorolac,OC(=O)C1CCN2C1=CC=C2C(=O)C1=CC=CC=C1,PAK1;PTGS1;PTGS2,PTGS1;PTGS2
1530,ketotifen,CN1CCC(CC1)=C1C2=C(SC=C2)C(=O)CC2=C1C=CC=C2,ABCB1;ADRA1D;ADRA2A;ADRA2B;CHRM1;CHRM2;CHRM3;CHRM4;CHRM5;DRD1;DRD3;HRH1;HRH2;HRH4;HTR1A;HTR2A;HTR2B;HTR2C;HTR6,HRH1
1531,labetalol,CC(CCC1=CC=CC=C1)NCC(O)C1=CC(C(N)=O)=C(O)C=C1,ADRA1D;ADRB1;ADRB2;CYP2D6;HTR1A;HTR2B;SIGMAR1;SLC6A2;SLC6A3,ADRB1;ADRB2
1532,lacidipine,CCOC(=O)C1=C(C)NC(C)=C(C1C1=C(\C=C\C(=O)OC(C)(C)C)C=CC=C1)C(=O)OCC,ADORA3;CACNA1C;CACNA1D;CYP2C19;CYP2C9;CYP3A4;DRD3;SLC6A2;TBXAS1,CACNA1C;CACNA1D
1535,lactose,OC[C@H]1O[C@@H](O[C@H]2[C@H](O)[C@@H](O)[C@@H](O)O[C@@H]2CO)[C@H](O)[C@@H](O)[C@H]1O,LGALS3;LGALS8;LGALS9,
1539,lamivudine,NC1=NC(=O)N(C=C1)[C@@H]1CS[C@H](CO)O1,DCK,
1540,lamotrigine,NC1=NN=C(C(N)=N1)C1=C(Cl)C(Cl)=CC=C1,HTR3A;SCN10A;SCN1A;SCN2A;SCN3A;SCN4A;SCN5A;SCN8A;SCN9A;SIGMAR1,SCN10A;SCN1A;SCN2A;SCN3A;SCN4A;SCN5A;SCN8A;SCN9A
1545,landiolol,CC1(C)OC[C@@H](COC(=O)CCC2=CC=C(OC[C@@H](O)CNCCNC(=O)N3CCOCC3)C=C2)O1,ADRB1,ADRB1
1546,lanreotide,CC(C)[C@@H]1NC(=O)[C@H](CCCCN)NC(=O)[C@@H](CC2=CNC3=C2C=CC=C3)NC(=O)[C@H](CC2=CC=C(O)C=C2)NC(=O)[C@H](CSSC[C@H](NC1=O)C(=O)N[C@@H]([C@@H](C)O)C(N)=O)NC(=O)[C@@H](N)CC1=CC=C2C=CC=CC2=C1,SSTR1;SSTR2;SSTR3;SSTR4;SSTR5,SSTR2;SSTR5
1547,lansoprazole,CC1=C(CS(=O)C2=NC3=C(N2)C=CC=C3)N=CC=C1OCC(F)(F)F,ATP4A;ATP4B;CYP2C19;CYP2D6;DDAH1;ENGASE;FASN;MAPT;PHOSPHO1,ATP4A;ATP4B
1548,lapatinib,CS(=O)(=O)CCNCC1=CC=C(O1)C1=CC=C2N=CN=C(NC3=CC(Cl)=C(OCC4=CC(F)=CC=C4)C=C3)C2=C1,ABCB1;ABCG2;ABL1;CDK2;EGFR;ERBB2;ERBB3;ERBB4;INSR;MAP2K5;MAP2K7;PDGFRB;PI4KB;PIK3C2B;PIK3C2G;RIPK2;SLCO1B1;SLK;STK10,EGFR;ERBB2
1549,arginine hydrochloride,N[C@@H](CCCNC(N)=N)C(O)=O,GPRC6A;NOS2,
1550,aspartic acid,N[C@@H](CC(O)=O)C(O)=O,ACY1;ASNS;ASPA;ASPH;ASS1;DARS;GOT1;GOT2;SLC1A1;SLC1A2;SLC1A3;SLC25A12;SLC25A13,
1551,latanoprost,CC(C)OC(=O)CCC\C=C/C[C@H]1[C@@H](O)C[C@@H](O)[C@@H]1CC[C@@H](O)CCC1=CC=CC=C1,PTGER1;PTGER3;PTGFR,PTGFR
1552,leflunomide,CC1=C(C=NO1)C(=O)NC1=CC=C(C=C1)C(F)(F)F,CYP1A2;DHODH;MAOA;SLC28A1;SLC6A2;SLC6A3,DHODH
1556,letrozole,N#CC1=CC=C(C=C1)C(N1C=NC=N1)C1=CC=C(C=C1)C#N,CYP11B1;CYP11B2;CYP19A1,CYP19A1
1557,leucine,CC(C)C[C@H](N)C(O)=O,SLC7A5,
1559,leuprorelin,CCNC(=O)[C@@H]1CCCN1C(=O)[C@H](CCCNC(N)=N)NC(=O)[C@H](CC(C)C)NC(=O)[C@@H](CC(C)C)NC(=O)[C@H](CC1=CC=C(O)C=C1)NC(=O)[C@H](CO)NC(=O)[C@H](CC1=CNC2=C1C=CC=C2)NC(=O)[C@H](CC1=CNC=N1)NC(=O)[C@@H]1CCC(=O)N1,GNRHR,GNRHR
1560,levallorphan,OC1=CC2=C(C[C@@H]3[C@@H]4CCCC[C@]24CCN3CC=C)C=C1,OPRM1,OPRM1
1561,levamisole,C1CN2C[C@@H](N=C2S1)C1=CC=CC=C1,ALPI;ALPL,
1562,levamfetamine,C[C@@H](N)CC1=CC=CC=C1,SIGMAR1;TAAR1,
1563,levetiracetam,CC[C@H](N1CCCC1=O)C(N)=O,CA1;CACNA1G;SCN1A;SV2A,SV2A
1564,levocabastine,C[C@@H]1CN(CC[C@]1(C(O)=O)C1=CC=CC=C1)[C@H]1CC[C@](CC1)(C#N)C1=CC=C(F)C=C1,ABCB1;HRH1;NTSR2,HRH1
1566,levocetirizine,OC(=O)COCCN1CCN(CC1)[C@H](C1=CC=CC=C1)C1=CC=C(Cl)C=C1,HRH1,HRH1
1567,levodopa,N[C@@H](CC1=CC(O)=C(O)C=C1)C(O)=O,DRD1;DRD2;EGFR;FYN;LCK;SLC7A5,DRD1;DRD2
1569,levofloxacin,C[C@H]1COC2=C(N3CCN(C)CC3)C(F)=CC3=C2N1C=C(C(O)=O)C3=O,KCNH2;RCE1;SLC47A1,
1571,levomethadyl acetate,CC[C@H](OC(C)=O)C(C[C@H](C)N(C)C)(C1=CC=CC=C1)C1=CC=CC=C1,KCNH2;OPRM1,OPRM1
1572,levonorgestrel,CC[C@]12CC[C@H]3[C@@H](CCC4=CC(=O)CC[C@H]34)[C@@H]1CC[C@@]2(O)C#C,ESR1;NR3C1;PGR;SHBG;SLC6A4,PGR
1574,levorphanol,CN1CC[C@]23CCCC[C@H]2[C@H]1CC1=C3C=C(O)C=C1,GRIN1;GRIN2A;GRIN2B;GRIN2C;GRIN2D;GRIN3A;GRIN3B;OPRD1;OPRK1;OPRM1;SCN1A;SCN2A;SCN3A;SLC22A1,OPRM1
1575,levosalbutamol,CC(C)(C)NC[C@H](O)C1=CC(CO)=C(O)C=C1,ADRB2,ADRB2
1576,levosimendan,C[C@@H]1CC(=O)NN=C1C1=CC=C(NN=C(C#N)C#N)C=C1,KCNJ11;KCNJ8;PDE3A;TNNC1,TNNC1
1577,levosulpiride,CCN1CCC[C@H]1CNC(=O)C1=C(OC)C=CC(=C1)S(N)(=O)=O,DRD2;DRD3;DRD4;MPO,
1579,lidocaine,CCN(CC)CC(=O)NC1=C(C)C=CC=C1C,CHRNA1;CHRNB1;CHRND;HCN4;HTR3A;SCN10A;SCN2A;SCN3A;SCN4A;SCN5A;SCN9A,SCN10A;SCN2A;SCN3A;SCN4A;SCN5A;SCN9A
1580,lidoflazine,CC1=CC=CC(C)=C1NC(=O)CN1CCN(CCCC(C2=CC=C(F)C=C2)C2=CC=C(F)C=C2)CC1,KCNH2;SLC29A1,
1581,limaprost,CCCC[C@H](C)C[C@H](O)\C=C\[C@H]1[C@H](O)CC(=O)[C@@H]1CCCC\C=C\C(O)=O,PTGER1,PTGER1
1583,lindane,Cl[C@H]1[C@H](Cl)[C@@H](Cl)[C@@H](Cl)[C@H](Cl)[C@H]1Cl,GABRA1;GABRA6;GABRB1;GABRB3;GABRG2;GABRR1,
1584,linezolid,CC(=O)NC[C@H]1CN(C(=O)O1)C1=CC(F)=C(C=C1)N1CCOCC1,MAOA;MAOB;SDHA,
1585,liothyronine,N[C@@H](CC1=CC(I)=C(OC2=CC(I)=C(O)C=C2)C(I)=C1)C(O)=O,ADORA1;CYP2C9;GABRA1;GABRA2;GABRA3;GABRA4;GABRA5;GABRA6;GABRB1;GABRB2;GABRB3;GABRD;GABRE;GABRG1;GABRG2;GABRG3;GABRP;GABRQ;PCNA;THAP1;THRA;THRB,THRA;THRB
1587,lisinopril,NCCCC[C@H](N[C@@H](CCC1=CC=CC=C1)C(O)=O)C(=O)N1CCC[C@H]1C(O)=O,ACE,ACE
1588,lisuride,CCN(CC)C(=O)N[C@@H]1CN(C)[C@@H]2CC3=CNC4=CC=CC(=C34)C2=C1,ADRA1A;ADRA1B;ADRA1D;ADRA2A;ADRA2B;ADRA2C;ADRB1;ADRB2;CYP2D6;DRD1;DRD2;DRD3;DRD4;DRD5;HRH1;HRH2;HTR1A;HTR1B;HTR1D;HTR2A;HTR2B;HTR2C;HTR6,HTR2B
1592,lofepramine,CN(CCCN1C2=CC=CC=C2CCC2=C1C=CC=C2)CC(=O)C1=CC=C(Cl)C=C1,ADRA1A;CHRM1;CHRM2;CHRM3;CHRM4;CHRM5;DRD2;HRH1;HTR1A;HTR2C;SLC6A2;SLC6A4,SLC6A2;SLC6A4
1593,lofexidine,CC(OC1=C(Cl)C=CC=C1Cl)C1=NCCN1,ADRA2A;ADRA2B;ADRA2C;HTR1A,ADRA2A
1595,lomerizine,COC1=C(OC)C(OC)=C(CN2CCN(CC2)C(C2=CC=C(F)C=C2)C2=CC=C(F)C=C2)C=C1,CACNA1B,
1597,lonazolac,OC(=O)CC1=CN(N=C1C1=CC=C(Cl)C=C1)C1=CC=CC=C1,PTGES,
1599,loperamide,CN(C)C(=O)C(CCN1CCC(O)(CC1)C1=CC=C(Cl)C=C1)(C1=CC=CC=C1)C1=CC=CC=C1,ADRA1D;ADRB2;AOX1;CACNA1A;CALM1;CALM2;CALM3;CES2;CYP2D6;DRD3;GRIN2A;GRIN2B;GRIN2C;GRIN2D;HRH1;HRH2;HTR2B;MEN1;OPRD1;OPRK1;OPRM1;SCN1A;SCN2A;SCN3A;SCN5A;SIGMAR1;SLC22A1;SLC6A4;SSTR5;TEK,OPRM1
1601,lopinavir,CC(C)[C@H](N1CCCNC1=O)C(=O)N[C@H](C[C@H](O)[C@H](CC1=CC=CC=C1)NC(=O)COC1=C(C)C=CC=C1C)CC1=CC=CC=C1,ABCB1;KCNH2,
1602,loprazolam,CN1CCN(CC1)\C=C1/N=C2CN=C(C3=CC(=CC=C3N2C1=O)[N+]([O-])=O)C1=C(Cl)C=CC=C1,GABRA1;GABRA2;GABRA3;GABRA5;GABRB3;GABRG2,
1605,loratadine,CCOC(=O)N1CCC(CC1)=C1C2=CC=C(Cl)C=C2CCC2=C1N=CC=C2,ABCB1;CYP2C19;HRH1;HTR2B;KCNH2;KCNK9;NR1H4;NR1I2;SLC6A15,HRH1
1606,lorazepam,OC1N=C(C2=CC(Cl)=CC=C2NC1=O)C1=C(Cl)C=CC=C1,GABRA1;GABRB3;GABRG2,GABRA1;GABRB3;GABRG2
1607,lorcainide,CC(C)N1CCC(CC1)N(C(=O)CC1=CC=CC=C1)C1=CC=C(Cl)C=C1,SCN1B;SCN2B;SCN3B;SCN4B;SCN5A,
1610,losartan,CCCCC1=NC(Cl)=C(CO)N1CC1=CC=C(C=C1)C1=C(C=CC=C1)C1=NN=NN1,ABCB1;ACE;AGTR1;AGTR2;CYP2C9;GP6;PDE3A;PDE3B;PDE4A;PDE4B;PDE4C;PDE4D,AGTR1
1611,loteprednol etabonate,CCOC(=O)O[C@@]1(CC[C@H]2[C@@H]3CCC4=CC(=O)C=C[C@]4(C)[C@H]3[C@@H](O)C[C@]12C)C(=O)OCCl,NR3C1,NR3C1
1612,lovastatin,CC[C@H](C)C(=O)O[C@H]1C[C@@H](C)C=C2C=C[C@H](C)[C@H](CC[C@@H]3C[C@@H](O)CC(=O)O3)[C@@H]12,ADORA1;HCAR2;HCAR3;HDAC1;HDAC2;HDAC6;HMGCR;ITGAL;NR1I2;SLC6A2;SLC6A3;TACR2,HMGCR
1613,loxapine,CN1CCN(CC1)C1=NC2=C(OC3=CC=C(Cl)C=C13)C=CC=C2,ADRA1A;ADRA1B;ADRA2A;ADRA2B;ADRA2C;CHRM1;CHRM2;CHRM3;CHRM4;CHRM5;DRD1;DRD2;DRD3;DRD4;DRD5;HRH1;HRH2;HRH4;HTR1A;HTR1B;HTR1D;HTR1E;HTR2A;HTR2C;HTR3A;HTR5A;HTR6;KCNK2;KCNT1;SLC6A2,DRD2;HTR2A
1614,loxiglumide,CCCCCN(CCCOC)C(=O)C(CCC(O)=O)NC(=O)C1=CC(Cl)=C(Cl)C=C1,CCKAR,
1615,loxoprofen,CC(C(O)=O)C1=CC=C(CC2CCCC2=O)C=C1,PTGS1;PTGS2,PTGS1;PTGS2
1616,lucanthone,CCN(CC)CCNC1=CC=C(C)C2=C1C(=O)C1=CC=CC=C1S2,APEX1,
1617,lumefantrine,CCCCN(CCCC)CC(O)C1=CC(Cl)=CC2=C1C1=CC=C(Cl)C=C1\C2=C\C1=CC=C(Cl)C=C1,KCNH2,
1618,lumiracoxib,CC1=CC(CC(O)=O)=C(NC2=C(Cl)C=CC=C2F)C=C1,PTGS1;PTGS2,PTGS2
1621,lysergide,CCN(CC)C(=O)[C@H]1CN(C)[C@@H]2CC3=CNC4=CC=CC(=C34)C2=C1,ADRB1;ADRB2;DRD2;DRD3;DRD4;DRD5;HRH1;HTR1A;HTR1D;HTR1E;HTR2A;HTR2B;HTR2C;HTR5A;HTR6;HTR7,
1622,lysine,NCCCC[C@H](N)C(O)=O,GSR,
1624,mafenide,NCC1=CC=C(C=C1)S(N)(=O)=O,CA1;CA12;CA14;CA2;CA4;CA5A;CA5B;CA6;CA7;CA9,
1626,malathion,CCOC(=O)CC(SP(=S)(OC)OC)C(=O)OCC,MTNR1A,
1631,manidipine,COC(=O)C1=C(C)NC(C)=C(C1C1=CC(=CC=C1)[N+]([O-])=O)C(=O)OCCN1CCN(CC1)C(C1=CC=CC=C1)C1=CC=CC=C1,CACNA1C;CACNA1D,CACNA1C;CACNA1D
1634,maprotiline,CNCCCC12CCC(C3=CC=CC=C13)C1=C2C=CC=C1,ABCG2;ADRA1A;ADRA1D;ADRA2A;ADRA2B;ADRA2C;AOX1;CHRM1;CHRM2;CHRM3;CHRM4;CHRM5;CYP3A4;DRD1;DRD2;DRD3;DRD5;HRH1;HRH2;HTR2A;HTR2B;HTR2C;HTR6;SLC6A2;SLC6A3;SLC6A4;TRPM3,SLC6A2
1635,maraviroc,CC(C)C1=NN=C(C)N1[C@@H]1C[C@@H]2CC[C@H](C1)N2CC[C@H](NC(=O)C1CCC(F)(F)CC1)C1=CC=CC=C1,CCR5;SLC47A1,CCR5
1637,masoprocol,C[C@@H](CC1=CC(O)=C(O)C=C1)[C@H](C)CC1=CC(O)=C(O)C=C1,ALOX12;ALOX15;ALOX15B;ALOX5;AR;CYP19A1;ESR1;HSD17B1;HSD17B2;IGF1R;LTB4R;TRPA1;TTR,
1638,maxacalcitol,C[C@H](OCCC(C)(C)O)[C@H]1CC[C@H]2\C(CCC[C@]12C)=C\C=C1\C[C@@H](O)C[C@H](O)C1=C,VDR,
1640,mazindol,OC1(N2CCN=C2C2=CC=CC=C12)C1=CC=C(Cl)C=C1,HRH1;SIGMAR1;SLC6A2;SLC6A3;SLC6A4,SLC6A2;SLC6A3;SLC6A4
1641,mebendazole,COC(=O)NC1=NC2=C(N1)C=CC(=C2)C(=O)C1=CC=CC=C1,ABL1;KDR,
1643,mebhydrolin,CN1CCC2=C(C1)C1=C(C=CC=C1)N2CC1=CC=CC=C1,CHRM1;HRH1;HRH4;HTR5A,HRH1
1646,mecamylamine,CNC1(C)C2CCC(C2)C1(C)C,CHRNA1;CHRNA2;CHRNA3;CHRNA4;CHRNA6;CHRNA7;CHRNB2;CHRNB3;CHRNB4,CHRNA3;CHRNB4
1649,meclozine,CC1=CC=CC(CN2CCN(CC2)C(C2=CC=CC=C2)C2=CC=C(Cl)C=C2)=C1,HPN;HRH1;NR1I3,HRH1
1650,meclofenamic acid,CC1=CC=C(Cl)C(NC2=CC=CC=C2C(O)=O)=C1Cl,AKR1C1;AKR1C2;AKR1C3;ALOX5;AR;FABP2;MAPK1;PTGS1;PTGS2;TTR,ALOX5;PTGS1;PTGS2
1655,medetomidine,CC(C1=CNC=N1)C1=C(C)C(C)=CC=C1,ADRA1A;ADRA1B;ADRA1D;ADRA2A;ADRA2B;ADRA2C,
1658,medroxalol,CC(CCC1=CC2=C(OCO2)C=C1)NCC(O)C1=CC(C(N)=O)=C(O)C=C1,ADRA1A;ADRB1,
1659,medroxyprogesterone,C[C@H]1C[C@H]2[C@@H]3CC[C@](OC(C)=O)(C(C)=O)[C@@]3(C)CC[C@@H]2[C@@]2(C)CCC(=O)C=C12,AKR1C1;AKR1C2;AKR1C3;AR;CYP2C19;ESR1;ESR2;HRH2;NR3C1;NR3C2;PGR;SHBG,PGR
1662,medrysone,C[C@H]1C[C@H]2[C@@H]3CC[C@H](C(C)=O)[C@@]3(C)C[C@H](O)[C@@H]2[C@@]2(C)CCC(=O)C=C12,NR3C1,NR3C1
1663,mefenamic acid,CC1=CC=CC(NC2=C(C=CC=C2)C(O)=O)=C1C,AKR1B1;AKR1B10;AKR1C1;AKR1C2;AKR1C3;CYP2C9;MPO;NAPRT;PTGS1;PTGS2;TRPA1,PTGS1;PTGS2
1665,mefloquine,O[C@H]([C@H]1CCCCN1)C1=CC(=NC2=C(C=CC=C12)C(F)(F)F)C(F)(F)F,ABCB1;ADORA1;ADORA2A;GLRA1;HBA1;KCNH2,
1667,megestrol acetate,CC(=O)O[C@@]1(CC[C@H]2[C@@H]3C=C(C)C4=CC(=O)CC[C@]4(C)[C@H]3CC[C@]12C)C(C)=O,ABCB1;CYP2C9;NR3C1;PGR,PGR
1670,meglutol,CC(O)(CC(O)=O)CC(O)=O,HMGCR,
1672,melatonin,COC1=CC2=C(NC=C2CCNC(C)=O)C=C1,CYP1B1;HRH3;HTR2B;MPO;MTNR1A;MTNR1B;NQO2;RORA,MTNR1A;MTNR1B
1676,meloxicam,CN1C(C(=O)NC2=NC=C(C)S2)=C(O)C2=CC=CC=C2S1(=O)=O,PTGS1;PTGS2,PTGS2
1677,melperone,CC1CCN(CCCC(=O)C2=CC=C(F)C=C2)CC1,ADRA1A;ADRA2A;CHRM2;CHRM4;CYP2D6;DRD2;DRD3;DRD4;HRH1;HTR1A;HTR1D;HTR2A;HTR2C;KCNH2,
1679,memantine,CC12CC3CC(C)(C1)CC(N)(C3)C2,GRIN1;GRIN2A;GRIN2B;GRIN3A;HTR3A;SLC22A1,GRIN1;GRIN2A;GRIN2B;GRIN3A
1683,menadione,CC1=CC(=O)C2=CC=CC=C2C1=O,AOX1;CDC25A;CDC25B;CDC25C;GSR;IDO1;MAOA;MAOB;UCHL3,
1688,pecazine,CN1CCCC(CN2C3=CC=CC=C3SC3=CC=CC=C23)C1,ADRA1D;ADRA2A;ADRA2B;CHRM1;CHRM2;CHRM3;CHRM4;CHRM5;DRD3;GFER;HRH1;HTR2A;HTR2B;HTR2C;HTR6;MALT1;SIGMAR1;SLC6A2,
1689,mepenzolate,C[N+]1(C)CCCC(C1)OC(=O)C(O)(C1=CC=CC=C1)C1=CC=CC=C1,CHRM1;CHRM2;CHRM3;SLC22A1,CHRM1;CHRM3
1690,pethidine,CCOC(=O)C1(CCN(C)CC1)C1=CC=CC=C1,GRIN3A;KCNH2;OPRK1;OPRM1;SLC22A1;SLC6A3,OPRM1
1694,mephentermine,CNC(C)(C)CC1=CC=CC=C1,ADRA1A,ADRA1A
1695,mephenytoin,CCC1(NC(=O)N(C)C1=O)C1=CC=CC=C1,SCN10A;SCN11A;SCN1A;SCN2A;SCN3A;SCN4A;SCN5A;SCN7A;SCN8A;SCN9A,SCN10A;SCN11A;SCN1A;SCN2A;SCN3A;SCN4A;SCN5A;SCN7A;SCN8A;SCN9A
1696,methylphenobarbital,CCC1(C(=O)NC(=O)N(C)C1=O)C1=CC=CC=C1,GABRA1;GABRB3;GABRG2,
1700,mepivacaine,CN1CCCCC1C(=O)NC1=C(C)C=CC=C1C,SCN1A;SCN2A;SCN3A;SCN4A;SCN5A;SCN8A;SCN9A,SCN1A;SCN2A;SCN3A;SCN4A;SCN5A;SCN8A;SCN9A
1702,meprednisone,C[C@H]1C[C@H]2[C@@H]3CCC4=CC(=O)C=C[C@]4(C)[C@H]3C(=O)C[C@]2(C)[C@@]1(O)C(=O)CO,NR3C1,NR3C1
1704,meprobamate,CCCC(C)(COC(N)=O)COC(N)=O,ABCB1;GABRA1;GABRA2;GABRA3;GABRA5;GABRB3;GABRG2,GABRA1;GABRA2;GABRA3;GABRA5;GABRB3;GABRG2
1705,meproscillarin,CO[C@H]1[C@H](C)O[C@@H](O[C@H]2CC[C@]3(C)[C@H]4CC[C@]5(C)[C@H](CC[C@]5(O)[C@@H]4CCC3=C2)C2=COC(=O)C=C2)[C@H](O)[C@@H]1O,ATP1A1,
1706,meptazinol,CCC1(CCCCN(C)C1)C1=CC(O)=CC=C1,OPRM1;SLC22A1,OPRM1
1707,mequitazine,C(C1CN2CCC1CC2)N1C2=CC=CC=C2SC2=CC=CC=C12,CHRM1;CHRM2;CHRM3;CHRM4;CHRM5;HRH1,
1708,mercaptopurine,S=C1N=CNC2=C1NC=N2,ABCC4;ABCC5;PNP;PPAT;PTGS1;TPMT,PPAT
1710,mesalazine,NC1=CC(C(O)=O)=C(O)C=C1,ALOX5;PPARG;PTGS1;PTGS2;TNF,ALOX5;PPARG;PTGS1;PTGS2
1712,mesoridazine,CN1CCCCC1CCN1C2=CC=CC=C2SC2=C1C=C(C=C2)S(C)=O,CHRM1;CHRM2;CHRM3;CHRM4;CHRM5;DRD1;DRD2;DRD3;DRD4;HRH1;HTR1A;HTR2A;HTR2C;HTR6;KCNH2,DRD2;HTR2A
1714,mestranol,COC1=CC2=C(C=C1)[C@H]1CC[C@@]3(C)[C@@H](CC[C@@]3(O)C#C)[C@@H]1CC2,CNR1;ESR1;SLC6A2;SLC6A4,ESR1
1720,orciprenaline,CC(C)NCC(O)C1=CC(O)=CC(O)=C1,ADRB2,ADRB2
1721,metaraminol,C[C@H](N)[C@H](O)C1=CC(O)=CC=C1,ADRA1A,ADRA1A
1723,metergoline,CN1C=C2C[C@@H]3[C@H](C[C@@H](CNC(=O)OCC4=CC=CC=C4)CN3C)C3=CC=CC1=C23,ACHE;ADRA1D;ADRA2A;ADRA2B;ADRA2C;CYP2D6;DRD1;DRD2;DRD3;HRH1;HRH2;HTR1A;HTR1B;HTR1D;HTR1E;HTR1F;HTR2A;HTR2B;HTR2C;HTR5A;HTR6;HTR7;SLC6A2;SLC6A3;SLC6A4;TACR2,
1725,metformin,CN(C)C(=N)NC(N)=N,DPP4;MT-ND1;MT-ND2;MT-ND3;MT-ND4;MT-ND4L;MT-ND5;MT-ND6;NDUFA1;NDUFA10;NDUFA11;NDUFA12;NDUFA13;NDUFA2;NDUFA3;NDUFA4;NDUFA4L2;NDUFA5;NDUFA6;NDUFA7;NDUFA8;NDUFA9;NDUFAB1;NDUFAF1;NDUFAF2;NDUFAF3;NDUFAF4;NDUFB1;NDUFB10;NDUFB11;NDUFB2;NDUFB3;NDUFB4;NDUFB5;NDUFB6;NDUFB7;NDUFB8;NDUFB9;NDUFC1;NDUFC2;NDUFS1;NDUFS2;NDUFS3;NDUFS4;NDUFS5;NDUFS6;NDUFS7;NDUFS8;NDUFV1;NDUFV2;NDUFV3;PRKAB1;SLC22A1;SLC22A2;SLC22A3,MT-ND1;MT-ND2;MT-ND3;MT-ND4;MT-ND4L;MT-ND5;MT-ND6;NDUFA1;NDUFA10;NDUFA11;NDUFA12;NDUFA13;NDUFA2;NDUFA3;NDUFA4;NDUFA4L2;NDUFA5;NDUFA6;NDUFA7;NDUFA8;NDUFA9;NDUFAB1;NDUFAF1;NDUFAF2;NDUFAF3;NDUFAF4;NDUFB1;NDUFB10;NDUFB11;NDUFB2;NDUFB3;NDUFB4;NDUFB5;NDUFB6;NDUFB7;NDUFB8;NDUFB9;NDUFC1;NDUFC2;NDUFS1;NDUFS2;NDUFS3;NDUFS4;NDUFS5;NDUFS6;NDUFS7;NDUFS8;NDUFV1;NDUFV2;NDUFV3
1726,methacholine,CC(C[N+](C)(C)C)OC(C)=O,CHRM1;CHRM2;CHRM3;CHRM4,CHRM3
1727,metacycline,CN(C)[C@H]1[C@@H]2[C@@H](O)[C@@H]3C(=C)C4=C(C(O)=CC=C4)C(=O)C3=C(O)[C@]2(O)C(=O)C(C(N)=O)=C1O,RAD52,
1728,methadone,CCC(=O)C(CC(C)N(C)C)(C1=CC=CC=C1)C1=CC=CC=C1,CHRNA10;GRIN3A;KCNH2;OPRD1;OPRK1;OPRM1,OPRM1
1729,acetylmethadol,CCC(OC(C)=O)C(CC(C)N(C)C)(C1=CC=CC=C1)C1=CC=CC=C1,KCNH2;OPRM1,OPRM1
1732,methamphetamine,CN[C@@H](C)CC1=CC=CC=C1,ADRA2A;ADRA2B;ADRA2C;HTR2B;SIGMAR1;SLC6A2;SLC6A3;SLC6A4;TAAR1,SLC6A3
1736,methanthelinium,CC[N+](C)(CC)CCOC(=O)C1C2=CC=CC=C2OC2=C1C=CC=C2,CHRM1;CHRM2;CHRM3;CHRM4;CHRM5,CHRM1;CHRM2;CHRM3;CHRM4;CHRM5
1738,methapyrilene,CN(C)CCN(CC1=CC=CS1)C1=CC=CC=N1,ADRA2A;ADRA2B;CHRM1;CHRM2;CHRM5;CYP2D6;HRH1;HTR2A;HTR2B;HTR2C;HTR6;SLC6A2;SLC6A3;SLC6A4,
1739,methaqualone,CC1=C(C=CC=C1)N1C(C)=NC2=CC=CC=C2C1=O,GABRA1;GABRA2;GABRA3;GABRA4;GABRA5;GABRA6;GABRB2;GABRB3;GABRD;GABRG2,
1740,metharbital,CCC1(CC)C(=O)NC(=O)N(C)C1=O,GABRA1;GABRA2;GABRA3;GABRA4;GABRA5;GABRA6;GABRB1;GABRB2;GABRB3;GABRD;GABRE;GABRG1;GABRG2;GABRG3;GABRP;GABRQ,GABRA1;GABRA2;GABRA3;GABRA4;GABRA5;GABRA6;GABRB1;GABRB2;GABRB3;GABRD;GABRE;GABRG1;GABRG2;GABRG3;GABRP;GABRQ
1741,methazolamide,CN1N=C(SC1=NC(C)=O)S(N)(=O)=O,CA1;CA12;CA13;CA14;CA2;CA3;CA4;CA5A;CA5B;CA6;CA7;CA9,CA1;CA2;CA4;CA7
1742,methdilazine,CN1CCC(CN2C3=CC=CC=C3SC3=C2C=CC=C3)C1,HRH1,HRH1
1745,thiamazole,CN1C=CNC1=S,LPO;TPO,TPO
1747,methocarbamol,COC1=C(OCC(O)COC(N)=O)C=CC=C1,CA1,CA1
1748,methohexital,CCC#CC(C)C1(CC=C)C(=O)NC(=O)N(C)C1=O,CHRNA2;CHRNB2;GABRA1;GABRB3;GABRG2;GLRA1,GABRA1;GABRB3;GABRG2
1751,methotrexate,CN(CC1=CN=C2N=C(N)N=C(N)C2=N1)C1=CC=C(C=C1)C(=O)N[C@@H](CCC(O)=O)C(O)=O,ABCB1;ABCC1;ABCC2;ABCC4;ABCC5;ABCG2;DHFR;FOLR1;FOLR2;FPGS;HMGB1;SLC19A1;SLC46A1;TYMS,DHFR
1752,levomepromazine,COC1=CC2=C(SC3=CC=CC=C3N2C[C@H](C)CN(C)C)C=C1,HRH1,
1753,methoxamine,COC1=CC(C(O)C(C)N)=C(OC)C=C1,ADRA1A;ADRA1B;ADRA1D,ADRA1A;ADRA1B;ADRA1D
1754,methoxyflurane,COC(F)(F)C(Cl)Cl,GABRA1;GABRA2;GABRA3;GABRA4;GABRA5;GABRA6;GABRB1;GABRB2;GABRB3;GABRD;GABRE;GABRG1;GABRG2;GABRG3;GABRP;GABRQ;GLRA1,GABRA1;GABRA2;GABRA3;GABRA4;GABRA5;GABRA6;GABRB1;GABRB2;GABRB3;GABRD;GABRE;GABRG1;GABRG2;GABRG3;GABRP;GABRQ;GLRA1
1757,methscopolamine,C[N+]1(C)[C@H]2C[C@@H](C[C@@H]1[C@H]1O[C@@H]21)OC(=O)[C@H](CO)C1=CC=CC=C1,CHRM1;CHRM2;CHRM3;CHRM4;CHRM5,CHRM1;CHRM3
1758,methsuximide,CN1C(=O)CC(C)(C1=O)C1=CC=CC=C1,CACNA1G;CACNA1H;CACNA1I,CACNA1G;CACNA1H;CACNA1I
1759,methylclothiazide,CN1C(CCl)NC2=CC(Cl)=C(C=C2S1(=O)=O)S(N)(=O)=O,SLC12A3,SLC12A3
1761,metildigoxin,CO[C@H]1[C@@H](O)C[C@H](O[C@H]2[C@@H](O)C[C@H](O[C@H]3[C@@H](O)C[C@H](O[C@H]4CC[C@@]5(C)[C@H](CC[C@@H]6[C@@H]5C[C@@H](O)[C@]5(C)[C@H](CC[C@]65O)C5=CC(=O)OC5)C4)O[C@@H]3C)O[C@@H]2C)O[C@@H]1C,ATP1A1,
1762,methyldopa,C[C@](N)(CC1=CC(O)=C(O)C=C1)C(O)=O,ADRA2A;DDC;EGFR;FYN;KDM4E,ADRA2A
1763,methylthioninium chloride,CN(C)C1=CC2=[S+]C3=CC(=CC=C3N=C2C=C1)N(C)C,APP;GSR;MAOA;MAOB;MAPT;TXNRD1,
1764,methylergometrine,CC[C@@H](CO)NC(=O)[C@H]1CN(C)[C@@H]2CC3=CNC4=CC=CC(=C34)C2=C1,ADRA2A;ADRA2B;CYP2D6;DRD1;DRD2;DRD3;HTR1A;HTR1E;HTR1F;HTR2A;HTR2B;HTR2C;HTR6,DRD1
1765,naltrexone,OC1=C2O[C@H]3C(=O)CC[C@@]4(O)[C@H]5CC(C=C1)=C2[C@@]34CCN5CC1CC1,CHRNA7;CYP2D6;OPRD1;OPRK1;OPRM1,OPRD1;OPRK1;OPRM1
1766,methylparaben,COC(=O)C1=CC=C(O)C=C1,CA1;CA12;CA14;CA2;CA7;CA9,
1767,methylphenidate,COC(=O)C(C1CCCCN1)C1=CC=CC=C1,ADRA2A;ADRA2B;ADRA2C;SLC6A2;SLC6A3;SLC6A4,SLC6A2;SLC6A3
1768,methylprednisolone,C[C@H]1C[C@H]2[C@@H]3CC[C@](O)(C(=O)CO)[C@@]3(C)C[C@H](O)[C@@H]2[C@@]2(C)C=CC(=O)C=C12,ANXA1;NR3C1;TRPC5,NR3C1
1770,methylprednisolone acetate,C[C@H]1C[C@H]2[C@@H]3CC[C@](O)(C(=O)COC(C)=O)[C@@]3(C)C[C@H](O)[C@@H]2[C@@]2(C)C=CC(=O)C=C12,NR3C1,NR3C1
1771,methylprednisolone succinate,C[C@H]1C[C@H]2[C@@H]3CC[C@](O)(C(=O)COC(=O)CCC(O)=O)[C@@]3(C)C[C@H](O)[C@@H]2[C@@]2(C)C=CC(=O)C=C12,NR3C1,NR3C1
1774,methyprylon,CCC1(CC)C(=O)NCC(C)C1=O,GABRA1;GABRB3;GABRG2,GABRA1;GABRB3;GABRG2
1775,methysergide,CC[C@@H](CO)NC(=O)[C@H]1CN(C)[C@@H]2CC3=CN(C)C4=CC=CC(=C34)C2=C1,ADRA2A;ADRA2B;ADRA2C;BCL2L1;CHRM1;CHRM2;CHRM3;DRD1;DRD2;DRD3;HRH1;HTR1A;HTR1B;HTR1D;HTR1E;HTR1F;HTR2A;HTR2B;HTR2C;HTR5A;HTR6;HTR7;MCL1;SIGMAR1,HTR2B;HTR2C
1779,metipranolol,CC(C)NCC(O)COC1=C(C)C(C)=C(OC(C)=O)C(C)=C1,ADRB1;ADRB2,ADRB1;ADRB2
1780,metixene,CN1CCCC(CC2C3=CC=CC=C3SC3=C2C=CC=C3)C1,CHRM1;HTR2C,CHRM1;HTR2C
1781,metochalcone,COC1=CC=C(C=CC(=O)C2=C(OC)C=C(OC)C=C2)C=C1,ABCG2,
1782,metoclopramide,CCN(CC)CCNC(=O)C1=C(OC)C=C(N)C(Cl)=C1,ADRA2A;AOX1;CHRM1;CYP2D6;DRD2;DRD3;HTR2A;HTR2B;HTR2C;HTR3A;HTR3B;HTR3C;HTR3D;HTR3E;HTR4;MPO;SLC22A1,DRD2;HTR3A;HTR4
1783,metolazone,CC1NC2=CC(Cl)=C(C=C2C(=O)N1C1=C(C)C=CC=C1)S(N)(=O)=O,CA7;SLC12A1;SLC12A3,SLC12A3
1784,metopimazine,CS(=O)(=O)C1=CC=C2SC3=CC=CC=C3N(CCCN3CCC(CC3)C(N)=O)C2=C1,DRD2;DRD3;HRH1,
1786,metoprolol,COCCC1=CC=C(OCC(O)CNC(C)C)C=C1,ADRB1;ADRB2,ADRB1
1791,metyrapone,CC(C)(C(=O)C1=CN=CC=C1)C1=CN=CC=C1,CYP11B1;CYP11B2;CYP3A4,CYP11B1
1792,metirosine,C[C@](N)(CC1=CC=C(O)C=C1)C(O)=O,TH,TH
1794,mexiletine,CC(N)COC1=C(C)C=CC=C1C,HCN4;HTR2B;KCNH2;KCNK3;SCN10A;SCN1A;SCN1B;SCN2A;SCN2B;SCN3B;SCN4A;SCN4B;SCN5A;SCN9A;SLC22A2,SCN10A;SCN2A;SCN4A;SCN5A;SCN9A
1795,mezlocillin,CC1(C)S[C@@H]2[C@H](NC(=O)[C@H](NC(=O)N3CCN(C3=O)S(C)(=O)=O)C3=CC=CC=C3)C(=O)N2[C@H]1C(O)=O,ABCC1;ADORA3;AKR1B1;AKR1C3;ALB;ALOX5;CA2;CNR1;CNR2;CXCL8;CYP2C8;CYP2C9;CYP3A4;IL1R1;PDE11A;PPARG;PTGDR;PTGDR2;PTGDS;PTGER1;PTGER2;PTGER3;PTGER4;PTGS1;PTGS2;TBXAS1,
1796,mianserin,CN1CCN2C(C1)C1=C(CC3=C2C=CC=C3)C=CC=C1,ADRA1A;ADRA1B;ADRA1D;ADRA2A;ADRA2B;ADRA2C;CHRM1;CHRM2;CHRM3;CHRM4;CHRM5;DRD1;DRD2;DRD3;DRD4;HRH1;HRH2;HRH4;HTR1A;HTR1B;HTR1D;HTR1F;HTR2A;HTR2B;HTR2C;HTR3A;HTR6;HTR7;SCN1A;SCN2A;SCN3A;SLC6A2;SLC6A3;SLC6A4,HTR2A;HTR2B;HTR2C
1797,mibefradil,COCC(=O)O[C@]1(CCN(C)CCCC2=NC3=C(N2)C=CC=C3)CCC2=CC(F)=CC=C2[C@@H]1C(C)C,ABCB1;CACNA1B;CACNA1C;CACNA1G;CACNA1H;CACNA1I;CATSPER1;CATSPER2;CATSPER3;CATSPER4;CYP3A4;KCNH2;KCNK9;ORAI1;SCN5A;SCN9A,CACNA1H
1800,miconazole,ClC1=CC(Cl)=C(COC(CN2C=CN=C2)C2=C(Cl)C=C(Cl)C=C2)C=C1,ACHE;ADORA1;ADORA2A;ADORA3;ADRA1D;ADRA2A;ADRA2B;ADRB1;ADRB3;AGTR2;ALPL;CHRM1;CHRM2;CHRM3;CHRM4;CNR1;CYP17A1;CYP19A1;CYP2C19;CYP2C9;CYP2D6;CYP3A4;CYP51A1;CYP8B1;DRD1;DRD2;DRD3;DRD4;EGFR;ERBB2;FYN;HRH2;HTR1A;HTR2A;HTR2B;HTR2C;HTR6;IDO1;KCNH2;MC3R;MC4R;MC5R;MDH1;OPRD1;OPRK1;OPRM1;ORAI1;PTGS2;SLC6A2;SLC6A3;SLC6A4;TACR1;TACR2;TBXAS1,
1802,midazolam,CC1=NC=C2CN=C(C3=CC(Cl)=CC=C3N12)C1=C(F)C=CC=C1,ABCB1;CYP3A4;GABRA1;GABRA3;GABRA5;GABRB2;GABRB3;GABRG2;GABRG3,GABRA1;GABRA3;GABRA5;GABRB2;GABRB3;GABRG2;GABRG3
1803,midodrine,COC1=CC(C(O)CNC(=O)CN)=C(OC)C=C1,ADRA1A;HSP90AA1,ADRA1A
1805,mifepristone,CC#C[C@]1(O)CC[C@H]2[C@@H]3CCC4=CC(=O)CCC4=C3[C@H](C[C@]12C)C1=CC=C(C=C1)N(C)C,ADRA2B;AR;CYP3A4;ESR1;ESR2;FYN;MAPK14;NR1I2;NR3C1;NR3C2;OPRK1;OPRM1;PGR;SIGMAR1,NR3C1;PGR
1806,miglitol,OCCN1C[C@H](O)[C@@H](O)[C@H](O)[C@H]1CO,AMY2A;GAA;GBA;LCT;MGAM;SI,GAA;MGAM
1807,miglustat,CCCCN1C[C@H](O)[C@@H](O)[C@H](O)[C@H]1CO,AGL;GAA;GBA2;MGAM;SI;UGCG,UGCG
1808,milnacipran,CCN(CC)C(=O)C1(CC1CN)C1=CC=CC=C1,GRIN2A;SLC6A2;SLC6A3;SLC6A4,SLC6A2;SLC6A4
1809,milrinone,CC1=C(C=C(C#N)C(=O)N1)C1=CC=NC=C1,PDE3A;PDE3B;PDE4A;PDE4B;PDE4C;PDE4D;PDE5A,PDE3A
1810,miltefosine,CCCCCCCCCCCCCCCCOP([O-])(=O)OCC[N+](C)(C)C,AKT1;CDC25A,
1811,mimosine,N[C@@H](CN1C=CC(=O)C(O)=C1)C(O)=O,DOHH;SHMT1;TYR,
1812,minaprine,CC1=C(NCCN2CCOCC2)N=NC(=C1)C1=CC=CC=C1,ACHE;CHRM1,
1814,minoxidil,NC1=CC(=NC(N)=[N+]1[O-])N1CCCCC1,ABCC9;KCNJ1;KCNJ11,ABCC9;KCNJ11
1816,mirtazapine,CN1CCN2C(C1)C1=C(CC3=C2N=CC=C3)C=CC=C1,ADRA1A;ADRA2A;ADRA2B;ADRA2C;CHRM1;CHRM2;DRD1;DRD2;DRD3;HRH1;HTR1A;HTR2A;HTR2C;HTR3A;HTR7;SLC6A2,HTR2A;HTR2C
1817,misoprostol,CCCCC(C)(O)C\C=C\[C@H]1[C@H](O)CC(=O)[C@@H]1CCCCCCC(=O)OC,PTGER2;PTGER3;PTGER4;PTGFR,PTGER3
1818,mitiglinide,OC(=O)[C@H](CC(=O)N1C[C@H]2CCCC[C@H]2C1)CC1=CC=CC=C1,ABCC8;KCNJ11,ABCC8;KCNJ11
1819,mitomycin,CO[C@]12[C@H]3N[C@H]3CN1C1=C([C@H]2COC(N)=O)C(=O)C(N)=C(C)C1=O,IDO1,
1820,mitotane,ClC(Cl)C(C1=CC=C(Cl)C=C1)C1=C(Cl)C=CC=C1,ADORA3;ADRA2A;CYP11A1;CYP11B1;FDX1;HTR2B;HTR6;SLC6A2;SLC6A3;SLC6A4,CYP11A1;CYP11B1
1821,mitoxantrone,OCCNCCNC1=CC=C(NCCNCCO)C2=C1C(=O)C1=C(O)C=CC(O)=C1C2=O,ABCB1;ABCC1;ABCC2;ABCG2;APEX1;BTK;CHRM1;CHRM2;CHRM4;EGFR;ERBB2;FYN;HTR2C;KCNH2;MPG;PIM1;ROS1;SLC22A1;SLC22A2;SLC22A3;SLC47A1;SLC47A2;SLC6A2;TOP2A,TOP2A
1822,mivacurium,COC1=CC(C[C@@H]2C3=CC(OC)=C(OC)C=C3CC[N+]2(C)CCCOC(=O)CC\C=C\CCC(=O)OCCC[N+]2(C)CCC3=CC(OC)=C(OC)C=C3[C@H]2CC2=CC(OC)=C(OC)C(OC)=C2)=CC(OC)=C1OC,CHRNA1;CHRNA2;CHRNB1;CHRND,CHRNA1;CHRNB1;CHRND
1824,mizolastine,CN(C1CCN(CC1)C1=NC2=C(C=CC=C2)N1CC1=CC=C(F)C=C1)C1=NC=CC(=O)N1,ALOX5;HRH1;KCNH2,HRH1
1825,moclobemide,ClC1=CC=C(C=C1)C(=O)NCCN1CCOCC1,HTR1A;KCNH2;MAOA;MAOB,MAOA
1826,modafinil,NC(=O)CS(=O)C(C1=CC=CC=C1)C1=CC=CC=C1,ADRA1B;CYP1A2;CYP2C19;DRD2;SLC6A3,SLC6A3
1827,moexipril,CCOC(=O)[C@H](CCC1=CC=CC=C1)N[C@@H](C)C(=O)N1CC2=CC(OC)=C(OC)C=C2C[C@H]1C(O)=O,ACE,ACE
1829,mofezolac,COC1=CC=C(C=C1)C1=NOC(CC(O)=O)=C1C1=CC=C(OC)C=C1,PTGS1;PTGS2,
1830,molindone,CCC1=C(C)NC2=C1C(=O)C(CN1CCOCC1)CC2,ADRA1A;ADRA2A;ADRA2B;ADRA2C;CHRM3;DRD2;DRD3;DRD4;HRH1;HTR1A;HTR2A;HTR2C;HTR6;HTR7;SIGMAR1,DRD2;HTR2A
1831,molsidomine,CCOC(=O)N=C1O[N-][N+](=C1)N1CCOCC1,ESR1,
1832,mometasone furoate,C[C@@H]1C[C@H]2[C@@H]3CCC4=CC(=O)C=C[C@]4(C)[C@@]3(Cl)[C@@H](O)C[C@]2(C)[C@@]1(OC(=O)C1=CC=CO1)C(=O)CCl,ABCB1;NR3C1;PGR,NR3C1
1834,monobenzone,OC1=CC=C(OCC2=CC=CC=C2)C=C1,PTGS1;PTGS2;SLC6A2;TYR,TYR
1836,montelukast,CC(C)(O)C1=C(CC[C@@H](SCC2(CC(O)=O)CC2)C2=CC(\C=C\C3=NC4=CC(Cl)=CC=C4C=C3)=CC=C2)C=CC=C1,ADORA3;ADRA2A;ADRA2C;ADRB2;ADRB3;ALOX5;CHRM1;CHRM3;CYP2C8;CYSLTR1;CYSLTR2;DRD3;EGFR;FYN;GPR17;HTR2B;MAPK14;OPRD1;SLC6A2;SLC6A3;TACR2;TBXAS1,CYSLTR1
1837,moperone,CC1=CC=C(C=C1)C1(O)CCN(CCCC(=O)C2=CC=C(F)C=C2)CC1,DRD2;DRD3;DRD4,
1842,moracizine,CCOC(=O)NC1=CC=C2SC3=CC=CC=C3N(C(=O)CCN3CCOCC3)C2=C1,SCN5A,SCN5A
1845,morphine,CN1CC[C@]23[C@H]4OC5=C(O)C=CC(C[C@@H]1[C@@H]2C=C[C@@H]4O)=C35,OPRD1;OPRK1;OPRM1;SLC22A1,OPRM1
1847,mosapramine,ClC1=CC=C2CCC3=C(C=CC=C3)N(CCCN3CCC4(CC3)N3CCCCC3NC4=O)C2=C1,DRD4,
1848,mosapride,CCOC1=C(C=C(Cl)C(N)=C1)C(=O)NCC1CN(CC2=CC=C(F)C=C2)CCO1,ADRA2A;ADRA2B;CYP1A2;CYP2C19;CYP2C9;CYP3A4;HTR2B;HTR2C;HTR3A;HTR4;KCNH2;SIGMAR1;SLC6A4,HTR4
1852,moxastine,CN(C)CCOC(C)(C1=CC=CC=C1)C1=CC=CC=C1,HRH1,HRH1
1856,moxonidine,COC1=NC(C)=NC(Cl)=C1NC1=NCCN1,ADRA2A;ADRA2C;HTR1A;NISCH,NISCH
1857,mupirocin,C[C@H](O)[C@H](C)[C@@H]1O[C@H]1C[C@H]1CO[C@@H](C\C(C)=C\C(=O)OCCCCCCCCC(O)=O)[C@H](O)[C@@H]1O,IARS,
1859,mycophenolate mofetil,COC1=C(C)C2=C(C(=O)OC2)C(O)=C1C\C=C(/C)CCC(=O)OCCN1CCOCC1,IMPDH1;IMPDH2,IMPDH1;IMPDH2
1860,mycophenolic acid,COC1=C(C\C=C(/C)CCC(O)=O)C(O)=C2C(=O)OCC2=C1C,IMPDH1;IMPDH2,IMPDH1;IMPDH2
1862,nabilone,CCCCCCC(C)(C)C1=CC(O)=C2C3CC(=O)CCC3C(C)(C)OC2=C1,CNR1;CNR2,CNR1
1863,nabumetone,COC1=CC=C2C=C(CCC(C)=O)C=CC2=C1,CYP1A2;MAOA;PTGS1;PTGS2;SLC6A2,PTGS2
1865,nadolol,CC(C)(C)NCC(O)COC1=CC=CC2=C1CC(O)C(O)C2,ADRB1;ADRB2;ADRB3,ADRB1;ADRB2
1867,nafamostat,NC(=N)NC1=CC=C(C=C1)C(=O)OC1=CC=C2C=C(C=CC2=C1)C(N)=N,ASIC1;ASIC2;ASIC3;C1R;C1S;F10;F2;HGFAC;HPN;KLK1;PLG;PRSS1;ST14;TMPRSS2;TPSAB1,C1R;PRSS1;TPSAB1
1868,nafarelin,CC(C)C[C@H](NC(=O)[C@@H](CC1=CC2=C(C=CC=C2)C=C1)NC(=O)[C@H](CC1=CC=C(O)C=C1)NC(=O)[C@H](CO)NC(=O)[C@H](CC1=CNC2=C1C=CC=C2)NC(=O)[C@H](CC1=CNC=N1)NC(=O)[C@@H]1CCC(=O)N1)C(=O)N[C@@H](CCCNC(N)=N)C(=O)N1CCC[C@H]1C(=O)NCC(N)=O,GNRHR,GNRHR
1870,naftidrofuryl,CCN(CC)CCOC(=O)C(CC1CCCO1)CC1=CC=CC2=CC=CC=C12,HTR2A,
1872,naftifine,CN(C\C=C\C1=CC=CC=C1)CC1=CC=CC2=CC=CC=C12,EBP;SIGMAR1;SQLE,
1873,naftopidil,COC1=C(C=CC=C1)N1CCN(CC(O)COC2=CC=CC3=CC=CC=C23)CC1,ADRA1A;ADRA1B;ADRA1D,ADRA1A;ADRA1B;ADRA1D
1874,nalbuphine,O[C@H]1CC[C@@]2(O)[C@H]3CC4=CC=C(O)C5=C4[C@@]2(CCN3CC2CCC2)[C@H]1O5,OPRD1;OPRK1;OPRM1,OPRD1;OPRK1;OPRM1
1875,nalidixic acid,CCN1C=C(C(O)=O)C(=O)C2=CC=C(C)N=C12,HTR2B,
1876,nalmefene,OC1=C2O[C@H]3C(=C)CC[C@@]4(O)[C@H]5CC(C=C1)=C2[C@@]34CCN5CC1CC1,OPRD1;OPRK1;OPRM1,OPRD1;OPRK1;OPRM1
1877,nalorphine,O[C@H]1C=C[C@H]2[C@H]3CC4=CC=C(O)C5=C4[C@@]2(CCN3CC=C)[C@H]1O5,OPRD1;OPRK1;OPRM1;SIGMAR1,
1878,naloxone,OC1=CC=C2C[C@H]3N(CC=C)CC[C@@]45[C@@H](OC1=C24)C(=O)CC[C@@]35O,ADORA3;CYP2D6;OPRD1;OPRK1;OPRM1,OPRM1
1879,nandrolone,C[C@]12CC[C@H]3[C@@H](CCC4=CC(=O)CC[C@H]34)[C@@H]1CC[C@@H]2O,AR;SERPINA6;SHBG;SLC22A1,AR
1881,nandrolone decanoate,CCCCCCCCCC(=O)O[C@H]1CC[C@H]2[C@@H]3CCC4=CC(=O)CC[C@@H]4[C@H]3CC[C@]12C,AR;SERPINA6;SHBG;SLC22A1,AR
1882,nandrolone phenpropionate,C[C@]12CC[C@H]3[C@@H](CCC4=CC(=O)CC[C@H]34)[C@@H]1CC[C@@H]2OC(=O)CCC1=CC=CC=C1,AR;ESR1,AR
1883,naproxen,COC1=CC=C2C=C(C=CC2=C1)[C@H](C)C(O)=O,AKR1C2;AKR1C3;PTGS1;PTGS2,PTGS1;PTGS2
1884,naratriptan,CNS(=O)(=O)CCC1=CC=C2NC=C(C3CCN(C)CC3)C2=C1,HTR1A;HTR1B;HTR1D;HTR1E;HTR1F,HTR1B;HTR1D
1886,nateglinide,CC(C)[C@H]1CC[C@@H](CC1)C(=O)N[C@H](CC1=CC=CC=C1)C(O)=O,ABCC8;ABCC9;KCNJ11,ABCC8;KCNJ11
1887,nebivolol,OC(CNCC(O)C1CCC2=CC(F)=CC=C2O1)C1CCC2=CC(F)=CC=C2O1,ADRB1;ADRB2;ADRB3;HTR1A,ADRB1;ADRB2
1889,nedocromil,CCCC1=C2N(CC)C(=CC(=O)C2=CC2=C1OC(=CC2=O)C(O)=O)C(O)=O,CYSLTR1;GPR35,
1890,nefazodone,CCC1=NN(CCCN2CCN(CC2)C2=CC(Cl)=CC=C2)C(=O)N1CCOC1=CC=CC=C1,ABCB11;ACHE;ADRA1A;ADRA2B;CYP3A4;DRD2;HRH1;HTR1A;HTR2A;HTR2C;SLC6A2;SLC6A3;SLC6A4,HTR2A;SLC6A2;SLC6A4
1891,nefopam,CN1CCOC(C2=CC=CC=C2)C2=CC=CC=C2C1,HTR2A;HTR2B;HTR2C;SCN5A;SLC6A2;SLC6A3;SLC6A4,
1893,nelfinavir,CC1=C(C=CC=C1O)C(=O)N[C@@H](CSC1=CC=CC=C1)[C@H](O)CN1C[C@H]2CCCC[C@H]2C[C@H]1C(=O)NC(C)(C)C,ABCB1;ADORA3;ADRB3;CHRM5;CYP3A4;DRD1;EGFR;FYN;LCK;MAPK14;MAPK3;OPRD1;OPRK1;OPRM1;SLC6A2;SLC6A3;TACR2;TBXAS1,
1895,nemonapride,CNC1=CC(OC)=C(C=C1Cl)C(=O)N[C@@H]1CCN(CC2=CC=CC=C2)[C@@H]1C,DRD3;DRD4,
1896,framycetin,NC[C@@H]1O[C@H](O[C@@H]2[C@@H](CO)O[C@@H](O[C@@H]3[C@@H](O)[C@H](N)C[C@H](N)[C@H]3O[C@H]3O[C@H](CN)[C@@H](O)[C@H](O)[C@H]3N)[C@@H]2O)[C@H](N)[C@@H](O)[C@@H]1O,LRAT;MEN1;TRPV1,
1897,neostigmine,CN(C)C(=O)OC1=CC(=CC=C1)[N+](C)(C)C,ACHE;BCHE,ACHE
1899,nepafenac,NC(=O)CC1=C(N)C(=CC=C1)C(=O)C1=CC=CC=C1,PTGS1;PTGS2,PTGS1;PTGS2
1900,nepinalone,CC1(CCN2CCCCC2)C(=O)CCC2=CC=CC=C12,SIGMAR1,
1901,nesiritide,CC[C@H](C)[C@@H]1NC(=O)[C@H](CCCNC(N)=N)NC(=O)[C@H](CC(O)=O)NC(=O)[C@H](CCSC)NC(=O)[C@H](CCCCN)NC(=O)[C@H](CCCNC(N)=N)NC(=O)CNC(=O)[C@H](CC2=CC=CC=C2)NC(=O)[C@H](CSSC[C@H](NC(=O)CNC(=O)[C@H](CC(C)C)NC(=O)CNC(=O)[C@H](CO)NC(=O)[C@H](CO)NC(=O)[C@H](CO)NC(=O)[C@H](CO)NC1=O)C(=O)N[C@@H](CCCCN)C(=O)N[C@@H](C(C)C)C(=O)N[C@@H](CC(C)C)C(=O)N[C@@H](CCCNC(N)=N)C(=O)N[C@@H](CCCNC(N)=N)C(=O)N[C@@H](CC1=CNC=N1)C(O)=O)NC(=O)CNC(=O)[C@H](CO)NC(=O)CNC(=O)[C@H](CCC(N)=O)NC(=O)[C@@H](NC(=O)[C@H](CCSC)NC(=O)[C@H](CCCCN)NC(=O)[C@@H]1CCCN1C(=O)[C@@H](N)CO)C(C)C,NPR1,NPR1
1906,nicotinamide,NC(=O)C1=CN=CC=C1,HCAR2;HCAR3;NNMT;QPRT;SARM1;SIRT1;SIRT2;SIRT3;SIRT5,
1909,nicardipine,COC(=O)C1=C(C)NC(C)=C(C1C1=CC(=CC=C1)[N+]([O-])=O)C(=O)OCCN(C)CC1=CC=CC=C1,ABCB1;ABCG2;ADORA3;CACNA1C;CACNA1D;CACNA1H;CYP2C9;CYP3A4;MDH1;NR1I2,CACNA1C;CACNA1D
1912,niclosamide,OC1=C(C=C(Cl)C=C1)C(=O)NC1=C(Cl)C=C(C=C1)[N+]([O-])=O,AKT1;AURKA;CYP2C9;EGFR;FGFR1;GSK3B;JAK2;KCNT1;KDR;KIT;LYN;PDPK1;SRC;STAT3;TEK,
1919,nicorandil,[O-][N+](=O)OCCNC(=O)C1=CN=CC=C1,KCNJ1;KCNJ11;NPR1,
1920,nicotine,CN1CCC[C@H]1C1=CC=CN=C1,CHRNA1;CHRNA2;CHRNA3;CHRNA4;CHRNA6;CHRNA7;CHRNB1;CHRNB2;CHRNB3;CHRNB4;CHRND;CHRNG;CYP2A6;HTR3A;HTR3B;HTR3C;HTR3D;HTR3E;KCND3;TRPA1,CHRNA4;CHRNB2
1922,nifedipine,COC(=O)C1=C(C)NC(C)=C(C1C1=C(C=CC=C1)[N+]([O-])=O)C(=O)OC,ABCB11;ADORA1;ADORA2A;ADORA3;CACNA1C;CACNA1D;CACNA1F;CACNA1H;CACNA1S;CCR2;CYP1A2;CYP3A4;GLRA1;GLRA3;GLRB;GSR;HTR2A;HTR2C;KCNA1;KCNA2;KCNA5;KCNH2;MYLK;PDE4A;SCN1A;SCN2A;SCN3A;SLC28A1;TBXAS1;TTR,CACNA1C;CACNA1D
1923,nifekalant,CN1C(=O)C=C(NCCN(CCO)CCCC2=CC=C(C=C2)[N+]([O-])=O)N(C)C1=O,KCNH2;SLC22A2;SLC47A1;SLC47A2,
1925,niflumic acid,OC(=O)C1=C(NC2=CC(=CC=C2)C(F)(F)F)N=CC=C1,CLCNKA;CLCNKB;DHODH;GPR35;KCNT2;PTGS1;PTGS2;TEAD4;TTR,
1928,nifuroxazide,OC1=CC=C(C=C1)C(=O)N\N=C\C1=CC=C(O1)[N+]([O-])=O,STAT3,
1932,nilotinib,CC1=CN(C=N1)C1=CC(=CC(NC(=O)C2=CC(NC3=NC=CC(=N3)C3=CN=CC=C3)=C(C)C=C2)=C1)C(F)(F)F,ABL1;ABL2;BCR;BLK;BMX;BRAF;CA1;CA12;CA14;CA2;CA3;CA4;CA5A;CA5B;CA6;CA7;CA9;CDC42BPB;CLK1;CLK4;CSF1R;CSK;DDR1;DDR2;EPHA1;EPHA2;EPHA3;EPHA4;EPHA5;EPHA6;EPHA8;EPHB1;EPHB2;EPHB3;EPHB4;EPHB6;FGFR1;FGFR2;FGR;FLT3;FRK;FYN;HCK;INSR;JAK2;KIT;LCK;LYN;MAP2K5;MAP4K1;MAPK10;MAPK11;MAPK14;MAPK8;MAPK9;NQO2;NTRK2;NTRK3;PDGFRA;PDGFRB;PIP4K2C;RAF1;RET;SRC;STK10;TAOK1;TAOK3;TEK;TIE1;TNNI3K;YES1;ZAK,ABL1
1933,nilutamide,CC1(C)NC(=O)N(C1=O)C1=CC(=C(C=C1)[N+]([O-])=O)C(F)(F)F,AR,AR
1934,nilvadipine,COC(=O)C1=C(NC(C)=C(C1C1=CC(=CC=C1)[N+]([O-])=O)C(=O)OC(C)C)C#N,CACNA1C;CACNA1D;CACNG1,CACNA1C;CACNA1D
1935,nimesulide,CS(=O)(=O)NC1=C(OC2=CC=CC=C2)C=C(C=C1)[N+]([O-])=O,CYP19A1;MMP1;MPO;PDE4A;PTGS1;PTGS2;SLC6A3,
1937,nimodipine,COCCOC(=O)C1=C(C)NC(C)=C(C1C1=CC(=CC=C1)[N+]([O-])=O)C(=O)OC(C)C,ADORA3;CACNA1C;CACNA1D;CACNA1F;CACNA1H;CACNA1S;CACNG1;CNR1;CYP2C19;CYP2C9;CYP3A4;NR1H4;NR1I2;NR3C2;SLC28A1,CACNA1C;CACNA1D
1942,nisoldipine,COC(=O)C1=C(C)NC(C)=C(C1C1=C(C=CC=C1)[N+]([O-])=O)C(=O)OCC(C)C,ADORA2A;ADORA3;CACNA1A;CACNA1C;CACNA1D;CACNA1H;CYP1A2;KCNH2;SCN1A;SCN2A;SCN3A,CACNA1C;CACNA1D
1943,nitazoxanide,CC(=O)OC1=C(C=CC=C1)C(=O)NC1=NC=C(S1)[N+]([O-])=O,AKR1B1,
1944,nitisinone,[O-][N+](=O)C1=C(C=CC(=C1)C(F)(F)F)C(=O)C1C(=O)CCCC1=O,HPD,HPD
1945,nitrazepam,[O-][N+](=O)C1=CC=C2NC(=O)CN=C(C3=CC=CC=C3)C2=C1,GABRA1;GABRB2;GABRG2,GABRA1;GABRB2;GABRG2
1947,nitrendipine,CCOC(=O)C1=C(C)NC(C)=C(C1C1=CC(=CC=C1)[N+]([O-])=O)C(=O)OC,ADORA3;CACNA1C;CACNA1D;CACNA1F;CACNA1H;CACNG1;CYP2C19;CYP2C9;KCNH2;KCNN4;SCN1A;SCN2A;SCN3A;TTR,CACNA1C;CACNA1D
1948,nitric oxide,[N]=O,GUCY1A2;GUCY1A3;GUCY1B2;GUCY1B3,GUCY1A2;GUCY1A3;GUCY1B2;GUCY1B3
1949,nitrofurantoin,[O-][N+](=O)C1=CC=C(O1)\C=N\N1CC(=O)NC1=O,CISD1;G6PD,
1950,nitrofurazone,NC(=O)N\N=C\C1=CC=C(O1)[N+]([O-])=O,G6PD,
1952,glyceryl trinitrate,[O-][N+](=O)OCC(CO[N+]([O-])=O)O[N+]([O-])=O,GUCY1A2;GUCY1A3;GUCY1B2;GUCY1B3;NPR1,GUCY1A2;GUCY1A3;GUCY1B2;GUCY1B3
1954,nitroxoline,OC1=C2N=CC=CC2=C(C=C1)[N+]([O-])=O,BRD4;CTSB;METAP2;PTGS2,
1955,nizatidine,CNC(NCCSCC1=CSC(CN(C)C)=N1)=C[N+]([O-])=O,ACHE;HRH2,HRH2
1958,nomifensine,CN1CC(C2=CC=CC=C2)C2=CC=CC(N)=C2C1,HBA1;HBB;HRH1;HTR1A;MAOA;MPO;SLC6A2;SLC6A3;SLC6A4,SLC6A2;SLC6A3
1959,norelgestromin,CC[C@]12CC[C@H]3[C@@H](CCC4=CC(CC[C@H]34)=NO)[C@@H]1CC[C@@]2(O)C#C,PGR,PGR
1960,norepinephrine,NC[C@H](O)C1=CC(O)=C(O)C=C1,ADRA1A;ADRA1B;ADRA1D;ADRA2A;ADRA2B;ADRA2C;ADRB1;ADRB2;ADRB3;DRD1;DRD2;SLC6A3,ADRA1A;ADRA1B;ADRA1D;ADRA2A;ADRA2C;ADRB1;ADRB2
1962,norethisterone,C[C@]12CC[C@H]3[C@@H](CCC4=CC(=O)CC[C@H]34)[C@@H]1CC[C@@]2(O)C#C,AR;ESR1;NR3C1;PGR;SHBG;SLC6A4,PGR
1963,norethindrone acetate,CC(=O)O[C@]1(CC[C@H]2[C@@H]3CCC4=CC(=O)CC[C@@H]4[C@H]3CC[C@]12C)C#C,AR;CYP2C19;ESR1;NR3C1;PGR;SHBG;SLC6A4,PGR
1965,norethynodrel,C[C@]12CC[C@H]3[C@@H](CCC4=C3CCC(=O)C4)[C@@H]1CC[C@@]2(O)C#C,PGR,PGR
1967,norfloxacin,CCN1C=C(C(O)=O)C(=O)C2=CC(F)=C(C=C12)N1CCNCC1,GABRA1;GABRA2;GABRA3;GABRA4;GABRA5;GABRA6;SLC47A1;TOP2B,
1968,norgestimate,CC[C@]12CC[C@H]3[C@@H](CCC4=C\C(CC[C@H]34)=N\O)[C@@H]1CC[C@@]2(OC(C)=O)C#C,PGR;TRPC3;TRPC6,PGR
1971,nortriptyline,CNCCC=C1C2=CC=CC=C2CCC2=C1C=CC=C2,ADRA1A;ADRA1D;ADRA2A;ADRA2B;ADRA2C;AOX1;CHRM1;CHRM2;CHRM3;CHRM4;CHRM5;CYP2C19;CYP2D6;DRD1;DRD2;DRD3;HRH1;HRH2;HTR1A;HTR2A;HTR2B;HTR2C;HTR6;KCNJ10;RET;SLC6A2;SLC6A3;SLC6A4,SLC6A2;SLC6A4
1973,noscapine,COC1=CC=C2[C@H](OC(=O)C2=C1OC)[C@@H]1N(C)CCC2=C1C(OC)=C1OCOC1=C2,CYP2C19;CYP2C9;SLC22A2;SLC47A1,
1974,novobiocin,CO[C@@H]1[C@@H](OC(N)=O)[C@@H](O)[C@H](OC2=CC=C3C(O)=C(NC(=O)C4=CC(CC=C(C)C)=C(O)C=C4)C(=O)OC3=C2C)OC1(C)C,ABCG2,
1976,buphenine,CC(CCC1=CC=CC=C1)NC(C)C(O)C1=CC=C(O)C=C1,ADRA1A;ADRA1B;ADRA1D,
1980,octreotide,C[C@@H](O)[C@H](CO)NC(=O)[C@@H]1CSSC[C@H](NC(=O)[C@@H](N)CC2=CC=CC=C2)C(=O)N[C@@H](CC2=CC=CC=C2)C(=O)N[C@@H](CC2=CNC3=C2C=CC=C3)C(=O)N[C@@H](CCCCN)C(=O)N[C@@H]([C@@H](C)O)C(=O)N1,OPRM1;SSTR1;SSTR2;SSTR3;SSTR4;SSTR5,SSTR1;SSTR2;SSTR3;SSTR4;SSTR5
1981,ofloxacin,CC1COC2=C(N3CCN(C)CC3)C(F)=CC3=C2N1C=C(C(O)=O)C3=O,CHRM1;GABRA2;HRH3;SLC6A4,
1982,olanzapine,CN1CCN(CC1)C1=NC2=CC=CC=C2NC2=C1C=C(C)S2,ADRA1A;ADRA1B;ADRA1D;ADRA2A;ADRA2B;ADRA2C;ADRB1;ADRB2;AOX1;CHRM1;CHRM2;CHRM3;CHRM4;CHRM5;DRD1;DRD2;DRD3;DRD4;DRD5;GFER;H1F0;HRH1;HRH2;HTR1A;HTR1B;HTR1D;HTR1E;HTR1F;HTR2A;HTR2B;HTR2C;HTR3A;HTR5A;HTR6;HTR7;KCNH2;SLC6A4,DRD2;HTR2A
1985,olmesartan medoxomil,CCCC1=NC(=C(N1CC1=CC=C(C=C1)C1=C(C=CC=C1)C1=NN=NN1)C(=O)OCC1=C(C)OC(=O)O1)C(C)(C)O,AGTR1,AGTR1
1986,olopatadine,CN(C)CC\C=C1\C2=CC=CC=C2COC2=C1C=C(CC(O)=O)C=C2,HRH1,HRH1
1987,olprinone,CC1=C(C=C(C#N)C(=O)N1)C1=CN2C=CN=C2C=C1,PDE3A;PDE3B,PDE3A;PDE3B
1988,olsalazine,OC(=O)C1=CC(=CC=C1O)N=NC1=CC(C(O)=O)=C(O)C=C1,ALOX5;PPARG;PTGS1;PTGS2,ALOX5;PPARG;PTGS1;PTGS2
1989,omapatrilat,OC(=O)[C@@H]1CCC[C@@H]2SCC[C@H](NC(=O)[C@@H](S)CC3=CC=CC=C3)C(=O)N12,ACE;APP;MME,
1990,omeprazole,COC1=CC2=C(C=C1)N=C(N2)S(=O)CC1=NC=C(C)C(OC)=C1C,ABCB1;ATP4A;ATP4B;CYP1A2;CYP2C19;CYP2C9;CYP3A4;DDAH1;ENGASE;FASN;GSTO1,ATP4A;ATP4B
1992,ondansetron,CN1C2=C(C3=CC=CC=C13)C(=O)C(CN1C=CN=C1C)CC2,AOX1;CHRNA4;CHRNB2;HTR2B;HTR3A;HTR3B;KCNH2;SLC22A1;SLC22A2;SLC22A3;SLC47A1;SLC47A2,HTR3A
1993,opipramol,OCCN1CCN(CCCN2C3=CC=CC=C3C=CC3=C2C=CC=C3)CC1,EBP;SIGMAR1,
1996,orlistat,CCCCCCCCCCC[C@@H](C[C@@H]1OC(=O)[C@H]1CCCCCC)OC(=O)[C@H](CC(C)C)NC=O,ABHD12;ABHD16A;ABHD6;CNR1;DAGLA;DAGLB;FASN;LIPC;LIPF;LIPG;LPL;PLA2G7;PNLIP,LIPF;PNLIP
1999,orphenadrine,CN(C)CCOC(C1=CC=CC=C1)C1=C(C)C=CC=C1,ADRA2A;ADRA2B;CHRM1;CHRM2;CHRM3;CHRM4;CHRM5;CYP2D6;GRIN1;GRIN2A;GRIN2B;GRIN2C;GRIN2D;GRIN3A;GRIN3B;HRH1;HRH2;HTR2A;HTR2B;HTR2C;HTR6;KCNH2;SCN10A;SCN1A;SCN4A;SCN5A;SCN9A;SLC22A1;SLC6A2;SLC6A4,HRH1;SCN10A;SCN1A;SCN4A;SCN5A;SCN9A
2002,oteracil,OC(=O)C1=NC(=O)NC(=O)N1,UMPS,UMPS
2004,ouabain,C[C@@H]1O[C@@H](O[C@H]2C[C@@H](O)[C@]3(CO)[C@H]4[C@H](O)C[C@]5(C)[C@H](CC[C@]5(O)[C@@H]4CC[C@]3(O)C2)C2=CC(=O)OC2)[C@H](O)[C@H](O)[C@H]1O,ATP1A1;KCNH2;STAT3,
2006,oxacillin,CC1=C(C(=O)N[C@H]2[C@H]3SC(C)(C)[C@@H](N3C2=O)C(O)=O)C(=NO1)C1=CC=CC=C1,PDE11A;PTGS1;PTGS2,
2008,oxametacin,COC1=CC2=C(C=C1)N(C(=O)C1=CC=C(Cl)C=C1)C(C)=C2CC(=O)NO,PTGS1,
2011,oxandrolone,C[C@]1(O)CC[C@H]2[C@@H]3CC[C@H]4CC(=O)OC[C@]4(C)[C@H]3CC[C@]12C,AR,AR
2013,oxaprozin,OC(=O)CCC1=NC(=C(O1)C1=CC=CC=C1)C1=CC=CC=C1,C5;EPHX2;FPR1;PTGS1;PTGS2;SHMT2,PTGS1;PTGS2
2014,oxatomide,O=C1NC2=C(C=CC=C2)N1CCCN1CCN(CC1)C(C1=CC=CC=C1)C1=CC=CC=C1,CHRM1;DRD3;HRH1;HTR2A;HTR2B,HRH1
2015,oxazepam,OC1N=C(C2=CC=CC=C2)C2=CC(Cl)=CC=C2NC1=O,GABRA1;GABRB3;GABRG2,GABRA1;GABRB3;GABRG2
2017,oxcarbazepine,NC(=O)N1C2=CC=CC=C2C(=O)CC2=C1C=CC=C2,SCN5A,SCN5A
2026,oxyphencyclimine,CN1CCCN=C1COC(=O)C(O)(C1CCCCC1)C1=CC=CC=C1,CHRM1;CHRM3,CHRM1;CHRM3
2027,oxprenolol,CC(C)NCC(O)COC1=C(OCC=C)C=CC=C1,ADRB1;ADRB2;SLC22A1,ADRB1;ADRB2
2028,oxybutynin,CCN(CC)CC#CCOC(=O)C(O)(C1CCCCC1)C1=CC=CC=C1,CHRM1;CHRM2;CHRM3;CHRM4;CHRM5;CYP2C19;DRD3;HTR2B;SIGMAR1;SLC6A2;SLC6A3,CHRM1;CHRM3
2029,oxycodone,COC1=CC=C2C[C@H]3N(C)CC[C@@]45[C@@H](OC1=C24)C(=O)CC[C@@]35O,OPRD1;OPRK1;OPRM1,OPRM1
2032,oxymetazoline,CC1=CC(=C(O)C(C)=C1CC1=NCCN1)C(C)(C)C,ADRA1A;ADRA1B;ADRA1D;ADRA2A;ADRA2B;ADRA2C;CHRM4;CHRM5;CYP2D6;HTR1A;HTR1B;HTR1D;HTR1E;HTR2A;HTR2B;HTR2C;HTR6;NISCH,ADRA1A;ADRA2B
2033,oxymetholone,C[C@]1(O)CC[C@H]2[C@@H]3CC[C@H]4CC(=O)\C(C[C@]4(C)[C@H]3CC[C@]12C)=C/O,AR;ESR1,AR
2034,oxymorphone,CN1CC[C@]23[C@H]4OC5=C(O)C=CC(C[C@@H]1[C@]2(O)CCC4=O)=C35,OPRD1;OPRK1;OPRM1,OPRD1;OPRK1;OPRM1
2036,oxyphenbutazone,CCCCC1C(=O)N(N(C1=O)C1=CC=C(O)C=C1)C1=CC=CC=C1,FPR1;NAPRT;PTGIS;PTGS1;PTGS2,PTGS1;PTGS2
2039,oxyphenonium,CC[N+](C)(CC)CCOC(=O)C(O)(C1CCCCC1)C1=CC=CC=C1,CHRM1;CHRM3;CHRM4,CHRM1;CHRM3
2042,oxytocin,CC[C@H](C)[C@@H]1NC(=O)[C@H](CC2=CC=C(O)C=C2)NC(=O)[C@@H](N)CSSC[C@H](NC(=O)[C@H](CC(N)=O)NC(=O)[C@H](CCC(N)=O)NC1=O)C(=O)N1CCC[C@H]1C(=O)N[C@@H](CC(C)C)C(=O)NCC(N)=O,AVPR1A;AVPR1B;AVPR2;OXT;OXTR,OXTR
2043,ozagrel,OC(=O)\C=C\C1=CC=C(CN2C=CN=C2)C=C1,TBXAS1,
2044,paclitaxel,CC(=O)O[C@@H]1C2=C(C)[C@H](C[C@@](O)([C@@H](OC(=O)C3=CC=CC=C3)[C@@H]3[C@@]4(CO[C@@H]4C[C@H](O)[C@@]3(C)C1=O)OC(C)=O)C2(C)C)OC(=O)[C@H](O)[C@@H](NC(=O)C1=CC=CC=C1)C1=CC=CC=C1,ABCB1;ABCB11;ABCC10;CCKAR;ERBB2;FYN;MC5R;MERTK;NOD2;NR1I2;OPRD1;TACR2;TUBB;TUBB1;TUBB2A;TUBB2B;TUBB3;TUBB4A;TUBB4B;TUBB6;TUBB8,TUBB;TUBB1;TUBB2A;TUBB2B;TUBB3;TUBB4A;TUBB4B;TUBB6;TUBB8
2045,palmidrol,CCCCCCCCCCCCCCCC(=O)NCCO,CNR1;CNR2;GPR55,
2046,palonosetron,O=C1N(C[C@H]2CCCC3=CC=CC1=C23)[C@@H]1CN2CCC1CC2,HTR3A;HTR3B,HTR3A
2048,pamidronic acid,NCCC(O)(P(O)(O)=O)P(O)(O)=O,FDPS,FDPS
2049,aminobenzoic acid,NC1=CC=C(C=C1)C(O)=O,CA1;CA2,
2050,aminosalicylic acid,NC1=CC(O)=C(C=C1)C(O)=O,PTGS1;PTGS2;PTPN1,PTGS1;PTGS2
2052,pancuronium,CC(=O)O[C@H]1[C@H](C[C@H]2[C@@H]3CC[C@H]4C[C@H](OC(C)=O)[C@H](C[C@]4(C)[C@H]3CC[C@]12C)[N+]1(C)CCCCC1)[N+]1(C)CCCCC1,CHRNA1;CHRNA4;CHRNB1;CHRNB2;CHRND;CHRNG,CHRNA1;CHRNB1;CHRND
2054,pantoprazole,COC1=CC=NC(CS(=O)C2=NC3=C(N2)C=C(OC(F)F)C=C3)=C1OC,ATP1A1;ATP4A;ATP4B;DDAH1;FASN;SLC22A2;SLC47A1;SLC47A2,ATP4A;ATP4B
2056,papaverine,COC1=C(OC)C=C(CC2=NC=CC3=CC(OC)=C(OC)C=C23)C=C1,ACHE;CYP2C19;KCNH2;PADI4;PDE10A;PDE1A;PDE1B;PDE1C;PDE2A;PDE3A;PDE3B;PDE4A;PDE4B;PDE4D;PDE5A;SHMT2,
2059,paramethadione,CCC1(C)OC(=O)N(C)C1=O,CACNA1G;CACNA1H;CACNA1I,CACNA1G;CACNA1H;CACNA1I
2063,parecoxib,CCC(=O)NS(=O)(=O)C1=CC=C(C=C1)C1=C(C)ON=C1C1=CC=CC=C1,PTGS1;PTGS2,PTGS2
2065,pargyline,CN(CC#C)CC1=CC=CC=C1,MAOA;MAOB,MAOA;MAOB
2066,paricalcitol,C[C@H](\C=C\[C@H](C)C(C)(C)O)[C@H]1CC[C@H]2\C(CCC[C@]12C)=C\C=C1C[C@@H](O)C[C@H](O)C1,VDR,VDR
2068,paroxetine,FC1=CC=C(C=C1)[C@@H]1CCNC[C@H]1COC1=CC2=C(OCO2)C=C1,ADRB1;CHRM1;CHRM2;CHRM3;CHRM4;CHRM5;CYP1A2;CYP2D6;DRD3;GRK2;HTR1A;KCNH2;MPO;P2RX4;SIGMAR1;SLC6A2;SLC6A3;SLC6A4;TACR1,SLC6A4
2071,pefloxacin,CCN1C=C(C(O)=O)C(=O)C2=CC(F)=C(C=C12)N1CCN(C)CC1,CYP1A2,
2073,pemetrexed,NC1=NC(=O)C2=C(NC=C2CCC2=CC=C(C=C2)C(=O)N[C@@H](CCC(O)=O)C(O)=O)N1,DHFR;FOLR1;FOLR2;FPGS;GART;SHMT1;SLC19A1;SLC46A1;TYMS,DHFR;GART;TYMS
2075,pemoline,NC1=NC(=O)C(O1)C1=CC=CC=C1,SLC6A3,
2078,penbutolol,CC(C)(C)NC[C@H](O)COC1=C(C=CC=C1)C1CCCC1,ADRB1;ADRB2;HTR1A;ORM1,ADRB1;ADRB2
2080,penfluridol,OC1(CCN(CCCC(C2=CC=C(F)C=C2)C2=CC=C(F)C=C2)CC1)C1=CC(=C(Cl)C=C1)C(F)(F)F,ADRA1D;ADRA2B;ADRA2C;ADRB3;DRD1;DRD2;DRD3;DRD4;DRD5;HRH1;HRH2;HTR1A;HTR1D;HTR2A;HTR2B;HTR2C;HTR5A;HTR6;OPRD1;OPRK1;OPRM1,
2088,pentagastrin,CSCC[C@H](NC(=O)[C@H](CC1=CNC2=C1C=CC=C2)NC(=O)CCNC(=O)OC(C)(C)C)C(=O)N[C@@H](CC(O)=O)C(=O)N[C@@H](CC1=CC=CC=C1)C(N)=O,CCKBR,
2090,pentamidine,NC(=N)C1=CC=C(OCCCCCOC2=CC=C(C=C2)C(N)=N)C=C1,ADRA1D;ADRA2A;AOC1;CHRM2;CHRM4;CHRM5;DRD3;F10;GRIN1;GRIN2A;HTR2A;HTR2C;KCNH2;MAOA;PLG;PRMT1;PRSS1;PTP4A1;PTP4A2;PTP4A3;S100B;SAT1;SLC22A1;SLC22A2;SLC22A3;SLC47A1;SLC47A2;SLC6A2;SLC6A3;ST14,
2095,pentobarbital,CCCC(C)C1(CC)C(=O)NC(=O)NC1=O,GABRA1;GABRA2;GABRB2;GABRB3;GABRG2;KCNH2,GABRA1;GABRB2;GABRB3;GABRG2
2096,pentolonium,C[N+]1(CCCCC[N+]2(C)CCCC2)CCCC1,CHRNA10;CHRNA3;CHRNB4,CHRNA3;CHRNB4
2098,pentostatin,OC[C@H]1O[C@H](C[C@@H]1O)N1C=NC2=C1NC=NC[C@H]2O,ADA,ADA
2099,pentoxifylline,CN1C=NC2=C1C(=O)N(CCCCC(C)=O)C(=O)N2C,ACHE;ADORA2B;PDE4B;PDE5A,ADORA2B;PDE4B;PDE5A
2105,pergolide,CCCN1C[C@H](CSC)C[C@H]2[C@H]1CC1=CNC3=C1C2=CC=C3,ADRA1A;ADRA1B;ADRA1D;ADRA2A;ADRA2B;ADRA2C;CYP2D6;DRD1;DRD2;DRD3;DRD4;DRD5;HTR1A;HTR1B;HTR1D;HTR2A;HTR2B;HTR2C;HTR6;KCNH2,DRD1;DRD2
2106,perhexiline,C(C(C1CCCCC1)C1CCCCC1)C1CCCCN1,CACNA1G;CACNA1H;CACNA1I;CHRM1;CHRM3;CHRM4;CHRM5;CPT1A;CPT2;CYP2D6;EGFR;FYN;KCNH2;SIGMAR1;SLC6A2,
2107,periciazine,OC1CCN(CCCN2C3=CC=CC=C3SC3=CC=C(C=C23)C#N)CC1,DRD1,
2108,perindopril,CCC[C@H](N[C@@H](C)C(=O)N1[C@H]2CCCC[C@H]2C[C@H]1C(O)=O)C(=O)OCC,ACE,ACE
2111,perlapine,CN1CCN(CC1)C1=NC2=C(CC3=CC=CC=C13)C=CC=C2,DRD2;DRD3;DRD4;HRH4;HTR2A;HTR6,
2112,perospirone,O=C1[C@H]2CCCC[C@H]2C(=O)N1CCCCN1CCN(CC1)C1=NSC2=CC=CC=C12,DRD2;DRD3;DRD4,DRD2
2113,perphenazine,OCCN1CCN(CCCN2C3=CC=CC=C3SC3=CC=C(Cl)C=C23)CC1,ADRA1A;ADRA2A;ADRA2B;ADRA2C;AOX1;CHRM3;DRD2;DRD3;DRD4;HRH1;HTR1A;HTR2A;HTR2C;HTR6;HTR7;KCNH2,DRD2
2114,phenacemide,NC(=O)NC(=O)CC1=CC=CC=C1,SCN1A,
2115,phenacetin,CCOC1=CC=C(NC(C)=O)C=C1,PTGS1,
2119,phenazocine,CC1C2CC3=C(C=C(O)C=C3)C1(C)CCN2CCC1=CC=CC=C1,OPRD1;OPRK1;OPRM1,
2120,phenazopyridine,NC1=NC(N)=C(C=C1)\N=N\C1=CC=CC=C1,SCN10A;SCN11A;SCN1A;SCN2A;SCN3A;SCN4A;SCN5A;SCN7A;SCN8A;SCN9A,SCN10A;SCN11A;SCN1A;SCN2A;SCN3A;SCN4A;SCN5A;SCN7A;SCN8A;SCN9A
2121,phencyclidine,C1CCN(CC1)C1(CCCCC1)C1=CC=CC=C1,GRIN1;GRIN2A;GRIN2B;GRIN2C;GRIN2D;GRIN3A;GRIN3B;PRCP;SIGMAR1,
2122,phendimetrazine,C[C@H]1[C@@H](OCCN1C)C1=CC=CC=C1,HTR1A;SLC6A2;SLC6A3,SLC6A2;SLC6A3
2123,phenelzine,NNCCC1=CC=CC=C1,AOC3;CYP2C19;CYP2C8;CYP2C9;CYP2D6;CYP3A4;GFER;IDO1;KDM1A;MAOA;MAOB;SLC6A3,MAOA;MAOB
2126,phenformin,NC(=N)NC(=N)NCCC1=CC=CC=C1,PRKAB1,
2130,phenindione,O=C1C(C(=O)C2=C1C=CC=C2)C1=CC=CC=C1,F2;VKORC1,VKORC1
2131,pheniprazine,CC(CC1=CC=CC=C1)NN,MAOA;MAOB,MAOA;MAOB
2132,pheniramine,CN(C)CCC(C1=CC=CC=C1)C1=NC=CC=C1,HRH1;HRH4;SCN1A;SCN2A;SCN3A,HRH1
2133,phenmetrazine,CC1NCCOC1C1=CC=CC=C1,MAOA;SLC6A2;SLC6A3,SLC6A2;SLC6A3
2134,phenobarbital,CCC1(C(=O)NC(=O)NC1=O)C1=CC=CC=C1,GABRA1;GABRB2;GABRG2;NR1I2;NR1I3,
2135,phenolphthalein,OC1=CC=C(C=C1)C1(OC(=O)C2=C1C=CC=C2)C1=CC=C(O)C=C1,TYMS,
2136,phenoxybenzamine,CC(COC1=CC=CC=C1)N(CCCl)CC1=CC=CC=C1,ADRA1A;ADRA2A;ADRA2B;SCN1A;SCN2A;SCN3A;SLC22A1,ADRA1A;ADRA2A;ADRA2B
2138,phenprocoumon,CCC(C1=CC=CC=C1)C1=C(O)C2=CC=CC=C2OC1=O,VKORC1,VKORC1
2139,phensuximide,CN1C(=O)CC(C1=O)C1=CC=CC=C1,CACNA1G;CACNA1H;CACNA1I,CACNA1G;CACNA1H;CACNA1I
2140,phentermine,CC(C)(N)CC1=CC=CC=C1,SLC6A2;SLC6A3,SLC6A2
2142,phentolamine,CC1=CC=C(C=C1)N(CC1=NCCN1)C1=CC(O)=CC=C1,ADRA1A;ADRA1B;ADRA1D;ADRA2A;ADRA2B;ADRA2C;CYP2D6;HRH1;HTR1A;HTR2A;HTR2B;HTR2C;KCNH2;NISCH;SCN1A;SCN2A;SCN3A;SIGMAR1,ADRA1A;ADRA1B;ADRA1D;ADRA2A;ADRA2B;ADRA2C
2144,phenylalanine,N[C@@H](CC1=CC=CC=C1)C(O)=O,ALPI;GPR139;SLC7A5;XIAP,
2145,phenylbutazone,CCCCC1C(=O)N(N(C1=O)C1=CC=CC=C1)C1=CC=CC=C1,CYP2C9;FPR1;NAPRT;PTGIS;PTGS1,PTGS1
2146,phenylephrine,CNC[C@H](O)C1=CC(O)=CC=C1,ADRA1A;ADRA1B;ADRA1D;ADRA2A;ADRA2B;ADRA2C,ADRA1A;ADRA1B;ADRA1D
2149,phenylpropanolamine,CC(N)C(O)C1=CC=CC=C1,ADRA1A;ADRA2A;ADRA2B;ADRA2C;CHRM1;HTR7;KCNH2;SLC6A2;SLC6A3,ADRA1A
2150,phenyltoloxamine,CN(C)CCOC1=C(CC2=CC=CC=C2)C=CC=C1,DRD1;DRD2;DRD4;DRD5;HRH1,HRH1
2152,phenytoin,O=C1NC(=O)C(N1)(C1=CC=CC=C1)C1=CC=CC=C1,NR1I3;SCN1A;SCN2A;SCN3A;SCN4A;SCN5A;SCN8A;SCN9A,SCN1A;SCN2A;SCN3A;SCN4A;SCN5A;SCN8A;SCN9A
2153,phloroglucinol,OC1=CC(O)=CC(O)=C1,BACE1,
2156,oxagrelate,CCOC(=O)C1=C(C)C2=C(C=C1C)C(CO)=NNC2=O,PDE1A;PDE1B;PDE1C;PDE3A;PDE3B,
2159,physostigmine,CNC(=O)OC1=CC=C2N(C)[C@H]3N(C)CC[C@@]3(C)C2=C1,ACHE;BCHE;CYP2D6,ACHE
2163,picrotin,CC(C)(O)[C@@H]1[C@H]2OC(=O)[C@@H]1[C@]1(O)C[C@H]3O[C@]33C(=O)O[C@H]2[C@]13C,GLRA1;GLRA2;GLRA3;GLRB,
2165,piketoprofen,CC(C(=O)NC1=CC(C)=CC=N1)C1=CC=CC(=C1)C(=O)C1=CC=CC=C1,PTGS1;PTGS2,PTGS1;PTGS2
2166,pilocarpine,CC[C@H]1[C@@H](CC2=CN=CN2C)COC1=O,CHRM1;CHRM2;CHRM3;CHRM4;CHRM5,CHRM3
2167,pilsicainide,CC1=CC=CC(C)=C1NC(=O)CC12CCCN1CCC2,KCNH2;SCN4A,SCN4A
2168,pimecrolimus,CC[C@@H]1\C=C(C)\C[C@H](C)C[C@H](OC)[C@H]2O[C@](O)([C@H](C)C[C@@H]2OC)C(=O)C(=O)N2CCCC[C@H]2C(=O)O[C@@H]([C@H](C)[C@@H](O)CC1=O)C(\C)=C\[C@@H]1CC[C@H](Cl)[C@@H](C1)OC,FKBP1A;IFNG;IL2;IL5;PPP3CC,FKBP1A
2169,pimethixene,CN1CCC(CC1)=C1C2=CC=CC=C2SC2=C1C=CC=C2,SETD7,
2171,pimobendan,COC1=CC=C(C=C1)C1=NC2=C(N1)C=CC(=C2)C1=NNC(=O)CC1C,PDE3A;PDE3B,PDE3A;PDE3B
2172,pimozide,FC1=CC=C(C=C1)C(CCCN1CCC(CC1)N1C(=O)NC2=C1C=CC=C2)C1=CC=C(F)C=C1,ABCB1;ABCC1;ADRA1A;ADRA2A;ADRA2B;ADRA2C;CACNA1G;CACNA1I;CALM1;CALM2;CALM3;CHRM3;DRD2;DRD3;DRD4;GLRA1;HRH1;HRH4;HTR1A;HTR1D;HTR2A;HTR2C;HTR6;HTR7;KCNA10;KCNH2;KCNK2;OPRD1;OPRK1;OPRM1;SIGMAR1;SLC22A2;USP1,DRD2
2173,pinacidil,CC(NC(NC1=CC=NC=C1)=NC#N)C(C)(C)C,ABCC9;KCNJ11;KCNMA1,ABCC9;KCNJ11
2176,pindolol,CC(C)NCC(O)COC1=CC=CC2=C1C=CN2,ADRB1;ADRB2;ADRB3;HTR1A;HTR1B;HTR1D;HTR2A;HTR2B;HTR2C,ADRB1;ADRB2
2179,pioglitazone,CCC1=CC=C(CCOC2=CC=C(CC3SC(=O)NC3=O)C=C2)N=C1,ABCB11;CA2;CISD1;CISD2;MAOA;MAOB;PPARA;PPARG,PPARG
2180,pipamazine,NC(=O)C1CCN(CCCN2C3=CC=CC=C3SC3=CC=C(Cl)C=C23)CC1,ADRA1D;ADRA2A;ADRA2B;ADRA2C;CHRM5;CYP2D6;DRD1;DRD2;DRD3;HRH1;HTR1A;HTR2A;HTR2B;HTR2C;HTR6;SIGMAR1;SLC6A2;SLC6A4,
2181,pipamperone,NC(=O)C1(CCN(CCCC(=O)C2=CC=C(F)C=C2)CC1)N1CCCCC1,ADRA2A;ADRA2B;ADRA2C;ADRB1;ADRB2;DRD2;DRD3;HRH1;HTR1A;HTR1B;HTR1D;HTR1E;HTR1F;HTR2A;HTR2B;HTR2C,
2183,pipecuronium,CC(=O)O[C@H]1[C@H](C[C@H]2[C@@H]3CC[C@H]4C[C@H](OC(C)=O)[C@H](C[C@]4(C)[C@H]3CC[C@]12C)N1CC[N+](C)(C)CC1)N1CC[N+](C)(C)CC1,CHRNA1;CHRNA2;CHRNA4;CHRNB1;CHRNB2;CHRNB4;CHRND,CHRNA1;CHRNB1;CHRND
2193,pipotiazine palmitate,CCCCCCCCCCCCCCCC(=O)OCCC1CCN(CCCN2C3=CC=CC=C3SC3=CC=C(C=C23)S(=O)(=O)N(C)C)CC1,DRD2;DRD3,DRD2
2199,pirbuterol,CC(C)(C)NCC(O)C1=CC=C(O)C(CO)=N1,ADRB2,ADRB2
2200,pirenzepine,CN1CCN(CC(=O)N2C3=CC=CC=C3C(=O)NC3=C2N=CC=C3)CC1,ADORA3;CHRM1;CHRM2;CHRM3;CHRM4;CHRM5,CHRM1
2201,piretanide,NS(=O)(=O)C1=CC(=CC(N2CCCC2)=C1OC1=CC=CC=C1)C(O)=O,SLC12A1;SLC12A2,SLC12A1;SLC12A2
2202,piribedil,C(N1CCN(CC1)C1=NC=CC=N1)C1=CC2=C(OCO2)C=C1,ADRA1A;ADRA1B;ADRA1D;ADRA2A;ADRA2B;ADRA2C;DRD2;DRD3;DRD4;HTR1A;HTR2B,DRD2
2206,pirlindole,CC1=CC2=C(C=C1)N1CCNC3CCCC2=C13,MAOA;TEAD1;TEAD2;TEAD3;TEAD4,MAOA
2207,pirmenol,C[C@H]1CCC[C@@H](C)N1CCCC(O)(C1=CC=CC=C1)C1=CC=CC=N1,SCN5A,
2210,piroxicam,CN1C(C(=O)NC2=CC=CC=N2)=C(O)C2=CC=CC=C2S1(=O)=O,PTGS1;PTGS2,PTGS1;PTGS2
2213,pirprofen,CC(C(O)=O)C1=CC(Cl)=C(C=C1)N1CC=CC1,PTGS1;PTGS2,
2214,pitavastatin,O[C@H](C[C@H](O)\C=C\C1=C(C2=CC=C(F)C=C2)C2=C(C=CC=C2)N=C1C1CC1)CC(O)=O,HMGCR;RXRA,HMGCR
2220,pizotifen,CN1CCC(CC1)=C1C2=C(CCC3=C1C=CC=C3)SC=C2,CHRM1;DRD2;HTR1A;HTR2A;HTR2B;HTR2C;HTR7,
2228,polythiazide,CN1C(CSCC(F)(F)F)NC2=C(C=C(C(Cl)=C2)S(N)(=O)=O)S1(=O)=O,SLC12A3,SLC12A3
2231,pralidoxime,C[N+]1=CC=CC=C1C=NO,ACHE,ACHE
2232,pralmorelin,C[C@@H](N)C(=O)N[C@H](CC1=CC=C2C=CC=CC2=C1)C(=O)N[C@@H](C)C(=O)N[C@@H](CC1=CNC2=C1C=CC=C2)C(=O)N[C@H](CC1=CC=CC=C1)C(=O)N[C@@H](CCCCN)C(N)=O,GHSR,GHSR
2233,pramipexole,CCCN[C@H]1CCC2=C(C1)SC(N)=N2,ADRA2A;ADRA2B;ADRA2C;ADRB2;DRD2;DRD3;DRD4;HRH2;HTR1A;HTR1B;HTR1D;HTR2A;HTR7,DRD2
2236,pramlintide,CC[C@H](C)[C@H](NC(=O)[C@@H]1CCCN1C(=O)CNC(=O)[C@H](CC1=CC=CC=C1)NC(=O)[C@H](CC(N)=O)NC(=O)[C@H](CC(N)=O)NC(=O)[C@H](CO)NC(=O)[C@H](CO)NC(=O)[C@H](CC1=CNC=N1)NC(=O)[C@@H](NC(=O)[C@H](CC(C)C)NC(=O)[C@H](CC1=CC=CC=C1)NC(=O)[C@H](CC(N)=O)NC(=O)[C@H](C)NC(=O)[C@H](CC(C)C)NC(=O)[C@H](CCCNC(N)=N)NC(=O)[C@H](CCC(N)=O)NC(=O)[C@@H](NC(=O)[C@H](C)NC(=O)[C@@H]1CSSC[C@H](NC(=O)[C@@H](N)CCCCN)C(=O)N[C@@H](CC(N)=O)C(=O)N[C@@H]([C@@H](C)O)C(=O)N[C@@H](C)C(=O)N[C@@H]([C@@H](C)O)C(=O)N1)[C@@H](C)O)C(C)C)C(=O)N[C@@H](CC(C)C)C(=O)N1CCC[C@H]1C(=O)N1CCC[C@H]1C(=O)N[C@@H]([C@@H](C)O)C(=O)N[C@@H](CC(N)=O)C(=O)N[C@@H](C(C)C)C(=O)NCC(=O)N[C@@H](CO)C(=O)N[C@@H](CC(N)=O)C(=O)N[C@@H]([C@@H](C)O)C(=O)N[C@@H](CC1=CC=C(O)C=C1)C(N)=O,CALCR;RAMP1;RAMP2;RAMP3,CALCR;RAMP1;RAMP2;RAMP3
2237,pranlukast,O=C(NC1=CC=CC2=C1OC(=CC2=O)C1=NN=NN1)C1=CC=C(OCCCCC2=CC=CC=C2)C=C1,CYSLTR1;CYSLTR2;GPR17;NR1H4,CYSLTR1
2239,pravastatin,CC[C@H](C)C(=O)O[C@H]1C[C@H](O)C=C2C=C[C@H](C)[C@H](CC[C@@H](O)C[C@@H](O)CC(O)=O)[C@@H]12,HMGCR,HMGCR
2240,prazepam,ClC1=CC=C2N(CC3CC3)C(=O)CN=C(C3=CC=CC=C3)C2=C1,GABRA1;GABRB2;GABRG2,GABRA1;GABRB2;GABRG2
2241,praziquantel,O=C(C1CCCCC1)N1CC2N(CCC3=C2C=CC=C3)C(=O)C1,ABCB11,
2243,prednicarbate,CCOC(=O)O[C@@]1(CC[C@H]2[C@@H]3CCC4=CC(=O)C=C[C@]4(C)[C@H]3[C@@H](O)C[C@]12C)C(=O)COC(=O)CC,NR3C1,NR3C1
2245,prednisolone,C[C@]12C[C@H](O)[C@H]3[C@@H](CCC4=CC(=O)C=C[C@]34C)[C@@H]1CC[C@]2(O)C(=O)CO,ADAM17;ANXA1;AR;GLUL;GPBAR1;IL6;NR3C1;NR3C2;PGR;SERPINA6,NR3C1
2247,prednisolone acetate,CC(=O)OCC(=O)[C@@]1(O)CC[C@H]2[C@@H]3CCC4=CC(=O)C=C[C@]4(C)[C@H]3[C@@H](O)C[C@]12C,NR3C1,NR3C1
2251,prednisolone tebutate,CC(C)(C)CC(=O)OCC(=O)[C@@]1(O)CC[C@H]2[C@@H]3CCC4=CC(=O)C=C[C@]4(C)[C@H]3[C@@H](O)C[C@]12C,ADAM17;AR;GLUL;GPBAR1;IL6;NR3C1;NR3C2;PGR;SERPINA6,NR3C1
2253,prednisone,C[C@]12CC(=O)[C@H]3[C@@H](CCC4=CC(=O)C=C[C@]34C)[C@@H]1CC[C@]2(O)C(=O)CO,ANXA1;NR3C1;SLC28A1,NR3C1
2255,pregabalin,CC(C)C[C@H](CN)CC(O)=O,CACNA2D1;CACNA2D2;SLC7A5,CACNA2D1;CACNA2D2
2256,pregnenolone succinate,CC(=O)[C@H]1CC[C@H]2[C@@H]3CC=C4C[C@H](CC[C@]4(C)[C@H]3CC[C@]12C)OC(=O)CCC(O)=O,G6PD;SERPINA6;SHBG,
2258,prenalterol,CC(C)NC[C@H](O)COC1=CC=C(O)C=C1,ADRB1,
2261,prenylamine,CC(CC1=CC=CC=C1)NCCC(C1=CC=CC=C1)C1=CC=CC=C1,SCN1A;SCN2A;SCN3A,
2263,pridinol,OC(CCN1CCCCC1)(C1=CC=CC=C1)C1=CC=CC=C1,CHRM1;CHRM2;CHRM3;CHRM4;CHRM5,
2265,prilocaine,CCCNC(C)C(=O)NC1=C(C)C=CC=C1,SCN1A;SCN2A;SCN3A,SCN1A;SCN2A;SCN3A
2266,primaquine,COC1=CC(NC(C)CCCN)=C2N=CC=CC2=C1,AHR;CYP1A2;G6PD;HBA1;HSP90AA1;KCNH2;MAOA;MAOB;NQO2;SHMT2;SLC6A4,
2267,primidone,CCC1(C(=O)NCNC1=O)C1=CC=CC=C1,GABRA1;GABRB2;GABRG2;TRPM3,GABRA1;GABRB2;GABRG2
2268,probenecid,CCCN(CCC)S(=O)(=O)C1=CC=C(C=C1)C(O)=O,CA12;CA2;CA9;SLC22A11;SLC22A12;SLC22A6;SLC22A8;UGT1A7,SLC22A11;SLC22A6;SLC22A8
2269,probucol,CC(C)(SC1=CC(=C(O)C(=C1)C(C)(C)C)C(C)(C)C)SC1=CC(=C(O)C(=C1)C(C)(C)C)C(C)(C)C,ABCA1;ALOX15;HPN;KCNH2,ABCA1
2270,procainamide,CCN(CC)CCNC(=O)C1=CC=C(N)C=C1,ACHE;CHRM2;DNMT1;DNMT3A;DNMT3B;KCNH2;SCN10A;SCN11A;SCN1A;SCN2A;SCN3A;SCN4A;SCN5A;SCN7A;SCN8A;SCN9A,SCN10A;SCN11A;SCN1A;SCN2A;SCN3A;SCN4A;SCN5A;SCN7A;SCN8A;SCN9A
2271,procaine,CCN(CC)CCOC(=O)C1=CC=C(N)C=C1,CHRNA1;CHRNB1;CHRND;GRIN3A;HTR3A;RYR1;SCN10A,SCN10A
2273,procaterol,CC[C@@H](NC(C)C)[C@@H](O)C1=C2C=CC(=O)NC2=C(O)C=C1,ADRB2;DRD2,ADRB2
2274,prochlorperazine,CN1CCN(CCCN2C3=CC=CC=C3SC3=C2C=C(Cl)C=C3)CC1,ADRA1A;ADRA1D;ADRA2A;ADRA2B;ADRA2C;CHRM1;CHRM2;CHRM3;CHRM4;CHRM5;CYP1A2;CYP2D6;DRD1;DRD2;DRD3;DRD4;FYN;HRH1;HTR1A;HTR2A;HTR2B;HTR2C;HTR6;KCNH2;SIGMAR1;SLC22A1;SLC6A2;SLC6A3;SLC6A4,DRD2;DRD3
2276,procyclidine,OC(CCN1CCCC1)(C1CCCCC1)C1=CC=CC=C1,CHRM1;CHRM2;CHRM3;CHRM4;CHRM5;GRIN1;GRIN2A;GRIN2B;GRIN2C;GRIN2D;GRIN3A;GRIN3B,CHRM1
2278,progabide,NC(=O)CCCN=C(C1=CC=C(Cl)C=C1)C1=C(O)C=CC(F)=C1,GABRA1;GABRA2;GABRA3;GABRA4;GABRA5;GABRA6;GABRB1;GABRB2;GABRB3;GABRD;GABRE;GABRG1;GABRG2;GABRG3;GABRP;GABRQ,
2279,progesterone,CC(=O)[C@H]1CC[C@H]2[C@@H]3CCC4=CC(=O)CC[C@]4(C)[C@H]3CC[C@]12C,ABCB1;AR;CATSPER1;CATSPER2;CATSPER3;CATSPER4;ESR1;FABP2;NR3C1;NR3C2;P2RX3;PGR;SERPINA6;SHBG;SIGMAR1;SLC28A1;SOAT1;TRPC5,PGR
2281,proglumide,CCCN(CCC)C(=O)C(CCC(O)=O)NC(=O)C1=CC=CC=C1,CCKBR,CCKBR
2284,promazine,CN(C)CCCN1C2=CC=CC=C2SC2=C1C=CC=C2,ADRA1A;ADRA1D;ADRA2A;ADRA2B;ADRA2C;AOX1;CHRM1;CHRM2;CHRM3;CHRM4;CHRM5;CYP2D6;DRD1;DRD2;DRD3;GFER;HRH1;HRH2;HTR1A;HTR2A;HTR2B;HTR2C;HTR6;PRNP;SCN1A;SCN2A;SCN3A;SIGMAR1;SLC22A1;SLC6A2;SLC6A4,DRD2;HTR2A
2285,promegestone,CCC(=O)[C@@]1(C)CC[C@H]2[C@@H]3CCC4=CC(=O)CCC4=C3CC[C@]12C,PGR,
2286,promethazine,CC(CN1C2=CC=CC=C2SC2=C1C=CC=C2)N(C)C,ADRA1A;ADRA1D;ADRA2A;ADRA2B;ADRA2C;AOX1;BCHE;CALM1;CHRM1;CHRM2;CHRM3;CHRM4;CHRM5;CYP2D6;DRD1;DRD2;DRD3;GFER;HRH1;HRH2;HRH4;HTR1A;HTR2A;HTR2B;HTR2C;HTR6;PRNP;SCN1A;SCN2A;SCN3A;SIGMAR1;SLC22A1;SLC6A2;SLC6A4,HRH1
2291,propafenone,CCCNCC(O)COC1=C(C=CC=C1)C(=O)CCC1=CC=CC=C1,ABCB1;ABCC9;ADRA1D;ADRB1;ADRB2;ADRB3;AOX1;CYP1A2;CYP2D6;HCN4;HTR1A;HTR2A;HTR2B;HTR2C;HTR6;KCNA5;KCNH2;KCNJ11;KCNK2;KCNK3;SCN1B;SCN2B;SCN3B;SCN4B;SCN5A;SIGMAR1;SLC22A1;SLC22A2;SLC6A2;SLC6A3,ADRB1;SCN5A
2293,propantheline,CC(C)[N+](C)(CCOC(=O)C1C2=CC=CC=C2OC2=C1C=CC=C2)C(C)C,CHRM1;CHRM2;CHRM3;CHRM4,CHRM1;CHRM2;CHRM3
2294,proparacaine,CCCOC1=C(N)C=C(C=C1)C(=O)OCCN(CC)CC,MAOA;SCN10A;SCN1A;SCN2A;SCN3A;SIGMAR1,SCN10A;SCN1A;SCN2A;SCN3A
2296,propentofylline,CCCN1C=NC2=C1C(=O)N(CCCCC(C)=O)C(=O)N2C,ACHE,
2298,propiomazine,CCC(=O)C1=CC=C2SC3=CC=CC=C3N(CC(C)N(C)C)C2=C1,ADRA1B;CHRM1;CHRM2;CHRM3;CHRM4;CHRM5;DRD1;DRD2;DRD4;HRH1;HTR2A;HTR2C,HRH1
2299,propiram,CCC(=O)N(C(C)CN1CCCCC1)C1=CC=CC=N1,OPRM1,OPRM1
2302,propofol,CC(C)C1=CC=CC(C(C)C)=C1O,CA1;CA2;CYP2C9;FAAH;GABRA1;GABRA2;GABRB2;GABRB3;GABRG2;HTR2B;HTR2C;PTGS1;SLC6A2,GABRA1;GABRA2;GABRB2;GABRB3;GABRG2
2303,propranolol,CC(C)NCC(O)COC1=C2C=CC=CC2=CC=C1,ABCB1;ADRB1;ADRB2;ADRB3;CACNA1C;CYP1A2;CYP2D6;HCN4;HRH1;HTR1A;HTR1B;HTR1D;HTR2A;HTR2B;HTR2C;HTR6;SIGMAR1;SLC22A1;SLC6A4,ADRB1;ADRB2
2308,propylthiouracil,CCCC1=CC(=O)NC(=S)N1,DIO1;MPO;TAS2R38;TPO,DIO1;TPO
2309,propyphenazone,CC(C)C1=C(C)N(C)N(C1=O)C1=CC=CC=C1,TRPA1,TRPA1
2311,proquazone,CC(C)N1C(=O)N=C(C2=CC=CC=C2)C2=CC=C(C)C=C12,PTGS1;PTGS2,
2313,proscillaridin,C[C@@H]1O[C@@H](O[C@H]2CC[C@]3(C)[C@H]4CC[C@]5(C)[C@H](CC[C@]5(O)[C@@H]4CCC3=C2)C2=COC(=O)C=C2)[C@H](O)[C@H](O)[C@H]1O,ATP1A1,
2316,protirelin,NC(=O)[C@@H]1CCCN1C(=O)[C@H](CC1=CNC=N1)NC(=O)[C@@H]1CCC(=O)N1,TRHR,TRHR
2318,protokylol,CC(CC1=CC=C2OCOC2=C1)NCC(O)C1=CC=C(O)C(O)=C1,ADRB2,ADRB2
2320,protriptyline,CNCCCC1C2=CC=CC=C2C=CC2=C1C=CC=C2,ADORA3;CHRM1;CHRM2;CHRM3;CHRM4;CHRM5;HRH1;HTR2A;HTR2B;HTR2C;KCNH2;SLC6A2;SLC6A3;SLC6A4,SLC6A2;SLC6A4
2326,pseudoephedrine,CN[C@@H](C)[C@@H](O)C1=CC=CC=C1,ADRA1A;ADRA2A;ADRB2;SLC6A2,SLC6A2
2328,pyrazinamide,NC(=O)C1=NC=CN=C1,CA2;CYP3A4;CYP3A5,
2330,pyridostigmine,CN(C)C(=O)OC1=C[N+](C)=CC=C1,ACHE;BCHE,ACHE
2331,mepyramine,COC1=CC=C(CN(CCN(C)C)C2=CC=CC=N2)C=C1,ADORA3;ADRA2A;CYP2D6;HRH1;HTR2A;HTR2B;HTR2C;KCNH2;SIGMAR1;SLC6A3;SLC6A4,HRH1
2332,pyrimethamine,CCC1=NC(N)=NC(N)=C1C1=CC=C(Cl)C=C1,CHRM1;CYP2C9;DHFR;HEXA;HEXB;SLC22A1;SLC47A1,
2335,pyrvinium,CN(C)C1=CC=C2C(C=CC(\C=C\C3=C(C)N(C(C)=C3)C3=CC=CC=C3)=[N+]2C)=C1,SHMT2;SYNJ1;SYNJ2,
2336,quazepam,FC1=C(C=CC=C1)C1=NCC(=S)N(CC(F)(F)F)C2=CC=C(Cl)C=C12,GABRA1;GABRA2;GABRA3;GABRB1;GABRG2,GABRA1;GABRA2;GABRA3;GABRB1;GABRG2
2337,quetiapine,OCCOCCN1CCN(CC1)C1=NC2=CC=CC=C2SC2=CC=CC=C12,ADRA1A;ADRA1B;ADRA1D;ADRA2A;ADRA2B;ADRA2C;ADRB1;ADRB2;AOX1;CHRM1;CHRM2;CHRM3;CHRM4;CHRM5;DRD1;DRD2;DRD3;DRD4;DRD5;H1F0;HRH1;HTR1A;HTR1B;HTR1D;HTR1E;HTR1F;HTR2A;HTR2B;HTR2C;HTR5A;HTR6;HTR7;KCNH2;SIGMAR1;SLC6A2,DRD2;HTR2A
2338,mepacrine,CCN(CC)CCCC(C)NC1=C2C=C(OC)C=CC2=NC2=CC(Cl)=CC=C12,ACHE;ADRA1D;ADRA2A;ADRA2B;ADRA2C;AOX1;CHRM1;CHRM2;CHRM3;CHRM4;CHRM5;DRD3;HRH2;HTR2A;PRNP;SCN1A;SCN2A;SCN3A;SLC6A2,
2340,quinapril,CCOC(=O)[C@H](CCC1=CC=CC=C1)N[C@@H](C)C(=O)N1CC2=CC=CC=C2C[C@H]1C(O)=O,ACE,ACE
2342,quinestrol,C[C@]12CC[C@H]3[C@@H](CCC4=C3C=CC(OC3CCCC3)=C4)[C@@H]1CC[C@@]2(O)C#C,ESR1,ESR1
2343,quinethazone,CCC1NC(=O)C2=CC(=C(Cl)C=C2N1)S(N)(=O)=O,SLC12A3,SLC12A3
2345,quingestanol acetate,CC(=O)O[C@]1(CC[C@H]2[C@@H]3CC=C4C=C(CC[C@@H]4[C@H]3CC[C@]12C)OC1CCCC1)C#C,PGR,PGR
2346,quinidine,COC1=CC=C2N=CC=C([C@H](O)[C@H]3C[C@@H]4CC[N@]3C[C@@H]4C=C)C2=C1,ABCB1;BCHE;CHRM2;CYP2D6;HCN4;KCNA5;KCNA7;KCNH1;KCNH2;SCN1A;SCN1B;SCN2A;SCN2B;SCN3A;SCN3B;SCN4B;SCN5A;SLC22A2;SLC29A4;SLC47A1,CYP2D6;SCN1A;SCN2A;SCN3A;SCN5A
2350,rabeprazole,COCCCOC1=CC=NC(CS(=O)C2=NC3=C(N2)C=CC=C3)=C1C,ADORA3;ADRA2B;ATP1A1;ATP4A;ATP4B;DDAH1;DRD3;ENGASE;FASN;HTR1D;IDE;SARM1,ATP4A;ATP4B
2351,raloxifene,OC1=CC=C(C=C1)C1=C(C(=O)C2=CC=C(OCCN3CCCCC3)C=C2)C2=C(S1)C=C(O)C=C2,ACHE;ADORA2A;ADRA1D;ADRA2A;ADRA2B;ADRA2C;AOX1;C5;CYP2C9;DRD1;DRD2;DRD3;EBP;ESR1;ESR2;FYN;GPER1;HLA-A;HTR1D;HTR2A;HTR2B;HTR2C;HTR6;IL6;NR1H4;NR1I2;OPRD1;OPRK1;OPRM1;PLD1;PLD2;SIGMAR1;SLC6A2;SLC6A3;SLC6A4;TACR2,ESR1;ESR2
2352,raltegravir,CN1C(=O)C(O)=C(N=C1C(C)(C)NC(=O)C1=NN=C(C)O1)C(=O)NCC1=CC=C(F)C=C1,CCR1,
2353,raltitrexed,CN(CC1=CC2=C(C=C1)N=C(C)NC2=O)C1=CC=C(S1)C(=O)N[C@@H](CCC(O)=O)C(O)=O,DHFR;FOLR1;FOLR2;SLC19A1;SLC46A1;TYMS,
2354,ramatroban,OC(=O)CCN1C2=C(C[C@@H](CC2)NS(=O)(=O)C2=CC=C(F)C=C2)C2=CC=CC=C12,PTGDR;PTGDR2;TBXA2R,TBXA2R
2355,ramelteon,CCC(=O)NCC[C@@H]1CCC2=C1C1=C(OCC1)C=C2,MTNR1A;MTNR1B,MTNR1A;MTNR1B
2356,ramipril,CCOC(=O)[C@H](CCC1=CC=CC=C1)N[C@@H](C)C(=O)N1[C@H]2CCC[C@H]2C[C@H]1C(O)=O,ACE,ACE
2357,ramosetron,CN1C=C(C(=O)[C@@H]2CCC3=C(C2)NC=N3)C2=CC=CC=C12,HTR3A,HTR3A
2358,ranitidine,CNC(NCCSCC1=CC=C(CN(C)C)O1)=C[N+]([O-])=O,ACHE;HRH2;SLC47A1,HRH2
2359,ranolazine,COC1=C(OCC(O)CN2CCN(CC(=O)NC3=C(C)C=CC=C3C)CC2)C=CC=C1,ABCB1;KCNH2;SCN5A,SCN5A
2361,reboxetine,CCOC1=C(O[C@@H]([C@H]2CNCCO2)C2=CC=CC=C2)C=CC=C1,HTR2C;HTR6;KCNJ3;KCNJ5;KCNJ6;SLC6A2;SLC6A3;SLC6A4,
2362,regadenoson,CNC(=O)C1=CN(N=C1)C1=NC(N)=C2N=CN([C@@H]3O[C@H](CO)[C@@H](O)[C@H]3O)C2=N1,ADORA1;ADORA2A;ADORA2B;ADORA3,ADORA2A
2363,remifentanil,CCC(=O)N(C1=CC=CC=C1)C1(CCN(CCC(=O)OC)CC1)C(=O)OC,OPRM1,OPRM1
2365,remoxipride,CCN1CCC[C@H]1CNC(=O)C1=C(OC)C(Br)=CC=C1OC,DRD2;DRD3;DRD4;HTR1A;HTR2A;SIGMAR1,DRD2
2366,repaglinide,CCOC1=C(C=CC(CC(=O)N[C@@H](CC(C)C)C2=C(C=CC=C2)N2CCCCC2)=C1)C(O)=O,ABCC8;ABCC9;KCNJ11;SLC22A1;SLCO1B1,ABCC8;KCNJ11
2368,reproterol,CN1C2=C(N(CCCNCC(O)C3=CC(O)=CC(O)=C3)C=N2)C(=O)N(C)C1=O,ADRB2,ADRB2
2369,rescinnamine,CO[C@H]1[C@@H](C[C@@H]2CN3CCC4=C(NC5=C4C=CC(OC)=C5)[C@H]3C[C@@H]2[C@@H]1C(=O)OC)OC(=O)\C=C\C1=CC(OC)=C(OC)C(OC)=C1,SLC18A2,SLC18A2
2370,reserpine,CO[C@H]1[C@@H](C[C@@H]2CN3CCC4=C(NC5=C4C=CC(OC)=C5)[C@H]3C[C@@H]2[C@@H]1C(=O)OC)OC(=O)C1=CC(OC)=C(OC)C(OC)=C1,ABCB1;ABCG2;DRD1;DRD2;DRD3;HTR1A;OPRM1;SCN1A;SCN2A;SCN3A;SLC18A1;SLC18A2;SLC6A4,SLC18A2
2372,retinol acetate,CC(=O)OC\C=C(/C)\C=C\C=C(/C)\C=C\C1=C(C)CCCC1(C)C,RBP4,
2373,ribavirin,NC(=O)C1=NN(C=N1)[C@@H]1O[C@H](CO)[C@@H](O)[C@H]1O,ADK;ADORA1;ENPP1;IMPDH1;IMPDH2;NT5C2;TOP1,IMPDH1
2377,rifampicin,CO[C@H]1\C=C\O[C@@]2(C)OC3=C(C)C(O)=C4C(O)=C(NC(=O)\C(C)=C/C=C/[C@H](C)[C@H](O)[C@@H](C)[C@@H](O)[C@@H](C)[C@H](OC(C)=O)[C@@H]1C)C(C=NN1CCN(C)CC1)=C(O)C4=C3C2=O,ABCB11;CASP1;CYP51A1;GSTO1;NR1I2;SLCO1A2;SLCO1B1;SLCO1B3,
2379,rifaximin,CO[C@H]1\C=C\O[C@@]2(C)OC3=C(C2=O)C2=C(C(O)=C3C)C(O)=C(NC(=O)\C(C)=C/C=C/[C@H](C)[C@H](O)[C@@H](C)[C@@H](O)[C@@H](C)[C@H](OC(C)=O)[C@@H]1C)C1=C2N=C2C=C(C)C=CN12,NR1I2,
2381,rilmenidine,C1CC1C(NC1=NCCO1)C1CC1,ADRA1A;ADRA2A;ADRA2B;ADRA2C;NISCH,
2382,riluzole,NC1=NC2=C(S1)C=C(OC(F)(F)F)C=C2,GRIN3A;KCNH2;KCNN1;KCNN3;KCNN4;SCN5A;SLC6A2;TRPC5,SCN5A
2383,rimantadine,CC(N)C12CC3CC(CC(C3)C1)C2,SLC22A2;SLC47A1,
2384,rimexolone,CCC(=O)[C@@]1(C)[C@H](C)C[C@H]2[C@@H]3CCC4=CC(=O)C=C[C@]4(C)[C@H]3[C@@H](O)C[C@]12C,NR3C1,NR3C1
2387,risedronic acid,OC(CC1=CN=CC=C1)(P(O)(O)=O)P(O)(O)=O,FDPS,FDPS
2388,levisoprenaline,CC(C)NC[C@H](O)C1=CC=C(O)C(O)=C1,ADRB1;ADRB2;ADRB3,
2389,risperidone,CC1=C(CCN2CCC(CC2)C2=NOC3=C2C=CC(F)=C3)C(=O)N2CCCCC2=N1,ADRA1A;ADRA1B;ADRA1D;ADRA2A;ADRA2B;ADRA2C;ADRB1;ADRB2;CHRM1;CHRM2;CHRM3;CHRM4;CYP2D6;DRD1;DRD2;DRD3;DRD4;DRD5;GLRA1;H1F0;HRH1;HRH2;HTR1A;HTR1B;HTR1D;HTR1E;HTR1F;HTR2A;HTR2B;HTR2C;HTR5A;HTR6;HTR7;KCNH2;SIGMAR1;SLC22A2;SLC47A1;SLC6A4,DRD2;HTR2A
2390,ritodrine,C[C@@H](NCCC1=CC=C(O)C=C1)[C@@H](O)C1=CC=C(O)C=C1,ADRB2;ADRB3,ADRB2
2391,ritonavir,CC(C)[C@H](NC(=O)N(C)CC1=CSC(=N1)C(C)C)C(=O)N[C@H](C[C@H](O)[C@H](CC1=CC=CC=C1)NC(=O)OCC1=CN=CS1)CC1=CC=CC=C1,ABCB1;AVPR1A;CYP2C9;CYP2D6;CYP3A4;CYP3A5;NR1I2;OPRK1;OPRM1;SLC22A1;SLC22A2;SLC47A1;SLC47A2;TACR2;TBXAS1;UGT1A1,
2392,rivastigmine,CCN(C)C(=O)OC1=CC=CC(=C1)[C@H](C)N(C)C,ACHE;BCHE,ACHE;BCHE
2393,rizatriptan,CN(C)CCC1=CNC2=C1C=C(CN1C=NC=N1)C=C2,CYP2D6;HTR1A;HTR1B;HTR1D;HTR1E;HTR1F;HTR2A;HTR2C,HTR1B;HTR1D
2396,rocuronium,CC(=O)O[C@H]1[C@H](C[C@H]2[C@@H]3CC[C@H]4C[C@H](O)[C@H](C[C@]4(C)[C@H]3CC[C@]12C)N1CCOCC1)[N+]1(CC=C)CCCC1,CHRNA1;CHRNB1;CHRND;CHRNG,CHRNA1;CHRNB1;CHRND
2397,rofecoxib,CS(=O)(=O)C1=CC=C(C=C1)C1=C(C(=O)OC1)C1=CC=CC=C1,MT-CO2;PTGER2;PTGS1;PTGS2,PTGS2
2399,rolitetracycline,CN(C)[C@H]1[C@@H]2C[C@H]3C(=C(O)[C@]2(O)C(=O)C(C(=O)NCN2CCCC2)=C1O)C(=O)C1=C(O)C=CC=C1[C@@]3(C)O,IDE;RAD52,
2402,ropinirole,CCCN(CCC)CCC1=CC=CC2=C1CC(=O)N2,ADRA2A;ADRA2B;ADRA2C;DRD1;DRD2;DRD3;DRD4;DRD5;HTR1A;HTR1D;HTR2A;HTR2B;HTR7,DRD2
2403,ropivacaine,CCCN1CCCC[C@H]1C(=O)NC1=C(C)C=CC=C1C,KCNK3;SCN10A;SCN1A;SCN2A;SCN3A;SCN4A;SCN5A;SCN8A;SCN9A,SCN10A;SCN1A;SCN2A;SCN3A;SCN4A;SCN5A;SCN8A;SCN9A
2405,rosiglitazone,CN(CCOC1=CC=C(CC2SC(=O)NC2=O)C=C1)C1=CC=CC=N1,ABCB11;CA2;CISD1;CISD2;FFAR1;KCNH2;MAOA;MAOB;PPARA;PPARD;PPARG;RARG;RXRA;SLC10A1;TBXAS1;TRPC5,PPARG
2406,rosuvastatin,CC(C)C1=C(\C=C\[C@@H](O)C[C@@H](O)CC(O)=O)C(=NC(=N1)N(C)S(C)(=O)=O)C1=CC=C(F)C=C1,HMGCR;PDE6D,HMGCR
2407,rotigotine,CCCN(CCC1=CC=CS1)[C@H]1CCC2=C(O)C=CC=C2C1,DRD1;DRD2;DRD3;DRD4;DRD5,DRD2
2408,roxatidine acetate,CC(=O)OCC(=O)NCCCOC1=CC=CC(CN2CCCCC2)=C1,HRH2,HRH2
2410,roxithromycin,CC[C@H]1OC(=O)[C@H](C)[C@@H](O[C@H]2C[C@@](C)(OC)[C@@H](O)[C@H](C)O2)[C@H](C)[C@@H](O[C@@H]2O[C@H](C)C[C@@H]([C@H]2O)N(C)C)[C@](C)(O)C[C@@H](C)\C(=N/OCOCCOC)[C@H](C)[C@@H](O)[C@]1(C)O,MLNR,
2413,rupatadine,CC1=CC(CN2CCC(CC2)=C2C3=CC=C(Cl)C=C3CCC3=C2N=CC=C3)=CN=C1,HRH1;PTAFR,HRH1
2414,ademetionine,C[S+](CC[C@H](N)C([O-])=O)C[C@H]1O[C@H]([C@H](O)[C@@H]1O)N1C=NC2=C1N=CN=C2N,PCMT1;PNMT;PRMT1,
2416,salicylic acid,OC(=O)C1=CC=CC=C1O,CA1;CA12;CA14;CA2;CA4;CA6;CA7;CA9;HMGB1;NAPRT,
2419,salmeterol,OCC1=C(O)C=CC(=C1)C(O)CNCCCCCCOCCCCC1=CC=CC=C1,ADRB1;ADRB2;ADRB3;AOX1;DRD2;DRD3,ADRB2
2422,saquinavir,CC(C)(C)NC(=O)[C@@H]1C[C@@H]2CCCC[C@@H]2CN1C[C@@H](O)[C@H](CC1=CC=CC=C1)NC(=O)[C@H](CC(N)=O)NC(=O)C1=NC2=CC=CC=C2C=C1,ABCB1;ABCC1;ABCC2;AVPR1A;CYP3A4;DRD3;HTR1A;OPRD1;OPRK1;OPRM1;SLC6A3;TACR2;TBXAS1,
2423,sarpogrelate,COC1=CC=CC(CCC2=C(OCC(CN(C)C)OC(=O)CCC(O)=O)C=CC=C2)=C1,HTR2A;HTR2B;HTR2C,
2424,scopolamine,CN1[C@H]2C[C@H](C[C@@H]1[C@H]1O[C@@H]21)OC(=O)[C@H](CO)C1=CC=CC=C1,CHRM1;CHRM2;CHRM3;CHRM4;CHRM5,CHRM1
2428,secobarbital,CCCC(C)C1(CC=C)C(=O)NC(=O)NC1=O,GABRA1;GABRB2;GABRG2;MMP9,GABRA1;GABRB2;GABRG2
2429,selegiline,C[C@H](CC1=CC=CC=C1)N(C)CC#C,ADRA2A;ADRA2B;MAOA;MAOB,MAOB
2432,seratrodast,CC1=C(C)C(=O)C(C(CCCCCC(O)=O)C2=CC=CC=C2)=C(C)C1=O,TBXA2R,
2433,sermorelin,CC[C@H](C)[C@H](NC(=O)[C@H](C)NC(=O)[C@H](CC(O)=O)NC(=O)[C@H](C)NC(=O)[C@@H](N)CC1=CC=C(O)C=C1)C(=O)N[C@@H](CC1=CC=CC=C1)C(=O)N[C@@H]([C@@H](C)O)C(=O)N[C@@H](CC(N)=O)C(=O)N[C@@H](CO)C(=O)N[C@@H](CC1=CC=C(O)C=C1)C(=O)N[C@@H](CCCNC(N)=N)C(=O)N[C@@H](CCCCN)C(=O)N[C@@H](C(C)C)C(=O)N[C@@H](CC(C)C)C(=O)NCC(=O)N[C@@H](CCC(N)=O)C(=O)N[C@@H](CC(C)C)C(=O)N[C@@H](CO)C(=O)N[C@@H](C)C(=O)N[C@@H](CCCNC(N)=N)C(=O)N[C@@H](CCCCN)C(=O)N[C@@H](CC(C)C)C(=O)N[C@@H](CC(C)C)C(=O)N[C@@H](CCC(N)=O)C(=O)N[C@@H](CC(O)=O)C(=O)N[C@@H]([C@@H](C)CC)C(=O)N[C@@H](CCSC)C(=O)N[C@@H](CO)C(=O)N[C@@H](CCCNC(N)=N)C(N)=O,GHRHR,GHRHR
2434,sertaconazole,ClC1=CC(Cl)=C(C=C1)C(CN1C=CN=C1)OCC1=CSC2=C1C=CC=C2Cl,IDO1,
2435,sertindole,FC1=CC=C(C=C1)N1C=C(C2CCN(CCN3CCNC3=O)CC2)C2=C1C=CC(Cl)=C2,ABCB1;ADRA1A;ADRA2A;ADRA2B;ADRA2C;ADRB1;ADRB2;CHRM3;DRD1;DRD2;DRD3;DRD4;HRH1;HTR1A;HTR1B;HTR1D;HTR1E;HTR1F;HTR2A;HTR2C;HTR6;HTR7;KCNH2,DRD2;HTR2A;HTR2C
2436,sertraline,CN[C@H]1CC[C@@H](C2=CC(Cl)=C(Cl)C=C2)C2=CC=CC=C12,ADRA1A;ADRA2A;ADRA2B;ADRA2C;CHRM1;CHRM2;CHRM3;CHRM4;CHRM5;CYP2C19;HTR2A;HTR2B;HTR2C;KCNH2;MC5R;SIGMAR1;SLC6A2;SLC6A3;SLC6A4,SLC6A4
2437,setastine,CC(OCCN1CCCCCC1)(C1=CC=CC=C1)C1=CC=C(Cl)C=C1,HRH1,HRH1
2439,sevoflurane,FCOC(C(F)(F)F)C(F)(F)F,GABRA1;GABRA2;GABRA3;GABRA4;GABRA5;GABRA6;GABRB1;GABRB2;GABRB3;GABRD;GABRE;GABRG1;GABRG2;GABRG3;GABRP;GABRQ;GLRA1;KCNK10;KCNK18;KCNK2;KCNK3;KCNK9,GABRA1;GABRA2;GABRA3;GABRA4;GABRA5;GABRA6;GABRB1;GABRB2;GABRB3;GABRD;GABRE;GABRG1;GABRG2;GABRG3;GABRP;GABRQ;GLRA1;KCNK10;KCNK18;KCNK2;KCNK3;KCNK9
2440,sibutramine,CC(C)CC(N(C)C)C1(CCC1)C1=CC=C(Cl)C=C1,ADRA2B;ADRA2C;CYP2B6;KCND3;SLC22A2;SLC6A2;SLC6A3;SLC6A4,SLC6A2;SLC6A3;SLC6A4
2441,sildenafil,CCCC1=NN(C)C2=C1N=C(NC2=O)C1=CC(=CC=C1OCC)S(=O)(=O)N1CCN(C)CC1,ABCC5;ADORA1;ADORA2A;KCNH2;PDE10A;PDE11A;PDE1A;PDE1B;PDE1C;PDE2A;PDE3A;PDE3B;PDE4A;PDE4B;PDE4C;PDE4D;PDE5A;PDE6A;PDE6C;PDE7A;PDE8A;PDE9A;SLCO1B3,PDE5A
2445,simvastatin,CCC(C)(C)C(=O)O[C@H]1C[C@@H](C)C=C2C=C[C@H](C)[C@H](CC[C@@H]3C[C@@H](O)CC(=O)O3)[C@@H]12,HMGCR;NR1I3,HMGCR
2446,sirolimus,CO[C@@H]1C[C@H](C[C@@H](C)[C@@H]2CC(=O)[C@H](C)\C=C(C)\[C@@H](O)[C@@H](OC)C(=O)[C@H](C)C[C@H](C)\C=C\C=C\C=C(C)\[C@H](C[C@@H]3CC[C@@H](C)[C@@](O)(O3)C(=O)C(=O)N3CCCC[C@H]3C(=O)O2)OC)CC[C@H]1O,ABCB1;CYP2C19;CYP2C9;CYP3A4;EIF4E;FKBP1A;FKBP1B;FKBP3;FKBP5;MTOR;PDCD4;SLC28A1,FKBP1A
2448,sitagliptin,N[C@@H](CC(=O)N1CCN2C(C1)=NN=C2C(F)(F)F)CC1=C(F)C=C(F)C(F)=C1,ACE;DPP4;DPP7;DPP8;DPP9;FAP,DPP4
2451,sitosterol,CC[C@H](CC[C@@H](C)[C@H]1CC[C@H]2[C@@H]3CC=C4C[C@@H](O)CC[C@]4(C)[C@H]3CC[C@]12C)C(C)C,DPP4;F2;MAOA;MAOB;NFKB1;POLB,
2452,sivelestat,CC(C)(C)C(=O)OC1=CC=C(C=C1)S(=O)(=O)NC1=C(C=CC=C1)C(=O)NCC(O)=O,ELANE;PRTN3,ELANE
2457,solifenacin,O=C(O[C@H]1CN2CCC1CC2)N1CCC2=CC=CC=C2[C@@H]1C1=CC=CC=C1,CHRM1;CHRM2;CHRM3;CHRM4;CHRM5,CHRM2;CHRM3
2459,sorafenib,CNC(=O)C1=CC(OC2=CC=C(NC(=O)NC3=CC=C(Cl)C(=C3)C(F)(F)F)C=C2)=CC=N1,ABL1;ABL2;ARAF;AURKA;AURKB;AURKC;AXL;BRAF;CA7;CDK14;CDK15;CDK17;CDK19;CDK2;CDK3;CDK5;CDK7;CDK8;CDKL2;CDKL3;CIT;CLK1;CSF1R;CSK;CSNK1A1;DDR1;DDR2;EGFR;EPHA1;EPHA2;EPHA3;EPHA4;EPHA5;EPHA6;EPHA7;EPHA8;EPHB1;EPHB2;EPHB4;EPHB6;EPHX2;FGFR1;FGFR2;FGFR3;FGR;FLT1;FLT3;FLT4;FRK;FYN;HCK;HIPK1;HIPK2;HIPK3;HIPK4;HTR1A;HTR2A;HTR2B;HTR2C;HTR5A;HTR6;HTR7;INSR;JAK3;KDR;KIT;LCK;LIMK1;LIMK2;LYN;MAP2K5;MAP3K19;MAP3K7;MAP4K1;MAP4K4;MAP4K5;MAPK1;MAPK11;MAPK12;MAPK13;MAPK14;MAPK15;MAPK3;MAPK9;MERTK;MET;MKNK1;MKNK2;MUSK;MYLK2;MYLK3;MYO3B;NLK;NTRK1;NTRK2;NTRK3;PDGFRA;PDGFRB;PLK4;RAF1;RET;RIPK1;RIPK2;RIPK3;RPS6KA6;SLK;SRC;SRMS;STK10;STK33;STK36;TAOK1;TAOK2;TAOK3;TEK;TGFBR2;TIE1;TNIK;TNK1;TNNI3K;TTK;ZAK,BRAF;FLT1;FLT3;FLT4;KDR;KIT;PDGFRB;RAF1;RET
2463,sorivudine,OC[C@H]1O[C@H]([C@@H](O)[C@@H]1O)N1C=C(\C=C\Br)C(=O)NC1=O,TK2,
2464,sotalol,CC(C)NCC(O)C1=CC=C(NS(C)(=O)=O)C=C1,ADRB1;ADRB2;KCNH2,ADRB1;ADRB2;KCNH2
2466,sparfloxacin,C[C@H]1CN(C[C@@H](C)N1)C1=C(F)C(N)=C2C(=O)C(=CN(C3CC3)C2=C1F)C(O)=O,KCNH2,
2469,spiclomazine,ClC1=CC=C2SC3=CC=CC=C3N(CCCN3CCC4(CC3)NC(=O)CS4)C2=C1,BACE1,
2470,spiperone,FC1=CC=C(C=C1)C(=O)CCCN1CCC2(CC1)N(CNC2=O)C1=CC=CC=C1,ADRA1A;ADRA1B;ADRA1D;DRD1;DRD2;DRD3;DRD4;DRD5;HLA-A;HRH1;HTR1A;HTR1D;HTR1E;HTR1F;HTR2A;HTR2B;HTR2C;HTR5A;HTR6;HTR7;SCN1A;SCN2A;SCN3A;SIGMAR1,DRD2;HTR2A
2474,spirapril,CCOC(=O)[C@H](CCC1=CC=CC=C1)N[C@@H](C)C(=O)N1CC2(C[C@H]1C(O)=O)SCCS2,ACE,ACE
2475,spironolactone,CC(=O)S[C@@H]1CC2=CC(=O)CC[C@]2(C)[C@H]2CC[C@@]3(C)[C@@H](CC[C@@]33CCC(=O)O3)[C@H]12,AR;CYP2C19;ESR2;NR1I2;NR3C1;NR3C2;PGR;SLC47A1,NR3C2
2477,stanozolol,C[C@]1(O)CC[C@H]2[C@@H]3CC[C@H]4CC5=C(C[C@]4(C)[C@H]3CC[C@]12C)C=NN5,ADORA3;AR;CYP2C19;CYP2C9;CYP2D6;ESR1,AR
2480,stiripentol,CC(C)(C)C(O)C=CC1=CC=C2OCOC2=C1,CYP1A2;CYP2C19;CYP3A4;SLC6A1,
2484,strychnine,O=C1C[C@@H]2OCC=C3CN4CC[C@@]56[C@@H]4C[C@@H]3[C@@H]2[C@@H]5N1C1=CC=CC=C61,CHRM1;CHRM2;CHRM3;CHRM4;GLRA1;SCN1A;SCN2A;SCN3A;TAS2R10;TAS2R46,
2487,succinic acid,OC(=O)CCC(O)=O,EGLN1;SUCNR1,
2489,suxamethonium,C[N+](C)(C)CCOC(=O)CCC(=O)OCC[N+](C)(C)C,CHRNA1;CHRNB1;CHRND;CHRNE;CHRNG,CHRNA1;CHRNB1;CHRND;CHRNE;CHRNG
2491,sufentanil,CCC(=O)N(C1=CC=CC=C1)C1(COC)CCN(CCC2=CC=CS2)CC1,OPRD1;OPRK1;OPRM1;SLC22A1,OPRM1
2492,sulbactam,CC1(C)[C@@H](N2[C@@H](CC2=O)S1(=O)=O)C(O)=O,LACTB,
2495,sulconazole,ClC1=CC=C(CS[C@@H](CN2C=CN=C2)C2=CC=C(Cl)C=C2Cl)C=C1,ADORA3;ADRA2A;ADRA2B;ADRA2C;ALPL;CHRM1;CHRM3;CHRM4;CHRM5;CYP1A2;CYP2C19;CYP2C9;CYP2D6;CYP3A4;DRD3;FYN;HTR2A;HTR2B;HTR2C;IDO1;MDH1;NR1H4;SLC6A2;SLC6A3;SLC6A4;TACR2;TBXAS1,
2497,sulfacetamide,CC(=O)NS(=O)(=O)C1=CC=C(N)C=C1,DHFR,
2500,sulfadiazine,NC1=CC=C(C=C1)S(=O)(=O)NC1=NC=CC=N1,AURKA;HTR2A;HTR2B;SLC5A7,
2501,sulfadimethoxine,COC1=CC(NS(=O)(=O)C2=CC=C(N)C=C2)=NC(OC)=N1,HTR6,
2502,sulfadimidine,CC1=CC(C)=NC(NS(=O)(=O)C2=CC=C(N)C=C2)=N1,GLO1,
2504,sulfaethidole,CCC1=NN=C(NS(=O)(=O)C2=CC=C(N)C=C2)S1,AKT1,
2505,sulfaguanidine,NC(=N)NS(=O)(=O)C1=CC=C(N)C=C1,F2;PRSS1;PRSS2;PRSS3,
2521,sulfanilamide,NC1=CC=C(C=C1)S(N)(=O)=O,CA1;CA12;CA13;CA14;CA2;CA3;CA4;CA5A;CA5B;CA6;CA7;CA9,
2523,sulfaphenazole,NC1=CC=C(C=C1)S(=O)(=O)NC1=CC=NN1C1=CC=CC=C1,CYP2C9,
2525,sulfasalazine,OC(=O)C1=CC(=CC=C1O)\N=N\C1=CC=C(C=C1)S(=O)(=O)NC1=CC=CC=N1,ACAT1;ALOX5;CA1;CA2;CASP1;MAPK1;MMP1;PTGS1;PTGS2;SLC10A1;SLC46A1;SLC7A11;TBXAS1,ALOX5;PTGS1;PTGS2
2527,sulfathiazole,NC1=CC=C(C=C1)S(=O)(=O)NC1=NC=CS1,EDNRA,
2528,sulfinpyrazone,O=C1C(CCS(=O)C2=CC=CC=C2)C(=O)N(N1C1=CC=CC=C1)C1=CC=CC=C1,ABCC1;FPR1;NAPRT;SLC22A12,SLC22A12
2529,sulfafurazole,CC1=NOC(NS(=O)(=O)C2=CC=C(N)C=C2)=C1C,EDNRA;EDNRB;HRH4,
2531,sulfobromophthalein,OC1=C(C=C(C=C1)C1(OC(=O)C2=C1C(Br)=C(Br)C(Br)=C2Br)C1=CC(=C(O)C=C1)S(O)(=O)=O)S(O)(=O)=O,HPGDS,
2532,sulforidazine,CN1CCCCC1CCN1C2=CC=CC=C2SC2=C1C=C(C=C2)S(C)(=O)=O,DRD2;DRD3,
2533,aldesulfone,OS(=O)CNC1=CC=C(C=C1)S(=O)(=O)C1=CC=C(NCS(O)=O)C=C1,G6PD,
2534,sulindac,CC1=C(CC(O)=O)C2=C(C=CC(F)=C2)\C1=C/C1=CC=C(C=C1)S(C)=O,AKR1B1;C5;GLO1;GLRA1;MMP2;PTGES;PTGS1;PTGS2;RXRA,PTGS2
2536,suloctidil,CCCCCCCCNC(C)C(O)C1=CC=C(SC(C)C)C=C1,ADORA3;ADRA2A;ADRA2C;ADRB3;CHRM1;CHRM3;CHRM4;CHRM5;DRD3;EGFR;FYN;HRH1;HRH2;HTR1A;HTR2B;SIGMAR1;SLC6A2;SLC6A3;SLC6A4;TACR2,
2537,sulpiride,CCN1CCCC1CNC(=O)C1=C(OC)C=CC(=C1)S(N)(=O)=O,ADRA2A;CA1;CA12;CA2;CA3;CA5A;CA5B;CA6;CA7;CA9;DRD2;DRD3;DRD4,DRD2
2538,sulprostone,CS(=O)(=O)NC(=O)CCC\C=C/C[C@@H]1[C@@H](\C=C\[C@@H](O)COC2=CC=CC=C2)[C@H](O)CC1=O,PTGER1;PTGER3;PTGER4;PTGFR,
2540,sultiame,NS(=O)(=O)C1=CC=C(C=C1)N1CCCCS1(=O)=O,CA1;CA2;CA6;CA9,
2541,sultopride,CCN1CCCC1CNC(=O)C1=C(OC)C=CC(=C1)S(=O)(=O)CC,DRD2;DRD3,
2543,sumatriptan,CNS(=O)(=O)CC1=CC2=C(NC=C2CCN(C)C)C=C1,HTR1A;HTR1B;HTR1D;HTR1E;HTR1F;HTR2A;HTR2C;HTR3A;HTR5A;HTR6;HTR7;SLC47A1,HTR1B;HTR1D
2544,sunitinib,CCN(CC)CCNC(=O)C1=C(C)NC(\C=C2/C(=O)NC3=C2C=C(F)C=C3)=C1C,AAK1;ABL1;ABL2;ACHE;AKT2;ALK;ANKK1;AURKA;AURKB;AURKC;AXL;BLK;BMP2K;BMPR1B;BMPR2;BRD9;BRSK1;BRSK2;BTK;CAMK1;CAMK1D;CAMK1G;CAMK2A;CAMK2B;CAMK2D;CAMK2G;CAMK4;CAMKK1;CAMKK2;CDK14;CDK16;CDK17;CDK18;CDK4;CDK5;CDK7;CDKL2;CHEK1;CHEK2;CHUK;CIT;CLK1;CLK2;CLK4;CSF1R;CSNK1A1;CSNK1A1L;CSNK1D;CSNK1E;CSNK1G1;CSNK1G2;CSNK1G3;CSNK2A1;CSNK2A2;DAPK1;DAPK2;DAPK3;DCLK1;DCLK2;DCLK3;DDR1;DDR2;DLK1;DSTYK;DYRK1A;DYRK1B;DYRK2;EGFR;EIF2AK2;EIF2AK4;EPHA3;EPHA5;EPHA6;EPHA7;EPHB1;EPHB4;EPHB6;ERN1;FER;FES;FGFR1;FGFR2;FGFR3;FGFR4;FGR;FLT1;FLT3;FLT4;FRK;FYN;GAK;GRK1;GRK4;GRK7;HCK;HIPK1;HIPK2;HIPK3;HIPK4;HUNK;ICK;IGF1R;IKBKE;INSR;INSRR;IRAK1;IRAK3;IRAK4;ITK;JAK1;JAK2;JAK3;KCNH2;KDR;KIT;LATS1;LATS2;LCK;LRRK2;LTK;LYN;MAP2K1;MAP2K2;MAP2K3;MAP2K4;MAP2K5;MAP2K6;MAP3K11;MAP3K12;MAP3K13;MAP3K15;MAP3K19;MAP3K2;MAP3K3;MAP3K4;MAP3K7;MAP3K9;MAP4K1;MAP4K2;MAP4K3;MAP4K4;MAP4K5;MAPK10;MAPK7;MAPK9;MARK1;MARK2;MARK3;MARK4;MAST1;MATK;MELK;MERTK;MET;MINK1;MKNK1;MKNK2;MUSK;MYLK;MYLK2;MYLK3;MYLK4;MYO3A;MYO3B;NEK2;NEK7;NIM1K;NTRK1;NTRK2;NTRK3;NUAK1;NUAK2;OXSR1;PAK3;PAK4;PAK5;PAK6;PDGFRA;PDGFRB;PDPK1;PHKG1;PHKG2;PIK3CA;PIK3CD;PIK3CG;PIM2;PIM3;PIP4K2B;PIP5K1A;PKN1;PKN2;PLK2;PLK4;PRKAA1;PRKAA2;PRKCA;PRKCQ;PRKD1;PRKD2;PRKD3;PRPF4;PRPF4B;PTK2;PTK2B;PTK6;RET;RIOK1;RIOK2;RIOK3;RIPK1;RIPK4;ROCK1;ROCK2;RPS6KA1;RPS6KA2;RPS6KA3;RPS6KA4;RPS6KA5;RPS6KA6;RPS6KB1;SBK1;SBK3;SGK3;SIK1;SIK2;SLC22A1;SLK;SNRK;SRC;SRPK1;SRPK2;SRPK3;STK10;STK11;STK16;STK17A;STK17B;STK24;STK25;STK26;STK3;STK33;STK35;STK38;STK38L;STK39;STK4;TAOK1;TAOK3;TBK1;TIE1;TLK1;TLK2;TNIK;TNK1;TNK2;TNKS2;TSSK1B;TTK;TYK2;TYRO3;ULK1;ULK2;ULK3;WEE1;YES1,CSF1R;FLT1;FLT3;FLT4;KDR;KIT;PDGFRA;PDGFRB;RET
2546,suprofen,CC(C(O)=O)C1=CC=C(C=C1)C(=O)C1=CC=CS1,CYP2C9;PTGS1;PTGS2,PTGS1;PTGS2
2548,secretin human,CC(C)C[C@H](NC(=O)CNC(=O)[C@H](CCC(N)=O)NC(=O)[C@H](CC(C)C)NC(=O)[C@H](CC(C)C)NC(=O)[C@H](CCCNC(N)=N)NC(=O)[C@H](CCC(N)=O)NC(=O)[C@H](CC(C)C)NC(=O)[C@H](CCCNC(N)=N)NC(=O)[C@H](C)NC(=O)CNC(=O)[C@H](CCC(O)=O)NC(=O)[C@H](CCCNC(N)=N)NC(=O)[C@H](CC(C)C)NC(=O)[C@H](CCCNC(N)=N)NC(=O)[C@H](CO)NC(=O)[C@H](CC(C)C)NC(=O)[C@H](CCC(O)=O)NC(=O)[C@H](CO)NC(=O)[C@@H](NC(=O)[C@H](CC1=CC=CC=C1)NC(=O)[C@@H](NC(=O)CNC(=O)[C@H](CC(O)=O)NC(=O)[C@H](CO)NC(=O)[C@@H](N)CC1=CNC=N1)[C@@H](C)O)[C@@H](C)O)C(=O)N[C@@H](C(C)C)C(N)=O,SCTR,SCTR
2551,tacrine,NC1=C2CCCCC2=NC2=CC=CC=C12,ACHE;ADRA1D;AOX1;APP;BCHE;CHRNE;CYP2D6;GRIN1;GRIN2A;GRIN2B;SLC22A1;SLC6A2,ACHE;BCHE
2552,tacrolimus,CO[C@@H]1C[C@@H](CC[C@H]1O)\C=C(/C)[C@H]1OC(=O)[C@@H]2CCCCN2C(=O)C(=O)[C@]2(O)O[C@@H]([C@H](C[C@H]2C)OC)[C@H](C[C@@H](C)C\C(C)=C\[C@@H](CC=C)C(=O)C[C@H](O)[C@@H]1C)OC,CYP3A4;FKBP10;FKBP1A;FKBP1B;FKBP5;IFNG;IL2;IL5;KCNH2;MTOR;PPP3CA;PPP3CC;SF3B3,FKBP1A
2553,tadalafil,CN1CC(=O)N2[C@H](CC3=C(NC4=C3C=CC=C4)[C@H]2C2=CC=C3OCOC3=C2)C1=O,KCNH2;PDE11A;PDE5A;PDE6A;PDE6B;PDE6C;PDE6D;PDE6G;PDE6H,PDE5A
2556,talbutal,CCC(C)C1(CC=C)C(=O)NC(=O)NC1=O,GABRA1;GABRA2;GABRA3;GABRA4;GABRA5;GABRA6;GABRB1;GABRB2;GABRB3;GABRD;GABRE;GABRG1;GABRG2;GABRG3;GABRP;GABRQ,GABRA1;GABRA2;GABRA3;GABRA4;GABRA5;GABRA6;GABRB1;GABRB2;GABRB3;GABRD;GABRE;GABRG1;GABRG2;GABRG3;GABRP;GABRQ
2557,talinolol,CC(C)(C)NCC(O)COC1=CC=C(NC(=O)NC2CCCCC2)C=C1,ABCB1;ADRB1;ADRB2;EPHX2,
2558,talipexole,NC1=NC2=C(CCN(CC=C)CC2)S1,ADRA1B;ADRA1D;ADRA2A;ADRA2B;ADRA2C;DRD2;DRD3;DRD4;DRD5;HTR1A,
2560,taltirelin,CN1C(=O)C[C@H](NC1=O)C(=O)N[C@@H](CC1=CN=CN1)C(=O)N1CCCC1C(N)=O,TRHR,TRHR
2561,tamoxifen,CC\C(=C(/C1=CC=CC=C1)C1=CC=C(OCCN(C)C)C=C1)C1=CC=CC=C1,ABCB1;ADORA1;ADORA2A;ADORA3;ADRA1D;ADRA2A;ADRA2B;ADRB1;ADRB3;AOX1;BDKRB2;CHRM1;CHRM2;CHRM3;CHRM4;CHRM5;DHCR7;DRD1;DRD2;DRD3;DRD4;EBP;EBPL;EGFR;ERBB2;ESR1;ESR2;ESRRA;ESRRG;FYN;GPER1;HRH2;HTR1A;HTR2A;HTR2B;HTR2C;HTR6;KCNH2;LCK;MC3R;MC4R;MC5R;NR1I2;OPRD1;OPRK1;OPRM1;PGR;PPP3CA;PTGS1;PTGS2;SIGMAR1;SLC22A2;SLC6A2;SLC6A3;SLC6A4;TACR1;TACR2;TBXAS1,ESR1
2562,tamsulosin,CCOC1=C(OCCN[C@H](C)CC2=CC(=C(OC)C=C2)S(N)(=O)=O)C=CC=C1,ADRA1A;ADRA1B;ADRA1D;ADRA2A;ADRA2C;DRD2;DRD3;HTR1A;HTR7,
2563,tandospirone,O=C1[C@H]2[C@@H]3CC[C@@H](C3)[C@H]2C(=O)N1CCCCN1CCN(CC1)C1=NC=CC=N1,DRD2;DRD4;HTR1A,
2571,tazarotene,CCOC(=O)C1=CN=C(C=C1)C#CC1=CC=C2SCCC(C)(C)C2=C1,RARA;RARB;RARG,RARA;RARB;RARG
2579,tegaserod,CCCCCNC(=N)NN=CC1=CNC2=C1C=C(OC)C=C2,HTR1A;HTR1D;HTR2B;HTR3A;HTR4,HTR4
2580,teicoplanin aglycone,N[C@@H]1C2=CC(OC3=CC(=CC(O)=C3)[C@@H]3NC(=O)[C@@H](CC4=CC=C(OC5=C(O)C6=CC(=C5)[C@@H](NC3=O)C(=O)N[C@@H]3C5=CC(=C(O)C=C5)C5=C(O)C=C(O)C=C5[C@H](NC(=O)[C@@H](NC3=O)[C@H](O)C3=CC(Cl)=C(O6)C=C3)C(O)=O)C(Cl)=C4)NC1=O)=C(O)C=C2,CTSL,CTSL
2581,telithromycin,CC[C@H]1OC(=O)[C@H](C)C(=O)[C@H](C)[C@@H](O[C@@H]2O[C@H](C)C[C@@H]([C@H]2O)N(C)C)[C@@](C)(C[C@@H](C)C(=O)[C@H](C)[C@H]2N(CCCCN3C=NC(=C3)C3=CN=CC=C3)C(=O)O[C@]12C)OC,KCNH2,
2583,telmisartan,CCCC1=NC2=C(C=C(C=C2C)C2=NC3=C(C=CC=C3)N2C)N1CC1=CC=C(C=C1)C1=C(C=CC=C1)C(O)=O,ACE;AGTR1;AGTR2;GLRA1;PPARG;SLC47A1,AGTR1
2585,temazepam,CN1C2=CC=C(Cl)C=C2C(=NC(O)C1=O)C1=CC=CC=C1,GABRA1;GABRB2;GABRG2;NR1I3,GABRA1;GABRB2;GABRG2
2586,temocapril,CCOC(=O)[C@H](CCC1=CC=CC=C1)N[C@H]1CS[C@@H](CN(CC(O)=O)C1=O)C1=CC=CS1,ACE,ACE
2590,teniposide,COC1=CC(=CC(OC)=C1O)[C@H]1[C@@H]2[C@H](COC2=O)[C@H](O[C@@H]2O[C@@H]3CO[C@H](O[C@H]3[C@H](O)[C@H]2O)C2=CC=CS2)C2=CC3=C(OCO3)C=C12,ABCB1;ABCC3;ABCC6;ABCG2;TOP2A,TOP2A
2595,tenoxicam,CN1C(C(=O)NC2=CC=CC=N2)=C(O)C2=C(C=CS2)S1(=O)=O,PTGS1;PTGS2,
2597,terbinafine,CN(C\C=C\C#CC(C)(C)C)CC1=C2C=CC=CC2=CC=C1,ADRA2A;CYP2D6;SIGMAR1;SLC6A2;SQLE,
2598,terbutaline,CC(C)(C)NCC(O)C1=CC(O)=CC(O)=C1,ADRB2,ADRB2
2599,terconazole,CC(C)N1CCN(CC1)C1=CC=C(OCC2COC(CN3C=NC=N3)(O2)C2=CC=C(Cl)C=C2Cl)C=C1,ACHE;ADRA1D;ADRA2A;ADRA2B;ADRA2C;CHRM1;CHRM2;CHRM3;CHRM4;CHRM5;CYP51A1;DRD1;DRD3;FYN;HTR2A;HTR2C;SIGMAR1;SLC28A1;SLC6A2;SLC6A3;SLC6A4,
2600,terfenadine,CC(C)(C)C1=CC=C(C=C1)C(O)CCCN1CCC(CC1)C(O)(C1=CC=CC=C1)C1=CC=CC=C1,ABCB1;ADRA1A;ADRA1B;ADRA1D;ADRA2C;CCR5;CHRM1;CYP2J2;DRD1;DRD2;DRD3;EGFR;FYN;HRH1;HSP90AA1;HTR2A;HTR2B;HTR2C;HTR6;KCNH1;KCNH2;SLC6A2;SLC6A3;TACR2,HRH1
2601,terguride,CCN(CC)C(=O)N[C@H]1C[C@H]2[C@@H](CC3=CNC4=C3C2=CC=C4)N(C)C1,ADRA1A;ADRA1B;ADRA1D;ADRA2A;ADRA2B;ADRA2C;ADRB1;ADRB2;DRD1;DRD2;DRD3;DRD4;DRD5;HTR1A;HTR1B;HTR1D;HTR2A;HTR2B;HTR2C,HTR2A;HTR2B
2603,terodiline,CC(CC(C1=CC=CC=C1)C1=CC=CC=C1)NC(C)(C)C,KCNH2,
2605,tertatolol,CC(C)(C)NCC(O)COC1=C2SCCCC2=CC=C1,ADRB3;HTR1A,
2606,testolactone,C[C@]12CC[C@H]3[C@@H](CCC4=CC(=O)C=C[C@]34C)[C@@H]1CCC(=O)O2,CYP19A1,CYP19A1
2607,testosterone,C[C@]12CC[C@H]3[C@@H](CCC4=CC(=O)CC[C@]34C)[C@@H]1CC[C@@H]2O,AR;CYP19A1;CYP51A1;NR3C1;SERPINA6;SHBG;SIGMAR1,AR
2608,testosterone undecanoate,CCCCCCCCCCC(=O)O[C@H]1CC[C@H]2[C@@H]3CCC4=CC(=O)CC[C@]4(C)[C@H]3CC[C@]12C,AR,AR
2609,tetrabenazine,COC1=CC2=C(C=C1OC)[C@@H]1CC(=O)[C@@H](CC(C)C)CN1CC2,ADRA2A;ADRA2C;DRD2;SCN1A;SCN2A;SCN3A;SLC18A1;SLC18A2,SLC18A2
2610,tetracaine,CCCCNC1=CC=C(C=C1)C(=O)OCCN(C)C,HTR2A;HTR2C;MAOA;SCN1A;SCN2A;SCN3A;SCN5A;SCN8A;SCN9A;SIGMAR1,SCN1A;SCN2A;SCN3A;SCN5A;SCN9A
2612,sapropterin,C[C@H](O)[C@H](O)[C@H]1CNC2=C(N1)C(=O)NC(N)=N2,NOS1;PAH,PAH
2616,thalidomide,O=C1N(C2CCC(=O)NC2=O)C(=O)C2=C1C=CC=C2,CRBN;PTGS1;PTGS2;TNF,CRBN
2620,theophylline,CN1C2=C(N=CN2)C(=O)N(C)C1=O,ADORA1;ADORA2A;ADORA2B;ADORA3;ALPL;PDE3A;PDE4A;PIK3CD;TMIGD3,ADORA1;ADORA2A;ADORA2B;PDE3A;PDE4A
2621,thiabendazole,N1C2=C(C=CC=C2)N=C1C1=CSC=N1,CYP1A2;FKBP1A;METAP1;METAP2,
2624,thiamphenicol,CS(=O)(=O)C1=CC=C(C=C1)[C@@H](O)[C@@H](CO)NC(=O)C(Cl)Cl,CYP2C19,
2626,thiamylal,CCCC(C)C1(CC=C)C(=O)NC(=S)NC1=O,GABRA1;GABRA2;GABRA3;GABRA4;GABRA5;GABRA6;GABRB1;GABRB2;GABRB3;GABRD;GABRE;GABRG1;GABRG2;GABRG3;GABRP;GABRQ,GABRA1;GABRA2;GABRA3;GABRA4;GABRA5;GABRA6;GABRB1;GABRB2;GABRB3;GABRD;GABRE;GABRG1;GABRG2;GABRG3;GABRP;GABRQ
2630,thiethylperazine,CCSC1=CC=C2SC3=CC=CC=C3N(CCCN3CCN(C)CC3)C2=C1,ADRA1A;CHRM1;CHRM2;CHRM3;CHRM4;CHRM5;DRD1;DRD2;DRD3;GFER;HRH1;HTR1A;HTR2A;HTR2B;HTR2C;SIGMAR1,DRD2
2632,thioguanine,NC1=NC2=C(NC=N2)C(=S)N1,ABCC4;ABCC5;ADORA3;HPRT1;IMPDH1;IMPDH2;MAPK3;PTGS1;XDH,IMPDH1;IMPDH2
2633,thiopental,CCCC(C)C1(CC)C(=O)NC(=S)NC1=O,GABRA1;GABRB2;GABRG2,GABRA1;GABRB2;GABRG2
2635,thioproperazine,CN(C)S(=O)(=O)C1=CC2=C(SC3=CC=CC=C3N2CCCN2CCN(C)CC2)C=C1,DRD2;DRD3,
2637,thioridazine,CSC1=CC=C2SC3=CC=CC=C3N(CCC3CCCCN3C)C2=C1,ADRA1A;ADRA1B;ADRA1D;ADRA2A;ADRA2B;ADRA2C;AOX1;CHRM1;CHRM2;CHRM3;CHRM4;CHRM5;CYP1A2;CYP2C19;CYP2D6;DRD1;DRD2;DRD3;DRD4;DRD5;EGFR;FYN;HRH1;HRH2;HRH4;HTR1A;HTR1B;HTR1D;HTR1E;HTR2A;HTR2B;HTR2C;HTR5A;HTR6;HTR7;KCNH2;NR1I3;OPRK1;PIM1;SCN1A;SCN2A;SCN3A;SIGMAR1;SLC6A2;SLC6A3;SLC6A4,DRD2
2638,thiotepa,S=P(N1CC1)(N1CC1)N1CC1,CYP2B6,
2639,thiothixene,CN(C)S(=O)(=O)C1=CC2=C(SC3=CC=CC=C3\C2=C\CCN2CCN(C)CC2)C=C1,ADRA1A;ADRA1B;ADRA2A;ADRA2B;ADRA2C;CHRM1;CHRM2;CHRM3;CHRM4;CHRM5;DRD1;DRD2;DRD3;DRD4;DRD5;HRH1;HRH2;HTR1A;HTR1B;HTR1D;HTR2A;HTR2C;HTR3A;HTR5A;HTR6;HTR7;SLC6A4,DRD2
2646,levothyroxine,N[C@@H](CC1=CC(I)=C(OC2=CC(I)=C(O)C(I)=C2)C(I)=C1)C(O)=O,MDH2;MIF;NR1H4;THAP1;THRA;THRB;TTR,THRA;THRB
2648,tiagabine,CC1=C(SC=C1)C(=CCCN1CCC[C@H](C1)C(O)=O)C1=C(C)C=CS1,SLC6A1,SLC6A1
2650,tianeptine,CN1C2=CC=CC=C2C(NCCCCCCC(O)=O)C2=CC=C(Cl)C=C2S1(=O)=O,OPRM1,
2651,tiapride,CCN(CC)CCNC(=O)C1=C(OC)C=CC(=C1)S(C)(=O)=O,ADRA2A;DRD2;DRD3;DRD4,
2652,tiaprofenic acid,CC(C(O)=O)C1=CC=C(S1)C(=O)C1=CC=CC=C1,PTGS1;PTGS2,PTGS1;PTGS2
2655,tibolone,C[C@@H]1CC2=C(CCC(=O)C2)[C@H]2CC[C@@]3(C)[C@@H](CC[C@@]3(O)C#C)[C@H]12,AR;CYP2C19;ESR1;PGR;SLC6A4;STS,
2657,ticlopidine,ClC1=C(CN2CCC3=C(C2)C=CS3)C=CC=C1,ABCB11;ADRA2A;ADRA2B;ADRA2C;CYP2A6;CYP2B6;CYP2C19;CYP2D6;P2RY12;PTGS1;PTGS2;SIGMAR1,P2RY12
2663,tilidine,CCOC(=O)C1(CCC=CC1N(C)C)C1=CC=CC=C1,OPRM1,OPRM1
2666,tiludronic acid,OP(O)(=O)C(SC1=CC=C(Cl)C=C1)P(O)(O)=O,MMP14;MMP2;MMP8;PTPN1;TCIRG1,
2672,tinoridine,CCOC(=O)C1=C(N)SC2=C1CCN(CC1=CC=CC=C1)C2,ADORA1,
2675,tioconazole,ClC1=C(COC(CN2C=CN=C2)C2=C(Cl)C=C(Cl)C=C2)C=CS1,CYP17A1,
2677,tiotropium bromide,C[N+]1(C)[C@H]2C[C@H](C[C@@H]1[C@H]1O[C@@H]21)OC(=O)C(O)(C1=CC=CS1)C1=CC=CS1,CHRM1;CHRM2;CHRM3;CHRM4;CHRM5,CHRM3
2679,tiracizine,CCOC(=O)NC1=CC=C2CCC3=C(C=CC=C3)N(C(=O)CN(C)C)C2=C1,NR1I3,
2680,tirofiban,CCCCS(=O)(=O)N[C@@H](CC1=CC=C(OCCCCC2CCNCC2)C=C1)C(O)=O,ITGA2B;ITGB3,ITGA2B;ITGB3
2683,tizanidine,ClC1=C(NC2=NCCN2)C2=NSN=C2C=C1,ADRA2A;ADRA2B;ADRA2C;NISCH,ADRA2A;ADRA2B;ADRA2C
2686,tocainide,CC(N)C(=O)NC1=C(C)C=CC=C1C,SCN10A;SCN11A;SCN1A;SCN2A;SCN3A;SCN4A;SCN5A;SCN7A;SCN8A;SCN9A,SCN10A;SCN11A;SCN1A;SCN2A;SCN3A;SCN4A;SCN5A;SCN7A;SCN8A;SCN9A
2693,tofisopam,CCC1C2=CC(OC)=C(OC)C=C2C(=NN=C1C)C1=CC(OC)=C(OC)C=C1,PDE4D,
2694,tolazamide,CC1=CC=C(C=C1)S(=O)(=O)NC(=O)NN1CCCCCC1,ABCC8;KCNJ11,ABCC8;KCNJ11
2695,tolazoline,C(C1=NCCN1)C1=CC=CC=C1,ADRA1A;ADRA2A;ADRA2B;ADRA2C;TAAR1,ADRA1A;ADRA2A;ADRA2B;ADRA2C
2696,tolbutamide,CCCCNC(=O)NS(=O)(=O)C1=CC=C(C)C=C1,ABCC8;KCNJ11,ABCC8;KCNJ11
2697,tolcapone,CC1=CC=C(C=C1)C(=O)C1=CC(=C(O)C(O)=C1)[N+]([O-])=O,COMT;GPR35;KLF10;TTR,COMT
2698,tolfenamic acid,CC1=C(NC2=C(C=CC=C2)C(O)=O)C=CC=C1Cl,AKR1C3;AR;PTGS1;PTGS2;TTR,
2699,tolmetin,CN1C(CC(O)=O)=CC=C1C(=O)C1=CC=C(C)C=C1,AKR1B1;CXCL8;GLO1;PTGS1;PTGS2,PTGS1;PTGS2
2701,tolonium,CN(C)C1=CC2=[S+]C3=CC(N)=C(C)C=C3N=C2C=C1,MAPT,
2702,toloxatone,CC1=CC=CC(=C1)N1CC(CO)OC1=O,MAOA;MAOB,MAOA
2703,tolperisone,CC(CN1CCCCC1)C(=O)C1=CC=C(C)C=C1,ADRA2B;SIGMAR1,
2704,tolrestat,COC1=CC=C2C(=CC=CC2=C1C(F)(F)F)C(=S)N(C)CC(O)=O,AKR1A1;AKR1B1;AKR1B10,AKR1B1
2705,tolterodine,CC(C)N(CC[C@H](C1=CC=CC=C1)C1=C(O)C=CC(C)=C1)C(C)C,CHRM1;CHRM2;CHRM3;CHRM4;CHRM5;KCNH2,CHRM2;CHRM3
2706,topiramate,CC1(C)O[C@@H]2CO[C@@]3(COS(N)(=O)=O)OC(C)(C)O[C@H]3[C@@H]2O1,CA1;CA12;CA13;CA14;CA2;CA4;CA5A;CA5B;CA6;CA7;CA9;GABRA1;GABRB2;GABRG2;GRIA1;GRIA2;GRIA3;GRIA4;GRIK1;GRIK2;GRIK3;GRIK4;GRIK5;NR1I2;SCN1A;SCN5A,CA2;CA4;GABRA1;GABRB2;GABRG2;GRIA1;GRIA2;GRIA3;GRIA4;GRIK1;GRIK2;GRIK3;GRIK4;GRIK5;SCN1A;SCN5A
2707,topotecan,CC[C@@]1(O)C(=O)OCC2=C1C=C1N(CC3=CC4=C(CN(C)C)C(O)=CC=C4N=C13)C2=O,ABCB1;ABCC2;ABCC4;ABCG2;CYP3A4;HIF1A;NR1I2;SLC22A2;SLC47A1;SLC47A2;TOP1;TOP1MT,TOP1MT
2708,torsemide,CC(C)NC(=O)NS(=O)(=O)C1=CN=CC=C1NC1=CC(C)=CC=C1,SLC12A1,SLC12A1
2709,toremifene,CN(C)CCOC1=CC=C(C=C1)C(=C(\CCCl)C1=CC=CC=C1)\C1=CC=CC=C1,ESR1;ESRRG;HTR6,ESR1
2711,tramadol,COC1=CC=CC(=C1)[C@@]1(O)CCCC[C@@H]1CN(C)C,OPRD1;OPRK1;OPRM1;SLC22A1;SLC6A2;SLC6A4,OPRM1
2712,trandolapril,CCOC(=O)[C@H](CCC1=CC=CC=C1)N[C@@H](C)C(=O)N1[C@H]2CCCC[C@@H]2C[C@H]1C(O)=O,ACE,ACE
2713,tranexamic acid,NC[C@H]1CC[C@@H](CC1)C(O)=O,PLG,PLG
2714,tranilast,COC1=C(OC)C=C(\C=C\C(=O)NC2=C(C=CC=C2)C(O)=O)C=C1,HPGDS,
2715,tranylcypromine,N[C@@H]1C[C@H]1C1=CC=CC=C1,CYP2A6;CYP2B6;CYP2C19;CYP8B1;HTR1A;KDM1A;KDM1B;MAOA;MAOB;SLC6A2;SLC6A3,MAOB
2716,travoprost,CC(C)OC(=O)CCC\C=C/C[C@H]1[C@@H](O)C[C@@H](O)[C@@H]1\C=C\[C@@H](O)COC1=CC(=CC=C1)C(F)(F)F,PTGER3;PTGFR,PTGFR
2717,trazodone,ClC1=CC=CC(=C1)N1CCN(CCCN2N=C3C=CC=CN3C2=O)CC1,ADRA1A;ADRA1D;ADRA2A;ADRA2B;ADRA2C;DRD1;DRD2;DRD3;DRD4;HLA-A;HRH1;HRH2;HTR1A;HTR1D;HTR2A;HTR2B;HTR2C;HTR7;KCNH2;SIGMAR1;SLC6A2;SLC6A3;SLC6A4,HTR2A;HTR2C;SLC6A4
2720,treprostinil,CCCCC[C@H](O)CC[C@H]1[C@H](O)C[C@@H]2CC3=C(OCC(O)=O)C=CC=C3C[C@H]12,PTGDR;PTGER1;PTGER2;PTGER3;PTGER4;PTGIR,PTGIR
2722,tretinoin,C\C(\C=C\C1=C(C)CCCC1(C)C)=C/C=C/C(/C)=C/C(O)=O,ADORA3;HTR2B;MAPK1;NR2C2;NR2E1;PIN1;PPARD;RARA;RARB;RARG;RDH5;RORA;RORB;RORC;RXRA;RXRB;RXRG,RARA;RARB;RARG
2723,tretoquinol,COC1=CC(C[C@@H]2NCCC3=CC(O)=C(O)C=C23)=CC(OC)=C1OC,ADRB1;ADRB2;ADRB3;TBXA2R,
2725,triamcinolone,C[C@]12C[C@H](O)[C@@]3(F)[C@@H](CCC4=CC(=O)C=C[C@]34C)[C@@H]1C[C@@H](O)[C@]2(O)C(=O)CO,ANXA1;NR3C1;PGR,NR3C1
2726,triamcinolone acetonide,CC1(C)O[C@@H]2C[C@H]3[C@@H]4CCC5=CC(=O)C=C[C@]5(C)[C@@]4(F)[C@@H](O)C[C@]3(C)[C@@]2(O1)C(=O)CO,ANXA1;NR3C1,NR3C1
2727,triamcinolone diacetate,CC(=O)OCC(=O)[C@@]1(O)[C@@H](C[C@H]2[C@@H]3CCC4=CC(=O)C=C[C@]4(C)[C@@]3(F)[C@@H](O)C[C@]12C)OC(C)=O,NR3C1,NR3C1
2728,triamterene,NC1=NC2=NC(N)=C(N=C2C(N)=N1)C1=CC=CC=C1,CASP1;CTSG;CYP2D6;SCNN1A;SCNN1B;SCNN1G;SLC12A1,SCNN1A;SCNN1B;SCNN1G
2729,triazolam,CC1=NN=C2CN=C(C3=CC(Cl)=CC=C3N12)C1=C(Cl)C=CC=C1,CYP3A4;GABRA1;GABRA2;GABRA3;GABRA4;GABRA5;GABRA6;GABRB1;GABRB2;GABRB3;GABRD;GABRG1;GABRG2;GABRG3;PTAFR,GABRA1;GABRA2;GABRA3;GABRA4;GABRA5;GABRA6;GABRB1;GABRB2;GABRB3;GABRD;GABRG1;GABRG2;GABRG3
2733,trichlormethiazide,NS(=O)(=O)C1=CC2=C(NC(NS2(=O)=O)C(Cl)Cl)C=C1Cl,CA1;CA12;CA14;CA2;CA4;CA5A;CA5B;CA6;CA7;CA9;SLC12A3,SLC12A3
2735,triclofos,OP(O)(=O)OCC(Cl)(Cl)Cl,GABRA1;GABRA2;GABRA3;GABRA4;GABRA5;GABRA6;GABRB1;GABRB2;GABRB3;GABRD;GABRE;GABRG1;GABRG2;GABRG3;GABRP;GABRQ,GABRA1;GABRA2;GABRA3;GABRA4;GABRA5;GABRA6;GABRB1;GABRB2;GABRB3;GABRD;GABRE;GABRG1;GABRG2;GABRG3;GABRP;GABRQ
2737,tridihexethyl,CC[N+](CC)(CC)CCC(O)(C1CCCCC1)C1=CC=CC=C1,CHRM1;CHRM3,CHRM1;CHRM3
2738,trientine,NCCNCCNCCN,CA1;CA12;CA14;CA2;CA3;CA4;CA5A;CA5B;CA6;CA7;CA9,
2740,trifluoperazine,CN1CCN(CCCN2C3=CC=CC=C3SC3=C2C=C(C=C3)C(F)(F)F)CC1,ABCB1;ADRA1A;ADRA2A;ADRA2B;ADRA2C;CALM1;CALM2;CALM3;CHRM3;DRD2;DRD3;DRD4;EBP;EBPL;HRH1;HTR1A;HTR2A;HTR2C;HTR6;HTR7;KCNH2;PRKDC;SCN1A;SCN2A;SCN3A;SIGMAR1,DRD2
2741,trifluperidol,OC1(CCN(CCCC(=O)C2=CC=C(F)C=C2)CC1)C1=CC(=CC=C1)C(F)(F)F,DRD2;DRD3;DRD4;EBP;SIGMAR1,
2742,triflupromazine,CN(C)CCCN1C2=CC=CC=C2SC2=C1C=C(C=C2)C(F)(F)F,ABCB1;DRD2;HTR2A,DRD2
2745,trihexyphenidyl,OC(CCN1CCCCC1)(C1CCCCC1)C1=CC=CC=C1,CHRM1;CHRM2;CHRM3;CHRM4;CHRM5;CYP2D6;SIGMAR1,CHRM1
2746,trilostane,C[C@]12CC[C@H]3[C@@H](CC[C@@]45O[C@@H]4C(O)=C(C[C@]35C)C#N)[C@@H]1CC[C@@H]2O,HSD3B2,HSD3B2
2749,alimemazine,CC(CN(C)C)CN1C2=CC=CC=C2SC2=C1C=CC=C2,GFER;HRH1,HRH1
2751,trimethadione,CN1C(=O)OC(C)(C)C1=O,CACNA1G,CACNA1G
2752,trimetaphan,O=C1N(CC2=CC=CC=C2)C2C[S+]3CCCC3C2N1CC1=CC=CC=C1,CHRNA10;CHRNA3;CHRNA7;CHRNB4,CHRNA3;CHRNB4
2755,trimethoprim,COC1=CC(CC2=CN=C(N)N=C2N)=CC(OC)=C1OC,DHFR;SLC22A1,
2757,trimetrexate,COC1=CC(NCC2=CC=C3N=C(N)N=C(N)C3=C2C)=CC(OC)=C1OC,DHFR;FPGS,
2758,trimipramine,CC(CN(C)C)CN1C2=CC=CC=C2CCC2=C1C=CC=C2,HRH1;SLC22A1;SLC6A2;SLC6A3;SLC6A4,SLC6A2;SLC6A3;SLC6A4
2759,trioxsalen,CC1=CC2=CC3=C(OC(=O)C=C3C)C(C)=C2O1,ADORA2A;HTR2C;MAOA,
2761,triparanol,CCN(CC)CCOC1=CC=C(C=C1)C(O)(CC1=CC=C(Cl)C=C1)C1=CC=C(C)C=C1,EBP;SIGMAR1,
2762,tripelennamine,CN(C)CCN(CC1=CC=CC=C1)C1=CC=CC=N1,HRH1,HRH1
2763,triprolidine,CC1=CC=C(C=C1)C(=C/CN1CCCC1)\C1=CC=CC=N1,HRH1,HRH1
2767,troglitazone,CC1=C(O)C(C)=C2CCC(C)(COC3=CC=C(CC4SC(=O)NC4=O)C=C3)OC2=C1C,ABCB11;ADORA3;AKR1B1;CA2;CYP2C9;CYP3A4;GYS2;HTR2B;MAOA;MAOB;MAPK1;PPARG;PTPN1;TBXAS1;UGT1A6,PPARG
2769,troleandomycin,CO[C@H]1C[C@H](O[C@H]2[C@H](C)[C@@H](O[C@@H]3O[C@H](C)C[C@@H]([C@H]3OC(C)=O)N(C)C)[C@@H](C)C[C@@]3(CO3)C(=O)[C@H](C)[C@@H](OC(C)=O)[C@@H](C)[C@@H](C)OC(=O)[C@@H]2C)O[C@@H](C)[C@@H]1OC(C)=O,CYP3A4,
2774,tropicamide,CCN(CC1=CC=NC=C1)C(=O)C(CO)C1=CC=CC=C1,CHRM1;CHRM2;CHRM3;CHRM4;CHRM5;CYP2C19;CYP2C9,CHRM3
2775,tropisetron,CN1[C@H]2CC[C@@H]1C[C@@H](C2)OC(=O)C1=CNC2=C1C=CC=C2,CHRM5;CHRNA1;CHRNA3;CHRNA4;CHRNA7;CHRNB1;CHRNB2;CHRND;CHRNG;GLRA1;GLRA2;GLRB;HTR1A;HTR3A;HTR3B;HTR4;SLC6A4,HTR3A
2776,trospium,OC(C(=O)O[C@@H]1C[C@@H]2CC[C@H](C1)[N+]21CCCC1)(C1=CC=CC=C1)C1=CC=CC=C1,CHRM1;CHRM2;CHRM3;CHRM5,CHRM2;CHRM3
2777,trovafloxacin,N[C@H]1[C@@H]2CN(C[C@H]12)C1=C(F)C=C2C(=O)C(=CN(C3=C(F)C=C(F)C=C3)C2=N1)C(O)=O,SLC6A3;TBXAS1,
2780,tryptophan,N[C@@H](CC1=CNC2=C1C=CC=C2)C(O)=O,CASR;GPR139;MPO,
2781,tubocurarine,COC1=CC2=C3C=C1OC1=CC(C[C@@H]4C5=C(OC6=CC=C(C[C@@H]3N(C)CC2)C=C6)C(O)=C(OC)C=C5CC[N+]4(C)C)=CC=C1O,CHRM2;CHRNA1;CHRNA2;CHRNA3;CHRNA4;CHRNA7;CHRNB1;CHRNB2;CHRNB4;CHRND;CHRNG;GABRA1;GABRA2;GABRA3;GABRA4;GABRA5;GABRA6;GABRB1;GABRB2;GABRB3;GABRD;GABRE;GABRG1;GABRG2;GABRG3;GABRP;GABRQ;HTR3A;HTR3B;KCNN1;KCNN2;KCNN3;SLC22A2;SLC47A1;SLC47A2;ZACN,CHRNA1;CHRNB1;CHRND
2782,tulobuterol,CC(C)(C)NCC(O)C1=C(Cl)C=CC=C1,ADRB2,ADRB2
2784,tyramine,NCCC1=CC=C(O)C=C1,BACE1;HTR3A;TAAR1,TAAR1
2786,tyrosine,N[C@@H](CC1=CC=C(O)C=C1)C(O)=O,SLC7A5,
2787,ubenimex,CC(C)C[C@H](NC(=O)[C@@H](O)[C@H](N)CC1=CC=CC=C1)C(O)=O,ANPEP;ERAP1;LAP3;LTA4H;MMP2;NPEPPS,
2796,urapidil,COC1=C(C=CC=C1)N1CCN(CCCNC2=CC(=O)N(C)C(=O)N2C)CC1,ADRA1A;ADRA1B;ADRA1D;HTR1A,ADRA1A;ADRA1B;ADRA1D
2797,ursodiol,C[C@H](CCC(O)=O)[C@H]1CC[C@H]2[C@@H]3[C@@H](O)C[C@@H]4C[C@H](O)CC[C@]4(C)[C@H]3CC[C@]12C,AKR1C2;CISD1;GPBAR1;NR1H4,NR1H4
2799,valdecoxib,CC1=C(C(=NO1)C1=CC=CC=C1)C1=CC=C(C=C1)S(N)(=O)=O,CA1;CA12;CA13;CA14;CA2;CA3;CA4;CA5A;CA5B;CA6;CA7;CA9;HTR2B;MT-CO2;PTGS1;PTGS2;SLC6A2,PTGS2
2800,valethamate,CCC(C)C(C(=O)OCC[N+](C)(CC)CC)C1=CC=CC=C1,CHRM1;CHRM2;CHRM3;CHRM4;CHRM5;CYP2D6;SIGMAR1,
2803,valproic acid,CCCC(CCC)C(O)=O,AKR1A1;ALDH5A1;HDAC1;HDAC2;UGT1A5,ALDH5A1
2805,valrubicin,CCCCC(=O)OCC(=O)[C@@]1(O)C[C@H](O[C@H]2C[C@H](NC(=O)C(F)(F)F)[C@H](O)[C@H](C)O2)C2=C(C1)C(O)=C1C(=O)C3=CC=CC(OC)=C3C(=O)C1=C2O,TOP2A,TOP2A
2806,valsartan,CCCCC(=O)N(CC1=CC=C(C=C1)C1=C(C=CC=C1)C1=NN=NN1)[C@@H](C(C)C)C(O)=O,AGTR1,AGTR1
2807,vancomycin,CN[C@H](CC(C)C)C(=O)N[C@@H]1[C@H](O)C2=CC=C(OC3=C(O[C@@H]4O[C@H](CO)[C@@H](O)[C@H](O)[C@H]4O[C@H]4C[C@](C)(N)[C@H](O)[C@H](C)O4)C4=CC(=C3)[C@@H](NC(=O)[C@H](CC(N)=O)NC1=O)C(=O)N[C@@H]1C3=CC(=C(O)C=C3)C3=C(C=C(O)C=C3O)[C@H](NC(=O)[C@@H](NC1=O)[C@H](O)C1=CC=C(O4)C(Cl)=C1)C(O)=O)C(Cl)=C2,ADRA2A,
2808,varenicline,C1[C@H]2CNC[C@@H]1C1=C2C=C2N=CC=NC2=C1,CHRNA1;CHRNA3;CHRNA4;CHRNA7;CHRNB1;CHRNB2;CHRNB4;CHRND;CHRNG,CHRNA4;CHRNB2
2809,vardenafil,CCCC1=NC(C)=C2N1N=C(NC2=O)C1=CC(=CC=C1OCC)S(=O)(=O)N1CCN(CC)CC1,PDE10A;PDE11A;PDE1A;PDE2A;PDE3A;PDE3B;PDE4A;PDE4B;PDE4C;PDE4D;PDE5A;PDE6A;PDE9A,PDE5A
2810,vasopressin,N[C@H]1CSSC[C@H](NC(=O)[C@H](CC(N)=O)NC(=O)[C@H](CCC(N)=O)NC(=O)[C@H](CC2=CC=CC=C2)NC(=O)[C@H](CC2=CC=C(O)C=C2)NC1=O)C(=O)N1CCC[C@H]1C(=O)N[C@@H](CCCNC(N)=N)C(=O)NCC(N)=O,AVPR1A;AVPR1B;AVPR2;OXTR,AVPR1A;AVPR1B;AVPR2
2811,vecuronium,CC(=O)O[C@H]1[C@H](C[C@H]2[C@@H]3CC[C@H]4C[C@H](OC(C)=O)[C@H](C[C@]4(C)[C@H]3CC[C@]12C)N1CCCCC1)[N+]1(C)CCCCC1,CHRNA1;CHRNA2;CHRNA4;CHRNB1;CHRNB2;CHRNB4;CHRND;CHRNG;SLC22A2;SLC47A1;SLC47A2,CHRNA1;CHRNB1;CHRND
2813,venlafaxine,COC1=CC=C(C=C1)C(CN(C)C)C1(O)CCCCC1,HTR2A;HTR2C;HTR6;SLC6A2;SLC6A3;SLC6A4,SLC6A2;SLC6A4
2815,verapamil,COC1=C(OC)C=C(CCN(C)CCCC(C#N)(C(C)C)C2=CC(OC)=C(OC)C=C2)C=C1,ABCB1;ABCC1;ABCG2;ADRA1D;ADRA2A;AOX1;CA1;CACNA1C;CACNA1H;CACNA1S;CYP3A4;DRD3;HCN4;HRH2;HTR1A;HTR2A;HTR2B;HTR2C;KCNA10;KCNA3;KCNA7;KCNC2;KCNH2;KCNJ6;SCN1A;SCN2A;SCN3A;SCN5A;SLC22A1;SLC22A2;SLC29A4;SLC6A4;TPCN1;TPCN2,CACNA1C;CACNA1S
2817,vesnarinone,COC1=C(OC)C=C(C=C1)C(=O)N1CCN(CC1)C1=CC=C2NC(=O)CCC2=C1,KCNH2;PDE3A;PDE3B;VCP,
2818,vidarabine,NC1=NC=NC2=C1N=CN2[C@@H]1O[C@H](CO)[C@@H](O)[C@@H]1O,DCK;DGUOK;DPP4;POLA1;PRPS1;RRM1;RRM2,
2819,vigabatrin,NC(CCC(O)=O)C=C,ABAT,ABAT
2820,viloxazine,CCOC1=CC=CC=C1OCC1CNCCO1,SLC6A2;SLC6A3;SLC6A4,SLC6A2
2823,vinblastine,CC[C@]1(O)C[C@@H]2CN(C1)CCC1=C(NC3=CC=CC=C13)[C@@](C2)(C(=O)OC)C1=C(OC)C=C2N(C)[C@@H]3[C@]4(CCN5CC=C[C@](CC)([C@@H]45)[C@@H](OC(C)=O)[C@]3(O)C(=O)OC)C2=C1,ABCB1;ABCC1;ABCC10;ABCC2;TBXAS1;TUBB;TUBB1;TUBB2A;TUBB2B;TUBB3;TUBB4A;TUBB4B;TUBB6;TUBB8,TUBB;TUBB1;TUBB2A;TUBB2B;TUBB3;TUBB4A;TUBB4B;TUBB6;TUBB8
2824,vinburnine,CC[C@@]12CCCN3CCC4=C([C@H]13)N(C1=CC=CC=C41)C(=O)C2,CHRM1;CHRM2;CHRM3;CHRM4,
2825,vincristine,CC[C@]1(O)C[C@@H]2C[N@](C1)CCC1=C(NC3=CC=CC=C13)[C@@](C2)(C(=O)OC)C1=C(OC)C=C2N(C=O)[C@@H]3[C@]4(CCN5CC=C[C@](CC)([C@@H]45)[C@@H](OC(C)=O)[C@]3(O)C(=O)OC)C2=C1,ABCB1;ABCC1;ABCC10;ABCC2;TUBB;TUBB1;TUBB2A;TUBB2B;TUBB3;TUBB4A;TUBB4B;TUBB6;TUBB8,TUBB;TUBB1;TUBB2A;TUBB2B;TUBB3;TUBB4A;TUBB4B;TUBB6;TUBB8
2826,vindesine,CC[C@]1(O)C[C@@H]2CN(C1)CCC1=C(NC3=CC=CC=C13)[C@@](C2)(C(=O)OC)C1=CC2=C(C=C1OC)N(C)[C@@H]1[C@]22CCN3CC=C[C@](CC)([C@@H]23)[C@@H](O)[C@]1(O)C(N)=O,CYP3A4,
2827,vinorelbine,CCC1=C[C@@H]2C[N@](C1)CC1=C(NC3=C1C=CC=C3)[C@@](C2)(C(=O)OC)C1=CC2=C(C=C1OC)N(C)[C@@H]1[C@]22CCN3CC=C[C@](CC)([C@@H]23)[C@@H](OC(C)=O)[C@]1(O)C(=O)OC,CYP3A4;TACR2;TUBB;TUBB1;TUBB2A;TUBB2B;TUBB3;TUBB4A;TUBB4B;TUBB6;TUBB8,TUBB;TUBB1;TUBB2A;TUBB2B;TUBB3;TUBB4A;TUBB4B;TUBB6;TUBB8
2828,vinpocetine,CCOC(=O)C1=C[C@]2(CC)CCCN3CCC4=C([C@H]23)N1C1=CC=CC=C41,KCNH2;PDE1A;PDE1C,
2831,retinol,C\C(=C/CO)\C=C\C=C(/C)\C=C\C1=C(C)CCCC1(C)C,ALDH1A1;ALDH1A2;NR2C2;RBP1;RBP2;RBP3;RBP4;RBP5;RBP7;RDH12;RDH13;RDH5;RLBP1,
2832,thiamine,CC1=C(CCO)SC=[N+]1CC1=CN=C(C)N=C1N,HSP90AA1;SLC19A2;THTPA;TKT;TKTL1;TPK1,
2834,riboflavin,CC1=CC2=C(C=C1C)N(C[C@H](O)[C@H](O)[C@H](O)CO)C1=NC(=O)NC(=O)C1=N2,BLVRB;RFK,
2835,nicotinic acid,OC(=O)C1=CN=CC=C1,APP;HCAR2;HCAR3;NAMPT;NNMT;QPRT,HCAR2
2836,pyridoxine,CC1=C(O)C(CO)=C(CO)C=N1,CBS;PDXK;PDXP;PNPO;PSAT1;SHMT1,
2838,ergocalciferol,CC(C)[C@@H](C)\C=C\[C@@H](C)[C@H]1CC[C@H]2\C(CCC[C@]12C)=C\C=C1\C[C@@H](O)CCC1=C,CYP27B1;CYP2R1;VDR,VDR
2840,colecalciferol,CC(C)CCC[C@@H](C)[C@H]1CC[C@H]2\C(CCC[C@]12C)=C\C=C1\C[C@@H](O)CCC1=C,CYP27A1;CYP27B1;CYP2R1;GLRA1;VDR,VDR
2841,dihydrotachysterol,CC(C)[C@@H](C)\C=C\[C@@H](C)[C@H]1CC[C@H]2\C(CCC[C@]12C)=C\C=C1/C[C@@H](O)CC[C@@H]1C,VDR,
2845,voglibose,OCC(CO)N[C@H]1C[C@](O)(CO)[C@@H](O)[C@H](O)[C@H]1O,GAA;MGAM,GAA
2846,voriconazole,C[C@@H](C1=NC=NC=C1F)[C@](O)(CN1C=NC=N1)C1=C(F)C=C(F)C=C1,CYP2C19;CYP2C9;CYP3A4;CYP46A1,
2847,warfarin,CC(=O)CC(C1=CC=CC=C1)C1=C(O)C2=CC=CC=C2OC1=O,CYP2C9;CYP3A4;PCSK7;VKORC1;VKORC1L1,VKORC1
2848,xamoterol,OC(CNCCNC(=O)N1CCOCC1)COC1=CC=C(O)C=C1,ADRB1;ADRB2;ADRB3,
2852,ximelagatran,CCOC(=O)CN[C@H](C1CCCCC1)C(=O)N1CC[C@H]1C(=O)NCC1=CC=C(C=C1)C(=N)NO,F10;F11;F2;F7;PLAT;PLAU;PLG;PROC,F2
2855,zafirlukast,COC1=C(CC2=CN(C)C3=C2C=C(NC(=O)OC2CCCC2)C=C3)C=CC(=C1)C(=O)NS(=O)(=O)C1=C(C)C=CC=C1,ADORA3;CYP2C9;CYP3A4;CYSLTR1;CYSLTR2;EGFR;EPHX2;LTB4R;MAPK1;MAPK14;MAPK3;PLA2G4A;PPARG;PTGES;SLC10A1;SLC22A2;SLC47A1;SLC47A2;TBXAS1,CYSLTR1
2856,zalcitabine,NC1=NC(=O)N(C=C1)[C@H]1CC[C@@H](CO)O1,DCK,
2857,zaleplon,CCN(C(C)=O)C1=CC(=CC=C1)C1=CC=NC2=C(C=NN12)C#N,GABRA1;GABRA2;GABRB2;GABRB3;GABRG2,GABRA1;GABRA2;GABRB2;GABRB3;GABRG2
2859,zanamivir,CC(=O)N[C@@H]1[C@@H](NC(N)=N)C=C(O[C@H]1[C@H](O)[C@H](O)CO)C(O)=O,NEU2;NEU3;NEU4,
2861,zidovudine,CC1=CN([C@H]2C[C@H](N=[N+]=[N-])[C@@H](CO)O2)C(=O)NC1=O,DTYMK;HTR2A;SIGMAR1;TK1,
2862,zileuton,CC(N(O)C(N)=O)C1=CC2=C(S1)C=CC=C2,ALOX15;ALOX5;ALOX5AP;CYSLTR2;EPHX2;LTA4H;LTB4R;PTGES,ALOX5
2863,zimeldine,CN(C)C\C=C(\C1=CC=C(Br)C=C1)C1=CN=CC=C1,DRD2;SLC6A2;SLC6A4,
2865,ziprasidone,ClC1=CC2=C(CC(=O)N2)C=C1CCN1CCN(CC1)C1=NSC2=C1C=CC=C2,ADRA1A;ADRA1B;ADRA2A;ADRA2B;ADRA2C;ADRB1;ADRB2;CHRM1;CHRM2;CHRM3;CHRM4;CHRM5;DRD1;DRD2;DRD3;DRD4;DRD5;H1F0;HRH1;HRH2;HTR1A;HTR1B;HTR1D;HTR1E;HTR2A;HTR2B;HTR2C;HTR3A;HTR5A;HTR6;HTR7;KCNH2;SLC6A2;SLC6A3;SLC6A4,DRD2;HTR2A
2866,zofenopril,C[C@H](CSC(=O)C1=CC=CC=C1)C(=O)N1C[C@H](C[C@H]1C(O)=O)SC1=CC=CC=C1,ACE,ACE
2868,zoledronic acid,OC(CN1C=CN=C1)(P(O)(O)=O)P(O)(O)=O,BTN3A1;CA12;CA14;CA2;CA9;FDPS;GGPS1;MMP14;MMP2;MMP8;MMP9,FDPS
2869,zolmitriptan,CN(C)CCC1=CNC2=C1C=C(C[C@H]1COC(=O)N1)C=C2,HTR1A;HTR1B;HTR1D;HTR1E;HTR1F,HTR1B;HTR1D
2870,zolpidem,CN(C)C(=O)CC1=C(N=C2C=CC(C)=CN12)C1=CC=C(C)C=C1,ABCB1;GABRA1;GABRA2;GABRA3;GABRB2;GABRB3;GABRG2,GABRA1;GABRA2;GABRA3;GABRB2;GABRB3;GABRG2
2871,zomepirac,CN1C(CC(O)=O)=CC(C)=C1C(=O)C1=CC=C(Cl)C=C1,PTGS1;PTGS2,
2872,zonisamide,NS(=O)(=O)CC1=NOC2=CC=CC=C12,CA1;CA12;CA13;CA14;CA2;CA4;CA5A;CA5B;CA6;CA7;CA9;CACNA1G;MAOB;SCN1A,SCN1A
2873,zopiclone,CN1CCN(CC1)C(=O)OC1N(C(=O)C2=C1N=CC=N2)C1=CC=C(Cl)C=N1,GABRA1;GABRA3;GABRA5;GABRB2;GABRB3;GABRG2;GABRG3,GABRA1;GABRA3;GABRA5;GABRB2;GABRB3;GABRG2;GABRG3
2875,zotepine,CN(C)CCOC1=CC2=C(SC3=CC=C(Cl)C=C13)C=CC=C2,ADRA1A;ADRA1B;ADRA2A;ADRA2B;ADRA2C;ADRB1;ADRB2;CHRM1;CHRM2;CHRM3;CHRM4;CHRM5;DRD1;DRD2;DRD3;DRD4;DRD5;HRH1;HRH2;HRH4;HTR1A;HTR1B;HTR1D;HTR1E;HTR2A;HTR2C;HTR3A;HTR5A;HTR6;HTR7;SLC6A2;SLC6A3;SLC6A4,
2877,zuclopenthixol,OCCN1CCN(CC\C=C2\C3=CC=CC=C3SC3=CC=C(Cl)C=C23)CC1,ADRA1A;DRD1;DRD2;HTR2A;HTR6,DRD1;DRD2
2878,ziconotide,CSCC[C@@H]1NC(=O)[C@H](CC(C)C)NC(=O)[C@H](CCCNC(N)=N)NC(=O)[C@H](CO)NC(=O)[C@@H]2CSSC[C@@H]3NC(=O)[C@H](CO)NC(=O)CNC(=O)[C@@H](NC(=O)[C@H](CSSC[C@H](N)C(=O)N[C@@H](CCCCN)C(=O)NCC(=O)N[C@@H](CCCCN)C(=O)NCC(=O)N[C@@H](C)C(=O)N[C@@H](CCCCN)C(=O)N2)NC(=O)[C@H](CSSC[C@H](NC(=O)[C@H](CCCCN)NC(=O)CNC(=O)[C@H](CO)NC(=O)[C@H](CCCNC(N)=N)NC3=O)C(N)=O)NC(=O)[C@H](CC(O)=O)NC(=O)[C@H](CC2=CC=C(O)C=C2)NC1=O)[C@@H](C)O,CACNA1B,CACNA1B
2949,zotarolimus,CO[C@@H]1C[C@H](C[C@@H](C)[C@@H]2CC(=O)[C@H](C)\C=C(C)\[C@@H](O)[C@@H](OC)C(=O)[C@H](C)C[C@H](C)\C=C\C=C\C=C(C)\[C@H](C[C@@H]3CC[C@@H](C)[C@@](O)(O3)C(=O)C(=O)N3CCCC[C@H]3C(=O)O2)OC)CC[C@@H]1N1C=NN=N1,FKBP1A;MTOR,
2955,eledoisin,CC[C@H](C)[C@H](NC(=O)[C@H](CC1=CC=CC=C1)NC(=O)[C@H](C)NC(=O)[C@H](CC(O)=O)NC(=O)[C@H](CCCCN)NC(=O)[C@H](CO)NC(=O)[C@@H]1CCCN1C(=O)[C@@H]1CCC(=O)N1)C(=O)NCC(=O)N[C@@H](CC(C)C)C(=O)N[C@@H](CCSC)C(N)=O,TACR1;TACR3,
2958,gonadorelin,CC(C)C[C@H](NC(=O)CNC(=O)[C@H](CC1=CC=C(O)C=C1)NC(=O)[C@H](CO)NC(=O)[C@H](CC1=CNC2=C1C=CC=C2)NC(=O)[C@H](CC1=CNC=N1)NC(=O)[C@@H]1CCC(=O)N1)C(=O)N[C@@H](CCCNC(N)=N)C(=O)N1CCC[C@H]1C(=O)NCC(N)=O,GNRHR,GNRHR
2959,lypressin,NCCCC[C@H](NC(=O)[C@@H]1CCCN1C(=O)[C@@H]1CSSC[C@H](N)C(=O)N[C@@H](CC2=CC=C(O)C=C2)C(=O)N[C@@H](CC2=CC=CC=C2)C(=O)N[C@@H](CCC(N)=O)C(=O)N[C@@H](CC(N)=O)C(=O)N1)C(=O)NCC(N)=O,AVPR1A;AVPR1B;AVPR2,AVPR1A;AVPR1B;AVPR2
2960,mifamurtide,CCCCCCCCCCCCCCCC(=O)OC[C@H](COP(O)(=O)OCCNC(=O)[C@H](C)NC(=O)CC[C@@H](NC(=O)[C@H](C)NC(=O)[C@@H](C)O[C@H]1[C@H](O)[C@@H](CO)OC(O)[C@@H]1NC(C)=O)C(N)=O)OC(=O)CCCCCCCCCCCCCCC,NOD2,NOD2
2966,suramin,CC1=CC=C(C=C1NC(=O)C1=CC=CC(NC(=O)NC2=CC=CC(=C2)C(=O)NC2=C(C)C=CC(=C2)C(=O)NC2=CC=C(C3=CC(=CC(=C23)S(O)(=O)=O)S(O)(=O)=O)S(O)(=O)=O)=C1)C(=O)NC1=CC=C(C2=CC(=CC(=C12)S(O)(=O)=O)S(O)(=O)=O)S(O)(=O)=O,P2RX3;P2RX4;P2RY1;P2RY11;P2RY13;P2RY2;P2RY6;PRKCA;PRKCB;PRKCD;PRKCE;PRKCG;PRKCH;PRKCI;PRKCQ;PRKCZ;PRKD1;PRKD3;PRKDC;PRMT1;SIRT1;SIRT2;SIRT5;STAT1;STAT5A;STAT5B,
2968,triptorelin,CC(C)C[C@H](NC(=O)[C@@H](CC1=CNC2=C1C=CC=C2)NC(=O)[C@H](CC1=CC=C(O)C=C1)NC(=O)[C@H](CO)NC(=O)[C@H](CC1=CNC2=C1C=CC=C2)NC(=O)[C@H](CC1=CNC=N1)NC(=O)[C@@H]1CCC(=O)N1)C(=O)N[C@@H](CCCNC(N)=N)C(=O)N1CCC[C@H]1C(=O)NCC(N)=O,GNRHR,GNRHR
2974,doxacurium,COC1=CC(CC2C3=C(OC)C(OC)=C(OC)C=C3CC[N+]2(C)CCCOC(=O)CCC(=O)OCCC[N+]2(C)CCC3=CC(OC)=C(OC)C(OC)=C3C2CC2=CC(OC)=C(OC)C(OC)=C2)=CC(OC)=C1OC,CHRM2;CHRNA1;CHRNA2;CHRNB1;CHRND,CHRNA1;CHRNB1;CHRND
2975,histrelin,CCNC(=O)[C@@H]1CCCN1C(=O)[C@H](CCCNC(N)=N)NC(=O)[C@H](CC(C)C)NC(=O)[C@@H](CC1=CN(CC2=CC=CC=C2)C=N1)NC(=O)[C@H](CC1=CC=C(O)C=C1)NC(=O)[C@H](CO)NC(=O)[C@H](CC1=CNC2=C1C=CC=C2)NC(=O)[C@H](CC1=CNC=N1)NC(=O)[C@@H]1CCC(=O)N1,GNRHR,GNRHR
2989,calcitonin (salmon synthetic),CC(C)C[C@H](NC(=O)[C@@H](NC(=O)[C@@H]1CSSC[C@H](N)C(=O)N[C@@H](CO)C(=O)N[C@@H](CC(N)=O)C(=O)N[C@@H](CC(C)C)C(=O)N[C@@H](CO)C(=O)N[C@@H]([C@@H](C)O)C(=O)N1)C(C)C)C(=O)NCC(=O)N[C@@H](CCCCN)C(=O)N[C@@H](CC(C)C)C(=O)N[C@@H](CO)C(=O)N[C@@H](CCC(N)=O)C(=O)N[C@@H](CCC(O)=O)C(=O)N[C@@H](CC(C)C)C(=O)N[C@@H](CC1=CNC=N1)C(=O)N[C@@H](CCCCN)C(=O)N[C@@H](CC(C)C)C(=O)N[C@@H](CCC(N)=O)C(=O)N[C@@H]([C@@H](C)O)C(=O)N[C@@H](CC1=CC=C(O)C=C1)C(=O)N1CCC[C@H]1C(=O)N[C@@H](CCCNC(N)=N)C(=O)N[C@@H]([C@@H](C)O)C(=O)N[C@@H](CC(N)=O)C(=O)N[C@@H]([C@@H](C)O)C(=O)NCC(=O)N[C@@H](CO)C(=O)NCC(=O)N[C@@H]([C@@H](C)O)C(=O)N1CCC[C@H]1C(N)=O,CALCR;RAMP1;RAMP2;RAMP3,CALCR
2994,glucagon,CSCC[C@H](NC(=O)[C@H](CC(C)C)NC(=O)[C@H](CC1=CNC2=C1C=CC=C2)NC(=O)[C@H](CCC(N)=O)NC(=O)[C@@H](NC(=O)[C@H](CC1=CC=CC=C1)NC(=O)[C@H](CC(O)=O)NC(=O)[C@H](CCC(N)=O)NC(=O)[C@H](C)NC(=O)[C@H](CCCNC(N)=N)NC(=O)[C@H](CCCNC(N)=N)NC(=O)[C@H](CO)NC(=O)[C@H](CC(O)=O)NC(=O)[C@H](CC(C)C)NC(=O)[C@H](CC1=CC=C(O)C=C1)NC(=O)[C@H](CCCCN)NC(=O)[C@H](CO)NC(=O)[C@H](CC1=CC=C(O)C=C1)NC(=O)[C@H](CC(O)=O)NC(=O)[C@H](CO)NC(=O)[C@@H](NC(=O)[C@H](CC1=CC=CC=C1)NC(=O)[C@@H](NC(=O)CNC(=O)[C@H](CCC(N)=O)NC(=O)[C@H](CO)NC(=O)[C@@H](N)CC1=CNC=N1)[C@@H](C)O)[C@@H](C)O)C(C)C)C(=O)N[C@@H](CC(N)=O)C(=O)N[C@@H]([C@@H](C)O)C(O)=O,GCGR;GLP1R,GCGR
2997,somatostatin,C[C@@H](O)[C@@H]1NC(=O)[C@H](CC2=CC=CC=C2)NC(=O)[C@@H](NC(=O)[C@H](CCCCN)NC(=O)[C@H](CC2=CNC3=C2C=CC=C3)NC(=O)[C@H](CC2=CC=CC=C2)NC(=O)[C@H](CC2=CC=CC=C2)NC(=O)[C@H](CC(N)=O)NC(=O)[C@H](CCCCN)NC(=O)[C@H](CSSC[C@H](NC(=O)[C@H](CO)NC1=O)C(O)=O)NC(=O)CNC(=O)[C@H](C)N)[C@@H](C)O,SSTR1;SSTR2;SSTR3;SSTR4;SSTR5,SSTR1;SSTR2;SSTR3;SSTR4;SSTR5
3008,atosiban,CCOC1=CC=C(C[C@H]2NC(=O)CCSSC[C@H](NC(=O)[C@H](CC(N)=O)NC(=O)[C@@H](NC(=O)[C@@H](NC2=O)[C@@H](C)CC)[C@@H](C)O)C(=O)N2CCC[C@H]2C(=O)N[C@@H](CCCN)C(=O)NCC(N)=O)C=C1,AVPR1A;AVPR1B;AVPR2;OXTR,OXTR
3016,oxybuprocaine,CCCCOC1=C(N)C=CC(=C1)C(=O)OCCN(CC)CC,SCN10A;SCN1A;SCN2A;SCN3A,SCN10A;SCN1A;SCN2A;SCN3A
3018,benzethonium,CC(C)(C)CC(C)(C)C1=CC=C(OCCOCC[N+](C)(C)CC2=CC=CC=C2)C=C1,ACHE;ADRA2A;ADRA2B;ADRA2C;CHRM1;CHRM2;CHRM3;CHRM4;CHRM5;ERBB2;FYN;HTR2A;HTR2C;KCNH2;KISS1R;SLC6A2;SLC6A3;SLC6A4;TACR2,
3021,bergapten,COC1=C2C=COC2=CC2=C1C=CC(=O)O2,CYP1A1;MAOA,
3025,bietamiverine,CCN(CC)CCOC(=O)C(N1CCCCC1)C1=CC=CC=C1,CHRM1;CHRM2;CHRM3,
3032,bithionol,OC1=C(SC2=C(O)C(Cl)=CC(Cl)=C2)C=C(Cl)C=C1Cl,ADORA2A;ADORA3;ADRA2A;ADRA2B;ADRA2C;DRD3;EGFR;ERBB2;ESR1;ESR2;HTR1A;HTR2B;HTR2C;LCK;MAPK1;MAPK14;NAPEPLD;OPRM1;SLC22A1;SLC22A2;SLC22A3;SLC47A1;SLC47A2;SLC6A2;SLC6A3;TACR2;TBXAS1,
3042,broxuridine,OC[C@H]1O[C@H](C[C@@H]1O)N1C=C(Br)C(=O)NC1=O,TK1,
3047,bufexamac,CCCCOC1=CC=C(CC(=O)NO)C=C1,HDAC10;HDAC6,
3050,butacaine,CCCCN(CCCC)CCCOC(=O)C1=CC=C(N)C=C1,SCN1A;SCN2A;SCN3A,
3053,butethamine,CC(C)CNCCOC(=O)C1=CC=C(N)C=C1,SCN1A;SCN2A;SCN3A,
3064,capsaicin,COC1=C(O)C=CC(CNC(=O)CCCC\C=C\C(C)C)=C1,ALOX5;CYP1A2;KCNA1;PTGS1;TRPV1;YARS,TRPV1
3067,carbon tetrachloride,ClC(Cl)(Cl)Cl,CYP2E1,
3068,carglumic acid,NC(=O)N[C@@H](CCC(O)=O)C(O)=O,CPS1,CPS1
3070,articaine,CCCNC(C)C(=O)NC1=C(SC=C1C)C(=O)OC,SCN1A;SCN2A;SCN3A,SCN1A;SCN2A;SCN3A
3082,cetrimonium,CCCCCCCCCCCCCCCC[N+](C)(C)C,DNM1,
3083,cetylpyridinium,CCCCCCCCCCCCCCCC[N+]1=CC=CC=C1,CASP2,
3094,chloroxylenol,CC1=CC(O)=CC(C)=C1Cl,HTR2B;MAOA,
3096,cholic acid,C[C@H](CCC(O)=O)[C@H]1CC[C@H]2[C@@H]3[C@H](O)C[C@@H]4C[C@H](O)CC[C@]4(C)[C@H]3C[C@H](O)[C@]12C,GPBAR1;NR1H4,
3101,cinchophen,OC(=O)C1=CC(=NC2=CC=CC=C12)C1=CC=CC=C1,PDE10A,
3102,cinromide,CCNC(=O)\C=C\C1=CC(Br)=CC=C1,SLC6A19,
3114,cloxiquine,OC1=C2N=CC=CC2=C(Cl)C=C1,METAP1;METAP2,
3123,cyclomethycaine,CC1CCCCN1CCCOC(=O)C1=CC=C(OC2CCCCC2)C=C1,SCN1A;SCN2A;SCN3A,
3135,desonide,CC1(C)O[C@@H]2C[C@H]3[C@@H]4CCC5=CC(=O)C=C[C@]5(C)[C@H]4[C@@H](O)C[C@]3(C)[C@@]2(O1)C(=O)CO,NR3C1,NR3C1
3137,dibrompropamidine,NC(=N)C1=CC(Br)=C(OCCCOC2=C(Br)C=C(C=C2)C(N)=N)C=C1,F2;PLAU;ST14,
3142,difluprednate,CCCC(=O)O[C@@]1(CC[C@H]2[C@@H]3C[C@H](F)C4=CC(=O)C=C[C@]4(C)[C@@]3(F)[C@@H](O)C[C@]12C)C(=O)COC(C)=O,NR3C1,NR3C1
3153,quinisocaine,CCCCC1=CC2=CC=CC=C2C(OCCN(C)C)=N1,SCN1A;SCN2A;SCN3A,
3157,diosmin,COC1=C(O)C=C(C=C1)C1=CC(=O)C2=C(O)C=C(O[C@@H]3O[C@H](CO[C@@H]4O[C@@H](C)[C@H](O)[C@@H](O)[C@H]4O)[C@@H](O)[C@H](O)[C@H]3O)C=C2O1,KDM1A,
3165,domitroban,OC(=O)CCC\C=C/C[C@H]1[C@@H]2CC[C@@H](C2)[C@@H]1NS(=O)(=O)C1=CC=CC=C1,TBXA2R,
3170,eburnamonine,CC[C@]12CCCN3CCC4=C([C@@H]13)N(C1=CC=CC=C41)C(=O)C2,CHRM1;CHRM2;CHRM3;CHRM4,
3174,eicosapentaenoic acid,CC\C=C/C\C=C/C\C=C/C\C=C/C\C=C/CCCC(O)=O,CYP19A1;F3;OXER1;PPARA;PPARD;PPARG;RXRA,
3177,enilconazole,ClC1=CC(Cl)=C(C=C1)C(CN1C=CN=C1)OCC=C,IDO1,
3178,enoxolone,CC1(C)[C@@H](O)CC[C@@]2(C)[C@H]1CC[C@]1(C)[C@@H]2C(=O)C=C2[C@@H]3C[C@](C)(CC[C@]3(C)CC[C@@]12C)C(O)=O,AKR1B10;ALOX5;CES1;CES2;HMGB1;HSD11B1;HSD11B2;PRKCH;PTPN1;PTPN11;PTPN6,
3186,eseridine,CNC(=O)OC1=CC2=C(C=C1)N(C)[C@H]1ON(C)CC[C@@]21C,ACHE;BCHE,
3187,estriol,C[C@]12CC[C@H]3[C@@H](CCC4=C3C=CC(O)=C4)[C@@H]1C[C@@H](O)[C@@H]2O,ESR1;ESR2;NR3C1;OR51E2;SERPINA6;SHBG;SLC6A4,ESR1
3188,estrone,C[C@]12CC[C@H]3[C@@H](CCC4=C3C=CC(O)=C4)[C@@H]1CCC2=O,CYP19A1;ESR1;ESR2;HSD17B1;HTR2B;SERPINA6;SHBG;SLC6A4;STS,ESR1
3194,ethacridine,CCOC1=CC2=C(N)C3=CC=C(N)C=C3N=C2C=C1,TERT,
3201,kainic acid,CC(=C)[C@H]1CN[C@@H]([C@H]1CC(O)=O)C(O)=O,ADORA3;GRIA1;GRIA2;GRIA3;GRIA4;GRIK1;GRIK2;GRIK3;GRIK4;GRIK5,
3217,evans blue,CC1=C(C=CC(=C1)C1=CC(C)=C(C=C1)\N=N\C1=C(O)C2=C(N)C(=CC(=C2C=C1)S(O)(=O)=O)S(O)(=O)=O)\N=N\C1=CC=C2C(=CC(=C(N)C2=C1O)S(O)(=O)=O)S(O)(=O)=O,ENPP2;PTPN1,
3219,exisulind,CC1=C(CC(O)=O)C2=CC(F)=CC=C2\C1=C/C1=CC=C(C=C1)S(C)(=O)=O,EDNRA;MAPK1,
3220,femoxetine,COC1=CC=C(OC[C@H]2CN(C)CC[C@@H]2C2=CC=CC=C2)C=C1,CHRM1;CHRM2;CHRM3;CHRM4;CHRM5;DRD2;HRH1;HTR1A;SLC6A2;SLC6A3;SLC6A4,
3224,fendosal,OC(=O)C1=C(O)C=CC(=C1)N1C2=C(C=C1C1=CC=CC=C1)C1=CC=CC=C1CC2,SERPINE1,
3225,fenoxazoline,CC(C)C1=C(OCC2=NCCN2)C=CC=C1,NISCH,
3229,fumaric acid,OC(=O)\C=C\C(O)=O,EGLN1,
3236,flusalan,OC1=C(C=C(Br)C=C1Br)C(=O)NC1=CC(=CC=C1)C(F)(F)F,OPRK1,
3248,fosfestrol,CC\C(=C(\CC)C1=CC=C(OP(O)(O)=O)C=C1)C1=CC=C(OP(O)(O)=O)C=C1,ESR1;ESR2,ESR1;ESR2
3249,fospropofol,CC(C)C1=CC=CC(C(C)C)=C1OCOP(O)(O)=O,GABRA1;GABRA2;GABRA3;GABRA4;GABRA5;GABRA6;GABRB1;GABRB2;GABRB3;GABRD;GABRG1;GABRG2;GABRG3,GABRA1;GABRA2;GABRA3;GABRA4;GABRA5;GABRA6;GABRB1;GABRB2;GABRB3;GABRD;GABRG1;GABRG2;GABRG3
3253,fumagillin,CO[C@@H]1[C@@H](CC[C@]2(CO2)[C@H]1[C@@]1(C)O[C@@H]1CC=C(C)C)OC(=O)\C=C\C=C\C=C\C=C\C(O)=O,METAP2,
3256,furtrethonium,C[N+](C)(C)CC1=CC=CO1,CHRM1;CHRM2;CHRM3;CHRM4,
3257,gabexate,CCOC(=O)C1=CC=C(OC(=O)CCCCCNC(N)=N)C=C1,F10;F2;HPN;KLKB1;PLAT;PLAU;PLG;SLC22A2;SLC47A1;SLC47A2;TPSAB1,
3260,gentisic acid,OC(=O)C1=C(O)C=CC(O)=C1,ALOX5;CA1;CA12;CA14;CA2;CA7;CA9,
3275,hexamidine,NC(=N)C1=CC=C(OCCCCCCOC2=CC=C(C=C2)C(N)=N)C=C1,F2;PLAU;PRMT1;PRSS1;ST14,
3282,hydroquinone,OC1=CC=C(O)C=C1,CA1;CA12;CA14;CA2;CA3;CA4;CA5A;CA5B;CA9,
3290,oxyquinoline,OC1=CC=CC2=C1N=CC=C2,COMT;METAP1;METAP2;MMP2,
3294,iloperidone,COC1=C(OCCCN2CCC(CC2)C2=NOC3=CC(F)=CC=C23)C=CC(=C1)C(C)=O,ADRA1A;ADRA2A;ADRA2B;ADRA2C;CCKBR;CHRM1;CHRM2;CHRM4;DRD1;DRD2;DRD3;DRD4;DRD5;HRH1;HTR1A;HTR1B;HTR1D;HTR2A;HTR2C;HTR6;HTR7;SIGMAR1;SLC6A2;SLC6A3,DRD2;HTR2A
3309,isoconazole,ClC1=CC=C([C@H](CN2C=CN=C2)OCC2=C(Cl)C=CC=C2Cl)C(Cl)=C1,CYP17A1;IDO1,
3312,ivabradine,COC1=C(OC)C=C2[C@@H](CN(C)CCCN3CCC4=CC(OC)=C(OC)C=C4CC3=O)CC2=C1,HCN1;HCN2;HCN3;HCN4,HCN1;HCN2;HCN3
3313,khellin,COC1=C2OC=CC2=C(OC)C2=C1OC(C)=CC2=O,CYP1A1,
3317,lenalidomide,NC1=C2CN(C3CCC(=O)NC3=O)C(=O)C2=CC=C1,CRBN;TNF,CRBN
3323,linoleic acid,CCCCC\C=C/C\C=C/CCCCCCCC(O)=O,CYP19A1;F3;FABP3;FABP4;FFAR1;FFAR4;KCNB1;PPARA;PPARD;PPARG;PTGS1,
3325,lodoxamide,OC(=O)C(=O)NC1=CC(=CC(NC(=O)C(O)=O)=C1Cl)C#N,GPR35,
3341,mestanolone,C[C@]1(O)CC[C@H]2[C@@H]3CC[C@H]4CC(=O)CC[C@]4(C)[C@H]3CC[C@]12C,AR;SHBG,AR
3342,mesterolone,C[C@H]1CC(=O)C[C@@H]2CC[C@H]3[C@@H]4CC[C@H](O)[C@@]4(C)CC[C@@H]3[C@@]12C,SHBG,
3356,methyltestosterone,C[C@]1(O)CC[C@H]2[C@@H]3CCC4=CC(=O)CC[C@]4(C)[C@H]3CC[C@]12C,AR;NR3C1;SHBG,AR
3366,moxestrol,CO[C@H]1C[C@@]2(C)[C@@H](CC[C@@]2(O)C#C)[C@@H]2CCC3=C(C=CC(O)=C3)[C@@H]12,ESR1;ESR2,
3369,naphazoline,C(C1=NCCN1)C1=CC=CC2=CC=CC=C12,ADRA2A;ADRA2B;ADRA2C;NISCH,ADRA2A;ADRA2B;ADRA2C
3377,neridronic acid,NCCCCCC(O)(P(O)(O)=O)P(O)(O)=O,FDPS,
3396,octopamine,NCC(O)C1=CC=C(O)C=C1,HTR3A;TAAR1,
3400,oleic acid,CCCCCCCC\C=C/CCCCCCCC(O)=O,CYP19A1;F3;FAAH;FABP1;FABP4;FABP5;FFAR1;FFAR4;PPARA;PPARD;PPARG;TERT;TOP1,
3401,ornithine,NCCC[C@H](N)C(O)=O,GPRC6A,
3407,oxetacaine,CN(C(=O)CN(CCO)CC(=O)N(C)C(C)(C)CC1=CC=CC=C1)C(C)(C)CC1=CC=CC=C1,SCN1A;SCN2A;SCN3A,
3408,oxiconazole,ClC1=CC(Cl)=C(CO\N=C(/CN2C=CN=C2)C2=C(Cl)C=C(Cl)C=C2)C=C1,ACHE;ADORA3;ADRA2A;ADRA2B;ADRA2C;ADRB3;CHRM1;CHRM3;CYP2C19;CYP2C9;CYP2D6;CYP3A4;DRD1;DRD3;HTR1A;HTR2A;HTR2B;IDO1;OPRD1;SLC6A2;SLC6A3;SLC6A4;TACR2;TBXAS1,
3413,oxycinchophen,OC(=O)C1=C(O)C(=NC2=CC=CC=C12)C1=CC=CC=C1,DHODH;PDE10A,
3424,pentazocine,CC1C2CC3=CC=C(O)C=C3C1(C)CCN2CC=C(C)C,OPRD1;OPRK1;OPRM1;SIGMAR1,SIGMAR1
3434,phenacaine,CCOC1=CC=C(NC(C)=NC2=CC=C(OCC)C=C2)C=C1,SCN1A;SCN2A;SCN3A,
3481,podophyllotoxin,COC1=CC(=CC(OC)=C1OC)[C@H]1[C@@H]2[C@H](COC2=O)[C@@H](O)C2=CC3=C(OCO3)C=C12,CYP2C19;CYP2C9;CYP3A4;NR3C1;TUBA1A;TUBA1B;TUBA1C;TUBA3C;TUBA3E;TUBA4A;TUBB;TUBB1;TUBB2A;TUBB2B;TUBB3;TUBB4A;TUBB4B;TUBB6;TUBB8,
3483,posaconazole,CC[C@@H]([C@H](C)O)N1N=CN(C1=O)C1=CC=C(C=C1)N1CCN(CC1)C1=CC=C(OC[C@@H]2CO[C@](CN3C=NC=N3)(C2)C2=CC=C(F)C=C2F)C=C1,CYP3A4;CYP8B1,
3486,practolol,CC(C)NCC(O)COC1=CC=C(NC(C)=O)C=C1,ADRB1,ADRB1
3487,pramocaine,CCCCOC1=CC=C(OCCCN2CCOCC2)C=C1,SCN1A;SCN2A;SCN3A;SIGMAR1,
3493,propamidine,NC(=N)C1=CC=C(OCCCOC2=CC=C(C=C2)C(N)=N)C=C1,PRSS1,
3496,propoxycaine,CCCOC1=C(C=CC(N)=C1)C(=O)OCCN(CC)CC,SCN1A;SCN2A;SCN3A,SCN1A;SCN2A;SCN3A
3502,prucalopride,COCCCN1CCC(CC1)NC(=O)C1=CC(Cl)=C(N)C2=C1OCC2,DRD4;HTR3A;HTR4,HTR4
3505,homonicotinic acid,OC(=O)CC1=CN=CC=C1,HCAR2,
3506,pyridoxal phosphate,CC1=NC=C(COP(O)(O)=O)C(C=O)=C1O,P2RX1,
3508,pyrithione,[O-][N+]1=C(S)C=CC=C1,CA12;CA13;CA14;CA3;CA4;CA5A;CA5B;CA6;CA7;CA9;GFER;LOX;LOXL2;LOXL3;LOXL4,
3511,pyrovalerone,CCCC(N1CCCC1)C(=O)C1=CC=C(C)C=C1,SLC6A2;SLC6A3;SLC6A4,
3514,quercetin,OC1=CC(O)=C2C(OC(=C(O)C2=O)C2=CC(O)=C(O)C=C2)=C1,ABCB1;ABCC1;ABCG2;ACHE;ADORA3;AKR1B1;AKT1;ALK;ALOX12;ALOX15;ALOX5;AMY1A;APP;AURKB;AVPR2;AXL;BACE1;BCHE;BRAF;CA1;CA12;CA14;CA2;CA3;CA4;CA5A;CA5B;CA6;CA7;CA9;CALM1;CALM2;CALM3;CAMK2B;CCNB1;CCNB2;CCNB3;CCND1;CCR4;CD38;CDK1;CDK2;CDK4;CDK5;CDK5R1;CDK6;CSNK2A1;CTRB1;CTRC;CXCR1;CYP19A1;CYP1A1;CYP1B1;CYP2C8;DAPK1;DPP4;DRD4;EGFR;ELANE;ELAVL1;ELAVL3;EPHX2;F2;FLT3;GLO1;GPR35;GSK3A;GSK3B;HIF1AN;HSD17B2;IGF1R;IP6K2;IPMK;KARS;KDM1A;KDR;LCK;MAOA;MAOB;MET;MMP12;MMP13;MMP2;MMP3;MMP9;MPO;NEK2;NEK6;NOX4;NUAK1;PIK3CG;PIK3R1;PIM1;PKN1;PLA2G1B;PLAU;PLK1;PREP;PSMB5;PTGS2;PTK2;PTPN1;PYGL;RET;SLC2A2;SORD;SRC;SYK;TRPC5;XDH,
3520,rapacuronium,CCC(=O)O[C@H]1[C@H](C[C@H]2[C@@H]3CC[C@H]4C[C@H](OC(C)=O)[C@H](C[C@]4(C)[C@H]3CC[C@]12C)N1CCCCC1)[N+]1(CC=C)CCCCC1,CHRNA1;CHRNB1;CHRND;CHRNE;CHRNG,CHRNA1;CHRNB1;CHRND;CHRNE;CHRNG
3521,rasagiline,C#CCN[C@@H]1CCC2=C1C=CC=C2,ACHE;BCHE;MAOA;MAOB,MAOB
3524,resorcinol,OC1=CC(O)=CC=C1,CA12;CA14;CA2;CA5A;CA5B;CA9,
3525,revaprazan,CC1N(CCC2=CC=CC=C12)C1=C(C)C(C)=NC(NC2=CC=C(F)C=C2)=N1,ATP4A;ATP4B,ATP4A;ATP4B
3529,rioprostil,CCCCC(C)(O)C\C=C\[C@H]1[C@H](O)CC(=O)[C@@H]1CCCCCCCO,PTGER2,PTGER2
3531,roflumilast,FC(F)OC1=C(OCC2CC2)C=C(C=C1)C(=O)NC1=C(Cl)C=NC=C1Cl,PDE4A;PDE4B;PDE4C;PDE4D,PDE4A;PDE4B;PDE4C;PDE4D
3533,ruboxistaurin,CN(C)C[C@@H]1CCN2C=C(C3=CC=CC=C23)C2=C(C(=O)NC2=O)C2=CN(CCO1)C1=CC=CC=C21,AAK1;AKT2;AKT3;AURKC;BMP2K;CAMK1D;CAMK2A;CAMK2B;CAMK2D;CAMK2G;CAMKK1;CAMKK2;CDK16;CDK4;CDK7;CDKL5;CHEK1;CHEK2;CIT;CLK1;CLK2;CLK4;CSNK2A1;CSNK2A2;DAPK1;DAPK2;DAPK3;DMPK;DYRK1A;DYRK1B;EGFR;FGFR1;FLT3;GAK;GRK1;GRK4;GRK7;GSK3B;HCK;HIPK1;HIPK2;HIPK3;ICK;JAK3;KIT;LATS1;LATS2;LCK;LRRK2;MAP2K4;MAP2K5;MAP2K6;MAP3K19;MAP3K2;MAP3K3;MAP3K9;MAP4K1;MAP4K2;MAP4K3;MAP4K5;MAPK15;MARK2;MINK1;MKNK1;MYLK;NUAK1;NUAK2;PDGFRB;PDPK1;PHKG1;PIM1;PIM2;PIM3;PIP4K2B;PIP5K1A;PIP5K1C;PKN1;PKN2;PLK4;PRKACA;PRKACB;PRKCA;PRKCB;PRKCD;PRKCE;PRKCG;PRKCH;PRKCI;PRKCQ;PRKD2;PRKG2;PRPF4B;RIOK1;RIOK3;ROS1;RPS6KA1;RPS6KA2;RPS6KA3;RPS6KA4;RPS6KA5;RPS6KA6;RPS6KB1;SGK3;SLK;SRPK1;SRPK2;SRPK3;STK10;STK11;STK3;STK33;STK4;TAOK1;TAOK2;TAOK3;TBK1;TLK1;TNIK,
3534,rufinamide,NC(=O)C1=CN(CC2=C(F)C=CC=C2F)N=N1,CA5A;SCN10A;SCN11A;SCN1A;SCN2A;SCN3A;SCN4A;SCN5A;SCN7A;SCN8A;SCN9A,SCN10A;SCN11A;SCN1A;SCN2A;SCN3A;SCN4A;SCN5A;SCN7A;SCN8A;SCN9A
3535,rutoside,C[C@@H]1O[C@@H](OC[C@H]2O[C@@H](OC3=C(OC4=CC(O)=CC(O)=C4C3=O)C3=CC(O)=C(O)C=C3)[C@H](O)[C@@H](O)[C@@H]2O)[C@H](O)[C@H](O)[C@H]1O,ACHE;ADRA2A;ADRA2C;CHRM5;EPHX2;KDM1A;NMUR2;XDH,
3536,sabcomeline,CO\N=C(/C#N)[C@H]1CN2CCC1CC2,CHRM1;CHRM2;CHRM3;CHRM4;CHRM5,
3542,saralasin,CNCC(=O)N[C@@H](CCCNC(N)=N)C(=O)N[C@@H](C(C)C)C(=O)N[C@@H](CC1=CC=C(O)C=C1)C(=O)N[C@@H](C(C)C)C(=O)N[C@@H](CC1=CNC=N1)C(=O)N1CCC[C@H]1C(=O)N[C@@H](C)C(O)=O,AGTR1;AGTR2,AGTR1
3548,sitaxentan,CC1=NOC(NS(=O)(=O)C2=C(SC=C2)C(=O)CC2=CC3=C(OCO3)C=C2C)=C1Cl,EDNRA;EDNRB,EDNRA
3553,stallimycin,CN1C=C(NC(=O)C2=CC(NC(=O)C3=CC(NC=O)=CN3C)=CN2C)C=C1C(=O)NCCC(N)=N,ESR1;ESR2;HRAS;TOP1,
3574,sulmazole,COC1=C(C=CC(=C1)S(C)=O)C1=NC2=C(N1)N=CC=C2,PDE3A;PDE3B;PDE5A,
3577,oxedrine,CNCC(O)C1=CC=C(O)C=C1,HTR1A;NMUR2,
3579,talastine,CN(C)CCN1N=C(CC2=CC=CC=C2)C2=C(C=CC=C2)C1=O,HRH1,HRH1
3580,tamibarotene,CC1(C)CCC(C)(C)C2=CC(NC(=O)C3=CC=C(C=C3)C(O)=O)=CC=C12,RARA;RARB;RARG,
3584,terazosin,COC1=CC2=C(C=C1OC)C(N)=NC(=N2)N1CCN(CC1)C(=O)C1CCCO1,ADRA1A;ADRA1B;ADRA1D;ADRA2A;ADRA2B;ADRA2C;HTR2A;KCNH2;NQO2;SLC22A1,ADRA1A;ADRA1B;ADRA1D
3591,tetryzoline,C1CN=C(N1)C1CCCC2=CC=CC=C12,ADRA1A;ADRA1B;ADRA1D;ADRA2A;ADRA2B;ADRA2C,ADRA1A;ADRA1B;ADRA1D;ADRA2A;ADRA2B;ADRA2C
3601,thiram,CN(C)C(=S)SSC(=S)N(C)C,BBOX1;EHMT1;EHMT2;FAAH;LOX;LOXL2;LOXL3;LOXL4;MGLL,
3604,thyropropic acid,OC(=O)CCC1=CC(I)=C(OC2=CC(I)=C(O)C=C2)C(I)=C1,PCNA;THRA;THRB,
3607,tioxolone,OC1=CC2=C(SC(=O)O2)C=C1,CA2;MAOA;MAOB,
3609,tipranavir,CCC[C@@]1(CCC2=CC=CC=C2)CC(O)=C([C@H](CC)C2=CC(NS(=O)(=O)C3=CC=C(C=N3)C(F)(F)F)=CC=C2)C(=O)O1,ABCB1;CTSD;CTSE;PGA5,
3611,tiratricol,OC(=O)CC1=CC(I)=C(OC2=CC(I)=C(O)C=C2)C(I)=C1,AR;PCNA;SLC10A1;THRA;THRB,
3616,toliprolol,CC(C)NCC(O)COC1=CC(C)=CC=C1,ADRB1;ADRB2,
3617,tolnaftate,CN(C(=S)OC1=CC2=CC=CC=C2C=C1)C1=CC(C)=CC=C1,CYP2C19;CYP51A1;HTR2B,
3620,tramazoline,C1CN=C(NC2=C3CCCCC3=CC=C2)N1,ADRA2A;ADRA2B;ADRA2C,
3630,triclocarban,ClC1=CC=C(NC(=O)NC2=CC(Cl)=C(Cl)C=C2)C=C1,EPHX1;EPHX2,
3631,triclosan,OC1=C(OC2=CC=C(Cl)C=C2Cl)C=CC(Cl)=C1,CBR1;HSPA5,
3639,uridine triphosphate,O[C@H]1[C@@H](O)[C@@H](O[C@@H]1COP(O)(=O)OP(O)(=O)OP(O)(O)=O)N1C=CC(=O)NC1=O,P2RX3;P2RY11;P2RY2;P2RY4;P2RY6,
3642,vildagliptin,OC12CC3CC(C1)CC(C3)(C2)NCC(=O)N1CCC[C@H]1C#N,DPP4;DPP8;DPP9;FAP,DPP4
3643,vincamine,CC[C@@]12CCCN3CCC4=C([C@H]13)N(C1=CC=CC=C41)[C@](O)(C2)C(=O)OC,CHRM1;CHRM2;CHRM3;CHRM4,
3644,vinflunine,CC[C@@]12C=CCN3CC[C@@]4([C@H]13)[C@@H](N(C)C1=C4C=C(C(OC)=C1)[C@]1(C[C@@H]3C[C@H](C[N@@](C3)CC3=C1NC1=C3C=CC=C1)C(C)(F)F)C(=O)OC)[C@](O)([C@@H]2OC(C)=O)C(=O)OC,TUBB;TUBB1;TUBB2A;TUBB2B;TUBB3;TUBB4A;TUBB4B;TUBB6;TUBB8,TUBB;TUBB1;TUBB2A;TUBB2B;TUBB3;TUBB4A;TUBB4B;TUBB6;TUBB8
3651,vorozole,CN1N=NC2=C1C=C(C=C2)[C@@H](N1C=NC=N1)C1=CC=C(Cl)C=C1,CYP19A1,CYP19A1
3652,xanomeline,CCCCCCOC1=NSN=C1C1=CCCN(C)C1,ADRA1B;CHRM1;CHRM2;CHRM3;CHRM4;CHRM5;DRD2;DRD3;HTR1A;HTR1B;HTR1D;HTR1E;HTR1F;HTR2A;HTR2B;HTR2C;HTR6;HTR7,
3658,xylometazoline,CC1=CC(=CC(C)=C1CC1=NCCN1)C(C)(C)C,ADRA1A;ADRA2A;ADRA2B;ADRA2C;HTR1B;HTR1D,ADRA2B
3659,yohimbine,COC(=O)[C@H]1[C@@H](O)CC[C@H]2CN3CCC4=C(NC5=C4C=CC=C5)[C@@H]3C[C@H]12,ADORA3;ADRA1A;ADRA1B;ADRA1D;ADRA2A;ADRA2B;ADRA2C;CDC25A;CYP2D6;DRD2;DRD3;HTR1A;HTR1B;HTR1D;HTR1E;HTR1F;HTR2B;HTR5A;HTR6;HTR7;SCN1A;SCN2A;SCN3A;TOP1,ADRA2A;ADRA2B;ADRA2C
3680,azacyclonol,OC(C1CCNCC1)(C1=CC=CC=C1)C1=CC=CC=C1,HRH1;SCN1A;SCN2A;SCN3A,
3686,benzylsulfamide,NS(=O)(=O)C1=CC=C(NCC2=CC=CC=C2)C=C1,CA1;CA12;CA2;CA9,
3689,bropirimine,NC1=NC(=C(Br)C(=O)N1)C1=CC=CC=C1,XDH,
3707,chlorthenoxazine,ClCCC1NC(=O)C2=CC=CC=C2O1,PARP1,
3713,ciramadol,CN(C)[C@H]([C@H]1CCCC[C@H]1O)C1=CC(O)=CC=C1,OPRM1,OPRM1
3734,diperodon,O=C(NC1=CC=CC=C1)OCC(CN1CCCCC1)OC(=O)NC1=CC=CC=C1,SCN1A;SCN2A;SCN3A,
3770,meprylcaine,CCCNC(C)(C)COC(=O)C1=CC=CC=C1,SCN1A;SCN2A;SCN3A,
3787,myrtecaine,CCN(CC)CCOCCC1=CC[C@H]2C[C@@H]1C2(C)C,KCNH2,
3805,parethoxycaine,CCOC1=CC=C(C=C1)C(=O)OCCN(CC)CC,SCN1A;SCN2A;SCN3A,
3839,tasosartan,CC1=NC(C)=C2CCC(=O)N(CC3=CC=C(C=C3)C3=C(C=CC=C3)C3=NN=NN3)C2=N1,AGTR1,AGTR1
3848,velnacrine,NC1=C2C(O)CCCC2=NC2=CC=CC=C12,ACHE,
3851,dexibuprofen,CC(C)CC1=CC=C(C=C1)[C@H](C)C(O)=O,AKR1C2;AKR1C3;PTGS1;PTGS2,
3855,docosanoic acid,CCCCCCCCCCCCCCCCCCCCCC(O)=O,PPARA;PPARD;PPARG,
3862,alitretinoin,C\C(\C=C\C1=C(C)CCCC1(C)C)=C\C=C\C(\C)=C\C(O)=O,NR1H2;NR1H3;NR4A1;RARA;RARB;RARG;RORC;RXRA;RXRB;RXRG,RARA;RARB;RARG;RXRA;RXRB;RXRG
3871,artemisinin,C[C@@H]1CC[C@H]2[C@@H](C)C(=O)O[C@@H]3O[C@@]4(C)CC[C@@H]1[C@@]23OO4,CYP1A2,
3880,benidipine,COC(=O)C1=C(C)NC(C)=C(C1C1=CC(=CC=C1)[N+]([O-])=O)C(=O)O[C@@H]1CCCN(CC2=CC=CC=C2)C1,CACNA1C;CACNA1D;CACNA1H,CACNA1C;CACNA1D
3881,benzydamine,CN(C)CCCOC1=NN(CC2=CC=CC=C2)C2=C1C=CC=C2,GUCY1A2;GUCY1A3;GUCY1B2;GUCY1B3,
3883,biriperone,FC1=CC=C(C=C1)C(=O)CCCN1CCN2CC3=C(CC2C1)C1=CC=CC=C1N3,DRD3,
3911,clobetasone butyrate,CCCC(=O)O[C@@]1([C@@H](C)C[C@H]2[C@@H]3CCC4=CC(=O)C=C[C@]4(C)[C@@]3(F)C(=O)C[C@]12C)C(=O)CCl,NR3C1,NR3C1
3912,clorotepine,CN1CCN(CC1)C1CC2=CC=CC=C2SC2=C1C=C(Cl)C=C2,DRD2;DRD3;DRD4;HRH1;HTR2C;HTR6;KCNK9;TAAR1,
3920,dexamethasone phosphate,C[C@@H]1C[C@H]2[C@@H]3CCC4=CC(=O)C=C[C@]4(C)[C@@]3(F)[C@@H](O)C[C@]2(C)[C@@]1(O)C(=O)COP(O)(O)=O,AR;NR3C1;NR3C2;PGR,NR3C1
3927,androstanolone,C[C@]12CC[C@H]3[C@@H](CC[C@H]4CC(=O)CC[C@]34C)[C@@H]1CC[C@@H]2O,AR;CYP19A1;NR3C1;NR3C2;PGR;SERPINA6;SHBG,
3931,dolasetron,O=C(O[C@H]1C[C@H]2CC3C[C@@H](C1)N2CC3=O)C1=CNC2=C1C=CC=C2,HTR3A;KCNH2,HTR3A
3944,etoposide phosphate,COC1=CC(=CC(OC)=C1OP(O)(O)=O)[C@H]1[C@@H]2[C@H](COC2=O)[C@H](O[C@@H]2O[C@@H]3CO[C@@H](C)O[C@H]3[C@H](O)[C@H]2O)C2=C1C=C1OCOC1=C2,TOP2A,TOP2A
3952,guanabenz,NC(=N)N\N=C\C1=C(Cl)C=CC=C1Cl,ADRA1D;ADRA2A;ADRA2B;ADRA2C;HTR1A;HTR2A;HTR2B;HTR2C;MAOA;NISCH;SLC22A1;TAAR1,ADRA2A;ADRA2B;ADRA2C
3959,hydrocortisone butyrate,CCCC(=O)O[C@@]1(CC[C@H]2[C@@H]3CCC4=CC(=O)CC[C@]4(C)[C@H]3[C@@H](O)C[C@]12C)C(=O)CO,NR3C1,NR3C1
3961,ilaprazole,COC1=CC=NC(CS(=O)C2=NC3=C(N2)C=CC(=C3)N2C=CC=C2)=C1C,ATP4A;ATP4B,ATP4A;ATP4B
3977,kojic acid,OCC1=CC(=O)C(O)=CO1,DAO;TYR,
3995,meldonium,C[N+](C)(C)NCCC([O-])=O,BBOX1,
3998,octanoic acid,CCCCCCCC(O)=O,GPR84,
4002,niperotidine,CN(C)CC1=CC=C(CSCCNC(NCC2=CC3=C(OCO3)C=C2)=C[N+]([O-])=O)O1,HRH2,HRH2
4004,mozavaptan,CN(C)C1CCCN(C(=O)C2=CC=C(NC(=O)C3=C(C)C=CC=C3)C=C2)C2=CC=CC=C12,AVPR1A;AVPR1B;AVPR2;OXTR,AVPR2
4006,oxitriptan,N[C@@H](CC1=CNC2=CC=C(O)C=C12)C(O)=O,HTR1A;HTR2A;HTR2B;HTR2C;HTR7,
4050,spaglumic acid,CC(=O)N[C@@H](CC(=O)N[C@@H](CCC(O)=O)C(O)=O)C(O)=O,GRM3,
4055,baicalin,O[C@@H]1[C@@H](O)[C@H](OC2=C(O)C(O)=C3C(=O)C=C(OC3=C2)C2=CC=CC=C2)O[C@@H]([C@H]1O)C(O)=O,CDK1;GABRA1;GABRA2;GABRA3;GABRA4;GABRA5;GABRA6;GABRB1;GABRB2;GABRB3;GABRD;GABRE;GABRG1;GABRG2;GABRG3;GABRP;GABRQ;KDM1A;PREP,
4061,timolol,CC(C)(C)NC[C@H](O)COC1=NSN=C1N1CCOCC1,ADRB1;ADRB2;ADRB3;HTR1A,ADRB1;ADRB2
4063,tirilazad,C[C@@H]1C[C@H]2[C@@H]3CCC4=CC(=O)C=C[C@]4(C)C3=CC[C@]2(C)[C@H]1C(=O)CN1CCN(CC1)C1=NC(=NC(=C1)N1CCCC1)N1CCCC1,ADRA2C;ADRB2;EGFR;FYN;HRH2;HTR2A;HTR2B;HTR2C;LCK;MAPK14;MAPK3,
4072,ascorbic acid,OC[C@H](O)[C@H]1OC(=O)C(O)=C1O,P4HA1;PLOD1;SLC23A1;SLC23A2;TYR,
4074,minodronic acid,OC(CC1=CN=C2C=CC=CN12)(P(O)(O)=O)P(O)(O)=O,FDPS;GGPS1,
4099,levamlodipine,CCOC(=O)C1=C(COCCN)NC(C)=C([C@@H]1C1=C(Cl)C=CC=C1)C(=O)OC,CACNA1C;CACNA1D,CACNA1C;CACNA1D
4109,dronabinol,CCCCCC1=CC(O)=C2[C@@H]3C=C(C)CC[C@H]3C(C)(C)OC2=C1,CNR1;CNR2;DRD3;GLRA1;GLRA2;GLRA3;GPR18;GPR55;TRPA1,CNR1
4110,tolvaptan,CC1=C(C=CC=C1)C(=O)NC1=CC(C)=C(C=C1)C(=O)N1CCCC(O)C2=CC(Cl)=CC=C12,AVPR1A;AVPR2,AVPR2
4112,dronedarone,CCCCN(CCCC)CCCOC1=CC=C(C=C1)C(=O)C1=C(CCCC)OC2=C1C=C(NS(C)(=O)=O)C=C2,CACNG1;HCN1;HCN2;HCN3;HCN4;KCNA5;KCNH2;KCNQ2;THAP1;THRA,HCN1;HCN2;HCN3;HCN4
4113,prasugrel,CC(=O)OC1=CC2=C(CCN(C2)C(C(=O)C2CC2)C2=C(F)C=CC=C2)S1,P2RY12,P2RY12
4114,saxagliptin,N[C@H](C(=O)N1[C@H]2C[C@H]2C[C@H]1C#N)C12CC3CC(CC(O)(C3)C1)C2,ABCB1;CYP3A4;DPP4;DPP8;DPP9,DPP4
4115,asenapine,CN1CC2C(C1)C1=C(OC3=C2C=CC=C3)C=CC(Cl)=C1,ADRA1A;ADRA1B;ADRA2A;ADRA2B;ADRA2C;ADRB1;ADRB2;CHRM1;CHRM2;CHRM3;CHRM5;DRD1;DRD2;DRD3;DRD4;DRD5;HRH1;HRH2;HTR1A;HTR1B;HTR1D;HTR1E;HTR2A;HTR2B;HTR2C;HTR3A;HTR5A;HTR6;HTR7;SLC6A3,DRD2;HTR2A
4117,pralatrexate,NC1=NC2=NC=C(CC(CC#C)C3=CC=C(C=C3)C(=O)N[C@@H](CCC(O)=O)C(O)=O)N=C2C(N)=N1,DHFR;FOLR1;SLC19A1;SLC46A1,DHFR
4118,pazopanib,CN(C1=CC2=NN(C)C(C)=C2C=C1)C1=NC(NC2=CC(=C(C)C=C2)S(N)(=O)=O)=NC=C1,AAK1;ABL1;ABL2;ACHE;ACVR2B;ALK;AURKA;AURKC;BLK;BMP2K;BMPR1B;BRAF;CAMK1;CAMK1G;CDK11A;CDK11B;CDK16;CSF1R;DDR1;DDR2;EIF2AK2;EPHB6;FER;FES;FGFR1;FGFR2;FGFR3;FGFR4;FGR;FLT1;FLT3;FLT4;FRK;FYN;GAK;HCK;IRAK1;IRAK3;ITK;JAK2;JAK3;KDR;KIT;LCK;LIMK1;LIMK2;LTK;LYN;MAP2K4;MAP2K5;MAP2K6;MAP3K1;MAP3K10;MAP3K11;MAP3K19;MAP3K2;MAP3K9;MAP4K1;MAP4K2;MAP4K3;MAP4K4;MAP4K5;MAPK10;MAPK8;MARK3;MERTK;MET;MYLK2;NEK2;NEK5;NLK;PDGFRA;PDGFRB;PI4KB;PIP4K2C;PIP5K1C;PLK4;PTK6;RAF1;RET;RIOK2;RIPK1;RIPK2;ROS1;SIK1;SIK2;SLK;SRC;SRMS;STK10;STK16;STK36;SYK;TAOK1;TAOK2;TAOK3;TEK;TGFBR2;TIE1;TNIK;TNK1;TTK;TXK;TYK2;YES1,CSF1R;FGFR1;FGFR3;FLT1;FLT4;ITK;KDR;KIT;LCK;PDGFRA;PDGFRB
4119,romidepsin,C\C=C1/NC(=O)[C@H]2CSSCC\C=C\[C@H](CC(=O)N[C@H](C(C)C)C(=O)N2)OC(=O)[C@@H](NC1=O)C(C)C,BRD4;HDAC1;HDAC10;HDAC11;HDAC2;HDAC3;HDAC4;HDAC5;HDAC6;HDAC7;HDAC8;HDAC9;NCOR1;NCOR2,HDAC1;HDAC10;HDAC11;HDAC2;HDAC3;HDAC4;HDAC5;HDAC6;HDAC7;HDAC8;HDAC9
4120,dexfosfoserine,N[C@@H](COP(O)(O)=O)C(O)=O,GRM4;GRM6;GRM7;GRM8,
4123,lubiprostone,CCCCC(F)(F)[C@@]1(O)CC[C@H]2[C@@H](CC(=O)[C@@H]2CCCCCCC(O)=O)O1,CLCN2,CLCN2
4124,vorinostat,ONC(=O)CCCCCCC(=O)NC1=CC=CC=C1,BRD4;HDAC1;HDAC10;HDAC11;HDAC2;HDAC3;HDAC4;HDAC5;HDAC6;HDAC7;HDAC8;HDAC9;KDM4E;LTA4H;NCOR1;NCOR2,HDAC1;HDAC2;HDAC3;HDAC6
4125,proline,OC(=O)[C@@H]1CCCN1,ACE,
4128,valine,CC(C)[C@H](N)C(O)=O,SLC7A5,
4134,pyridoxal,CC1=C(O)C(C=O)=C(CO)C=N1,AOX1,
4135,lisdexamfetamine,C[C@@H](CC1=CC=CC=C1)NC(=O)[C@@H](N)CCCCN,SLC18A2;SLC6A2;SLC6A3,SLC18A2;SLC6A2;SLC6A3
4137,paliperidone,CC1=C(CCN2CCC(CC2)C2=NOC3=C2C=CC(F)=C3)C(=O)N2CCCC(O)C2=N1,ADRA1A;ADRA1B;ADRA2A;ADRA2B;ADRA2C;ADRB1;ADRB2;DRD1;DRD2;DRD3;DRD4;DRD5;HRH1;HRH2;HRH4;HTR1A;HTR1B;HTR1D;HTR1E;HTR2A;HTR2B;HTR2C;HTR5A;HTR6;HTR7;KCNH2;PTGER3;SLC6A4,DRD2;HTR2A
4138,gentian violet,CN(C)C1=CC=C(C=C1)C(C1=CC=C(C=C1)N(C)C)=C1C=CC(C=C1)=[N+](C)C,ACHE;ADORA2A;ADORA3;ADRA1D;ADRA2A;ADRA2B;ADRA2C;CHRM1;CHRM2;CHRM3;CHRM4;CHRM5;CYP2D6;CYP3A4;DRD1;DRD2;DRD3;EGFR;FYN;HRH2;HTR2A;OPRK1;OPRM1;SLC6A3;TACR2,
4141,udenafil,CCCOC1=CC=C(C=C1C1=NC(=O)C2=C(N1)C(CCC)=NN2C)S(=O)(=O)NCCC1CCCN1C,ABCB1;PDE5A,PDE5A
4143,darunavir,CC(C)CN(C[C@@H](O)[C@H](CC1=CC=CC=C1)NC(=O)O[C@H]1CO[C@H]2OCC[C@@H]12)S(=O)(=O)C1=CC=C(N)C=C1,ABCB1,
4146,testosterone propionate,CCC(=O)O[C@H]1CC[C@H]2[C@@H]3CCC4=CC(=O)CC[C@]4(C)[C@H]3CC[C@]12C,AR;CYP17A1,AR
4150,rimonabant,CC1=C(N(N=C1C(=O)NN1CCCCC1)C1=CC=C(Cl)C=C1Cl)C1=CC=C(Cl)C=C1,ACHE;CNR1;CNR2;GPR18;GPR55;KCNH2,CNR1
4151,silodosin,C[C@H](CC1=CC2=C(N(CCCO)CC2)C(=C1)C(N)=O)NCCOC1=CC=CC=C1OCC(F)(F)F,ABCB1;ADRA1A;ADRA1B;ADRA1D;KCNH2,ADRA1A
4153,cabazitaxel,CO[C@H]1C[C@H]2OC[C@@]2(OC(C)=O)[C@H]2[C@H](OC(=O)C3=CC=CC=C3)[C@]3(O)C[C@H](OC(=O)[C@H](O)[C@@H](NC(=O)OC(C)(C)C)C4=CC=CC=C4)C(C)=C([C@@H](OC)C(=O)[C@]12C)C3(C)C,TUBB;TUBB1;TUBB2A;TUBB2B;TUBB3;TUBB4A;TUBB4B;TUBB6;TUBB8,TUBB;TUBB1;TUBB2A;TUBB2B;TUBB3;TUBB4A;TUBB4B;TUBB6;TUBB8
4157,lercanidipine,COC(=O)C1=C(C)NC(C)=C(C1C1=CC=CC(=C1)[N+]([O-])=O)C(=O)OC(C)(C)CN(C)CCC(C1=CC=CC=C1)C1=CC=CC=C1,CACNA1C;CACNA1D,CACNA1C;CACNA1D
4161,temsirolimus,CO[C@@H]1C[C@H](C[C@@H](C)[C@@H]2CC(=O)[C@H](C)\C=C(C)\[C@@H](O)[C@@H](OC)C(=O)[C@H](C)C[C@H](C)\C=C\C=C\C=C(C)\[C@H](C[C@@H]3CC[C@@H](C)[C@@](O)(O3)C(=O)C(=O)N3CCCC[C@H]3C(=O)O2)OC)CC[C@H]1OC(=O)C(C)(CO)CO,ABCB1;FKBP1A;FKBP3;MTOR,FKBP1A
4162,dexlansoprazole,CC1=C(OCC(F)(F)F)C=CN=C1C[S@@](=O)C1=NC2=C(N1)C=CC=C2,ATP4A;ATP4B;ENGASE;SARM1,ATP4A;ATP4B
4163,fampridine,NC1=CC=NC=C1,KCNA1;KCNA10;KCNA2;KCNA3;KCNA4;KCNA5;KCNA6;KCNA7;KCNB1;KCNB2;KCNC1;KCNC2;KCNC3;KCNC4;KCND1;KCND2;KCND3;KCNF1;KCNG1;KCNG2;KCNG3;KCNG4;KCNH1;KCNH2;KCNH3;KCNH4;KCNH5;KCNH6;KCNH7;KCNH8;KCNQ1;KCNQ2;KCNQ3;KCNQ4;KCNQ5;KCNS1;KCNS2;KCNS3;KCNV1;KCNV2,KCNA1;KCNA10;KCNA2;KCNA3;KCNA4;KCNA5;KCNA6;KCNA7;KCNB1;KCNB2;KCNC1;KCNC2;KCNC3;KCNC4;KCND1;KCND2;KCND3;KCNF1;KCNG1;KCNG2;KCNG3;KCNG4;KCNH1;KCNH2;KCNH3;KCNH4;KCNH5;KCNH6;KCNH7;KCNH8;KCNQ1;KCNQ2;KCNQ3;KCNQ4;KCNQ5;KCNS1;KCNS2;KCNS3;KCNV1;KCNV2
4164,liraglutide,CCCCCCCCCCCCCCCC(=O)N[C@@H](CCC(=O)NCCCC[C@H](NC(=O)[C@H](C)NC(=O)[C@H](C)NC(=O)[C@H](CCC(N)=O)NC(=O)CNC(=O)[C@H](CCC(O)=O)NC(=O)[C@H](CC(C)C)NC(=O)[C@H](CC1=CC=C(O)C=C1)NC(=O)[C@H](CO)NC(=O)[C@H](CO)NC(=O)[C@@H](NC(=O)[C@H](CC(O)=O)NC(=O)[C@H](CO)NC(=O)[C@@H](NC(=O)[C@H](CC1=CC=CC=C1)NC(=O)[C@@H](NC(=O)CNC(=O)[C@H](CCC(O)=O)NC(=O)[C@H](C)NC(=O)[C@@H](N)CC1=CNC=N1)[C@@H](C)O)[C@@H](C)O)C(C)C)C(=O)N[C@@H](CCC(O)=O)C(=O)N[C@@H](CC1=CC=CC=C1)C(=O)N[C@@H]([C@@H](C)CC)C(=O)N[C@@H](C)C(=O)N[C@@H](CC1=CNC2=C1C=CC=C2)C(=O)N[C@@H](CC(C)C)C(=O)N[C@@H](C(C)C)C(=O)N[C@@H](CCCNC(N)=N)C(=O)NCC(=O)N[C@@H](CCCNC(N)=N)C(=O)NCC(O)=O)C(O)=O,GLP1R,GLP1R
4165,alcaftadine,CN1CCC(CC1)=C1C2=NC=C(C=O)N2CCC2=C1C=CC=C2,HRH1,HRH1
4166,ulipristal,CN(C)C1=CC=C(C=C1)[C@H]1C[C@@]2(C)[C@@H](CC[C@]2(OC(C)=O)C(C)=O)[C@@H]2CCC3=CC(=O)CCC3=C12,PGR,PGR
4167,fingolimod,CCCCCCCCC1=CC=C(CCC(N)(CO)CO)C=C1,S1PR1;S1PR3;S1PR4;S1PR5;SGPL1,S1PR1;S1PR3;S1PR4;S1PR5
4168,lurasidone,O=C1[C@H]2[C@@H]3CC[C@@H](C3)[C@H]2C(=O)N1C[C@@H]1CCCC[C@H]1CN1CCN(CC1)C1=NSC2=C1C=CC=C2,ADRA2A;ADRA2C;DRD2;HTR1A;HTR2A;HTR7,DRD2;HTR2A
4171,eribulin,CO[C@H]1[C@@H](C[C@H](O)CN)O[C@H]2C[C@H]3O[C@H](C[C@@H](C)C3=C)CC[C@@H]3O[C@H](CC3=C)CC[C@@]34C[C@H]5O[C@@H]6[C@@H](O[C@H]7CC[C@H](CC(=O)C[C@H]12)O[C@@H]7[C@@H]6O3)[C@H]5O4,TUBB;TUBB1;TUBB2A;TUBB2B;TUBB3;TUBB4A;TUBB4B;TUBB6;TUBB8,TUBB;TUBB1;TUBB2A;TUBB2B;TUBB3;TUBB4A;TUBB4B;TUBB6;TUBB8
4172,boceprevir,CC(C)(C)NC(=O)N[C@H](C(=O)N1C[C@H]2[C@@H]([C@H]1C(=O)NC(CC1CCC1)C(=O)C(N)=O)C2(C)C)C(C)(C)C,CMA1;CTSA;CTSB;CTSF;CTSK;CTSL;CTSS;CTSV;ELANE,
4173,telaprevir,CCC[C@H](NC(=O)[C@@H]1[C@H]2CCC[C@H]2CN1C(=O)[C@@H](NC(=O)[C@@H](NC(=O)C1=CN=CC=N1)C1CCCCC1)C(C)(C)C)C(=O)C(=O)NC1CC1,CELA1;CMA1;CTSA;CTSB;CTSK;CTSL;CTSS;CTSV;ELANE;PLG,
4174,rilpivirine,CC1=CC(\C=C\C#N)=CC(C)=C1NC1=NC(NC2=CC=C(C=C2)C#N)=NC=C1,KCNH2,
4175,linagliptin,CC#CCN1C(=NC2=C1C(=O)N(CC1=NC3=CC=CC=C3C(C)=N1)C(=O)N2C)N1CCC[C@@H](N)C1,CHRM1;DPP4;DPP9;FAP,DPP4
4176,abiraterone acetate,CC(=O)O[C@H]1CC[C@]2(C)[C@H]3CC[C@@]4(C)[C@@H](CC=C4C4=CC=CN=C4)[C@@H]3CC=C2C1,AR;CYP11B1;CYP11B2;CYP17A1;CYP3A4,CYP17A1
4177,gabapentin enacarbil,CC(C)C(=O)OC(C)OC(=O)NCC1(CC(O)=O)CCCCC1,CACNA2D1;CACNA2D2,CACNA2D1;CACNA2D2
4178,vandetanib,COC1=C(OCC2CCN(C)CC2)C=C2N=CN=C(NC3=C(F)C=C(Br)C=C3)C2=C1,ABL1;ABL2;ACVR1;ACVRL1;ALK;AURKC;AXL;BLK;BMPR1B;BTK;CDC42BPA;CDC42BPB;CDC42BPG;CDK7;CIT;COQ8A;COQ8B;CSF1R;CSK;CSNK1E;DDR1;DDR2;EGFR;EPHA1;EPHA2;EPHA3;EPHA4;EPHA5;EPHA6;EPHA7;EPHA8;EPHB1;EPHB2;EPHB4;EPHB6;ERBB2;ERBB3;ERBB4;FGFR1;FGFR2;FGFR3;FGFR4;FGR;FLT1;FLT3;FLT4;FRK;FYN;GAK;HCK;HUNK;IRAK1;IRAK4;KDR;KIT;LCK;LTK;LYN;MAP2K1;MAP2K2;MAP2K5;MAP3K19;MAP3K4;MAP4K1;MAP4K2;MAP4K3;MAP4K4;MAP4K5;MAPK6;MERTK;MET;MINK1;MKNK1;MKNK2;MST1R;PDGFRA;PDGFRB;PHKG1;PHKG2;PLK4;PRKAA1;PTK6;RET;RIPK2;RIPK4;ROCK2;RPS6KA1;RPS6KA6;RPS6KB1;SIK1;SIK2;SIK3;SLK;SRC;SRMS;STK10;STK32A;STK33;STK35;TEK;TESK1;TIE1;TNIK;TNNI3K;TXK;TYRO3;ULK3;YES1;ZAK,EGFR;KDR;RET
4181,retigabine,CCOC(=O)NC1=C(N)C=C(NCC2=CC=C(F)C=C2)C=C1,KCNQ2;KCNQ3;KCNQ4;KCNQ5,KCNQ2;KCNQ3;KCNQ4;KCNQ5
4182,rivaroxaban,ClC1=CC=C(S1)C(=O)NC[C@H]1CN(C(=O)O1)C1=CC=C(C=C1)N1CCOCC1=O,F10;ST14,F10
4183,indacaterol,CCC1=C(CC)C=C2CC(CC2=C1)NC[C@H](O)C1=CC=C(O)C2=C1C=CC(=O)N2,ADRB1;ADRB2;DRD2;DRD3,ADRB2
4184,ticagrelor,CCCSC1=NC(N[C@@H]2C[C@H]2C2=CC(F)=C(F)C=C2)=C2N=NN([C@@H]3C[C@H](OCCO)[C@@H](O)[C@H]3O)C2=N1,P2RY12;SLC29A1,P2RY12
4185,vemurafenib,CCCS(=O)(=O)NC1=CC=C(F)C(C(=O)C2=CNC3=NC=C(C=C23)C2=CC=C(Cl)C=C2)=C1F,ARAF;BRAF;FECH;KDR;KRAS;RAF1;ZAK,BRAF
4186,icatibant,N[C@H](CCCNC(N)=N)C(=O)N[C@@H](CCCNC(N)=N)C(=O)N1CCC[C@H]1C(=O)N1C[C@H](O)C[C@H]1C(=O)NCC(=O)N[C@@H](CC1=CC=CS1)C(=O)N[C@@H](CO)C(=O)N1CC2=C(C[C@@H]1C(=O)N1[C@H]3CCCC[C@H]3C[C@H]1C(=O)N[C@@H](CCCNC(N)=N)C(O)=O)C=CC=C2,BDKRB1;BDKRB2,BDKRB2
4187,crizotinib,C[C@@H](OC1=C(N)N=CC(=C1)C1=CN(N=C1)C1CCNCC1)C1=C(Cl)C=CC(F)=C1Cl,AAK1;ABL1;ABL2;ACVR1;ACVR1B;ALK;ANKK1;AURKA;AURKB;AURKC;AXL;BLK;BMP2K;BMPR1B;BMX;BTK;CAMKK2;CASK;CDK11A;CDK11B;CDK7;CDKL2;COQ8B;CSF1R;DCLK1;DCLK2;DDR1;DMPK;DSTYK;DYRK2;EGFR;EIF2AK2;EPHA1;EPHA2;EPHA3;EPHA4;EPHA5;EPHA6;EPHA7;EPHA8;EPHB1;EPHB4;EPHB6;FER;FES;FGFR3;FGR;FLT1;FLT3;FRK;FYN;GRK4;HIPK4;IGF1R;IKBKB;IKBKE;INPPL1;INSR;INSRR;IRAK1;IRAK3;IRAK4;ITK;JAK1;JAK2;JAK3;KIT;LCK;LIMK1;LIMK2;LTK;LYN;MAP2K3;MAP3K1;MAP3K12;MAP3K13;MAP3K15;MAP3K19;MAP3K2;MAP3K3;MAP3K7;MAP4K1;MAP4K2;MAP4K3;MAP4K5;MAPK7;MERTK;MET;MINK1;MLKL;MST1R;MUSK;NEK7;NEK9;NIM1K;NPM1;NTRK1;NTRK2;NTRK3;NUAK2;PIP5K1A;PLK4;PRKAA1;PRKD1;PRKD3;PTK2;PTK2B;RET;RIOK1;RIOK3;RIPK1;RIPK2;RIPK3;RIPK4;ROCK1;ROCK2;ROS1;RPS6KB1;SBK1;SBK3;SIK2;SLK;SRC;SRPK1;SRPK3;STK10;STK26;STK3;STK35;STK4;SYK;TAOK1;TAOK2;TAOK3;TBK1;TEK;TESK1;TGFBR1;TIE1;TNK1;TNK2;TNNI3K;TXK;TYK2;TYRO3;ULK1;ULK2;ULK3;YES1;ZAP70,ALK;MET
4188,deferiprone,CN1C=CC(=O)C(O)=C1C,DOHH,
4189,hydroxyprogesterone caproate,CCCCCC(=O)O[C@@]1(CC[C@H]2[C@@H]3CCC4=CC(=O)CC[C@]4(C)[C@H]3CC[C@]12C)C(C)=O,ADORA3;MAPK3;NR3C1;PGR;SERPINA6;SHBG;SLC6A3,PGR
4190,ruxolitinib,N#CC[C@H](C1CCCC1)N1C=C(C=N1)C1=C2C=CNC2=NC=N1,AAK1;ABL1;ALK;ANKK1;AURKC;BMP2K;BMPR1B;BMPR2;BRAF;CAMK1;CAMK1D;CAMK1G;CAMK2A;CAMK2B;CAMK2D;CAMK2G;CASK;CDK7;CLK2;CLK4;CSNK1A1;CSNK2A1;CSNK2A2;DAPK1;DAPK2;DAPK3;DCLK1;DCLK2;DCLK3;DMPK;DYRK1A;DYRK2;EPHA3;EPHB6;ERN1;GAK;GRK1;GRK4;GRK7;HDAC6;HIPK1;HIPK2;HIPK3;IKBKB;IKBKE;IRAK1;JAK1;JAK2;JAK3;KIT;LRRK2;LTK;MAP2K1;MAP2K2;MAP2K3;MAP2K4;MAP3K1;MAP3K15;MAP3K19;MAP3K2;MAP3K3;MAP3K7;MAP4K2;MAPK8;MARK2;MAST1;MELK;MKNK2;MYLK;NEK3;NEK7;NR1H2;NTRK1;NTRK2;NTRK3;NUAK2;OXSR1;PAK4;PAK5;PAK6;PHKG1;PHKG2;PI4KB;PLK1;PLK2;PLK3;PLK4;PRKCE;PRKG2;RET;RIOK1;RIOK2;RIOK3;RIPK4;ROCK1;ROCK2;RPS6KA1;RPS6KA2;RPS6KA4;RPS6KA5;RPS6KA6;SBK1;SBK3;SIK3;SRPK1;SRPK3;STK16;STK17A;STK17B;STK25;STK26;STK39;TAOK1;TAOK2;TAOK3;TBK1;TNK2;TTK;TYK2;ULK1;ULK2;ULK3;VRK2,JAK1;JAK2
4191,fesoterodine,CC(C)N(CC[C@H](C1=CC=CC=C1)C1=C(OC(=O)C(C)C)C=CC(CO)=C1)C(C)C,CHRM1;CHRM2;CHRM3;CHRM4;CHRM5,CHRM2;CHRM3
4192,tafamidis,OC(=O)C1=CC2=C(C=C1)N=C(O2)C1=CC(Cl)=CC(Cl)=C1,ABCG2;SLC22A6;SLC22A8;TTR,TTR
4197,vitamin A palmitate,CCCCCCCCCCCCCCCC(=O)OC\C=C(/C)\C=C\C=C(/C)\C=C\C1=C(C)CCCC1(C)C,RBP4,
4209,prazosin,COC1=C(OC)C=C2C(N)=NC(=NC2=C1)N1CCN(CC1)C(=O)C1=CC=CO1,ADORA3;ADRA1A;ADRA1B;ADRA1D;ADRA2A;ADRA2B;ADRA2C;DRD4;HTR1D;HTR2A;HTR2B;KCNH2;MMP1;MMP9;NQO2;SCN1A;SCN2A;SCN3A;SLC22A1;SLC22A2;SLC47A1;SLC47A2,ADRA1A;ADRA1B;ADRA1D
4211,acetic acid,CC(O)=O,FFAR2;FFAR3;FYN;LCK,
4213,hydrocortisone acetate,CC(=O)OCC(=O)[C@@]1(O)CC[C@H]2[C@@H]3CCC4=CC(=O)CC[C@]4(C)[C@H]3[C@@H](O)C[C@]12C,NR3C1;SERPINA6,NR3C1
4218,methyldopate,CCOC(=O)[C@@](C)(N)CC1=CC(O)=C(O)C=C1,ADRA2A;ADRA2B;ADRA2C,ADRA2A;ADRA2B;ADRA2C
4221,mequinol,COC1=CC=C(O)C=C1,TYR,TYR
4223,vilazodone,NC(=O)C1=CC2=C(O1)C=CC(=C2)N1CCN(CCCCC2=CNC3=C2C=C(C=C3)C#N)CC1,ADRA1A;ADRA1B;ADRA1D;ADRA2A;ADRA2B;ADRA2C;DRD2;DRD3;HRH1;HTR1A;HTR4;HTR7;SLC6A4,HTR1A;SLC6A4
4225,axitinib,CNC(=O)C1=C(SC2=CC=C3C(NN=C3\C=C\C3=CC=CC=N3)=C2)C=CC=C1,AAK1;ABL1;ABL2;ACVR2B;ANKK1;AURKA;AURKB;AURKC;AXL;BLK;BMP2K;BMPR1B;CAMKK1;CAMKK2;CDC42BPB;CDK16;CDKL2;CSF1R;CSK;CSNK2A2;DDR1;DDR2;EGFR;EIF2AK2;EPHB6;FGFR1;FGFR2;FGFR3;FGR;FLT1;FLT3;FLT4;GAK;GRK4;HUNK;IRAK1;ITK;JAK2;JAK3;KDR;KIT;LCK;LRRK2;MAP2K1;MAP2K2;MAP2K5;MAP3K12;MAP3K19;MAP3K3;MAP3K4;MAP3K9;MAP4K1;MAP4K2;MAP4K3;MAP4K4;MAP4K5;MAPK10;MAPK8;MERTK;MET;MINK1;MYLK2;MYLK3;MYO3A;NTRK1;NUAK2;PAK4;PDGFRA;PDGFRB;PKN2;PLK4;RET;RIOK1;RIOK3;RIPK1;RIPK2;RIPK4;ROS1;SIK1;SLK;SRPK1;SRPK3;STK10;STK16;STK3;STK4;TEK;TESK1;TIE1;TNIK;TNK1;TNK2;TTK;TXK;TYK2;ULK2;ULK3;YES1;ZAK,FLT1;FLT4;KDR
4226,ingenol mebutate,C\C=C(\C)C(=O)O[C@H]1C(C)=C[C@@]23[C@H](C)C[C@@H]4[C@H]([C@H](C=C(CO)[C@@H](O)[C@]12O)C3=O)C4(C)C,PRKCA;PRKCB;PRKCD;PRKCE;PRKCG;PRKD1,PRKCD
4227,vismodegib,CS(=O)(=O)C1=CC(Cl)=C(C=C1)C(=O)NC1=CC=C(Cl)C(=C1)C1=CC=CC=N1,SHH;SMO,SMO
4228,ivacaftor,CC(C)(C)C1=CC(=C(NC(=O)C2=CNC3=CC=CC=C3C2=O)C=C1O)C(C)(C)C,CFTR,CFTR
4229,tafluprost,CC(C)OC(=O)CCC\C=C/C[C@H]1[C@@H](O)C[C@@H](O)[C@@H]1\C=C\C(F)(F)COC1=CC=CC=C1,PTGFR,PTGFR
4242,avobenzone,COC1=CC=C(C=C1)C(=O)CC(=O)C1=CC=C(C=C1)C(C)(C)C,TYR,TYR
4257,bismuth subsalicylate,O[Bi]1OC(=O)C2=CC=CC=C2O1,PTGS1;PTGS2,PTGS1;PTGS2
4258,thymol,CC(C)C1=C(O)C=C(C)C=C1,TRPA1,
4260,sulfur,[S],CA1;CA2,
4264,carbamide,NC(N)=O,OR51E2,
4266,phenol,OC1=CC=CC=C1,CA1;CA12;CA14;CA2;CA3;CA4;CA9,
4267,arbutin,OC[C@H]1O[C@@H](OC2=CC=C(O)C=C2)[C@H](O)[C@@H](O)[C@@H]1O,TYR,
4276,piperonyl butoxide,CCCCOCCOCCOCC1=CC2=C(OCO2)C=C1CCC,CYP3A4,
4283,tapentadol,CC[C@H]([C@@H](C)CN(C)C)C1=CC(O)=CC=C1,OPRM1;SLC22A1;SLC6A2,OPRM1;SLC6A2
4285,Florbetapir F-18,CNC1=CC=C(\C=C\C2=CN=C(OCCOCCOCC[18F])C=C2)C=C1,APP,
4289,doconexent,CC\C=C/C\C=C/C\C=C/C\C=C/C\C=C/C\C=C/CCC(O)=O,CYP19A1;FFAR1;OXER1;RXRA,
4298,apixaban,COC1=CC=C(C=C1)N1N=C(C(N)=O)C2=C1C(=O)N(CC2)C1=CC=C(C=C1)N1CCCCC1=O,F10;F2,F10
4299,cobicistat,CC(C)C1=NC(CN(C)C(=O)N[C@@H](CCN2CCOCC2)C(=O)N[C@H](CC[C@H](CC2=CC=CC=C2)NC(=O)OCC2=CN=CS2)CC2=CC=CC=C2)=CS1,CYP3A4;CYP3A43;CYP3A5;CYP3A7,CYP3A4;CYP3A43;CYP3A5;CYP3A7
4301,Flutemetamol (18F),CNC1=C([18F])C=C(C=C1)C1=NC2=CC=C(O)C=C2S1,APP,
4302,glycopyrronium bromide,C[N+]1(C)CCC(C1)OC(=O)C(O)(C1CCCC1)C1=CC=CC=C1,CHRM1;CHRM2;CHRM3;CHRM4;CHRM5,CHRM1;CHRM2;CHRM3;CHRM4;CHRM5
4303,eslicarbazepine acetate,CC(=O)O[C@H]1CC2=C(C=CC=C2)N(C(N)=O)C2=CC=CC=C12,SCN10A;SCN11A;SCN1A;SCN2A;SCN3A;SCN4A;SCN5A;SCN7A;SCN8A;SCN9A,SCN10A;SCN11A;SCN1A;SCN2A;SCN3A;SCN4A;SCN5A;SCN7A;SCN8A;SCN9A
4304,dapagliflozin,CCOC1=CC=C(CC2=C(Cl)C=CC(=C2)[C@@H]2O[C@H](CO)[C@@H](O)[C@H](O)[C@H]2O)C=C1,SLC5A1;SLC5A11;SLC5A2;SLC5A4,SLC5A2
4305,avanafil,COC1=C(Cl)C=C(CNC2=NC(=NC=C2C(=O)NCC2=NC=CC=N2)N2CCC[C@H]2CO)C=C1,PDE5A;PDE6C,PDE5A
4308,lasofoxifene,OC1=CC=C2C(C(CCC2=C1)C1=CC=CC=C1)C1=CC=C(OCCN2CCCC2)C=C1,ESR1;ESR2,ESR1;ESR2
4310,lacosamide,COC[C@@H](NC(C)=O)C(=O)NCC1=CC=CC=C1,CA1;CA12;CA13;CA14;CA2;CA3;CA4;CA5A;CA5B;CA6;CA7;CA9;DPYSL2;SCN9A,SCN9A
4314,aceclidine,CC(=O)OC1CN2CCC1CC2,CHRM1;CHRM2;CHRM3;CHRM4;CHRM5,
4318,afatinib,CN(C)C\C=C\C(=O)NC1=CC2=C(C=C1O[C@H]1CCOC1)N=CN=C2NC1=CC(Cl)=C(F)C=C1,ABL1;AXL;BLK;CIT;CSNK1E;DYRK1A;DYRK1B;DYRK2;EGFR;EPHA6;EPHB6;ERBB2;ERBB3;ERBB4;FLT3;FRK;GAK;HCK;HIPK4;IRAK1;LCK;MAP2K5;MAPK10;MAPK14;MAPK9;MET;MKNK1;MKNK2;PHKG1;PHKG2;RIPK2;RPS6KA6;SBK1;SLK;SRC;STK10;STK17A;TXK,EGFR;ERBB2;ERBB4
4322,azilsartan medoxomil,CCOC1=NC2=CC=CC(C(=O)OCC3=C(C)OC(=O)O3)=C2N1CC1=CC=C(C=C1)C1=C(C=CC=C1)C1=NOC(=O)N1,AGTR1,AGTR1
4326,laropiprant,CS(=O)(=O)C1=C2N(CC3=CC=C(Cl)C=C3)C3=C(CC[C@@H]3CC(O)=O)C2=CC(F)=C1,PTGDR;PTGDR2;PTGER1;PTGER2;PTGER3;PTGFR;PTGIR;TBXA2R,PTGDR
4329,pasireotide,NCCCC[C@@H]1NC(=O)[C@@H](CC2=CNC3=C2C=CC=C3)NC(=O)C(NC(=O)[C@@H]2C[C@H](CN2C(=O)[C@H](CC2=CC=CC=C2)NC(=O)[C@H](CC2=CC=C(OCC3=CC=CC=C3)C=C2)NC1=O)OC(=O)NCCN)C1=CC=CC=C1,SSTR1;SSTR2;SSTR3;SSTR5,SSTR1;SSTR2;SSTR3;SSTR5
4334,bazedoxifene,CC1=C(N(CC2=CC=C(OCCN3CCCCCC3)C=C2)C2=C1C=C(O)C=C2)C1=CC=C(O)C=C1,ESR1;ESR2,ESR1;ESR2
4336,amifampridine,NC1=CC=NC=C1N,KCNA1;KCNA10;KCNA2;KCNA3;KCNA4;KCNA5;KCNA6;KCNA7;KCNB1;KCNB2;KCNC1;KCNC2;KCNC3;KCNC4;KCND1;KCND2;KCND3;KCNF1;KCNG1;KCNG2;KCNG3;KCNG4;KCNH1;KCNH2;KCNH3;KCNH4;KCNH5;KCNH6;KCNH7;KCNH8;KCNQ1;KCNQ2;KCNQ3;KCNQ4;KCNQ5;KCNS1;KCNS2;KCNS3;KCNV1;KCNV2,KCNA1;KCNA10;KCNA2;KCNA3;KCNA4;KCNA5;KCNA6;KCNA7;KCNB1;KCNB2;KCNC1;KCNC2;KCNC3;KCNC4;KCND1;KCND2;KCND3;KCNF1;KCNG1;KCNG2;KCNG3;KCNG4;KCNH1;KCNH2;KCNH3;KCNH4;KCNH5;KCNH6;KCNH7;KCNH8;KCNQ1;KCNQ2;KCNQ3;KCNQ4;KCNQ5;KCNS1;KCNS2;KCNS3;KCNV1;KCNV2
4337,ambrisentan,COC([C@H](OC1=NC(C)=CC(C)=N1)C(O)=O)(C1=CC=CC=C1)C1=CC=CC=C1,EDNRA;EDNRB,EDNRA
4340,alogliptin,CN1C(=O)C=C(N2CCC[C@@H](N)C2)N(CC2=C(C=CC=C2)C#N)C1=O,DPP4,DPP4
4342,zucapsaicin,COC1=CC(CNC(=O)CCCC\C=C/C(C)C)=CC=C1O,TRPV1,TRPV1
4353,bilastine,CCOCCN1C(=NC2=C1C=CC=C2)C1CCN(CCC2=CC=C(C=C2)C(C)(C)C(O)=O)CC1,HRH1,HRH1
4359,bosutinib,COC1=CC2=C(C=C1OCCCN1CCN(C)CC1)N=CC(C#N)=C2NC1=CC(OC)=C(Cl)C=C1Cl,AAK1;ABL1;ABL2;ALK;ANKK1;AXL;BCR;BLK;BMP2K;BMPR2;BMX;BTK;CAMK1D;CAMK2A;CAMK2G;CAMKK2;CASK;CDK14;CDK15;CDK16;CDK7;CHEK1;CHEK2;CIT;CLK1;CLK2;CLK3;CLK4;CSF1R;CSK;CSNK1A1;CSNK1A1L;CSNK1D;CSNK1E;DCLK3;DDR1;DDR2;DMPK;DSTYK;EGFR;EIF2AK1;EIF2AK4;EPHA1;EPHA2;EPHA3;EPHA4;EPHA5;EPHA6;EPHA8;EPHB1;EPHB2;EPHB3;EPHB4;EPHB6;ERBB2;ERBB3;ERBB4;FER;FES;FGR;FLT3;FRK;FYN;GAK;GRK4;GRK7;HCK;HIPK1;HIPK2;HIPK3;HIPK4;HUNK;IKBKE;IRAK1;IRAK4;ITK;JAK2;JAK3;KIT;LCK;LRRK2;LTK;LYN;MAP2K1;MAP2K2;MAP2K3;MAP2K4;MAP2K5;MAP2K6;MAP2K7;MAP3K1;MAP3K11;MAP3K12;MAP3K13;MAP3K19;MAP3K2;MAP3K3;MAP3K4;MAP3K7;MAP3K9;MAP4K1;MAP4K2;MAP4K3;MAP4K4;MAP4K5;MAPK7;MAST1;MATK;MERTK;MET;MINK1;MST1R;MYLK;MYO3A;MYO3B;NEK11;NEK2;NIM1K;NLK;NPM1;NTRK1;NTRK2;NTRK3;NUAK1;NUAK2;PAK1;PAK2;PAK3;PDGFRA;PDGFRB;PHKG1;PHKG2;PIP5K1A;PKMYT1;PKN1;PKN2;PLK1;PLK2;PRKAA1;PRKCD;PRKCE;PRKCQ;PRKD3;PTK2;PTK2B;RET;RIOK1;RIOK3;RIPK2;ROCK1;ROCK2;RPS6KA2;RPS6KA3;RPS6KA6;RPS6KB1;SIK1;SIK2;SIK3;SLK;SRC;SRMS;SRPK3;STK10;STK24;STK25;STK26;STK3;STK32A;STK33;STK35;STK36;STK39;STK4;SYK;TAOK1;TAOK2;TAOK3;TBK1;TEC;TEK;TIE1;TLK1;TLK2;TNIK;TNK2;TNNI3K;TSSK1B;TXK;TYK2;TYRO3;ULK1;ULK2;ULK3;VRK2;WEE1;WEE2;YES1;ZAK;ZAP70,ABL1;HCK;LYN;SRC
4361,chenodiol,C[C@H](CCC(O)=O)[C@H]1CC[C@H]2[C@@H]3[C@H](O)C[C@@H]4C[C@H](O)CC[C@]4(C)[C@H]3CC[C@]12C,FPR1;GPBAR1;NR1H4,NR1H4
4365,vernakalant,COC1=C(OC)C=C(CCO[C@@H]2CCCC[C@H]2N2CC[C@@H](O)C2)C=C1,KCNA5;KCND2;KCNH2;SCN5A,KCNA5
4366,voclosporin,CC[C@@H]1NC(=O)[C@H]([C@H](O)[C@H](C)C\C=C\C=C)N(C)C(=O)[C@H](C(C)C)N(C)C(=O)[C@H](CC(C)C)N(C)C(=O)[C@H](CC(C)C)N(C)C(=O)[C@@H](C)NC(=O)[C@H](C)NC(=O)[C@H](CC(C)C)N(C)C(=O)[C@@H](NC(=O)[C@H](CC(C)C)N(C)C(=O)CN(C)C1=O)C(C)C,PPIA,
4374,lorcaserin,C[C@H]1CNCCC2=CC=C(Cl)C=C12,HTR2A;HTR2B;HTR2C;SLC6A4,HTR2C
4376,dequalinium,CC1=[N+](CCCCCCCCCC[N+]2=C(C)C=C(N)C3=CC=CC=C23)C2=CC=CC=C2C(N)=C1,CNGA1;CNGA2;KCNN1;KCNN3;PRKCA,
4379,degarelix,CC(C)C[C@H](NC(=O)[C@@H](CC1=CC=C(NC(N)=O)C=C1)NC(=O)[C@H](CC1=CC=C(NC(=O)[C@@H]2CC(=O)NC(=O)N2)C=C1)NC(=O)[C@H](CO)NC(=O)[C@@H](CC1=CN=CC=C1)NC(=O)[C@@H](CC1=CC=C(Cl)C=C1)NC(=O)[C@@H](CC1=CC2=C(C=CC=C2)C=C1)NC(C)=O)C(=O)N[C@@H](CCCCNC(C)C)C(=O)N1CCC[C@H]1C(=O)N[C@H](C)C(N)=O,GNRHR,GNRHR
4380,desvenlafaxine,CN(C)CC(C1=CC=C(O)C=C1)C1(O)CCCCC1,SLC6A2;SLC6A4,SLC6A2;SLC6A4
4381,dapoxetine,CN(C)[C@@H](CCOC1=CC=CC2=C1C=CC=C2)C1=CC=CC=C1,SLC6A4,SLC6A4
4382,mirabegron,NC1=NC(CC(=O)NC2=CC=C(CCNC[C@H](O)C3=CC=CC=C3)C=C2)=CS1,ADRB3,ADRB3
4397,clopenthixol,OCCN1CCN(CCC=C2C3=CC=CC=C3SC3=CC=C(Cl)C=C23)CC1,HTR6,
4399,eltrombopag,CC1=NN(C(=O)\C1=N/NC1=CC=CC(C2=CC(=CC=C2)C(O)=O)=C1O)C1=CC(C)=C(C)C=C1,KCNH2;MPL,MPL
4401,casopitant,C[C@@H](N(C)C(=O)N1CC[C@@H](C[C@@H]1C1=C(C)C=C(F)C=C1)N1CCN(CC1)C(C)=O)C1=CC(=CC(=C1)C(F)(F)F)C(F)(F)F,SIGMAR1;TACR1,TACR1
4410,plerixafor,C(N1CCCNCCNCCCNCC1)C1=CC=C(CN2CCCNCCNCCCNCC2)C=C1,ACKR3;CCR2;CCR4;CXCL12;CXCR4,CXCR4
4411,dexchlorpheniramine,CN(C)CC[C@@H](C1=CC=C(Cl)C=C1)C1=CC=CC=N1,ADRA1D;ADRA2A;ADRA2B;CHRM1;CHRM2;CHRM3;CHRM4;CHRM5;HRH1;HRH2;HTR2A;HTR2C;SIGMAR1;SLC6A2;SLC6A3;SLC6A4,HRH1
4414,dibutylphthalate,CCCCOC(=O)C1=C(C=CC=C1)C(=O)OCCCC,TRPA1,
4420,dihydroergocryptine,CC(C)C[C@@H]1N2C(=O)[C@](NC(=O)[C@@H]3C[C@H]4[C@@H](CC5=CNC6=CC=CC4=C56)N(C)C3)(O[C@@]2(O)[C@@H]2CCCN2C1=O)C(C)C,HTR2B,
4427,calcitonin human,CC[C@H](C)[C@H](NC(=O)[C@H](C)NC(=O)[C@@H](NC(=O)[C@H](CCC(N)=O)NC(=O)[C@@H]1CCCN1C(=O)[C@H](CC1=CC=CC=C1)NC(=O)[C@@H](NC(=O)[C@H](CC1=CNC=N1)NC(=O)[C@H](CC1=CC=CC=C1)NC(=O)[C@H](CCCCN)NC(=O)[C@H](CC(N)=O)NC(=O)[C@H](CC1=CC=CC=C1)NC(=O)[C@H](CC(O)=O)NC(=O)[C@H](CCC(N)=O)NC(=O)[C@@H](NC(=O)[C@H](CC1=CC=C(O)C=C1)NC(=O)[C@@H](NC(=O)CNC(=O)[C@H](CC(C)C)NC(=O)[C@H](CCSC)NC(=O)[C@@H]1CSSC[C@H](N)C(=O)NCC(=O)N[C@@H](CC(N)=O)C(=O)N[C@@H](CC(C)C)C(=O)N[C@@H](CO)C(=O)N[C@@H]([C@@H](C)O)C(=O)N1)[C@@H](C)O)[C@@H](C)O)[C@@H](C)O)[C@@H](C)O)C(=O)NCC(=O)N[C@@H](C(C)C)C(=O)NCC(=O)N[C@@H](C)C(=O)N1CCC[C@H]1C(N)=O,CALCR;RAMP1;RAMP2;RAMP3,CALCR
4451,prednisolone sodium phosphate,C[C@]12C[C@H](O)[C@H]3[C@@H](CCC4=CC(=O)C=C[C@]34C)[C@@H]1CC[C@]2(O)C(=O)COP(O)(O)=O,NR3C1,NR3C1
4452,clobetasol propionate,CCC(=O)O[C@@]1([C@@H](C)C[C@H]2[C@@H]3CCC4=CC(=O)C=C[C@]4(C)[C@@]3(F)[C@@H](O)C[C@]12C)C(=O)CCl,ABCB11;ANXA1;CYP3A5;NR3C1,NR3C1
4454,testosterone cypionate,C[C@]12CC[C@H]3[C@@H](CCC4=CC(=O)CC[C@]34C)[C@@H]1CC[C@@H]2OC(=O)CCC1CCCC1,AR,AR
4456,hydrocortisone succinate,C[C@]12C[C@H](O)[C@H]3[C@@H](CCC4=CC(=O)CC[C@]34C)[C@@H]1CC[C@]2(O)C(=O)COC(=O)CCC(O)=O,NR3C1,NR3C1
4458,sulfisoxazole acetyl,CC(=O)N(C1=C(C)C(C)=NO1)S(=O)(=O)C1=CC=C(N)C=C1,EDNRA;EDNRB,
4466,eosin,OC1=C(Br)C2=C(C=C1Br)C1(OC(=O)C3=C1C=CC=C3)C1=CC(Br)=C(O)C(Br)=C1O2,PRMT1,
4470,fosaprepitant,C[C@@H](O[C@H]1OCCN(CC2=NN(C(=O)N2)P(O)(O)=O)[C@H]1C1=CC=C(F)C=C1)C1=CC(=CC(=C1)C(F)(F)F)C(F)(F)F,TACR1,TACR1
4482,corbadrine,C[C@H](N)[C@H](O)C1=CC(O)=C(O)C=C1,ADRA1D;ADRA2A;ADRA2B;ADRA2C,ADRA2A;ADRA2B;ADRA2C
4483,carfilzomib,CC(C)C[C@H](NC(=O)[C@H](CCC1=CC=CC=C1)NC(=O)CN1CCOCC1)C(=O)N[C@@H](CC1=CC=CC=C1)C(=O)N[C@@H](CC(C)C)C(=O)[C@@]1(C)CO1,CTSB;GSTO1;KCNH2;PSMB1;PSMB10;PSMB2;PSMB5;PSMB8;PSMB9,PSMB5
4484,aclidinium bromide,OC(C(=O)O[C@H]1C[N+]2(CCCOC3=CC=CC=C3)CCC1CC2)(C1=CC=CS1)C1=CC=CS1,CHRM1;CHRM2;CHRM3;CHRM4;CHRM5,CHRM3
4485,diflorasone diacetate,C[C@H]1C[C@H]2[C@@H]3C[C@H](F)C4=CC(=O)C=C[C@]4(C)[C@@]3(F)[C@@H](O)C[C@]2(C)[C@@]1(OC(C)=O)C(=O)COC(C)=O,NR3C1,NR3C1
4493,alclometasone dipropionate,CCC(=O)OCC(=O)[C@@]1(OC(=O)CC)[C@H](C)C[C@H]2[C@@H]3[C@H](Cl)CC4=CC(=O)C=C[C@]4(C)[C@H]3[C@@H](O)C[C@]12C,NR3C1,NR3C1
4496,haloperidol decanoate,CCCCCCCCCC(=O)OC1(CCN(CCCC(=O)C2=CC=C(F)C=C2)CC1)C1=CC=C(Cl)C=C1,DRD2;DRD3;DRD4,DRD2
4497,estradiol acetate,CC(=O)OC1=CC2=C(C=C1)[C@H]1CC[C@]3(C)[C@@H](O)CC[C@H]3[C@@H]1CC2,ESR1,ESR1
4498,paliperidone palmitate,CCCCCCCCCCCCCCCC(=O)OC1CCCN2C(=O)C(CCN3CCC(CC3)C3=NOC4=C3C=CC(F)=C4)=C(C)N=C12,DRD2;HTR2A;KCNH2,DRD2;HTR2A
4501,armodafinil,NC(=O)C[S@@](=O)C(C1=CC=CC=C1)C1=CC=CC=C1,ADRA1B;CYP1A2;CYP2C19;DRD2;DRD3;SLC6A3,SLC6A3
4504,hydrocortisone valerate,CCCCC(=O)O[C@@]1(CC[C@H]2[C@@H]3CCC4=CC(=O)CC[C@]4(C)[C@H]3[C@@H](O)C[C@]12C)C(=O)CO,NR3C1,NR3C1
4505,choline fenofibrate,CC(C)(OC1=CC=C(C=C1)C(=O)C1=CC=C(Cl)C=C1)C(O)=O,FABP2;PPARA;SLC22A12,PPARA
4507,halcinonide,CC1(C)O[C@@H]2C[C@H]3[C@@H]4CCC5=CC(=O)CC[C@]5(C)[C@@]4(F)[C@@H](O)C[C@]3(C)[C@@]2(O1)C(=O)CCl,NR3C1,NR3C1
4508,racepinefrine,CNCC(O)C1=CC(O)=C(O)C=C1,ADRA1A;ADRA1B;ADRA1D,
4514,teriparatide,CC[C@H](C)[C@H](NC(=O)[C@H](CCC(O)=O)NC(=O)[C@H](CO)NC(=O)[C@@H](NC(=O)[C@@H](N)CO)C(C)C)C(=O)N[C@@H](CCC(N)=O)C(=O)N[C@@H](CC(C)C)C(=O)N[C@@H](CCSC)C(=O)N[C@@H](CC1=CNC=N1)C(=O)N[C@@H](CC(N)=O)C(=O)N[C@@H](CC(C)C)C(=O)NCC(=O)N[C@@H](CCCCN)C(=O)N[C@@H](CC1=CNC=N1)C(=O)N[C@@H](CC(C)C)C(=O)N[C@@H](CC(N)=O)C(=O)N[C@@H](CO)C(=O)N[C@@H](CCSC)C(=O)N[C@@H](CCC(O)=O)C(=O)N[C@@H](CCCNC(N)=N)C(=O)N[C@@H](C(C)C)C(=O)N[C@@H](CCC(O)=O)C(=O)N[C@@H](CC1=CNC2=C1C=CC=C2)C(=O)N[C@@H](CC(C)C)C(=O)N[C@@H](CCCNC(N)=N)C(=O)N[C@@H](CCCCN)C(=O)N[C@@H](CCCCN)C(=O)N[C@@H](CC(C)C)C(=O)N[C@@H](CCC(N)=O)C(=O)N[C@@H](CC(O)=O)C(=O)N[C@@H](C(C)C)C(=O)N[C@@H](CC1=CNC=N1)C(=O)N[C@@H](CC(N)=O)C(=O)N[C@@H](CC1=CC=CC=C1)C(O)=O,PTH1R;PTH2R,PTH1R
4516,tetracosactide,CSCC[C@H](NC(=O)[C@H](CO)NC(=O)[C@H](CC1=CC=C(O)C=C1)NC(=O)[C@@H](N)CO)C(=O)N[C@@H](CCC(O)=O)C(=O)N[C@@H](CC1=CNC=N1)C(=O)N[C@@H](CC1=CC=CC=C1)C(=O)N[C@@H](CCCNC(N)=N)C(=O)N[C@@H](CC1=CNC2=C1C=CC=C2)C(=O)NCC(=O)N[C@@H](CCCCN)C(=O)N1CCC[C@H]1C(=O)N[C@@H](C(C)C)C(=O)NCC(=O)N[C@@H](CCCCN)C(=O)N[C@@H](CCCCN)C(=O)N[C@@H](CCCNC(N)=N)C(=O)N[C@@H](CCCNC(N)=N)C(=O)N1CCC[C@H]1C(=O)N[C@@H](C(C)C)C(=O)N[C@@H](CCCCN)C(=O)N[C@@H](C(C)C)C(=O)N[C@@H](CC1=CC=C(O)C=C1)C(=O)N1CCC[C@H]1C(O)=O,MC2R;MC4R,MC2R
4523,quinine,COC1=CC=C2N=CC=C([C@@H](O)[C@@H]3C[C@@H]4CC[N@]3C[C@@H]4C=C)C2=C1,ABCB1;HBA1;KCNB2;KCNH2;SCN1A;SCN2A;SCN3A;SLC22A1;SLC29A4,
4536,fenbendazole,COC(=O)NC1=NC2=C(N1)C=CC(SC1=CC=CC=C1)=C2,MAPK14,
4554,fluticasone furoate,C[C@@H]1C[C@H]2[C@@H]3C[C@H](F)C4=CC(=O)C=C[C@]4(C)[C@@]3(F)[C@@H](O)C[C@]2(C)[C@@]1(OC(=O)C1=CC=CO1)C(=O)SCF,NR3C1;NR3C2;PGR,NR3C1
4562,gepirone,CC1(C)CC(=O)N(CCCCN2CCN(CC2)C2=NC=CC=N2)C(=O)C1,DRD2;HTR1A;HTR2A,
4568,hydrochloric acid,Cl,CA4,
4569,hydrocortisone probutate,CCCC(=O)O[C@@]1(CC[C@H]2[C@@H]3CCC4=CC(=O)CC[C@]4(C)[C@H]3[C@@H](O)C[C@]12C)C(=O)COC(=O)CC,NR3C1,NR3C1
4573,iclaprim,COC1=CC(CC2=CN=C(N)N=C2N)=C2C=CC(OC2=C1OC)C1CC1,DHFR,
4588,linopirdine,O=C1N(C2=CC=CC=C2C1(CC1=CC=NC=C1)CC1=CC=NC=C1)C1=CC=CC=C1,KCNQ2;KCNQ4;KCNQ5,
4601,diosmetin,COC1=C(O)C=C(C=C1)C1=CC(=O)C2=C(O)C=C(O)C=C2O1,ABCC1;CYP1B1;IP6K2;IPMK;KDM1A,
4605,tonzonium,CCCCCCCCCCCCCCCC[N+](C)(C)CCN(CC1=CC=C(OC)C=C1)C1=NC=CC=N1,IDE,
4606,clocortolone pivalate,C[C@@H]1C[C@H]2[C@@H]3C[C@H](F)C4=CC(=O)C=C[C@]4(C)[C@@]3(Cl)[C@@H](O)C[C@]2(C)[C@H]1C(=O)COC(=O)C(C)(C)C,NR3C1,NR3C1
4608,trypan blue,CC1=C(C=CC(=C1)C1=CC(C)=C(C=C1)\N=N\C1=C(O)C2=C(N)C=C(C=C2C=C1S(O)(=O)=O)S(O)(=O)=O)\N=N\C1=C(O)C2=C(N)C=C(C=C2C=C1S(O)(=O)=O)S(O)(=O)=O,PTPN1,
4609,testosterone enantate,CCCCCCC(=O)O[C@H]1CC[C@H]2[C@@H]3CCC4=CC(=O)CC[C@]4(C)[C@H]3CC[C@]12C,AR,AR
4611,stearic acid,CCCCCCCCCCCCCCCCCC(O)=O,FABP4;PPARA;PPARD;PPARG,
4616,methylnaltrexone,C[N+]1(CC2CC2)CC[C@]23[C@H]4OC5=C(O)C=CC(C[C@@H]1[C@]2(O)CCC4=O)=C35,CYP2D6;OPRD1;OPRK1;OPRM1,OPRM1
4618,linolenic acid,CC\C=C/C\C=C/C\C=C/CCCCCCCC(O)=O,CYP19A1;F3;FABP3;FFAR1;PPARA;PPARD;PPARG;PTGS1,
4619,levomenol,CC(C)=CCC[C@](C)(O)[C@H]1CCC(C)=CC1,CHRNA7;STAT3,
4621,levomefolic acid,CN1[C@@H](CNC2=CC=C(C=C2)C(=O)N[C@@H](CCC(O)=O)C(O)=O)CNC2=C1C(=O)N=C(N)N2,TYMS,
4622,linaclotide,C[C@@H](O)[C@@H]1NC(=O)[C@@H]2CSSC[C@@H]3NC(=O)[C@@H](N)CSSC[C@H](NC(=O)[C@H](CSSC[C@H](NC(=O)CNC1=O)C(=O)N[C@@H](CC1=CC=C(O)C=C1)C(O)=O)NC(=O)[C@H](CC1=CC=C(O)C=C1)NC(=O)[C@H](CCC(O)=O)NC3=O)C(=O)N[C@@H](CC(N)=O)C(=O)N1CCC[C@H]1C(=O)N[C@@H](C)C(=O)N2,GUCY2C,GUCY2C
4624,phenylacetic acid,OC(=O)CC1=CC=CC=C1,AKR1B1,
4627,sincalide,CSCC[C@H](NC(=O)[C@H](CC1=CC=C(OS(O)(=O)=O)C=C1)NC(=O)[C@@H](N)CC(O)=O)C(=O)NCC(=O)N[C@@H](CC1=CNC2=C1C=CC=C2)C(=O)N[C@@H](CCSC)C(=O)N[C@@H](CC(O)=O)C(=O)N[C@@H](CC1=CC=CC=C1)C(N)=O,CCKAR;CCKBR,
4628,enzalutamide,CNC(=O)C1=C(F)C=C(C=C1)N1C(=S)N(C(=O)C1(C)C)C1=CC(=C(C=C1)C#N)C(F)(F)F,AR,AR
4633,trabectedin,COC1=CC2=C(CCN[C@]22CS[C@H]3[C@H]4[C@@H]5N(C)[C@@H](CC6=C5C(O)=C(OC)C(C)=C6)[C@H](O)N4[C@@H](COC2=O)C2=C3C(OC(C)=O)=C(C)C3=C2OCO3)C=C1O,SRC,
4634,teriflunomide,C\C(O)=C(/C#N)C(=O)NC1=CC=C(C=C1)C(F)(F)F,DHFR;DHODH,DHODH
4641,levmetamfetamine,CN[C@H](C)CC1=CC=CC=C1,TAAR1,TAAR1
4642,dodecanoic acid,CCCCCCCCCCCC(O)=O,FFAR1;GPR84;PPARA;PPARD;PPARG,
4647,fluorometholone acetate,C[C@H]1C[C@H]2[C@@H]3CC[C@](OC(C)=O)(C(C)=O)[C@@]3(C)C[C@H](O)[C@]2(F)[C@@]2(C)C=CC(=O)C=C12,NR3C1,NR3C1
4648,eugenol,COC1=CC(CC=C)=CC=C1O,ALOX5;PTGS1,
4654,regorafenib,CNC(=O)C1=CC(OC2=CC(F)=C(NC(=O)NC3=CC(=C(Cl)C=C3)C(F)(F)F)C=C2)=CC=N1,BRAF;EPHX2;FGFR1;FLT1;FLT3;GLRA1;KDR;KIT;PDGFRB;RAF1;TEK,BRAF;KDR
4659,metamizole,CN(CS(O)(=O)=O)C1=C(C)N(C)N(C1=O)C1=CC=CC=C1,TRPA1,TRPA1
4663,benzoin,OC(C(=O)C1=CC=CC=C1)C1=CC=CC=C1,CES1;CES2,
4664,benzoic acid,OC(=O)C1=CC=CC=C1,DAO;NAPRT,
4667,betamethasone phosphate,C[C@H]1C[C@H]2[C@@H]3CCC4=CC(=O)C=C[C@]4(C)[C@@]3(F)[C@@H](O)C[C@]2(C)[C@@]1(O)C(=O)COP(O)(O)=O,CHRM1;CHRM3;CHRM4;CHRM5;HRH1;NR3C1,NR3C1
4671,metizoline,CC1=C(CC2=NCCN2)C2=CC=CC=C2S1,NISCH,
4673,nalfurafine,CN([C@@H]1CC[C@@]2(O)[C@H]3CC4=C5C(O[C@@H]1[C@@]25CCN3CC1CC1)=C(O)C=C4)C(=O)\C=C\C1=COC=C1,HCRTR1;MAPK1;MAPK3;OPRD1;OPRK1;OPRL1;OPRM1,OPRK1
4676,obidoxime,O\N=C\C1=CC=[N+](COC[N+]2=CC=C(\C=N\O)C=C2)C=C1,ACHE,
4682,panobinostat,CC1=C(CCNCC2=CC=C(\C=C\C(=O)NO)C=C2)C2=CC=CC=C2N1,BRD4;HDAC1;HDAC10;HDAC11;HDAC2;HDAC3;HDAC4;HDAC5;HDAC6;HDAC7;HDAC8;HDAC9,HDAC1;HDAC10;HDAC11;HDAC2;HDAC3;HDAC4;HDAC5;HDAC6;HDAC7;HDAC8;HDAC9
4683,paraoxon,CCOP(=O)(OCC)OC1=CC=C(C=C1)[N+]([O-])=O,ACHE;BCHE;CA1;CA2,
4684,perampanel,O=C1N(C=C(C=C1C1=C(C=CC=C1)C#N)C1=CC=CC=N1)C1=CC=CC=C1,GRIA1;GRIA2;GRIA3;GRIA4,GRIA1;GRIA2;GRIA3;GRIA4
4690,pleconaril,CC1=NOC(CCCOC2=C(C)C=C(C=C2C)C2=NOC(=N2)C(F)(F)F)=C1,NR1I2,
4696,remikiren,CC(C)(C)S(=O)(=O)C[C@@H](CC1=CC=CC=C1)C(=O)N[C@@H](CC1=CNC=N1)C(=O)N[C@@H](CC1CCCCC1)[C@@H](O)[C@@H](O)C1CC1,REN,REN
4702,esatenolol,CC(C)NC[C@H](O)COC1=CC=C(CC(N)=O)C=C1,ADORA3;ADRB1;ADRB2,
4704,semustine,C[C@H]1CCC(CC1)NC(=O)N(CCCl)N=O,ADRA2A,
4713,tofacitinib,C[C@@H]1CCN(C[C@@H]1N(C)C1=C2C=CNC2=NC=N1)C(=O)CC#N,ABL1;BMP2K;CAMK1;CAMK1D;CAMK2A;CAMK2D;DCLK1;DCLK3;DMPK;FYN;GRK7;JAK1;JAK2;JAK3;LCK;LRRK2;MAP4K2;MKNK2;NUAK2;PKN1;PKN2;PRKCD;RET;ROCK1;ROCK2;RPS6KA1;RPS6KA2;RPS6KA6;STK3;TNK1;TYK2;ULK3,JAK1;JAK2;JAK3;TYK2
4715,cabozantinib,COC1=CC2=NC=CC(OC3=CC=C(NC(=O)C4(CC4)C(=O)NC4=CC=C(F)C=C4)C=C3)=C2C=C1OC,AURKA;AXL;EGFR;FGFR1;FLT1;FLT3;FLT4;KDR;KIT;MET;MST1R;RET;SRC;TEK,FLT3;KDR;KIT;MET;RET;TEK
4716,ponatinib,CN1CCN(CC2=CC=C(NC(=O)C3=CC=C(C)C(=C3)C#CC3=CN=C4C=CC=NN34)C=C2C(F)(F)F)CC1,ABL1;BCR;CDK19;CDK8;CSK;FGFR1;FGFR2;FGFR3;FGFR4;FLT3;KDR;KIT;LYN;PDGFRA;PDGFRB;RET;RIPK1;RIPK2;RIPK3;SRC,ABL1;BCR
4718,teduglutide,CC[C@H](C)[C@H](NC(=O)[C@H](CC(C)C)NC(=O)[C@H](CC1=CNC2=C1C=CC=C2)NC(=O)[C@H](CC(N)=O)NC(=O)[C@@H](NC(=O)[C@H](CC1=CC=CC=C1)NC(=O)[C@H](CC(O)=O)NC(=O)[C@H](CCCNC(N)=N)NC(=O)[C@H](C)NC(=O)[C@H](C)NC(=O)[C@H](CC(C)C)NC(=O)[C@H](CC(N)=O)NC(=O)[C@H](CC(O)=O)NC(=O)[C@H](CC(C)C)NC(=O)[C@@H](NC(=O)[C@@H](NC(=O)[C@H](CC(N)=O)NC(=O)[C@H](CCSC)NC(=O)[C@H](CCC(O)=O)NC(=O)[C@H](CC(O)=O)NC(=O)[C@H](CO)NC(=O)[C@H](CC1=CC=CC=C1)NC(=O)[C@H](CO)NC(=O)CNC(=O)[C@H](CC(O)=O)NC(=O)CNC(=O)[C@@H](N)CC1=CNC=N1)[C@@H](C)O)[C@@H](C)CC)[C@@H](C)CC)C(=O)N[C@@H](CCC(N)=O)C(=O)N[C@@H]([C@@H](C)O)C(=O)N[C@@H](CCCCN)C(=O)N[C@@H]([C@@H](C)CC)C(=O)N[C@@H]([C@@H](C)O)C(=O)N[C@@H](CC(O)=O)C(O)=O,GLP2R,GLP2R
4719,daunorubicinol,COC1=C2C(=O)C3=C(O)C4=C(C[C@](O)(C[C@@H]4O[C@H]4C[C@H](N)[C@H](O)[C@H](C)O4)[C@H](C)O)C(O)=C3C(=O)C2=CC=C1,ABCB1;ABCC1;ABCC6;ABCG2;TOP2A,
4721,lomitapide,FC(F)(F)CNC(=O)C1(CCCCN2CCC(CC2)NC(=O)C2=C(C=CC=C2)C2=CC=C(C=C2)C(F)(F)F)C2=CC=CC=C2C2=C1C=CC=C2,MTTP,MTTP
4723,succinimide,O=C1CCC(=O)N1,CRBN,
4727,tacalcitol,CC(C)[C@H](O)CC[C@@H](C)[C@H]1CC[C@H]2\C(CCC[C@]12C)=C\C=C1\C[C@@H](O)C[C@H](O)C1=C,VDR,
4728,tenidap,NC(=O)N1C(=O)\C(=C(/O)C2=CC=CS2)C2=C1C=CC(Cl)=C2,CYP1A2;CYP2C9;KCNJ4;PTGS1;PTGS2,
4731,thiocolchicoside,COC1=C(O[C@@H]2O[C@H](CO)[C@@H](O)[C@H](O)[C@H]2O)C=C2CC[C@H](NC(C)=O)C3=CC(=O)C(SC)=CC=C3C2=C1OC,GABRA1;GABRA2;GABRB1;GABRB2;GABRG2,
4732,thioctic acid,OC(=O)CCCCC1CCSS1,ACHE;SAE1;UBA2,
4741,bedaquiline,COC1=NC2=C(C=C(Br)C=C2)C=C1[C@@H](C1=CC=CC=C1)[C@@](O)(CCN(C)C)C1=CC=CC2=C1C=CC=C2,KCNH2,
4746,pomalidomide,NC1=CC=CC2=C1C(=O)N(C1CCC(=O)NC1=O)C2=O,CRBN,CRBN
4749,ospemifene,OCCOC1=CC=C(C=C1)C(=C(\CCCl)C1=CC=CC=C1)\C1=CC=CC=C1,ESR1,ESR1
4752,levobetaxolol,CC(C)NC[C@H](O)COC1=CC=C(CCOCC2CC2)C=C1,ADRB1;ADRB2,ADRB1
4757,dimethyl fumarate,COC(=O)\C=C\C(=O)OC,HCAR2;KEAP1,KEAP1
4758,canagliflozin,CC1=C(CC2=CC=C(S2)C2=CC=C(F)C=C2)C=C(C=C1)[C@@H]1O[C@H](CO)[C@@H](O)[C@H](O)[C@H]1O,SLC5A1;SLC5A2,SLC5A2
4773,ethyl hydroxybenzoate,CCOC(=O)C1=CC=C(O)C=C1,CA1;CA12;CA14;CA2;CA7;CA9;ESR1;ESR2,
4778,ridaforolimus,CO[C@@H]1C[C@H](C[C@@H](C)[C@@H]2CC(=O)[C@H](C)\C=C(C)\[C@@H](O)[C@@H](OC)C(=O)[C@H](C)C[C@H](C)\C=C\C=C\C=C(C)\[C@H](C[C@@H]3CC[C@@H](C)[C@@](O)(O3)C(=O)C(=O)N3CCCC[C@H]3C(=O)O2)OC)CC[C@H]1OP(C)(C)=O,MTOR,MTOR
4799,vilanterol,OCC1=C(O)C=CC(=C1)[C@@H](O)CNCCCCCCOCCOCC1=C(Cl)C=CC=C1Cl,ADRB1;ADRB2;ADRB3,ADRB2
4801,dabrafenib,CC(C)(C)C1=NC(=C(S1)C1=NC(N)=NC=C1)C1=C(F)C(NS(=O)(=O)C2=C(F)C=CC=C2F)=CC=C1,ARAF;BRAF;DSTYK;KRAS;RAF1;RIPK1;RIPK2;RIPK3;TGFBR1,BRAF
4802,trametinib,CN1C(=O)C(C)=C2N(C(=O)N(C3CC3)C(=O)C2=C1NC1=C(F)C=C(I)C=C1)C1=CC(NC(C)=O)=CC=C1,ABCB1;MAP2K1;MAP2K2,MAP2K1;MAP2K2
4806,vortioxetine,CC1=CC=C(SC2=C(C=CC=C2)N2CCNCC2)C(C)=C1,ADRB1;ADRB2;HRH1;HRH2;HTR1A;HTR1B;HTR1D;HTR2A;HTR2C;HTR3A;HTR5A;HTR6;HTR7;SLC6A4,HTR1A;HTR1B;HTR1D;HTR3A;HTR7;SLC6A4
4807,riociguat,COC(=O)N(C)C1=C(N)N=C(N=C1N)C1=NN(CC2=C(F)C=CC=C2)C2=NC=CC=C12,GUCY1B3;PDE7B,GUCY1B3
4808,ipidacrine,NC1=C2CCCC2=NC2=C1CCCC2,ACHE,
4809,macitentan,CCCNS(=O)(=O)NC1=C(C(OCCOC2=NC=C(Br)C=N2)=NC=N1)C1=CC=C(Br)C=C1,EDNRA;EDNRB,EDNRA;EDNRB
4810,ibrutinib,NC1=C2C(=NC=N1)N(N=C2C1=CC=C(OC2=CC=CC=C2)C=C1)[C@@H]1CCCN(C1)C(=O)C=C,ABL1;BLK;BMX;BTK;CSK;EGFR;ERBB2;ERBB4;FAM213A;FER;FGFR2;FGR;FYN;HCK;ITK;JAK3;KCNH2;LCK;LYN;PTK6;RET;SRC;TEC;TXK;YES1,BTK
4812,simeprevir,COC1=C(C)C2=C(C=C1)C(O[C@@H]1C[C@@H]3[C@@H](C1)C(=O)N(C)CCCC\C=C/[C@@H]1C[C@]1(NC3=O)C(=O)NS(=O)(=O)C1CC1)=CC(=N2)C1=NC(=CS1)C(C)C,CTSS,
4814,olodaterol,COC1=CC=C(CC(C)(C)NC[C@H](O)C2=C3OCC(=O)NC3=CC(O)=C2)C=C1,ADRB1;ADRB2;ADRB3,ADRB2
4815,lixisenatide,CC[C@H](C)[C@H](NC(=O)[C@H](CC1=CC=CC=C1)NC(=O)[C@H](CC(C)C)NC(=O)[C@H](CCCNC(N)=N)NC(=O)[C@@H](NC(=O)[C@H](C)NC(=O)[C@H](CCC(O)=O)NC(=O)[C@H](CCC(O)=O)NC(=O)[C@H](CCC(O)=O)NC(=O)[C@H](CCSC)NC(=O)[C@H](CCC(N)=O)NC(=O)[C@H](CCCCN)NC(=O)[C@H](CO)NC(=O)[C@H](CC(C)C)NC(=O)[C@H](CC(O)=O)NC(=O)[C@H](CO)NC(=O)[C@@H](NC(=O)[C@H](CC1=CC=CC=C1)NC(=O)[C@@H](NC(=O)CNC(=O)[C@H](CCC(O)=O)NC(=O)CNC(=O)[C@@H](N)CC1=CNC=N1)[C@@H](C)O)[C@@H](C)O)C(C)C)C(=O)N[C@@H](CCC(O)=O)C(=O)N[C@@H](CC1=CNC2=C1C=CC=C2)C(=O)N[C@@H](CC(C)C)C(=O)N[C@@H](CCCCN)C(=O)N[C@@H](CC(N)=O)C(=O)NCC(=O)NCC(=O)N1CCC[C@H]1C(=O)N[C@@H](CO)C(=O)N[C@@H](CO)C(=O)NCC(=O)N[C@@H](C)C(=O)N1CCC[C@H]1C(=O)N1CCC[C@H]1C(=O)N[C@@H](CO)C(=O)N[C@@H](CCCCN)C(=O)N[C@@H](CCCCN)C(=O)N[C@@H](CCCCN)C(=O)N[C@@H](CCCCN)C(=O)N[C@@H](CCCCN)C(=O)N[C@@H](CCCCN)C(N)=O,GLP1R,GLP1R
4816,umeclidinium,OC(C1=CC=CC=C1)(C1=CC=CC=C1)C12CC[N+](CCOCC3=CC=CC=C3)(CC1)CC2,CHRM1;CHRM2;CHRM3;CHRM4;CHRM5,CHRM3
4817,rifamycin,CO[C@H]1\C=C\O[C@@]2(C)OC3=C(C)C(O)=C4C(O)=C(NC(=O)\C(C)=C/C=C/[C@H](C)[C@H](O)[C@@H](C)[C@@H](O)[C@@H](C)[C@H](OC(C)=O)[C@@H]1C)C=C(O)C4=C3C2=O,ABCB11;SLCO1A2;SLCO1B1,
4818,florbetaben F18,CNC1=CC=C(\C=C\C2=CC=C(OCCOCCOCC[18F])C=C2)C=C1,APP,
4820,tasimelteon,CCC(=O)NC[C@@H]1C[C@H]1C1=C2CCOC2=CC=C1,MTNR1A;MTNR1B,MTNR1A;MTNR1B
4821,seractide,CSCC[C@H](NC(=O)[C@H](CO)NC(=O)[C@H](CC1=CC=C(O)C=C1)NC(=O)[C@@H](N)CO)C(=O)N[C@@H](CCC(O)=O)C(=O)N[C@@H](CC1=CNC=N1)C(=O)N[C@@H](CC1=CC=CC=C1)C(=O)N[C@@H](CCCNC(N)=N)C(=O)N[C@@H](CC1=CNC2=C1C=CC=C2)C(=O)NCC(=O)N[C@@H](CCCCN)C(=O)N1CCC[C@H]1C(=O)N[C@@H](C(C)C)C(=O)NCC(=O)N[C@@H](CCCCN)C(=O)N[C@@H](CCCCN)C(=O)N[C@@H](CCCNC(N)=N)C(=O)N[C@@H](CCCNC(N)=N)C(=O)N1CCC[C@H]1C(=O)N[C@@H](C(C)C)C(=O)N[C@@H](CCCCN)C(=O)N[C@@H](C(C)C)C(=O)N[C@@H](CC1=CC=C(O)C=C1)C(=O)N1CCC[C@H]1C(=O)N[C@@H](CC(O)=O)C(=O)N[C@@H](C)C(=O)NCC(=O)N[C@@H](CCC(O)=O)C(=O)N[C@@H](CC(O)=O)C(=O)N[C@@H](CCC(N)=O)C(=O)N[C@@H](CO)C(=O)N[C@@H](C)C(=O)N[C@@H](CCC(O)=O)C(=O)N[C@@H](C)C(=O)N[C@@H](CC1=CC=CC=C1)C(=O)N1CCC[C@H]1C(=O)N[C@@H](CC(C)C)C(=O)N[C@@H](CCC(O)=O)C(=O)N[C@@H](CC1=CC=CC=C1)C(O)=O,MC2R,MC2R
4823,peramivir,CCC(CC)[C@H](NC(C)=O)[C@@H]1[C@H](O)[C@H](C[C@H]1NC(N)=N)C(O)=O,NEU2,
4824,etilefrine pivalate,CCNCC(O)C1=CC(OC(=O)C(C)(C)C)=CC=C1,ADRB1,ADRB1
4829,apremilast,CCOC1=C(OC)C=CC(=C1)[C@@H](CS(C)(=O)=O)N1C(=O)C2=CC=CC(NC(C)=O)=C2C1=O,PDE4A;PDE4B;PDE4C;PDE4D,PDE4D
4830,empagliflozin,OC[C@H]1O[C@H]([C@H](O)[C@@H](O)[C@@H]1O)C1=CC(CC2=CC=C(O[C@H]3CCOC3)C=C2)=C(Cl)C=C1,SLC5A1;SLC5A10;SLC5A11;SLC5A2;SLC5A9,SLC5A2
4832,naloxegol,COCCOCCOCCOCCOCCOCCOCCO[C@H]1CC[C@@]2(O)[C@H]3CC4=C5C(O[C@@H]1[C@@]25CCN3CC=C)=C(O)C=C4,OPRM1,OPRM1
4833,gemigliptin,N[C@H](CN1CC(F)(F)CCC1=O)CC(=O)N1CCC2=C(N=C(N=C2C1)C(F)(F)F)C(F)(F)F,DPP4;DPP9,DPP4
4834,eliglustat,CCCCCCCC(=O)N[C@H](CN1CCCC1)[C@H](O)C1=CC=C2OCCOC2=C1,UGCG,UGCG
4836,afamelanotide,CCCC[C@H](NC(=O)[C@H](CO)NC(=O)[C@H](CC1=CC=C(O)C=C1)NC(=O)[C@H](CO)NC(C)=O)C(=O)N[C@@H](CCC(O)=O)C(=O)N[C@@H](CC1=CNC=N1)C(=O)N[C@@H](CC1=CC=CC=C1)C(=O)N[C@@H](CCCNC(N)=N)C(=O)N[C@@H](CC1=CNC2=C1C=CC=C2)C(=O)NCC(=O)N[C@@H](CCCCN)C(=O)N1CCC[C@H]1C(=O)N[C@@H](C(C)C)C(N)=O,ADA;MC1R;MC3R;MC4R;MC5R,MC1R
4857,estrone sulphate,C[C@]12CC[C@H]3[C@@H](CCC4=C3C=CC(OS(O)(=O)=O)=C4)[C@@H]1CCC2=O,ESR1;ESR2;STS,ESR1;ESR2
4858,corticorelin,CC[C@H](C)[C@H](NC(=O)[C@@H](NC(=O)[C@H](CCC(O)=O)NC(=O)[C@H](CCSC)NC(=O)[C@H](CC(C)C)NC(=O)[C@H](CCCCN)NC(=O)[C@H](CCCNC(N)=N)NC(=O)[C@H](CC(N)=O)NC(=O)[C@H](CO)NC(=O)[C@H](CC1=CNC=N1)NC(=O)[C@H](C)NC(=O)[C@H](CCC(N)=O)NC(=O)[C@H](CCC(N)=O)NC(=O)[C@H](C)NC(=O)[C@H](CC(C)C)NC(=O)[C@H](CCC(N)=O)NC(=O)[C@H](CCC(O)=O)NC(=O)[C@H](C)NC(=O)[C@H](CCCNC(N)=N)NC(=O)[C@H](C)NC(=O)[C@H](CCSC)NC(=O)[C@H](CCC(O)=O)NC(=O)[C@H](CC(C)C)NC(=O)[C@@H](NC(=O)[C@H](CCC(O)=O)NC(=O)[C@H](CCCNC(N)=N)NC(=O)[C@H](CC(C)C)NC(=O)[C@H](CC(C)C)NC(=O)[C@H](CC1=CNC=N1)NC(=O)[C@H](CC1=CC=CC=C1)NC(=O)[C@@H](NC(=O)[C@H](CC(C)C)NC(=O)[C@H](CC(O)=O)NC(=O)[C@H](CC(C)C)NC(=O)[C@H](CO)NC(=O)[C@@H](NC(=O)[C@@H]1CCCN1C(=O)[C@@H]1CCCN1C(=O)[C@H](CCC(O)=O)NC(=O)[C@H](CCC(O)=O)NC(=O)[C@@H](N)CO)[C@@H](C)CC)[C@@H](C)O)C(C)C)[C@@H](C)CC)C(N)=O,CRHR1;CRHR2,CRHR1
4863,phenibut,NCC(CC(O)=O)C1=CC=CC=C1,GABBR1;GABBR2,GABBR1;GABBR2
4864,levomilnacipran,CCN(CC)C(=O)[C@]1(C[C@H]1CN)C1=CC=CC=C1,SLC6A2;SLC6A3;SLC6A4,SLC6A2;SLC6A4
4865,mebanazine,CC(NN)C1=CC=CC=C1,MAOA;MAOB,MAOA;MAOB
4866,ceritinib,CC(C)OC1=C(NC2=NC=C(Cl)C(NC3=C(C=CC=C3)S(=O)(=O)C(C)C)=N2)C=C(C)C(=C1)C1CCNCC1,ABCB1;ABL1;ALK;BTK;CDK2;CDK4;EGFR;ETV6;FGFR2;FGFR3;FGFR4;FGR;FLT3;IGF1R;INSR;JAK1;JAK2;JAK3;KCNH2;KDR;KIT;LCK;LYN;MET;MKNK2;NTRK1;NTRK2;PDGFRA;RET;ROCK2;ROS1;SRC;SYK;TSSK1B;ZAP70,ALK
4867,dexrabeprazole,COCCCOC1=CC=NC(C[S@@](=O)C2=NC3=C(N2)C=CC=C3)=C1C,ADORA3;ADRA2B;ATP4A;ATP4B;DDAH1;DRD3;ENGASE;FASN;IDE;SARM1,ATP4A;ATP4B
4870,vorapaxar,CCOC(=O)N[C@@H]1CC[C@@H]2[C@H](C[C@@H]3[C@@H]([C@@H](C)OC3=O)[C@H]2\C=C\C2=CC=C(C=N2)C2=CC(F)=CC=C2)C1,F2R,F2R
4873,tedizolid phosphate,CN1N=NC(=N1)C1=CC=C(C=N1)C1=CC=C(C=C1F)N1C[C@H](COP(O)(O)=O)OC1=O,MAOA;MAOB,
4875,daclatasvir,COC(=O)N[C@@H](C(C)C)C(=O)N1CCC[C@H]1C1=NC=C(N1)C1=CC=C(C=C1)C1=CC=C(C=C1)C1=CN=C(N1)[C@@H]1CCCN1C(=O)[C@@H](NC(=O)OC)C(C)C,KCNH2,
4876,belinostat,ONC(=O)C=CC1=CC(=CC=C1)S(=O)(=O)NC1=CC=CC=C1,BRD4;HDAC1;HDAC10;HDAC11;HDAC2;HDAC3;HDAC4;HDAC5;HDAC6;HDAC7;HDAC8;HDAC9,HDAC1;HDAC10;HDAC11;HDAC2;HDAC3;HDAC4;HDAC5;HDAC6;HDAC7;HDAC8;HDAC9
4877,tavaborole,OB1OCC2=C1C=CC(F)=C2,CA1;CA2,
4878,idelalisib,CC[C@H](NC1=NC=NC2=C1NC=N2)C1=NC2=C(C(F)=CC=C2)C(=O)N1C1=CC=CC=C1,PIK3C3;PIK3CA;PIK3CB;PIK3CD;PIK3CG;PRKDC,PIK3CD
4881,suvorexant,C[C@@H]1CCN(CCN1C(=O)C1=CC(C)=CC=C1N1N=CC=N1)C1=NC2=C(O1)C=CC(Cl)=C2,HCRTR1;HCRTR2,HCRTR1;HCRTR2
4882,istradefylline,CCN1C2=C(N(C)C(\C=C\C3=CC(OC)=C(OC)C=C3)=N2)C(=O)N(CC)C1=O,ADORA1;ADORA2A;ADORA2B;ADORA3;MAOB,ADORA2A
4886,cetilistat,CCCCCCCCCCCCCCCCOC1=NC2=C(C=C(C)C=C2)C(=O)O1,PNLIP,PNLIP
4888,topiroxostat,N#CC1=NC=CC(=C1)C1=NNC(=N1)C1=CC=NC=C1,XDH,XDH
4890,ipragliflozin,OC[C@H]1O[C@H]([C@H](O)[C@@H](O)[C@@H]1O)C1=CC(CC2=CC3=C(S2)C=CC=C3)=C(F)C=C1,SLC5A1;SLC5A2,SLC5A2
4891,luseogliflozin,CCOC1=CC=C(CC2=C(C)C=C(OC)C(=C2)[C@@H]2S[C@H](CO)[C@@H](O)[C@H](O)[C@H]2O)C=C1,SLC5A1;SLC5A2,SLC5A2
4892,tofogliflozin,CCC1=CC=C(CC2=CC3=C(CO[C@]33O[C@H](CO)[C@@H](O)[C@H](O)[C@H]3O)C=C2)C=C1,SLC5A1;SLC5A2,SLC5A2
4893,tipiracil,ClC1=C(CN2CCCC2=N)NC(=O)NC1=O,TYMP,TYMP
4894,iguratimod,CS(=O)(=O)NC1=CC2=C(C=C1OC1=CC=CC=C1)C(=O)C(NC=O)=CO2,MIF,
4895,teneligliptin,CC1=NN(C(=C1)N1CCN(CC1)[C@@H]1CN[C@@H](C1)C(=O)N1CCSC1)C1=CC=CC=C1,DPP4;DPP8;DPP9,DPP4
4896,anagliptin,CC1=NN2C=C(C=NC2=C1)C(=O)NCC(C)(C)NCC(=O)N1CCC[C@H]1C#N,DPP4;DPP8;DPP9;FAP,DPP4
4897,edoxaban,CN(C)C(=O)[C@H]1CC[C@H](NC(=O)C(=O)NC2=CC=C(Cl)C=N2)[C@@H](C1)NC(=O)C1=NC2=C(CN(C)CC2)S1,F10,F10
4898,netupitant,CN(C(=O)C(C)(C)C1=CC(=CC(=C1)C(F)(F)F)C(F)(F)F)C1=CN=C(C=C1C1=C(C)C=CC=C1)N1CCN(C)CC1,TACR1,TACR1
4900,diquafosol,O[C@H]1[C@@H](O)[C@@H](O[C@@H]1COP(O)(=O)OP(O)(=O)OP(O)(=O)OP(O)(=O)OC[C@H]1O[C@H]([C@H](O)[C@@H]1O)N1C=CC(=O)NC1=O)N1C=CC(=O)NC1=O,P2RY2;P2RY4,P2RY2
4902,imidafenacin,CC1=NC=CN1CCC(C(N)=O)(C1=CC=CC=C1)C1=CC=CC=C1,CHRM1;CHRM3,CHRM3
4903,nintedanib,COC(=O)C1=CC2=C(C=C1)\C(=C(\NC1=CC=C(C=C1)N(C)C(=O)CN1CCN(C)CC1)C1=CC=CC=C1)C(=O)N2,AAK1;ABCB1;ABL1;ABL2;ACVR1;ACVR1B;ACVRL1;ALK;AURKB;AURKC;AXL;BLK;BMP2K;BMPR2;BTK;CAMK1;CAMK1D;CAMK1G;CAMK2A;CAMK4;CAMKK1;CAMKK2;CDK14;CDK16;CDK17;CDK18;CDK2;CDK4;CDK7;CDKL2;CHEK1;CHUK;CLK1;CLK2;CLK4;CSF1R;CSNK1D;CSNK1E;CSNK2A1;CSNK2A2;DAPK2;DAPK3;DCLK1;DCLK3;DDR1;DDR2;DYRK1B;EIF2AK4;EPHA1;EPHA2;EPHA3;EPHA6;EPHB1;EPHB4;EPHB6;ERN1;FER;FES;FGFR1;FGFR2;FGFR3;FGFR4;FGR;FLT1;FLT3;FLT4;FRK;FYN;GRK1;GRK4;GRK7;GSK3A;GSK3B;HCK;HIPK1;HIPK2;HIPK3;HIPK4;ICK;IGF1R;IKBKE;INSR;INSRR;IRAK1;IRAK3;IRAK4;ITK;JAK1;JAK2;JAK3;KCNH2;KDR;KIT;LATS1;LATS2;LCK;LRRK2;LTK;LYN;MAP2K1;MAP2K2;MAP2K3;MAP2K4;MAP2K5;MAP3K10;MAP3K11;MAP3K12;MAP3K13;MAP3K15;MAP3K19;MAP3K2;MAP3K3;MAP3K7;MAP3K9;MAP4K1;MAP4K2;MAP4K3;MAP4K4;MAP4K5;MAPK10;MAPK7;MAPK8;MARK1;MARK2;MARK3;MARK4;MAST1;MELK;MERTK;MET;MINK1;MUSK;MYLK;MYLK2;MYLK3;MYLK4;MYO3B;NTRK1;NTRK2;NTRK3;NUAK1;NUAK2;OXSR1;PAK2;PAK3;PAK4;PAK5;PDGFRA;PDGFRB;PDPK1;PHKG1;PHKG2;PIP4K2B;PIP5K1A;PKN1;PKN2;PLK4;PRKAA1;PRKAA2;PRKCQ;PRKD1;PRKD2;PRKD3;PRKG1;PRPF4B;PTK2;PTK2B;RET;RIOK1;RIOK3;RIPK1;RIPK4;ROS1;RPS6KA1;RPS6KA2;RPS6KA3;RPS6KA4;RPS6KA5;RPS6KA6;RPS6KB1;SBK1;SBK3;SGK3;SIK1;SIK2;SLK;SRC;SRPK1;SRPK2;SRPK3;STK10;STK11;STK16;STK17A;STK17B;STK24;STK26;STK3;STK33;STK35;STK39;STK4;TBK1;TEK;TGFBR1;TIE1;TNIK;TNK1;TNK2;TSSK1B;TTK;TXK;TYK2;TYRO3;ULK1;ULK2;ULK3;WEE1;YES1;ZAP70,FGFR1;FGFR2;FGFR3;FGFR4;FLT1;FLT4;KDR;PDGFRA;PDGFRB
4906,fimasartan,CCCCC1=NC(C)=C(CC(=S)N(C)C)C(=O)N1CC1=CC=C(C=C1)C1=CC=CC=C1C1=NN=NN1,AGTR1,AGTR1
4907,olaparib,FC1=CC=C(CC2=NNC(=O)C3=CC=CC=C23)C=C1C(=O)N1CCN(CC1)C(=O)C1CC1,PARP1;PARP10;PARP12;PARP15;PARP16;PARP2;PARP3;PARP4;PARP6;TNKS;TNKS2,PARP1;PARP2;PARP3
4908,acotiamide,COC1=CC(O)=C(C=C1OC)C(=O)NC1=NC(=CS1)C(=O)NCCN(C(C)C)C(C)C,ACHE,ACHE
4910,felypressin,NCCCC[C@H](NC(=O)[C@@H]1CCCN1C(=O)[C@@H]1CSSC[C@H](N)C(=O)N[C@@H](CC2=CC=CC=C2)C(=O)N[C@@H](CC2=CC=CC=C2)C(=O)N[C@@H](CCC(N)=O)C(=O)N[C@@H](CC(N)=O)C(=O)N1)C(=O)NCC(N)=O,AVPR1A,AVPR1A
4921,safinamide,C[C@H](NCC1=CC=C(OCC2=CC(F)=CC=C2)C=C1)C(N)=O,MAOA;MAOB;SCN9A,MAOB
4927,albiglutide,CC[C@H](C)[C@H](NC(=O)[C@H](CC1=CC=CC=C1)NC(=O)[C@H](CCC(O)=O)NC(=O)[C@H](CCCCN)NC(=O)[C@H](C)NC(=O)[C@H](C)NC(=O)[C@H](CCC(N)=O)NC(=O)CNC(=O)[C@H](CCC(O)=O)NC(=O)[C@H](CC(C)C)NC(=O)[C@H](CC1=CC=C(O)C=C1)NC(=O)[C@H](CO)NC(=O)[C@H](CO)NC(=O)[C@@H](NC(=O)[C@H](CC(O)=O)NC(=O)[C@H](CO)NC(=O)[C@@H](NC(=O)[C@H](CC1=CC=CC=C1)NC(=O)[C@@H](NC(=O)CNC(=O)[C@H](CCC(O)=O)NC(=O)CNC(=O)[C@@H](N)CC1=CNC=N1)[C@@H](C)O)[C@@H](C)O)C(C)C)C(=O)N[C@@H](C)C(=O)N[C@@H](CC1=CNC2=C1C=CC=C2)C(=O)N[C@@H](CC(C)C)C(=O)N[C@@H](C(C)C)C(=O)N[C@@H](CCCCN)C(=O)NCC(=O)N[C@@H](CCCNC(N)=N)C(O)=O,GLP1R,GLP1R
4931,corticotropin,CSCC[C@H](NC(=O)[C@H](CO)NC(=O)[C@H](CC1=CC=C(O)C=C1)NC(=O)[C@@H](N)CO)C(=O)N[C@@H](CCC(O)=O)C(=O)N[C@@H](CC1=CNC=N1)C(=O)N[C@@H](CC1=CC=CC=C1)C(=O)N[C@@H](CCCNC(N)=N)C(=O)N[C@@H](CC1=CNC2=C1C=CC=C2)C(=O)NCC(=O)N[C@@H](CCCCN)C(=O)N1CCC[C@H]1C(=O)N[C@@H](C(C)C)C(=O)NCC(=O)N[C@@H](CCCCN)C(=O)N[C@@H](CCCCN)C(=O)N[C@@H](CCCNC(N)=N)C(=O)N[C@@H](CCCNC(N)=N)C(=O)N1CCC[C@H]1C(=O)N[C@@H](C(C)C)C(=O)N[C@@H](CCCCN)C(=O)N[C@@H](C(C)C)C(=O)N[C@@H](CC1=CC=C(O)C=C1)C(=O)N1CCC[C@H]1C(=O)N[C@@H](CC(N)=O)C(=O)NCC(=O)N[C@@H](C)C(=O)N[C@@H](CCC(O)=O)C(=O)N[C@@H](CC(O)=O)C(=O)N[C@@H](CCC(O)=O)C(=O)N[C@@H](CO)C(=O)N[C@@H](C)C(=O)N[C@@H](CCC(O)=O)C(=O)N[C@@H](C)C(=O)N[C@@H](CC1=CC=CC=C1)C(=O)N1CCC[C@H]1C(=O)N[C@@H](CC(C)C)C(=O)N[C@@H](CCC(O)=O)C(=O)N[C@@H](CC1=CC=CC=C1)C(O)=O,MC1R;MC2R;MC3R;MC4R,MC2R
4937,alectinib,CCC1=CC2=C(C=C1N1CCC(CC1)N1CCOCC1)C(C)(C)C1=C(C3=CC=C(C=C3N1)C#N)C2=O,ALK;KDR;RET;ROS1;SRPK1,ALK;RET
4938,ripasudil,C[C@H]1CNCCCN1S(=O)(=O)C1=CC=CC2=C1C(F)=CN=C2,PRKACA;ROCK1;ROCK2,ROCK1;ROCK2
4939,vaniprevir,CC[C@@H]1C[C@]1(NC(=O)[C@@H]1[C@H]2CCN1C(=O)[C@@H](NC(=O)OCC(C)(C)CCCCC1=C3CN(CC3=CC=C1)C(=O)O2)C(C)(C)C)C(=O)NS(=O)(=O)C1CC1,CTSS,
4941,palbociclib,CC(=O)C1=C(C)C2=C(N=C(NC3=NC=C(C=C3)N3CCNCC3)N=C2)N(C2CCCC2)C1=O,CCNA2;CCND1;CDK2;CDK4;CDK6;CDK9;DYRK1A;FLT3;JAK3;RPS6KA1,CDK4;CDK6
4942,lenvatinib,COC1=CC2=C(C=C1C(N)=O)C(OC1=CC=C(NC(=O)NC3CC3)C(Cl)=C1)=CC=N2,CA5A;EGFR;FGFR1;FLT1;FLT4;KDR;KIT;PDGFRA;PDGFRB;RET,FGFR1;FLT1;FLT4;KDR;KIT;PDGFRA;RET
4943,arformoterol,COC1=CC=C(C[C@@H](C)NC[C@H](O)C2=CC(NC=O)=C(O)C=C2)C=C1,ADRB1;ADRB2;ADRB3,ADRB2
4973,chidamide,NC1=CC(F)=CC=C1NC(=O)C1=CC=C(CNC(=O)\C=C\C2=CC=CN=C2)C=C1,HDAC1;HDAC10;HDAC11;HDAC2;HDAC3;HDAC8;NAMPT,HDAC1;HDAC10;HDAC2;HDAC3
4976,triamcinolone hexacetonide,CC(C)(C)CC(=O)OCC(=O)[C@@]12OC(C)(C)O[C@@H]1C[C@H]1[C@@H]3CCC4=CC(=O)C=C[C@]4(C)[C@@]3(F)[C@@H](O)C[C@]21C,NR3C1,NR3C1
4988,deoxycholic acid,C[C@H](CCC(O)=O)[C@H]1CC[C@H]2[C@@H]3CC[C@@H]4C[C@H](O)CC[C@]4(C)[C@H]3C[C@H](O)[C@]12C,FPR1;GPBAR1;NR1H4,
4993,vonoprazan,CNCC1=CN(C(=C1)C1=CC=CC=C1F)S(=O)(=O)C1=CC=CN=C1,ATP4A;ATP4B,ATP4A;ATP4B
5001,eluxadoline,COC1=CC=C(CN([C@@H](C)C2=NC(=CN2)C2=CC=CC=C2)C(=O)[C@@H](N)CC2=C(C)C=C(C=C2C)C(N)=O)C=C1C(O)=O,OPRD1;OPRK1;OPRM1,OPRD1;OPRM1
5005,mirodenafil,CCCOC1=CC=C(C=C1C1=NC2C(N(CC)C=C2CCC)C(=O)N1)S(=O)(=O)N1CCN(CCO)CC1,PDE5A,PDE5A
5006,cangrelor,CSCCNC1=NC(SCCC(F)(F)F)=NC2=C1N=CN2[C@@H]1O[C@H](COP(O)(=O)OP(O)(=O)C(Cl)(Cl)P(O)(O)=O)[C@@H](O)[C@H]1O,P2RY12;P2RY13,P2RY12
5008,sonidegib,C[C@H]1CN(C[C@@H](C)O1)C1=NC=C(NC(=O)C2=CC=CC(=C2C)C2=CC=C(OC(F)(F)F)C=C2)C=C1,SMO,SMO
5010,lumacaftor,CC1=CC=C(NC(=O)C2(CC2)C2=CC=C3OC(F)(F)OC3=C2)N=C1C1=CC=CC(=C1)C(O)=O,CFTR,CFTR
5012,sacubitril,CCOC(=O)[C@H](C)C[C@@H](CC1=CC=C(C=C1)C1=CC=CC=C1)NC(=O)CCC(O)=O,MME,MME
5013,trelagliptin,CN1C(=O)C=C(N2CCC[C@@H](N)C2)N(CC2=CC(F)=CC=C2C#N)C1=O,DPP4,DPP4
5014,brexpiprazole,O=C1NC2=C(C=C1)C=CC(OCCCCN1CCN(CC1)C1=C3C=CSC3=CC=C1)=C2,ADRA1A;ADRA1B;ADRA1D;ADRA2A;ADRA2B;ADRA2C;ADRB1;ADRB2;DRD1;DRD2;DRD3;DRD4;HRH1;HTR1A;HTR1B;HTR2A;HTR2B;HTR2C;HTR5A;HTR6;HTR7;SLC6A2;SLC6A3;SLC6A4,DRD2;HTR1A;HTR2A
5022,flibanserin,FC(F)(F)C1=CC=CC(=C1)N1CCN(CCN2C(=O)NC3=CC=CC=C23)CC1,DRD2;DRD3;DRD4;HTR1A;HTR2A;HTR2B;HTR2C;HTR5A,HTR1A;HTR2A
5027,rolapitant,C[C@@H](OC[C@]1(CC[C@]2(CCC(=O)N2)CN1)C1=CC=CC=C1)C1=CC(=CC(=C1)C(F)(F)F)C(F)(F)F,TACR1,TACR1
5037,cariprazine,CN(C)C(=O)N[C@H]1CC[C@H](CCN2CCN(CC2)C2=C(Cl)C(Cl)=CC=C2)CC1,ADRA1D;DRD1;DRD2;DRD3;DRD4;DRD5;HRH1;HTR1A;HTR2A;HTR2B;HTR2C;HTR7;KCNH2,DRD2;HTR1A;HTR2A
5046,cobimetinib,OC1(CN(C1)C(=O)C1=C(NC2=CC=C(I)C=C2F)C(F)=C(F)C=C1)[C@@H]1CCCCN1,BRAF;MAP2K1;MAP2K2,MAP2K1
5047,saroglitazar,CCO[C@@H](CC1=CC=C(OCCN2C(C)=CC=C2C2=CC=C(SC)C=C2)C=C1)C(O)=O,PPARA;PPARG,PPARA;PPARG
5048,pitolisant,ClC1=CC=C(CCCOCCCN2CCCCC2)C=C1,HRH1;HRH2;HRH3;KCNH2,HRH3
5052,aripiprazole lauroxil,CCCCCCCCCCCC(=O)OCN1C(=O)CCC2=CC=C(OCCCCN3CCN(CC3)C3=C(Cl)C(Cl)=CC=C3)C=C12,DRD2;DRD3;DRD4;HRH1;HTR1A;HTR1B;HTR1D;HTR2A;HTR2C;HTR7,DRD2;HTR1A;HTR2A
5054,omarigliptin,CS(=O)(=O)N1C=C2CN(CC2=N1)[C@H]1CO[C@@H]([C@@H](N)C1)C1=C(F)C=CC(F)=C1,DPP4;KCNH2,DPP4
5059,lusutrombopag,CCCCCCO[C@@H](C)C1=CC=CC(C2=CSC(NC(=O)C3=CC(Cl)=C(\C=C(/C)C(O)=O)C(Cl)=C3)=N2)=C1OC,MPL,MPL
5060,esflurbiprofen,C[C@H](C(O)=O)C1=CC(F)=C(C=C1)C1=CC=CC=C1,PTGS2,
5062,osimertinib,COC1=C(NC2=NC=CC(=N2)C2=CN(C)C3=C2C=CC=C3)C=C(NC(=O)C=C)C(=C1)N(C)CCN(C)C,ALK;CTSC;EGFR;ERBB3;INSR;KCNH2,EGFR
5064,climbazole,CC(C)(C)C(=O)C(OC1=CC=C(Cl)C=C1)N1C=CN=C1,CYP3A4,
5067,ixazomib,CC(C)C[C@H](NC(=O)CNC(=O)C1=C(Cl)C=CC(Cl)=C1)B(O)O,PSMB1;PSMB2;PSMB5,PSMB5
5068,brivaracetam,CCC[C@H]1CN([C@@H](CC)C(N)=O)C(=O)C1,SV2A,SV2A
5075,lesinurad,OC(=O)CSC1=NN=C(Br)N1C1=C2C=CC=CC2=C(C=C1)C1CC1,SLC22A11;SLC22A12,SLC22A12
5077,selexipag,CC(C)N(CCCCOCC(=O)NS(C)(=O)=O)C1=CN=C(C2=CC=CC=C2)C(=N1)C1=CC=CC=C1,PTGDR;PTGER2;PTGER4;PTGIR,PTGIR
5078,lobeglitazone,COC1=CC=C(OC2=CC(=NC=N2)N(C)CCOC2=CC=C(CC3SC(=O)NC3=O)C=C2)C=C1,PPARA;PPARG,PPARG
5110,migalastat,OC[C@H]1NC[C@H](O)[C@@H](O)[C@H]1O,AGL;GAA;GBA2;GLA;GLB1;LCT;MGAM;SI,GLA
5118,chromic chloride,Cl[Cr](Cl)Cl,EGFR;FYN,
5133,venetoclax,CC1(C)CCC(CN2CCN(CC2)C2=CC(OC3=CC4=C(NC=C4)N=C3)=C(C=C2)C(=O)NS(=O)(=O)C2=CC(=C(NCC3CCOCC3)C=C2)[N+]([O-])=O)=C(C1)C1=CC=C(Cl)C=C1,BCL2;BCL2L1;BCL2L2,BCL2
5142,pimavanserin,CC(C)COC1=CC=C(CNC(=O)N(CC2=CC=C(F)C=C2)C2CCN(C)CC2)C=C1,HTR2A;HTR2C,HTR2A
5143,opicapone,CC1=C(C2=NOC(=N2)C2=CC(O)=C(O)C(=C2)[N+]([O-])=O)C(Cl)=[N+]([O-])C(C)=C1Cl,COMT,COMT
5144,gluconolactone,OC[C@H]1OC(=O)[C@H](O)[C@@H](O)[C@@H]1O,GBA,
5155,obeticholic acid,CC[C@H]1[C@@H](O)[C@H]2[C@@H]3CC[C@H]([C@H](C)CCC(O)=O)[C@@]3(C)CC[C@@H]2[C@@]2(C)CC[C@@H](O)C[C@@H]12,GPBAR1;NR1H4,NR1H4
5169,eldecalcitol,C[C@H](CCCC(C)(C)O)[C@H]1CC[C@H]2\C(CCC[C@]12C)=C\C=C1\C[C@@H](O)[C@@H](OCCCO)[C@H](O)C1=C,VDR,VDR
5174,lifitegrast,CS(=O)(=O)C1=CC=CC(C[C@H](NC(=O)C2=C(Cl)C=C3CN(CCC3=C2Cl)C(=O)C2=CC=C3C=COC3=C2)C(O)=O)=C1,ICAM1;ITGAL;ITGB2,ITGAL;ITGB2
5181,etelcalcetide,C[C@@H](NC(=O)[C@@H](CCCNC(N)=N)NC(=O)[C@@H](CCCNC(N)=N)NC(=O)[C@@H](CCCNC(N)=N)NC(=O)[C@@H](C)NC(=O)[C@@H](CSSC[C@H](N)C(O)=O)NC(C)=O)C(=O)N[C@H](CCCNC(N)=N)C(N)=O,CASR,CASR
5188,radotinib,CC1=CN(C=N1)C1=CC(NC(=O)C2=CC=C(C)C(NC3=NC=CC(=N3)C3=CN=CC=N3)=C2)=CC(=C1)C(F)(F)F,ABL1,ABL1
5201,crisaborole,OB1OCC2=CC(OC3=CC=C(C=C3)C#N)=CC=C12,PDE1A;PDE4A;PDE4B;PDE4C;PDE4D;PDE7A,PDE4A;PDE4B;PDE4C;PDE4D
5202,baricitinib,CCS(=O)(=O)N1CC(CC#N)(C1)N1C=C(C=N1)C1=NC=NC2=C1C=CN2,AAK1;BMP2K;GAK;JAK1;JAK2;JAK3;TYK2,JAK1;JAK2
5203,rucaparib,CNCC1=CC=C(C=C1)C1=C2CCNC(=O)C3=CC(F)=CC(N1)=C23,PARP1;PARP10;PARP12;PARP14;PARP15;PARP2;PARP3;PARP4;TNKS;TNKS2,PARP1;PARP2;PARP3
5208,plecanatide,CC(C)C[C@H](NC(=O)[C@@H]1CSSC[C@@H]2NC(=O)[C@H](CC(C)C)NC(=O)[C@H](CCC(O)=O)NC(=O)[C@H](CSSC[C@H](NC(=O)[C@H](C)NC(=O)[C@@H](NC(=O)[C@H](CC(N)=O)NC(=O)[C@@H](NC2=O)C(C)C)C(C)C)C(=O)N[C@@H]([C@@H](C)O)C(=O)NCC(=O)N1)NC(=O)[C@H](CCC(O)=O)NC(=O)[C@H](CC(O)=O)NC(=O)[C@@H](N)CC(N)=O)C(O)=O,GUCY2C;TNF;TNFRSF1A,GUCY2C
5209,icotinib,C#CC1=CC=CC(NC2=NC=NC3=C2C=C2OCCOCCOCCOC2=C3)=C1,EGFR,EGFR
5210,olmutinib,CN1CCN(CC1)C1=CC=C(NC2=NC3=C(SC=C3)C(OC3=CC=CC(NC(=O)C=C)=C3)=N2)C=C1,BTK;EGFR,EGFR
5211,apatinib,O=C(NC1=CC=C(C=C1)C1(CCCC1)C#N)C1=CC=CN=C1NCC1=CC=NC=C1,CSK;KDR;KIT;RET;SRC,KDR
5214,telotristat ethyl,CCOC(=O)[C@@H](N)CC1=CC=C(C=C1)C1=NC(N)=NC(O[C@H](C2=C(C=C(Cl)C=C2)N2C=CC(C)=N2)C(F)(F)F)=C1,TPH1,TPH1
5215,beclabuvir,COC1=CC=C2C3=C(C4CCCCC4)C4=CC=C(C=C4N3C[C@]3(C[C@H]3C2=C1)C(=O)N1C2CCC1CN(C)C2)C(=O)NS(=O)(=O)N(C)C,KCNH2,
5217,cytisine,O=C1C=CC=C2[C@H]3CNC[C@H](C3)CN12,CHRNA7,
5218,ribociclib,CN(C)C(=O)C1=CC2=C(N=C(NC3=NC=C(C=C3)N3CCNCC3)N=C2)N1C1CCCC1,CDK2;CDK4;CDK6,CDK4;CDK6
5220,naldemedine,CC(C)(NC(=O)C1=C(O)[C@@H]2OC3=C(O)C=CC4=C3[C@@]22CCN(CC3CC3)[C@H](C4)[C@]2(O)C1)C1=NC(=NO1)C1=CC=CC=C1,OPRD1;OPRM1,OPRM1
5222,niraparib,NC(=O)C1=CC=CC2=CN(N=C12)C1=CC=C(C=C1)[C@@H]1CCCNC1,PARP1;PARP10;PARP12;PARP14;PARP15;PARP2;PARP3;PARP4;TNKS;TNKS2,PARP1;PARP2
5226,deutetrabenazine,[2H]C([2H])([2H])OC1=CC2=C(C=C1OC([2H])([2H])[2H])C1CC(=O)C(CC(C)C)CN1CC2,SLC18A2,SLC18A2
5227,valbenazine,COC1=CC2=C(C=C1OC)[C@H]1C[C@@H](OC(=O)[C@@H](N)C(C)C)[C@H](CC(C)C)CN1CC2,SLC18A2,SLC18A2
5229,forodesine,OC[C@H]1N[C@H]([C@H](O)[C@@H]1O)C1=CNC2=C1NC=NC2=O,PNP,PNP
5231,midostaurin,CO[C@@H]1[C@@H](C[C@H]2O[C@]1(C)N1C3=CC=CC=C3C3=C4CNC(=O)C4=C4C5=CC=CC=C5N2C4=C13)N(C)C(=O)C1=CC=CC=C1,AAK1;ABL1;AKT1;AKT2;AKT3;ALK;AURKA;AURKB;AURKC;AXL;BLK;BMP2K;BRSK1;BRSK2;CAMK1;CAMK1D;CAMK1G;CAMK2A;CAMK2B;CAMK2D;CAMK2G;CAMKK1;CAMKK2;CDK19;CHEK1;CHUK;CLK1;CLK2;CLK3;CLK4;CSF1R;CSK;CSNK2A1;DAPK1;DAPK2;DAPK3;DDR1;DMPK;DSTYK;DYRK1A;DYRK1B;EGFR;EIF2AK2;EIF2AK4;EPHB6;ERBB4;ERN1;FER;FGFR1;FGFR2;FGFR3;FGR;FLT1;FLT3;FLT4;FRK;FYN;GAK;GRK1;GRK4;GRK7;GSK3A;GSK3B;HCK;HIPK2;HIPK3;HIPK4;HUNK;ICK;IKBKB;IKBKE;IRAK3;JAK1;JAK2;JAK3;KDR;KIT;LATS1;LATS2;LCK;LRRK2;LTK;LYN;MAP2K3;MAP2K4;MAP2K6;MAP3K10;MAP3K11;MAP3K13;MAP3K19;MAP3K2;MAP3K3;MAP3K7;MAP3K9;MAP4K1;MAP4K2;MAP4K3;MAP4K4;MAP4K5;MAPK10;MAPK8;MAPK9;MARK1;MARK2;MARK3;MARK4;MAST1;MELK;MERTK;MET;MINK1;MKNK2;MYLK;MYLK3;MYLK4;NTRK1;NTRK2;NTRK3;NUAK1;NUAK2;PAK1;PAK2;PAK3;PDGFRA;PDGFRB;PDPK1;PHKG1;PHKG2;PIK3C2B;PIK3C2G;PIK3CA;PIM1;PIM2;PIM3;PIP4K2B;PIP5K1A;PKN1;PKN2;PLK4;PRKAA1;PRKAA2;PRKACA;PRKACB;PRKCA;PRKCD;PRKCE;PRKCH;PRKCQ;PRKD2;PRKD3;PRKG1;PRKG2;PRKX;PRPF4;PRPF4B;PTK2B;RET;RIOK1;RIOK2;RIOK3;ROCK1;ROCK2;ROS1;RPS6KA1;RPS6KA2;RPS6KA3;RPS6KA4;RPS6KA5;RPS6KA6;RPS6KB1;SGK3;SIK1;SIK2;SIK3;SLK;SRC;SRPK1;SRPK2;SRPK3;STK10;STK11;STK16;STK17A;STK17B;STK25;STK3;STK32A;STK33;STK4;SYK;TBK1;TEK;TIE1;TNIK;TNK1;TNK2;TNKS2;TSSK1B;TTK;TYK2;TYRO3;ULK3;WEE1;YES1;ZAP70,FLT3
5232,abaloparatide,CC[C@H](C)[C@H](NC(=O)[C@H](CO)NC(=O)[C@H](CCCCN)NC(=O)CNC(=O)[C@H](CCCCN)NC(=O)[C@H](CC(O)=O)NC(=O)[C@H](CC1=CNC=N1)NC(=O)[C@H](CC(C)C)NC(=O)[C@H](CC(C)C)NC(=O)[C@H](CCC(N)=O)NC(=O)[C@H](CC1=CNC=N1)NC(=O)[C@H](CCC(O)=O)NC(=O)[C@H](CO)NC(=O)[C@@H](NC(=O)[C@H](C)N)C(C)C)C(=O)N[C@@H](CCC(N)=O)C(=O)N[C@@H](CC(O)=O)C(=O)N[C@@H](CC(C)C)C(=O)N[C@@H](CCCNC(N)=N)C(=O)N[C@@H](CCCNC(N)=N)C(=O)N[C@@H](CCCNC(N)=N)C(=O)N[C@@H](CCC(O)=O)C(=O)N[C@@H](CC(C)C)C(=O)N[C@@H](CC(C)C)C(=O)N[C@@H](CCC(O)=O)C(=O)N[C@@H](CCCCN)C(=O)N[C@@H](CC(C)C)C(=O)N[C@@H](CC(C)C)C(=O)NC(C)(C)C(=O)N[C@@H](CCCCN)C(=O)N[C@@H](CC(C)C)C(=O)N[C@@H](CC1=CNC=N1)C(=O)N[C@@H]([C@@H](C)O)C(=O)N[C@@H](C)C(N)=O,PTH1R,PTH1R
5233,brigatinib,COC1=C(NC2=NC=C(Cl)C(NC3=CC=CC=C3P(C)(C)=O)=N2)C=CC(=C1)N1CCC(CC1)N1CCN(C)CC1,ALK;EGFR;FLT3;IGF1R;INSR;ROS1,ALK
5239,evogliptin,CC(C)(C)OC[C@H]1N(CCNC1=O)C(=O)C[C@H](N)CC1=CC(F)=C(F)C=C1F,DPP4;KCNH2,DPP4
5240,polmacoxib,CC1(C)OC(=C(C1=O)C1=CC=CC(F)=C1)C1=CC=C(C=C1)S(N)(=O)=O,PTGS1;PTGS2,PTGS2
5241,betrixaban,COC1=CC=C(NC(=O)C2=CC=C(C=C2)C(=N)N(C)C)C(=C1)C(=O)NC1=CC=C(Cl)C=N1,F10;F2;KCNH2,F10
5248,pemafibrate,CC[C@@H](OC1=CC=CC(CN(CCCOC2=CC=C(OC)C=C2)C2=NC3=C(O2)C=CC=C3)=C1)C(O)=O,PPARA;PPARD;PPARG,PPARA
5250,imrecoxib,CCCN1CC(=C(C1=O)C1=CC=C(C)C=C1)C1=CC=C(C=C1)S(C)(=O)=O,PTGS2,PTGS2
5251,enasidenib,CC(C)(O)CNC1=NC(=NC(NC2=CC(=NC=C2)C(F)(F)F)=N1)C1=CC=CC(=N1)C(F)(F)F,IDH1;IDH2,IDH2
5252,neratinib,CCOC1=CC2=NC=C(C#N)C(NC3=CC=C(OCC4=CC=CC=N4)C(Cl)=C3)=C2C=C1NC(=O)\C=C\CN(C)C,ABL1;AXL;BLK;BTK;CAMK1D;CDK16;CDK7;CHEK1;CHEK2;CSF1R;CSK;CSNK1E;CSNK1G2;CSNK1G3;DSTYK;EGFR;EIF2AK4;EPHB6;ERBB2;ERBB3;ERBB4;FER;FES;FGR;FLT3;FYN;GAK;HCK;HIPK4;INSR;INSRR;IRAK1;JAK3;KDR;LCK;LYN;MAP2K1;MAP2K2;MAP2K5;MAP2K7;MAP3K10;MAP3K11;MAP3K12;MAP3K13;MAP3K19;MAP3K2;MAP3K3;MAP3K4;MAP3K9;MAP4K1;MAP4K2;MAP4K3;MAP4K4;MAP4K5;MAPK10;MAPK8;MAST1;MELK;MERTK;MET;MINK1;MST1R;NEK2;NEK3;NUAK1;NUAK2;PAK1;PAK2;PAK6;PRKD1;PRKD2;PRKD3;PTK2;PTK2B;RPS6KA1;RPS6KA2;SIK1;SIK2;SLK;SRC;STK10;STK17A;STK17B;STK24;STK25;STK26;STK3;STK32B;STK33;STK35;STK36;STK4;SYK;TAOK3;TEK;TIE1;TNIK;TNK2;TXK;WEE1;WEE2;YES1;ZAK,EGFR;ERBB2;ERBB4
5256,copanlisib,COC1=C(OCCCN2CCOCC2)C=CC2=C1N=C(NC(=O)C1=CN=C(N)N=C1)N1CCN=C21,MTOR;PIK3CA;PIK3CB;PIK3CD;PIK3CG,PIK3CA;PIK3CD
5257,butylphthalide,CCCCC1OC(=O)C2=C1C=CC=C2,KCNK2,
5258,tivozanib,COC1=C(OC)C=C2C(OC3=CC=C(NC(=O)NC4=NOC(C)=C4)C(Cl)=C3)=CC=NC2=C1,EPHB2;FGFR1;FLT1;FLT3;FLT4;KDR;KIT;MET;PDGFRA;PDGFRB,FLT1;FLT4;KDR
5259,abemaciclib,CCN1CCN(CC2=CC=C(NC3=NC=C(F)C(=N3)C3=CC(F)=C4N=C(C)N(C(C)C)C4=C3)N=C2)CC1,CDK1;CDK4;CDK6;CDK7;CDK9;KCNH2,CDK4;CDK6
5260,acalabrutinib,CC#CC(=O)N1CCC[C@H]1C1=NC(=C2N1C=CN=C2N)C1=CC=C(C=C1)C(=O)NC1=CC=CC=N1,BMX;BTK;ERBB2;ERBB4;LYN;TEC;TXK,BTK
5261,latanoprostene bunod,O[C@H](CC[C@H]1[C@H](O)C[C@H](O)[C@@H]1C\C=C/CCCC(=O)OCCCCO[N+]([O-])=O)CCC1=CC=CC=C1,PTGFR,PTGFR
5267,semaglutide,CC[C@H](C)[C@H](NC(=O)[C@H](CC1=CC=CC=C1)NC(=O)[C@H](CCC(O)=O)NC(=O)[C@H](CCCCNC(=O)COCCOCCNC(=O)COCCOCCNC(=O)[C@H](CCC(O)=O)NC(=O)CCCCCCCCCCCCCCCCC(O)=O)NC(=O)[C@H](C)NC(=O)[C@H](C)NC(=O)[C@H](CCC(N)=O)NC(=O)CNC(=O)[C@H](CCC(O)=O)NC(=O)[C@H](CC(C)C)NC(=O)[C@H](CC1=CC=C(O)C=C1)NC(=O)[C@H](CO)NC(=O)[C@H](CO)NC(=O)[C@@H](NC(=O)[C@H](CC(O)=O)NC(=O)[C@H](CO)NC(=O)[C@@H](NC(=O)[C@H](CC1=CC=CC=C1)NC(=O)[C@@H](NC(=O)CNC(=O)[C@H](CCC(O)=O)NC(=O)C(C)(C)NC(=O)[C@@H](N)CC1=CNC=N1)[C@@H](C)O)[C@@H](C)O)C(C)C)C(=O)N[C@@H](C)C(=O)N[C@@H](CC1=CNC2=C1C=CC=C2)C(=O)N[C@@H](CC(C)C)C(=O)N[C@@H](C(C)C)C(=O)N[C@@H](CCCNC(N)=N)C(=O)NCC(=O)N[C@@H](CCCNC(N)=N)C(=O)NCC(O)=O,GLP1R,GLP1R
5269,netarsudil,CC1=CC=C(C(=O)OCC2=CC=C(C=C2)[C@@H](CN)C(=O)NC2=CC3=C(C=C2)C=NC=C3)C(C)=C1,ROCK1;ROCK2,ROCK2
5270,ertugliflozin,CCOC1=CC=C(CC2=CC(=CC=C2Cl)[C@]23OC[C@](CO)(O2)[C@@H](O)[C@H](O)[C@H]3O)C=C1,SLC5A1;SLC5A2;SLC5A4,SLC5A2
5271,macimorelin,CC(C)(N)C(=O)N[C@H](CC1=CC2=C(N1)C=CC=C2)C(=O)N[C@H](CC1=CNC2=C1C=CC=C2)NC=O,GHSR,GHSR
5272,angiotensin II,CC[C@H](C)[C@H](NC(=O)[C@H](CC1=CC=C(O)C=C1)NC(=O)[C@@H](NC(=O)[C@H](CCCNC(N)=N)NC(=O)[C@@H](N)CC(O)=O)C(C)C)C(=O)N[C@@H](CC1=CNC=N1)C(=O)N1CCC[C@H]1C(=O)N[C@@H](CC1=CC=CC=C1)C(O)=O,AGTR1;AGTR2,AGTR1
5276,tezacaftor,CC(C)(CO)C1=CC2=C(C=C(F)C(NC(=O)C3(CC3)C3=CC=C4OC(F)(F)OC4=C3)=C2)N1C[C@@H](O)CO,CFTR,CFTR
5277,elobixibat,CCCCC1(CCCC)CN(C2=CC=CC=C2)C2=C(C=C(OCC(=O)N[C@@H](C(=O)NCC(O)=O)C3=CC=CC=C3)C(SC)=C2)S(=O)(=O)C1,SLC10A2,SLC10A2
5278,apalutamide,CNC(=O)C1=CC=C(C=C1F)N1C(=S)N(C(=O)C11CCC1)C1=CC(=C(N=C1)C#N)C(F)(F)F,AR,AR
5280,fostamatinib,COC1=CC(NC2=NC(NC3=CC=C4OC(C)(C)C(=O)N(COP(O)(O)=O)C4=N3)=C(F)C=N2)=CC(OC)=C1OC,ADORA3;KDR;RET;SYK,SYK
5283,fosnetupitant,CN(C(=O)C(C)(C)C1=CC(=CC(=C1)C(F)(F)F)C(F)(F)F)C1=CN=C(C=C1C1=C(C)C=CC=C1)N1CC[N+](C)(COP(O)(O)=O)CC1,TACR1,TACR1
5285,avatrombopag,OC(=O)C1CCN(CC1)C1=NC=C(C=C1Cl)C(=O)NC1=NC(C2=CC(Cl)=CS2)=C(S1)N1CCN(CC1)C1CCCCC1,MPL,MPL
5288,cannabidiol,CCCCCC1=CC(O)=C([C@@H]2C=C(C)CC[C@H]2C(C)=C)C(O)=C1,CNR1;CNR2;GPR18;GPR55;TRPV1;TRPV2,GPR55;TRPV1
5289,encorafenib,COC(=O)N[C@@H](C)CNC1=NC(=CC=N1)C1=CN(N=C1C1=C(F)C(NS(C)(=O)=O)=CC(Cl)=C1)C(C)C,BRAF;MAPK14;RAF1,BRAF;RAF1
5290,binimetinib,CN1C=NC2=C(F)C(NC3=CC=C(Br)C=C3F)=C(C=C12)C(=O)NOCCO,MAP2K1;MAP2K2,MAP2K1;MAP2K2
5292,ivosidenib,FC1=CN=CC(=C1)N([C@H](C(=O)NC1CC(F)(F)C1)C1=CC=CC=C1Cl)C(=O)[C@@H]1CCC(=O)N1C1=NC=CC(=C1)C#N,IDH1,IDH1
5293,elagolix,COC1=CC=CC(=C1F)C1=C(C)N(CC2=C(F)C=CC=C2C(F)(F)F)C(=O)N(C[C@H](NCCCC(O)=O)C2=CC=CC=C2)C1=O,GNRHR,GNRHR
5296,duvelisib,C[C@H](NC1=NC=NC2=C1N=CN2)C1=CC2=C(C(Cl)=CC=C2)C(=O)N1C1=CC=CC=C1,PIK3CA;PIK3CB;PIK3CD;PIK3CG,PIK3CD;PIK3CG
5297,dacomitinib,COC1=CC2=NC=NC(NC3=CC=C(F)C(Cl)=C3)=C2C=C1NC(=O)\C=C\CN1CCCCC1,EGFR;ERBB2;ERBB4;JAK3;LCK;SRC,EGFR;ERBB2;ERBB4
5300,talazoparib tosylate,CN1N=CN=C1[C@@H]1[C@H](NC2=C3C1=NNC(=O)C3=CC(F)=C2)C1=CC=C(F)C=C1,PARP1;PARP2,PARP1;PARP2
5302,lorlatinib,C[C@H]1OC2=C(N)N=CC(=C2)C2=C(C#N)N(C)N=C2CN(C)C(=O)C2=CC=C(F)C=C12,ALK;FER;FES;FRK;LTK;NTRK1;NTRK2;NTRK3;PTK2;PTK2B;ROS1;TNK2,ALK;FER;FES;LTK;NTRK1;NTRK2;NTRK3;PTK2;PTK2B;ROS1;TNK2
5303,revefenacin,CN(CCN1CCC(CC1)OC(=O)NC1=C(C=CC=C1)C1=CC=CC=C1)C(=O)C1=CC=C(CN2CCC(CC2)C(N)=O)C=C1,CHRM1;CHRM2;CHRM3;CHRM4;CHRM5,CHRM1;CHRM2;CHRM3;CHRM4;CHRM5
5304,glasdegib,CN1CC[C@H](C[C@@H]1C1=NC2=C(N1)C=CC=C2)NC(=O)NC1=CC=C(C=C1)C#N,SMO,SMO
5305,larotrectinib,O[C@H]1CCN(C1)C(=O)NC1=C2N=C(C=CN2N=C1)N1CCC[C@@H]1C1=CC(F)=CC=C1F,NTRK1;NTRK2;NTRK3,NTRK1;NTRK2;NTRK3
5306,gilteritinib,CCC1=NC(C(N)=O)=C(NC2=CC=C(N3CCC(CC3)N3CCN(C)CC3)C(OC)=C2)N=C1NC1CCOCC1,ALK;AXL;FLT3;LTK;MERTK;NTRK1;RET;ROS1,FLT3
5307,evocalcet,C[C@@H](N[C@H]1CCN(C1)C1=CC=C(CC(O)=O)C=C1)C1=CC=CC2=CC=CC=C12,CASR,CASR
5311,vibegron,O[C@@H]([C@H]1CC[C@@H](CC2=CC=C(NC(=O)[C@@H]3CCC4=NC=CC(=O)N34)C=C2)N1)C1=CC=CC=C1,ADRB3,ADRB3
5312,omidenepag isopropyl,CC(C)OC(=O)CNC1=CC=CC(CN(CC2=CC=C(C=C2)N2C=CC=N2)S(=O)(=O)C2=CC=CN=C2)=N1,PTGER2,PTGER2
5324,brexanolone,CC(=O)[C@H]1CC[C@H]2[C@@H]3CC[C@H]4C[C@H](O)CC[C@]4(C)C3CC[C@]12C,G6PD;GABRA1;GABRA4;GABRA6;GABRB2;GABRB3;GABRD;GABRG2,
5325,solriamfetol,N[C@@H](COC(N)=O)CC1=CC=CC=C1,SLC6A2;SLC6A3;SLC6A4,
5326,siponimod,CCC1=CC(=CC=C1CN1CC(C1)C(O)=O)C(\C)=N\OCC1=CC=C(C2CCCCC2)C(=C1)C(F)(F)F,S1PR1;S1PR2;S1PR3;S1PR4;S1PR5,S1PR1;S1PR5
5327,erdafitinib,COC1=CC(=CC(OC)=C1)N(CCNC(C)C)C1=CC2=NC(=CN=C2C=C1)C1=CN(C)N=C1,FGFR1;FGFR2;FGFR3;FGFR4;KDR,FGFR1;FGFR2;FGFR3;FGFR4;KDR
5328,alpelisib,CC1=C(SC(NC(=O)N2CCC[C@H]2C(N)=O)=N1)C1=CC(=NC=C1)C(C)(C)C(F)(F)F,PIK3CA;PIK3CB;PIK3CD;PIK3CG,PIK3CA
5329,bremelanotide,CCCC[C@H](NC(C)=O)C(=O)N[C@H]1CC(=O)NCCCC[C@H](NC(=O)[C@H](CC2=CNC3=CC=CC=C23)NC(=O)[C@H](CCCN=C(N)N)NC(=O)[C@@H](CC2=CC=CC=C2)NC(=O)[C@H](CC2=CN=CN2)NC1=O)C(O)=O,MC1R;MC2R;MC3R;MC4R;MC5R,MC4R
5330,selinexor,FC(F)(F)C1=CC(=CC(=C1)C1=NN(\C=C/C(=O)NNC2=NC=CN=C2)C=N1)C(F)(F)F,XPO1,XPO1
5334,darolutamide,C[C@@H](CN1C=CC(=N1)C1=CC=C(C#N)C(Cl)=C1)NC(=O)C1=NNC(=C1)[C@@H](C)O,AR;PGR,AR
5339,sotagliflozin,CCOC1=CC=C(CC2=C(Cl)C=CC(=C2)[C@@H]2O[C@H](SC)[C@@H](O)[C@H](O)[C@H]2O)C=C1,SLC5A1;SLC5A2,SLC5A1;SLC5A2
5341,quizartinib,CC(C)(C)C1=CC(NC(=O)NC2=CC=C(C=C2)C2=CN3C(SC4=C3C=CC(OCCN3CCOCC3)=C4)=N2)=NO1,ABL1;CSF1R;DDR1;DDR2;EPHA3;EPHA6;EPHA7;EPHB6;FLT1;FLT3;FLT4;FRK;HIPK4;KDR;KIT;LCK;LYN;MAP3K19;MAP3K7;MAP4K4;MAP4K5;MAPK15;MKNK2;MUSK;MYLK;MYLK3;NTRK1;NTRK2;NTRK3;PDGFRA;PDGFRB;RET;RIPK1;RIPK2;SLK;STK10;TIE1;TNIK,FLT3
5343,pexidartinib,FC(F)(F)C1=CC=C(CNC2=NC=C(CC3=CNC4=NC=C(Cl)C=C34)C=C2)C=N1,CDK19;CSF1R;FLT1;FLT3;KDR;KIT;LCK;NTRK3,CSF1R;FLT3;KIT
5345,entrectinib,CN1CCN(CC1)C1=CC(NC2CCOCC2)=C(C=C1)C(=O)NC1=NNC2=CC=C(CC3=CC(F)=CC(F)=C3)C=C12,ALK;AURKA;AURKB;FLT3;IGF1R;INSR;JAK1;JAK2;JAK3;NTRK1;NTRK2;NTRK3;PTK2;PTK6;RET;ROS1;TNK2,ALK;NTRK1;NTRK2;NTRK3;ROS1
5346,upadacitinib,CC[C@@H]1CN(C[C@@H]1C1=CN=C2C=NC3=C(C=CN3)N12)C(=O)NCC(F)(F)F,JAK1;JAK2;JAK3;TYK2,JAK1;JAK2;JAK3
5347,fedratinib,CC1=CN=C(NC2=CC=C(OCCN3CCCC3)C=C2)N=C1NC1=CC=CC(=C1)S(=O)(=O)NC(C)(C)C,AAK1;ABL1;ABL2;ACVR1;ACVR1B;ACVRL1;ALK;ANKK1;AURKA;AURKB;AURKC;AXL;BLK;BMP2K;BMPR1B;BMPR2;BMX;BRAF;BRD4;BRDT;BTK;CAMK1;CAMK1D;CAMK1G;CAMK2A;CAMK2B;CAMK2D;CAMK2G;CAMKK1;CAMKK2;CASK;CDK14;CDK15;CDK16;CDK17;CDK18;CDK4;CDK7;CDK9;CDKL2;CDKL5;CHEK1;CHUK;CIT;CLK1;CLK2;CLK4;COQ8A;COQ8B;CSF1R;CSK;CSNK2A1;CSNK2A2;DAPK1;DAPK2;DAPK3;DCLK1;DCLK2;DCLK3;DDR1;DDR2;DMPK;DSTYK;DYRK1B;EGFR;EIF2AK1;EIF2AK2;EIF2AK4;EPHA1;EPHA2;EPHA3;EPHA4;EPHA6;EPHA7;EPHA8;EPHB1;EPHB2;EPHB4;EPHB6;ERBB4;ERN1;FER;FES;FGFR1;FGFR2;FGFR3;FGFR4;FGR;FLT1;FLT3;FLT4;FRK;FYN;GAK;GRK4;GRK7;HCK;HIPK1;HIPK2;HIPK3;HIPK4;ICK;IGF1R;IKBKB;IKBKE;INSR;INSRR;IRAK1;IRAK3;IRAK4;ITK;JAK1;JAK2;JAK3;KDR;KIT;LATS2;LCK;LIMK1;LIMK2;LRRK2;LTK;LYN;MAP2K1;MAP2K2;MAP2K3;MAP2K4;MAP2K5;MAP3K10;MAP3K11;MAP3K12;MAP3K13;MAP3K19;MAP3K2;MAP3K3;MAP3K4;MAP3K7;MAP3K9;MAP4K1;MAP4K2;MAP4K3;MAPK10;MAPK15;MAPK6;MAPK7;MAPK8;MAPK9;MARK1;MARK2;MARK3;MARK4;MATK;MELK;MERTK;MET;MINK1;MKNK1;MKNK2;MUSK;MYLK;MYLK2;MYLK3;MYLK4;NEK1;NEK11;NEK2;NEK3;NEK4;NEK5;NEK6;NEK7;NEK9;NIM1K;NTRK1;NTRK2;NTRK3;NUAK1;NUAK2;PAK1;PAK2;PAK4;PAK5;PAK6;PDGFRA;PDGFRB;PHKG1;PHKG2;PI4KB;PIK3CA;PIK3CG;PIP4K2B;PIP4K2C;PIP5K1A;PKN1;PLK1;PLK2;PLK3;PLK4;PRKAA1;PRKAA2;PRKCE;PRKD3;PRKG1;PRKG2;PRPF4B;PTK2;PTK2B;PTK6;RET;RIOK1;RIOK2;RIOK3;RIPK1;RIPK2;RIPK4;ROCK1;ROCK2;ROS1;RPS6KA1;RPS6KA2;RPS6KA3;RPS6KA4;RPS6KA5;RPS6KA6;RPS6KB1;SBK1;SBK3;SGK3;SIK1;SIK2;SIK3;SLK;SNRK;SRC;SRMS;SRPK1;SRPK2;SRPK3;STK10;STK11;STK16;STK17A;STK17B;STK25;STK26;STK33;STK36;STK38;STK39;SYK;TAOK1;TAOK2;TAOK3;TBK1;TEK;TESK1;TGFBR2;TIE1;TLK1;TLK2;TNK1;TNK2;TNNI3K;TSSK1B;TTK;TXK;TYK2;ULK1;ULK2;ULK3;WEE1;WEE2;YES1;ZAK;ZAP70,FLT3;JAK2
5349,tenapanor,CN1C[C@@H](C2=CC=CC(=C2)S(=O)(=O)NCCOCCOCCNC(=O)NCCCCNC(=O)NCCOCCOCCNS(=O)(=O)C2=CC(=CC=C2)[C@@H]2CN(C)CC3=C(Cl)C=C(Cl)C=C23)C2=CC(Cl)=CC(Cl)=C2C1,SLC9A3,SLC9A3
5350,trifarotene,CC(C)(C)C1=CC(=CC=C1N1CCCC1)C1=C(OCCO)C=CC(=C1)C1=CC=C(C=C1)C(O)=O,RARA;RARB;RARG,RARG
5351,lasmiditan,CN1CCC(CC1)C(=O)C1=NC(NC(=O)C2=C(F)C=C(F)C=C2F)=CC=C1,HTR1F,HTR1F
5353,zanubrutinib,NC(=O)C1=C2NCC[C@@H](C3CCN(CC3)C(=O)C=C)N2N=C1C1=CC=C(OC2=CC=CC=C2)C=C1,BTK,BTK
5355,cenobamate,NC(=O)O[C@@H](CN1N=CN=N1)C1=CC=CC=C1Cl,GABRA4;GABRA6,
5356,voxelotor,CC(C)N1N=CC=C1C1=C(COC2=C(C=O)C(O)=CC=C2)C=CC=N1,CYP2C8;CYP2C9;CYP3A4;HBA1,HBA1
5358,lumateperone,CN1CCN2[C@H]3CCN(CCCC(=O)C4=CC=C(F)C=C4)C[C@H]3C3=C2C1=CC=C3,ADRA1A;ADRA1B;DRD1;DRD2;DRD4;HTR1A;HTR2A;HTR2C;SLC6A4,DRD2;HTR2A
5359,brilliant Blue G,CCOC1=CC=C(NC2=CC=C(C=C2)C(=C2\C=C/C(/C=C2C)=[N+](/CC)CC2=CC=CC(=C2)S([O-])(=O)=O)\C2=C(C)C=C(C=C2)N(CC)CC2=CC=CC(=C2)S([O-])(=O)=O)C=C1,P2RX7;SNCA,
5360,lemborexant,CC1=NC=C(OC[C@]2(C[C@H]2C(=O)NC2=CC=C(F)C=N2)C2=CC=CC(F)=C2)C(C)=N1,HCRTR1;HCRTR2;KCNH2,HCRTR1;HCRTR2
5361,ubrogepant,C[C@@H]1[C@@H](C[C@H](NC(=O)C2=CN=C3C[C@]4(CC3=C2)C(=O)NC2=NC=CC=C42)C(=O)N1CC(F)(F)F)C1=CC=CC=C1,CALCRL,CALCRL
5371,roxadustat,CC1=C2C=C(OC3=CC=CC=C3)C=CC2=C(O)C(=N1)C(=O)NCC(O)=O,EGLN1;EGLN2;EGLN3;FTO,EGLN1;EGLN2;EGLN3
5372,elexacaftor,C[C@@H]1CN(C2=C(C=CC(=N2)N2C=CC(OCC(C)(C)C(F)(F)F)=N2)C(=O)NS(=O)(=O)C2=CN(C)N=C2C)C(C)(C)C1,CFTR,CFTR
5375,cepharanthine,COC1=C2OC3=CC=C(C[C@@H]4N(C)CCC5=CC6=C(OCO6)C(OC6=C(OC)C=C7CCN(C)[C@H](CC(C=C1)=C2)C7=C6)=C45)C=C3,NFKB1;PRKAA1,NFKB1;PRKAA1
5378,mefuparib,CNCC1=CC=C(C=C1)C1=CC2=C(O1)C(=CC(F)=C2)C(N)=O,PARP1;PARP2,
5379,avapritinib,CN1C=C(C=N1)C1=CN2N=CN=C(N3CCN(CC3)C3=NC=C(C=N3)[C@@](C)(N)C3=CC=C(F)C=C3)C2=C1,KIT;PDGFRA,KIT;PDGFRA
5380,tazemetostat,CCN(C1CCOCC1)C1=CC(=CC(C(=O)NCC2=C(C)C=C(C)NC2=O)=C1C)C1=CC=C(CN2CCOCC2)C=C1,EED;EZH1;EZH2,EZH2
5381,rimegepant,N[C@H]1[C@@H](CC[C@@H](OC(=O)N2CCC(CC2)N2C(=O)NC3=NC=CC=C23)C2=NC=CC=C12)C1=C(F)C(F)=CC=C1,CALCRL,CALCRL
5382,bempedoic acid,CC(C)(CCCCCC(O)CCCCCC(C)(C)C(O)=O)C(O)=O,ACLY,ACLY
5383,ozanimod,CC(C)OC1=CC=C(C=C1C#N)C1=NC(=NO1)C1=C2CC[C@H](NCCO)C2=CC=C1,S1PR1;S1PR2;S1PR3;S1PR4;S1PR5,S1PR1;S1PR5
5384,osilodrostat,FC1=C(C=CC(=C1)C#N)[C@H]1CCC2=CN=CN12,CYP11B1;CYP11B2;CYP19A1,CYP11B1
5388,selumetinib,CN1C=NC2=C(F)C(NC3=CC=C(Br)C=C3Cl)=C(C=C12)C(=O)NOCCO,EGFR;MAP2K1;MAP2K2,MAP2K1;MAP2K2
5389,tucatinib,CC1=CC(NC2=NC=NC3=C2C=C(NC2=NC(C)(C)CO2)C=C3)=CC=C1OC1=CC2=NC=NN2C=C1,EGFR;ERBB2;ERBB3;ERBB4,ERBB2;ERBB3
5390,pemigatinib,CCN1C(=O)N(CC2=CN=C3NC(CN4CCOCC4)=CC3=C12)C1=C(F)C(OC)=CC(OC)=C1F,FGFR1;FGFR2;FGFR3;FGFR4,FGFR1;FGFR2;FGFR3
5392,capmatinib,CNC(=O)C1=C(C=C(C=C1)C2=NN3C(=CN=C3N=C2)CC4=CC5=C(C=C4)N=CC=C5)F,MET,MET
5393,selpercatinib,CC(C)(COC1=CN2C(=C(C=N2)C#N)C(=C1)C3=CN=C(C=C3)N4CC5CC(C4)N5CC6=CN=C(C=C6)OC)O,AURKB;RET,RET
5394,ripretinib,CCN1C2=CC(=NC=C2C=C(C1=O)C3=CC(=C(C=C3Br)F)NC(=O)NC4=CC=CC=C4)NC,CSF1R;KDR;KIT;PDGFRA;PDGFRB;TEK,KIT;PDGFRA
5395,fluoroestradiol F 18,C[C@]12CC[C@H]3[C@H]([C@@H]1C[C@H]([C@@H]2O)[18F])CCC4=C3C=CC(=C4)O,ESR1,ESR1
5396,flortaucipir F 18,C1=CC2=C(C=C1C3=CN=C(C=C3)[18F])NC4=C2C=NC=C4,MAPT,MAPT
5400,remimazolam,CC1=CN=C2N1C3=C(C=C(C=C3)Br)C(=N[C@H]2CCC(=O)OC)C4=CC=CC=N4,GABRA1;GABRA2;GABRA3;GABRA5;GABRG1;GABRG2;GABRG3,GABRA1;GABRA2;GABRA3;GABRA5;GABRG1;GABRG2;GABRG3
5402,inqovi,C1CN(C(=O)N[C@@H]1O)[C@H]2C([C@@H]([C@H](O2)CO)O)(F)F,CDA,CDA
5403,abametapir,CC1=CN=C(C=C1)C2=NC=C(C=C2)C,CCR1;CCR5;CCR8,
5406,oliceridine,COC1=C(SC=C1)CNCC[C@]2(CCOC3(C2)CCCC3)C4=CC=CC=N4,CACNA1C;KCNH2;OPRL1;OPRM1;SCN5A,OPRM1
5410,clascoterone,CCC(=O)O[C@@]1(CC[C@@H]2[C@@]1(CC[C@H]3[C@H]2CCC4=CC(=O)CC[C@]34C)C)C(=O)CO,AR,
5411,copper dotatate Cu-64,C[C@H]([C@H]1C(=O)N[C@@H](CSSC[C@@H](C(=O)N[C@H](C(=O)N[C@@H](C(=O)N[C@H](C(=O)N1)CCCCN)CC2=CNC3=CC=CC=C32)CC4=CC=C(C=C4)O)NC(=O)[C@@H](CC5=CC=CC=C5)NC(=O)CN6CCN(CCN(CCN(CC6)CC(=O)[O-])CC(=O)[O-])CC(=O)O)C(=O)N[C@@H]([C@@H](C)O)C(=O)O)O.[64Cu+2],SSTR2,SSTR2
5412,pralsetinib,CC1=CC(=NN1)NC2=NC(=NC(=C2)C)C3CCC(CC3)(C(=O)N[C@@H](C)C4=CN=C(C=C4)N5C=C(C=N5)F)OC,DDR1;FGFR1;FLT3;JAK1;JAK2;KDR;NTRK1;NTRK3;PDGFRB;RET,RET
5414,lonafarnib,C1CN(CCC1CC(=O)N2CCC(CC2)[C@@H]3C4=C(CCC5=C3N=CC(=C5)Br)C=C(C=C4Br)Cl)C(=O)N,FNTA;FNTB;HRAS;KRAS;NRAS,FNTA;FNTB
5416,setmelanotide,C[C@@H]1C(=O)N[C@H](C(=O)N[C@@H](C(=O)N[C@H](C(=O)N[C@H](C(=O)N[C@@H](CSSC[C@@H](C(=O)N1)NC(=O)[C@H](CCCN=C(N)N)NC(=O)C)C(=O)N)CC2=CNC3=CC=CC=C32)CCCN=C(N)N)CC4=CC=CC=C4)CC5=CN=CN5,MC1R;MC3R;MC4R;MC5R,MC4R
5419,filgotinib,C1CC1C(=O)NC2=NN3C(=N2)C=CC=C3C4=CC=C(C=C4)CN5CCS(=O)(=O)CC5,CSF1R;FLT3;FLT4;JAK1;JAK2;JAK3;KCNH2;TYK2,JAK1
5420,vadadustat,C1=CC(=CC(=C1)Cl)C2=CC(=C(N=C2)C(=O)NCC(=O)O)O,EGLN1;EGLN2;EGLN3;HIF1AN;OGFOD1;VEGFA,EGLN1;EGLN2;EGLN3
5421,daprodustat,C1CCC(CC1)N2C(=O)C(C(=O)N(C2=O)C3CCCCC3)C(=O)NCC(=O)O,EGLN1;EGLN2;EGLN3,EGLN1;EGLN2;EGLN3
5423,tirabrutinib hydrochloride,CC#CC(=O)N1CC[C@H](C1)N2C3=NC=NC(=C3N(C2=O)C4=CC=C(C=C4)OC5=CC=CC=C5)N,BLK;BMX;BTK;ERBB2;ERBB4;LCK;TEC;TXK,BTK
5424,tepotinib,CN1CCC(CC1)COC2=CN=C(N=C2)C3=CC=CC(=C3)CN4C(=O)C=CC(=N4)C5=CC=CC(=C5)C#N,IRAK4;MET,MET
5425,dotinurad,C1N(C2=CC=CC=C2S1(=O)=O)C(=O)C3=CC(=C(C(=C3)Cl)O)Cl,ABCG2;CYP2C9;SLC22A12;SLC22A6;SLC22A8,SLC22A12
5426,delgocitinib,C[C@H]1CN([C@]12CCN(C2)C3=NC=NC4=C3C=CN4)C(=O)CC#N,JAK1;JAK2;JAK3;ROCK2;TYK2,JAK1;JAK2;JAK3;TYK2
5427,enarodustat,OC(=O)CNC(=O)C1=C2N=CNN2C(CCC2=CC=CC=C2)C=C1O,EGLN1;EGLN2;EGLN3,EGLN1;EGLN2;EGLN3
5428,sofpironium bromide,CCOC(=O)C[N+]1(CC[C@H](C1)OC(=O)[C@@](C2CCCC2)(C3=CC=CC=C3)O)C,CHRM3,CHRM3
5429,gallium (68Ga) gozetotide,[H+].C1=CC(=C(C=C1CCC(=O)NCCCCCC(=O)NCCCC[C@@H](C(=O)O)NC(=O)N[C@@H](CCC(=O)O)C(=O)O)CN(CCN(CC2=C(C=CC(=C2)CCC(=O)O)[O-])CC(=O)[O-])CC(=O)[O-])[O-].[68Ga+3],KLK3,KLK3
5430,berotralstat,C1CC1CN[C@@H](C2=CC(=C(C=C2)F)NC(=O)C3=CC(=NN3C4=CC=CC(=C4)CN)C(F)(F)F)C5=CC=CC(=C5)C#N,KLKB1,KLKB1
5431,tirbanibulin,C1COCCN1CCOC2=CC=C(C=C2)C3=CN=C(C=C3)CC(=O)NCC4=CC=CC=C4,LYN;SRC,
5432,relugolix,CN(C)CC1=C(SC2=C1C(=O)N(C(=O)N2CC3=C(C=CC=C3F)F)C4=NN=C(C=C4)OC)C5=CC=C(C=C5)NC(=O)NOC,GNRHR,GNRHR
5439,vericiguat,COC(=O)NC1=C(N=C(N=C1N)C2=NN(C3=C2C=C(C=N3)F)CC4=CC=CC=C4F)N,GUCY1B3,GUCY1B3
5441,umbralisib,C[C@@H](C1=C(C(=O)C2=C(O1)C=CC(=C2)F)C3=CC(=CC=C3)F)N4C5=NC=NC(=C5C(=N4)C6=CC(=C(C=C6)OC(C)C)F)N,CSNK1E;PIK3CA;PIK3CB;PIK3CD;PIK3CG,CSNK1E;PIK3CD
5442,trilaciclib,CN1CCN(CC1)C2=CN=C(C=C2)NC3=NC=C4C=C5C(=O)NCC6(N5C4=N3)CCCCC6,CDK1;CDK2;CDK4;CDK5;CDK6;CDK7;CDK9;FLT3;NEK10;NUAK2,CDK4;CDK6
5444,fosdenopterin,C1[C@@H]2[C@@H](C([C@H]3[C@@H](O2)NC4=C(N3)C(=O)NC(=N4)N)(O)O)OP(=O)(O1)O,MOCS1,MOCS1
5446,ponesimod,CCCN=C1N(C(=O)/C(=C/C2=CC(=C(C=C2)OC[C@@H](CO)O)Cl)/S1)C3=CC=CC=C3C,S1PR1;S1PR3;S1PR4;S1PR5,S1PR1
5447,dasiglucagon,C[C@H]([C@@H](C(=O)N[C@@H](CC1=CC=CC=C1)C(=O)N[C@@H]([C@@H](C)O)C(=O)N[C@@H](CO)C(=O)N[C@@H](CC(=O)O)C(=O)N[C@@H](CC2=CC=C(C=C2)O)C(=O)N[C@@H](CO)C(=O)N[C@@H](CCCCN)C(=O)N[C@@H](CC3=CC=C(C=C3)O)C(=O)N[C@@H](CC(C)C)C(=O)N[C@@H](CC(=O)O)C(=O)NC(C)(C)C(=O)N[C@@H](C)C(=O)N[C@@H](CCCNC(=N)N)C(=O)N[C@@H](C)C(=O)N[C@@H](CCC(=O)O)C(=O)N[C@@H](CCC(=O)O)C(=O)N[C@@H](CC4=CC=CC=C4)C(=O)N[C@@H](C(C)C)C(=O)N[C@@H](CCCCN)C(=O)N[C@@H](CC5=CNC6=CC=CC=C65)C(=O)N[C@@H](CC(C)C)C(=O)N[C@@H](CCC(=O)O)C(=O)N[C@@H](CO)C(=O)N[C@@H]([C@@H](C)O)C(=O)O)NC(=O)CNC(=O)[C@H](CCC(=O)N)NC(=O)[C@H](CO)NC(=O)[C@H](CC7=CNC=N7)N)O,GCGR,GCGR
5450,estetrol,C[C@]12CC[C@H]3[C@H]([C@@H]1[C@H]([C@H]([C@@H]2O)O)O)CCC4=C3C=CC(=C4)O,ESR1;ESR2,ESR1;ESR2
5458,piflufolastat F-18,    OC(=O)CC[C@H](NC(=O)N[C@@H](CCCCNC(=O)C1=CC=C([18F])N=C1)C(O)=O)C(O)=O,FOLH1,FOLH1
5459,infigratinib,CCN1CCN(CC1)C2=CC=C(C=C2)NC3=CC(=NC=N3)N(C)C(=O)NC4=C(C(=CC(=C4Cl)OC)OC)Cl,ABL1;ALK;BMX;BRAF;EPHB1;FGFR1;FGFR2;FGFR3;FGFR4;FLT1;FLT3;FLT4;FYN;INSR;JAK2;KDR;KIT;LCK;LYN;MET;MST1R;NTRK2;PDGFRA;RET;ROS1;SMO;SRC;SYK;TEK;TYK2;YES1,FGFR1
5460,samidorphan,C1CC1CN2CCC34CC(=O)CCC3(C2CC5=C4C(=C(C=C5)C(=O)N)O)O,OPRD1;OPRK1;OPRM1,
5461,sotorasib,C[C@H](C(C)C)[C@]1(CC[C@@]2([C@H]3CC[C@H]4[C@]5(COC[C@]4(C3=CC[C@]2([C@@H]1C(=O)O)C)C[C@H]([C@@H]5OC[C@@](C)(C(C)(C)C)N)N6C(=NC=N6)C7=CC=NC=C7)C)C)C,KRAS,KRAS
